date,sku,product,category,variant,ad_type,ad_spend_inr,roas,sales_volume,sales_growth_pct,stock_on_hand,days_of_inventory_remaining,click_rate_pct,add_to_cart_rate_pct,purchase_rate_pct,payment_failed_rate_pct,margin_pct,predicted_next_day_roas,predicted_next_day_revenue_inr,predicted_next_day_profit_inr,inventory_status,opportunity_score_calculated,recommended_action_calculated,recommended_budget_change_pct,current_daily_ad_spend_inr,recommended_daily_budget_inr,decision_confidence_pct,decision_reason_calculated
2026-09-01,UB-COLDBREW-500ML,Cold Brew Concentrate,Coffee,500 ml,Video,2550.71,8.518,26,4.08,0,0.0,3.601,15.69,3.601,3.571,41,8.580785826896737,21887.096216523776,6422.999448774747,CRITICAL,62.66,PROTECT_INVENTORY,0,2550.71,2550.71,45,Inventory is critical with 0.0 days remaining. Protect stock before scaling ads.
2026-09-02,UB-COLDBREW-500ML,Cold Brew Concentrate,Coffee,500 ml,Image,2080.97,9.302,30,-0.17,727,20.64,4.572,9.442,3.165,3.125,41,8.610918822133197,17919.063741294518,5265.846133930752,STRONG,74.5,MAINTAIN,0,2080.97,2080.97,90,Predicted ROAS is 8.61 and predicted profit is ₹5265.85. Signals are within acceptable range. Maintain current budget.
2026-09-03,UB-COLDBREW-500ML,Cold Brew Concentrate,Coffee,500 ml,Image,1999.02,9.584,26,-0.79,696,22.03,3.481,13.66,3.779,3.704,41,8.091067898080112,16174.206549620107,4632.404685344243,STRONG,73.99,MAINTAIN,0,1999.02,1999.02,90,Predicted ROAS is 8.09 and predicted profit is ₹4632.4. Signals are within acceptable range. Maintain current budget.
2026-09-04,UB-COLDBREW-500ML,Cold Brew Concentrate,Coffee,500 ml,Influencer Video,2129.44,7.348,23,11.64,669,24.93,4.216,13.348,3.239,0.0,41,8.82577831765931,18793.965380756443,5576.085806110141,STRONG,82.61,INCREASE_BUDGET,15,2129.44,2448.86,90,Predicted ROAS is 8.83 with predicted profit of ₹5576.09. Sales growth is 11.6%. Inventory is sufficient. Scale budget.
2026-09-05,UB-COLDBREW-500ML,Cold Brew Concentrate,Coffee,500 ml,Video,1775.58,9.867,22,-1.47,644,25.74,4.077,17.745,3.543,2.439,41,9.738880980430709,17292.16229123316,5314.206539405595,STRONG,81.74,MAINTAIN,0,1775.58,1775.58,90,Predicted ROAS is 9.74 and predicted profit is ₹5314.21. Signals are within acceptable range. Maintain current budget.
2026-09-06,UB-COLDBREW-500ML,Cold Brew Concentrate,Coffee,500 ml,Video,2307.6,10.442,28,-13.49,611,18.34,3.676,14.947,5.176,2.941,41,10.32652057164693,23829.478871132455,7462.486337164306,STRONG,74.84,MAINTAIN,0,2307.6,2307.6,90,Predicted ROAS is 10.33 and predicted profit is ₹7462.49. Signals are within acceptable range. Maintain current budget.
2026-09-07,UB-COLDBREW-500ML,Cold Brew Concentrate,Coffee,500 ml,Image,2983.16,10.723,46,-0.08,567,11.03,3.941,14.081,5.535,2.083,41,7.325202026280414,21852.24967671868,5976.262367454658,HEALTHY,66.0,MAINTAIN,0,2983.16,2983.16,50,Predicted ROAS is 7.33 and predicted profit is ₹5976.26. Signals are within acceptable range. Maintain current budget.
2026-09-08,UB-COLDBREW-500ML,Cold Brew Concentrate,Coffee,500 ml,Video,3025.58,6.476,30,6.11,532,16.25,3.608,15.847,3.619,3.226,41,8.001453422360848,24209.037445626534,6900.125352706878,STRONG,72.25,INCREASE_BUDGET,15,3025.58,3479.42,90,Predicted ROAS is 8.0 with predicted profit of ₹6900.13. Sales growth is 6.1%. Inventory is sufficient. Scale budget.
2026-09-09,UB-COLDBREW-500ML,Cold Brew Concentrate,Coffee,500 ml,Influencer Video,2589.09,8.259,32,-2.32,497,12.78,3.913,15.243,4.227,4.878,41,8.75379265619562,22664.35702822952,6703.296381574102,HEALTHY,70.02,MAINTAIN,0,2589.09,2589.09,80,Predicted ROAS is 8.75 and predicted profit is ₹6703.3. Signals are within acceptable range. Maintain current budget.
2026-09-10,UB-COLDBREW-500ML,Cold Brew Concentrate,Coffee,500 ml,Video,2278.11,8.977,31,8.32,465,11.46,3.612,13.715,4.762,3.03,41,6.372281322508557,14516.757803619968,3673.7606994841867,HEALTHY,65.32,MAINTAIN,0,2278.11,2278.11,50,Predicted ROAS is 6.37 and predicted profit is ₹3673.76. Signals are within acceptable range. Maintain current budget.
2026-09-11,UB-COLDBREW-500ML,Cold Brew Concentrate,Coffee,500 ml,Video,2605.9,5.17,21,10.71,443,19.77,3.602,11.207,2.793,4.348,41,6.88928094491884,17952.777214364007,4754.738657889242,STRONG,71.6,RETARGET,0,2605.9,2605.9,75,High add-to-cart activity but weak purchase conversion. Retarget high-intent users.
2026-09-12,UB-COLDBREW-500ML,Cold Brew Concentrate,Coffee,500 ml,Image,2618.17,5.956,24,-8.74,418,14.27,4.621,15.461,3.865,3.448,41,9.579049010385043,25079.57874751981,7664.457286483121,HEALTHY,71.13,MAINTAIN,0,2618.17,2618.17,80,Predicted ROAS is 9.58 and predicted profit is ₹7664.46. Signals are within acceptable range. Maintain current budget.
2026-09-13,UB-COLDBREW-500ML,Cold Brew Concentrate,Coffee,500 ml,Image,1847.14,9.944,25,14.91,385,13.33,3.781,9.459,3.272,0.0,41,7.328028837621862,13535.895187124848,3702.5770267211874,HEALTHY,70.9,MAINTAIN,0,1847.14,1847.14,65,Predicted ROAS is 7.33 and predicted profit is ₹3702.58. Signals are within acceptable range. Maintain current budget.
2026-09-14,UB-COLDBREW-500ML,Cold Brew Concentrate,Coffee,500 ml,Influencer Video,2389.43,5.573,20,-1.58,364,16.21,4.614,8.664,2.353,0.0,41,10.90481683888889,26056.296499346277,8293.651564731972,STRONG,75.07,RETARGET,0,2389.43,2389.43,90,High add-to-cart activity but weak purchase conversion. Retarget high-intent users.
2026-09-15,UB-COLDBREW-500ML,Cold Brew Concentrate,Coffee,500 ml,Image,2040.68,12.878,39,16.3,328,6.44,4.731,17.29,5.292,2.5,41,7.037681850529099,14361.656598737722,3847.5992054824655,LOW,67.83,MAINTAIN,0,2040.68,2040.68,50,Predicted ROAS is 7.04 and predicted profit is ₹3847.6. Signals are within acceptable range. Maintain current budget.
2026-09-16,UB-COLDBREW-500ML,Cold Brew Concentrate,Coffee,500 ml,Image,2405.6,4.195,15,12.41,312,17.81,3.996,11.283,2.97,0.0,41,6.950817456809593,16720.886474101157,4449.963454381474,STRONG,71.32,RETARGET,0,2405.6,2405.6,75,High add-to-cart activity but weak purchase conversion. Retarget high-intent users.
2026-09-17,UB-COLDBREW-500ML,Cold Brew Concentrate,Coffee,500 ml,Video,3365.18,5.059,25,6.05,286,8.35,4.623,9.882,2.694,3.704,41,7.344621670425737,24715.97395288328,6768.3693206821445,HEALTHY,63.74,RETARGET,0,3365.18,3365.18,50,High add-to-cart activity but weak purchase conversion. Retarget high-intent users.
2026-09-18,UB-COLDBREW-500ML,Cold Brew Concentrate,Coffee,500 ml,Influencer Video,2314.54,7.002,25,9.06,257,9.0,4.644,11.82,3.106,0.0,41,6.428030657551588,14877.934078129452,3785.4129720330748,HEALTHY,62.5,MAINTAIN,0,2314.54,2314.54,50,Predicted ROAS is 6.43 and predicted profit is ₹3785.41. Signals are within acceptable range. Maintain current budget.
2026-09-19,UB-COLDBREW-500ML,Cold Brew Concentrate,Coffee,500 ml,Video,2216.58,3.814,13,-4.4,241,14.73,3.551,6.713,2.915,0.0,41,10.17889109806897,22562.32643015772,7033.973836364665,HEALTHY,73.59,CHANGE_CREATIVE,0,2216.58,2216.58,80,CTR is strong but purchase conversion is weak. Test new creatives or landing-page messaging.
2026-09-20,UB-COLDBREW-500ML,Cold Brew Concentrate,Coffee,500 ml,Carousel,2921.14,11.465,50,7.48,198,3.31,4.502,20.129,6.203,3.774,41,6.348634190836941,18545.24928022142,4682.412204890783,LOW,60.93,MAINTAIN,0,2921.14,2921.14,50,Predicted ROAS is 6.35 and predicted profit is ₹4682.41. Signals are within acceptable range. Maintain current budget.
2026-09-21,UB-COLDBREW-500ML,Cold Brew Concentrate,Coffee,500 ml,Image,2635.83,3.52,14,0.34,182,11.36,3.406,13.26,2.439,0.0,41,10.4598998165954,27570.51773357665,8668.082270766427,HEALTHY,72.64,RETARGET,0,2635.83,2635.83,80,High add-to-cart activity but weak purchase conversion. Retarget high-intent users.
2026-09-22,UB-COLDBREW-500ML,Cold Brew Concentrate,Coffee,500 ml,Video,1653.16,11.867,24,12.84,157,5.12,4.265,20.051,4.263,0.0,41,12.545674335369576,20740.00698425957,6850.242863546424,LOW,74.99,MAINTAIN,0,1653.16,1653.16,80,Predicted ROAS is 12.55 and predicted profit is ₹6850.24. Signals are within acceptable range. Maintain current budget.
2026-09-23,UB-COLDBREW-500ML,Cold Brew Concentrate,Coffee,500 ml,Video,2422.82,6.184,15,10.69,137,7.58,4.749,6.759,1.777,0.0,41,8.573671344771434,20772.462407539126,6093.889587091042,HEALTHY,68.35,CHANGE_CREATIVE,0,2422.82,2422.82,65,CTR is strong but purchase conversion is weak. Test new creatives or landing-page messaging.
2026-09-24,UB-COLDBREW-500ML,Cold Brew Concentrate,Coffee,500 ml,Image,2399.97,2.911,11,26.85,124,8.81,3.769,6.557,1.797,0.0,41,8.364749654958105,20075.148229409802,5830.840774058019,HEALTHY,71.95,CHANGE_CREATIVE,0,2399.97,2399.97,80,CTR is strong but purchase conversion is weak. Test new creatives or landing-page messaging.
2026-09-25,UB-COLDBREW-500ML,Cold Brew Concentrate,Coffee,500 ml,Video,2272.63,9.031,28,10.23,88,2.59,4.003,15.102,3.622,6.452,41,8.282040596669422,18822.01392120883,5444.39570769562,CRITICAL,65.67,PROTECT_INVENTORY,0,2272.63,2272.63,45,Inventory is critical with 2.6 days remaining. Protect stock before scaling ads.
2026-09-26,UB-COLDBREW-500ML,Cold Brew Concentrate,Coffee,500 ml,Video,2322.16,5.124,18,12.02,69,3.45,3.768,12.241,2.514,0.0,41,7.798349369237817,18109.014971269287,5102.536138220407,LOW,64.12,RETARGET,0,2322.16,2322.16,50,High add-to-cart activity but weak purchase conversion. Retarget high-intent users.
2026-09-27,UB-COLDBREW-500ML,Cold Brew Concentrate,Coffee,500 ml,Video,2298.82,6.959,21,7.1,45,1.77,3.424,11.597,2.767,4.348,41,7.8148208299697,17964.866420350947,5066.775232343887,CRITICAL,61.46,PROTECT_INVENTORY,0,2298.82,2298.82,30,Inventory is critical with 1.8 days remaining. Protect stock before scaling ads.
2026-09-28,UB-COLDBREW-500ML,Cold Brew Concentrate,Coffee,500 ml,Image,2623.46,5.876,17,8.02,21,1.01,5.008,8.648,2.279,5.556,41,8.703086467011303,22832.199222745476,6737.741681325645,CRITICAL,63.92,PROTECT_INVENTORY,0,2623.46,2623.46,45,Inventory is critical with 1.0 days remaining. Protect stock before scaling ads.
2026-09-01,UB-COLDBREW-1L,Cold Brew Concentrate,Coffee,1 L,Carousel,1021.96,32.115,30,6.59,149,3.84,3.9,19.13,5.146,3.226,47,20.40853360200516,20856.704999905196,8780.691349955443,LOW,72.68,MAINTAIN,0,1021.96,1021.96,80,Predicted ROAS is 20.41 and predicted profit is ₹8780.69. Signals are within acceptable range. Maintain current budget.
2026-09-02,UB-COLDBREW-1L,Cold Brew Concentrate,Coffee,1 L,Video,1054.2,20.203,17,3.12,126,6.3,2.311,19.43,4.106,3.125,47,20.4686031099385,21578.001398497167,9087.460657293668,LOW,71.98,MAINTAIN,0,1054.2,1054.2,80,Predicted ROAS is 20.47 and predicted profit is ₹9087.46. Signals are within acceptable range. Maintain current budget.
2026-09-03,UB-COLDBREW-1L,Cold Brew Concentrate,Coffee,1 L,Image,1282.54,20.093,16,6.75,111,5.55,2.356,12.853,3.99,0.0,47,14.968827654882155,19198.120220492558,7740.5765036315015,LOW,72.72,MAINTAIN,0,1282.54,1282.54,80,Predicted ROAS is 14.97 and predicted profit is ₹7740.58. Signals are within acceptable range. Maintain current budget.
2026-09-04,UB-COLDBREW-1L,Cold Brew Concentrate,Coffee,1 L,Influencer Video,1087.77,7.785,8,5.05,94,9.85,2.513,13.004,2.606,0.0,47,13.753637369992253,14960.794121956473,5943.803237319542,HEALTHY,73.57,RETARGET,0,1087.77,1087.77,80,High add-to-cart activity but weak purchase conversion. Retarget high-intent users.
2026-09-05,UB-COLDBREW-1L,Cold Brew Concentrate,Coffee,1 L,Carousel,911.22,15.98,12,5.15,79,5.35,3.619,9.383,2.083,0.0,47,24.278055313414274,22122.649562689356,9486.425294463997,LOW,70.08,RETARGET,0,911.22,911.22,80,High add-to-cart activity but weak purchase conversion. Retarget high-intent users.
2026-09-06,UB-COLDBREW-1L,Cold Brew Concentrate,Coffee,1 L,Carousel,886.84,27.078,21,20.39,45,1.78,2.426,12.441,4.615,4.545,47,20.560035349243353,18233.461749122976,7682.887022087798,CRITICAL,75.8,PROTECT_INVENTORY,0,886.84,886.84,60,Inventory is critical with 1.8 days remaining. Protect stock before scaling ads.
2026-09-07,UB-COLDBREW-1L,Cold Brew Concentrate,Coffee,1 L,Video,920.63,19.751,14,18.99,27,1.74,3.123,9.706,2.745,6.667,47,21.69601363768638,19974.001035263213,8467.15048657371,CRITICAL,73.53,PROTECT_INVENTORY,0,920.63,920.63,60,Inventory is critical with 1.7 days remaining. Protect stock before scaling ads.
2026-09-08,UB-COLDBREW-1L,Cold Brew Concentrate,Coffee,1 L,Video,1005.29,23.173,22,9.86,3,0.11,2.251,19.547,5.473,3.125,47,28.14378917502403,28292.669819759903,12292.264815287155,CRITICAL,71.74,PROTECT_INVENTORY,0,1005.29,1005.29,60,Inventory is critical with 0.1 days remaining. Protect stock before scaling ads.
2026-09-09,UB-COLDBREW-1L,Cold Brew Concentrate,Coffee,1 L,Video,565.2,40.874,22,-2.1,610,21.2,3.136,18.11,3.293,2.632,47,11.523487623189077,6513.075204626467,2495.9453461744397,STRONG,79.14,MAINTAIN,0,565.2,565.2,90,Predicted ROAS is 11.52 and predicted profit is ₹2495.95. Signals are within acceptable range. Maintain current budget.
2026-09-10,UB-COLDBREW-1L,Cold Brew Concentrate,Coffee,1 L,Image,969.05,6.243,6,-8.21,597,88.58,2.502,7.031,1.948,0.0,47,15.062835540669848,14596.640780686115,5891.371166922474,STRONG,81.37,CHANGE_CREATIVE,0,969.05,969.05,90,CTR is strong but purchase conversion is weak. Test new creatives or landing-page messaging.
2026-09-11,UB-COLDBREW-1L,Cold Brew Concentrate,Coffee,1 L,Image,801.62,17.89,13,1.88,579,37.23,2.858,12.573,2.895,0.0,47,17.39391764236201,13943.312260470233,5751.73676242101,STRONG,86.1,RETARGET,0,801.62,801.62,90,High add-to-cart activity but weak purchase conversion. Retarget high-intent users.
2026-09-12,UB-COLDBREW-1L,Cold Brew Concentrate,Coffee,1 L,Image,876.05,16.331,11,2.77,563,39.79,2.725,16.599,3.943,5.263,47,26.46057824008292,23180.78956722464,10018.921096595583,STRONG,87.48,INCREASE_BUDGET,15,876.05,1007.46,90,Predicted ROAS is 26.46 with predicted profit of ₹10018.92. Sales growth is 2.8%. Inventory is sufficient. Scale budget.
2026-09-13,UB-COLDBREW-1L,Cold Brew Concentrate,Coffee,1 L,Influencer Video,802.9,33.487,25,-0.49,528,18.97,3.081,12.455,4.098,3.846,47,21.11204563565352,16950.86144086621,7164.004877207119,STRONG,79.06,MAINTAIN,0,802.9,802.9,90,Predicted ROAS is 21.11 and predicted profit is ₹7164.0. Signals are within acceptable range. Maintain current budget.
2026-09-14,UB-COLDBREW-1L,Cold Brew Concentrate,Coffee,1 L,Influencer Video,769.06,22.962,16,-1.85,504,25.44,3.532,14.072,3.73,8.333,47,18.67153614704739,14359.531589248265,5979.919846946685,STRONG,82.5,MAINTAIN,0,769.06,769.06,90,Predicted ROAS is 18.67 and predicted profit is ₹5979.92. Signals are within acceptable range. Maintain current budget.
2026-09-15,UB-COLDBREW-1L,Cold Brew Concentrate,Coffee,1 L,Video,829.35,18.618,13,5.28,480,33.15,3.393,13.393,3.002,4.545,47,15.81093276739926,13112.797090642576,5333.66463260201,STRONG,87.48,INCREASE_BUDGET,15,829.35,953.75,90,Predicted ROAS is 15.81 with predicted profit of ₹5333.66. Sales growth is 5.3%. Inventory is sufficient. Scale budget.
2026-09-16,UB-COLDBREW-1L,Cold Brew Concentrate,Coffee,1 L,Video,934.88,10.258,9,2.43,464,38.67,3.285,7.812,2.446,0.0,47,18.987706787960942,17751.227321928924,7408.196841306594,STRONG,85.86,CHANGE_CREATIVE,0,934.88,934.88,90,CTR is strong but purchase conversion is weak. Test new creatives or landing-page messaging.
2026-09-17,UB-COLDBREW-1L,Cold Brew Concentrate,Coffee,1 L,Carousel,983.3,20.822,20,3.59,438,15.09,2.286,17.143,4.535,3.333,47,19.203632533033915,18882.93186973225,7891.677978774157,STRONG,78.44,INCREASE_BUDGET,15,983.3,1130.79,90,Predicted ROAS is 19.2 with predicted profit of ₹7891.68. Sales growth is 3.6%. Inventory is sufficient. Scale budget.
2026-09-18,UB-COLDBREW-1L,Cold Brew Concentrate,Coffee,1 L,Image,925.54,18.542,17,-3.99,416,17.2,2.724,11.602,3.812,0.0,47,15.299659051937711,14160.446438930428,5729.869826297301,STRONG,76.28,MAINTAIN,0,925.54,925.54,90,Predicted ROAS is 15.3 and predicted profit is ₹5729.87. Signals are within acceptable range. Maintain current budget.
2026-09-19,UB-COLDBREW-1L,Cold Brew Concentrate,Coffee,1 L,Image,987.58,12.47,12,21.99,397,27.61,2.631,19.907,3.846,0.0,47,20.489195343506502,20234.719537340152,8522.73818254987,STRONG,92.25,INCREASE_BUDGET,15,987.58,1135.72,90,Predicted ROAS is 20.49 with predicted profit of ₹8522.74. Sales growth is 22.0%. Inventory is sufficient. Scale budget.
2026-09-20,UB-COLDBREW-1L,Cold Brew Concentrate,Coffee,1 L,Carousel,1037.17,18.036,17,2.93,378,17.18,3.447,10.556,2.322,0.0,47,18.241956261048873,18920.00977527206,7855.234594377869,STRONG,77.37,RETARGET,0,1037.17,1037.17,90,High add-to-cart activity but weak purchase conversion. Retarget high-intent users.
2026-09-21,UB-COLDBREW-1L,Cold Brew Concentrate,Coffee,1 L,Carousel,1225.65,18.825,18,11.24,356,16.05,2.885,10.995,3.704,0.0,47,19.08448142599994,23390.894659776826,9768.070490095108,STRONG,81.12,INCREASE_BUDGET,15,1225.65,1409.5,90,Predicted ROAS is 19.08 with predicted profit of ₹9768.07. Sales growth is 11.2%. Inventory is sufficient. Scale budget.
2026-09-22,UB-COLDBREW-1L,Cold Brew Concentrate,Coffee,1 L,Video,880.17,19.429,15,4.49,336,18.21,2.733,20.0,3.846,0.0,47,20.1120002504995,17701.97926048214,7439.760252426606,STRONG,80.17,INCREASE_BUDGET,15,880.17,1012.2,90,Predicted ROAS is 20.11 with predicted profit of ₹7439.76. Sales growth is 4.5%. Inventory is sufficient. Scale budget.
2026-09-23,UB-COLDBREW-1L,Cold Brew Concentrate,Coffee,1 L,Image,873.35,19.727,17,7.91,316,13.52,1.801,15.679,4.956,0.0,47,19.455280230158746,16991.268989009142,7112.546424834297,HEALTHY,79.44,INCREASE_BUDGET,15,873.35,1004.35,80,Predicted ROAS is 19.46 with predicted profit of ₹7112.55. Sales growth is 7.9%. Inventory is sufficient. Scale budget.
2026-09-24,UB-COLDBREW-1L,Cold Brew Concentrate,Coffee,1 L,Video,959.31,28.143,24,12.81,284,10.88,3.504,14.351,4.436,4.0,47,17.85029658444079,17123.968016419894,7088.954967717351,HEALTHY,78.99,INCREASE_BUDGET,15,959.31,1103.21,80,Predicted ROAS is 17.85 with predicted profit of ₹7088.95. Sales growth is 12.8%. Inventory is sufficient. Scale budget.
2026-09-25,UB-COLDBREW-1L,Cold Brew Concentrate,Coffee,1 L,Video,1120.57,21.042,18,5.67,264,11.06,2.931,12.195,3.169,0.0,47,15.434340709140173,17295.259168441204,7008.201809167366,HEALTHY,75.17,INCREASE_BUDGET,15,1120.57,1288.66,80,Predicted ROAS is 15.43 with predicted profit of ₹7008.2. Sales growth is 5.7%. Inventory is sufficient. Scale budget.
2026-09-26,UB-COLDBREW-1L,Cold Brew Concentrate,Coffee,1 L,Carousel,1045.1,8.896,9,-5.13,250,22.85,3.434,8.475,2.736,0.0,47,13.502346183759776,14111.30199664734,5587.211938424251,STRONG,78.55,RETARGET,0,1045.1,1045.1,90,High add-to-cart activity but weak purchase conversion. Retarget high-intent users.
2026-09-27,UB-COLDBREW-1L,Cold Brew Concentrate,Coffee,1 L,Video,831.16,53.725,35,4.92,209,4.39,4.156,15.063,3.415,4.0,47,16.42836481008531,13654.599695550505,5586.501856908738,LOW,70.69,MAINTAIN,0,831.16,831.16,80,Predicted ROAS is 16.43 and predicted profit is ₹5586.5. Signals are within acceptable range. Maintain current budget.
2026-09-28,UB-COLDBREW-1L,Cold Brew Concentrate,Coffee,1 L,Video,799.06,22.091,16,3.64,188,9.49,2.644,15.985,4.071,5.556,47,21.479374032447932,17163.308614367845,7267.695048752887,HEALTHY,74.26,INCREASE_BUDGET,15,799.06,918.92,80,Predicted ROAS is 21.48 with predicted profit of ₹7267.7. Sales growth is 3.6%. Inventory is sufficient. Scale budget.
2026-09-01,UB-KIT-MINIKIT,Brew Starter Kit,Gifts,Mini kit,Carousel,2677.62,8.559,47,9.81,0,0.0,5.534,7.6,2.175,13.208,42,13.36258710683328,35779.93048899892,12349.950805379547,CRITICAL,68.35,PROTECT_INVENTORY,0,2677.62,2677.62,45,Inventory is critical with 0.0 days remaining. Protect stock before scaling ads.
2026-09-02,UB-KIT-MINIKIT,Brew Starter Kit,Gifts,Mini kit,Image,2551.12,14.759,74,15.83,0,0.0,5.979,9.601,2.679,5.063,42,13.935331599966794,35550.70315130729,12380.175323549061,CRITICAL,71.12,PROTECT_INVENTORY,0,2551.12,2551.12,60,Inventory is critical with 0.0 days remaining. Protect stock before scaling ads.
2026-09-03,UB-KIT-MINIKIT,Brew Starter Kit,Gifts,Mini kit,Video,3281.25,14.158,81,23.69,0,0.0,5.496,10.779,4.06,7.778,42,14.201083427609426,46597.30499684343,16289.61809867424,CRITICAL,74.06,PROTECT_INVENTORY,0,3281.25,3281.25,60,Inventory is critical with 0.0 days remaining. Protect stock before scaling ads.
2026-09-04,UB-KIT-MINIKIT,Brew Starter Kit,Gifts,Mini kit,Influencer Video,2952.02,13.39,55,5.02,0,0.0,6.639,11.136,2.816,5.172,42,16.10424631387802,47540.05720349419,17014.804025467558,CRITICAL,67.2,PROTECT_INVENTORY,0,2952.02,2952.02,45,Inventory is critical with 0.0 days remaining. Protect stock before scaling ads.
2026-09-05,UB-KIT-MINIKIT,Brew Starter Kit,Gifts,Mini kit,Video,2529.47,19.229,87,17.22,0,0.0,4.69,14.666,4.286,8.911,42,14.40455676133016,36435.894191081796,12773.605560254355,CRITICAL,73.24,PROTECT_INVENTORY,0,2529.47,2529.47,60,Inventory is critical with 0.0 days remaining. Protect stock before scaling ads.
2026-09-06,UB-KIT-MINIKIT,Brew Starter Kit,Gifts,Mini kit,Video,2022.92,14.666,33,9.36,0,0.0,6.073,9.467,1.303,2.941,42,10.42133663173754,21081.530299074508,6831.322725611293,CRITICAL,67.31,PROTECT_INVENTORY,0,2022.92,2022.92,45,Inventory is critical with 0.0 days remaining. Protect stock before scaling ads.
2026-09-07,UB-KIT-MINIKIT,Brew Starter Kit,Gifts,Mini kit,Influencer Video,2520.82,8.356,44,11.19,0,0.0,4.848,12.188,2.701,6.522,42,10.035063814298454,25296.58956435983,8103.747617031129,CRITICAL,69.4,PROTECT_INVENTORY,0,2520.82,2520.82,45,Inventory is critical with 0.0 days remaining. Protect stock before scaling ads.
2026-09-08,UB-KIT-MINIKIT,Brew Starter Kit,Gifts,Mini kit,Video,2561.3,7.61,40,-1.36,0,0.0,5.209,14.373,3.918,5.085,42,12.454682729646695,31900.178875444082,10836.775127686513,CRITICAL,65.91,PROTECT_INVENTORY,0,2561.3,2561.3,45,Inventory is critical with 0.0 days remaining. Protect stock before scaling ads.
2026-09-09,UB-KIT-MINIKIT,Brew Starter Kit,Gifts,Mini kit,Image,3481.1,14.02,99,8.93,0,0.0,5.761,13.234,2.941,7.692,42,14.073318952529817,48990.630605651546,17094.96485437365,CRITICAL,68.79,PROTECT_INVENTORY,0,3481.1,3481.1,45,Inventory is critical with 0.0 days remaining. Protect stock before scaling ads.
2026-09-10,UB-KIT-MINIKIT,Brew Starter Kit,Gifts,Mini kit,Video,2482.24,13.468,50,11.8,0,0.0,6.052,11.88,3.331,1.923,42,11.701763093473414,29046.584421143445,9717.325456880248,CRITICAL,70.26,PROTECT_INVENTORY,0,2482.24,2482.24,60,Inventory is critical with 0.0 days remaining. Protect stock before scaling ads.
2026-09-11,UB-KIT-MINIKIT,Brew Starter Kit,Gifts,Mini kit,Influencer Video,2911.22,11.569,46,-1.27,0,0.0,4.73,17.944,2.981,6.931,42,10.688230923406271,31115.791628838804,10157.4124841123,CRITICAL,65.0,PROTECT_INVENTORY,0,2911.22,2911.22,45,Inventory is critical with 0.0 days remaining. Protect stock before scaling ads.
2026-09-12,UB-KIT-MINIKIT,Brew Starter Kit,Gifts,Mini kit,Video,2394.72,9.421,33,-8.05,699,14.91,5.482,10.019,2.527,2.857,42,12.855500689370803,30785.324610850046,10535.116336557021,HEALTHY,71.95,RETARGET,0,2394.72,2394.72,80,High add-to-cart activity but weak purchase conversion. Retarget high-intent users.
2026-09-13,UB-KIT-MINIKIT,Brew Starter Kit,Gifts,Mini kit,Video,3082.43,13.921,82,1.31,645,7.35,6.935,14.219,3.825,9.783,42,14.44409463549359,44522.9106272845,15617.19246345949,HEALTHY,71.72,INCREASE_BUDGET,15,3082.43,3544.79,80,Predicted ROAS is 14.44 with predicted profit of ₹15617.19. Sales growth is 1.3%. Inventory is sufficient. Scale budget.
2026-09-14,UB-KIT-MINIKIT,Brew Starter Kit,Gifts,Mini kit,Influencer Video,2259.64,14.929,60,-0.14,604,8.74,5.513,13.818,2.782,4.762,42,10.809346165148572,24425.230968616317,7998.957006818855,HEALTHY,71.06,RETARGET,0,2259.64,2259.64,80,High add-to-cart activity but weak purchase conversion. Retarget high-intent users.
2026-09-15,UB-KIT-MINIKIT,Brew Starter Kit,Gifts,Mini kit,Video,2831.47,8.614,47,7.49,567,9.2,4.942,9.11,2.808,6.122,42,14.503248235714288,41065.512281977935,14416.045158430736,HEALTHY,74.25,RETARGET,0,2831.47,2831.47,80,High add-to-cart activity but weak purchase conversion. Retarget high-intent users.
2026-09-16,UB-KIT-MINIKIT,Brew Starter Kit,Gifts,Mini kit,Influencer Video,2730.34,18.062,87,4.04,489,4.69,5.155,11.106,3.474,4.396,42,13.401995832945374,36592.00530252408,12638.302227060112,LOW,70.62,MAINTAIN,0,2730.34,2730.34,80,Predicted ROAS is 13.4 and predicted profit is ₹12638.3. Signals are within acceptable range. Maintain current budget.
2026-09-17,UB-KIT-MINIKIT,Brew Starter Kit,Gifts,Mini kit,Image,2468.59,13.449,69,1.95,433,5.29,5.047,11.147,3.194,5.479,42,14.008495922689832,34581.232949792895,12055.527838913016,LOW,69.95,MAINTAIN,0,2468.59,2468.59,65,Predicted ROAS is 14.01 and predicted profit is ₹12055.53. Signals are within acceptable range. Maintain current budget.
2026-09-18,UB-KIT-MINIKIT,Brew Starter Kit,Gifts,Mini kit,Influencer Video,2268.17,15.403,67,3.74,391,4.2,5.253,11.381,3.083,4.286,42,15.76089681281682,35748.39332392673,12746.155196049225,LOW,69.79,MAINTAIN,0,2268.17,2268.17,65,Predicted ROAS is 15.76 and predicted profit is ₹12746.16. Signals are within acceptable range. Maintain current budget.
2026-09-19,UB-KIT-MINIKIT,Brew Starter Kit,Gifts,Mini kit,Image,2082.74,17.987,79,1.17,334,3.56,4.744,11.367,3.762,3.614,42,11.340225079854072,23618.740382815267,7837.130960782413,LOW,69.07,MAINTAIN,0,2082.74,2082.74,65,Predicted ROAS is 11.34 and predicted profit is ₹7837.13. Signals are within acceptable range. Maintain current budget.
2026-09-20,UB-KIT-MINIKIT,Brew Starter Kit,Gifts,Mini kit,Carousel,3021.3,8.504,51,6.0,295,5.24,4.823,13.816,3.908,6.557,42,10.69393466819889,32309.58481302931,10548.72562147231,LOW,72.15,MAINTAIN,0,3021.3,3021.3,80,Predicted ROAS is 10.69 and predicted profit is ₹10548.73. Signals are within acceptable range. Maintain current budget.
2026-09-21,UB-KIT-MINIKIT,Brew Starter Kit,Gifts,Mini kit,Influencer Video,2863.67,9.892,54,0.63,259,4.41,5.559,13.73,3.305,8.219,42,13.637951542592601,39054.592693976156,13539.258931469985,LOW,68.98,MAINTAIN,0,2863.67,2863.67,65,Predicted ROAS is 13.64 and predicted profit is ₹13539.26. Signals are within acceptable range. Maintain current budget.
2026-09-22,UB-KIT-MINIKIT,Brew Starter Kit,Gifts,Mini kit,Image,2062.29,15.287,65,10.54,212,2.6,5.492,11.659,2.993,4.412,42,13.863448852606947,28590.45193424278,9945.699812381969,CRITICAL,71.18,PROTECT_INVENTORY,0,2062.29,2062.29,60,Inventory is critical with 2.6 days remaining. Protect stock before scaling ads.
2026-09-23,UB-KIT-MINIKIT,Brew Starter Kit,Gifts,Mini kit,Video,2369.61,12.179,60,10.58,155,2.07,5.355,13.559,3.623,5.0,42,12.561635863259314,29766.177957937904,10132.184742333919,CRITICAL,71.47,PROTECT_INVENTORY,0,2369.61,2369.61,60,Inventory is critical with 2.1 days remaining. Protect stock before scaling ads.
2026-09-24,UB-KIT-MINIKIT,Brew Starter Kit,Gifts,Mini kit,Influencer Video,2133.37,14.885,63,6.49,112,1.64,4.38,13.264,3.496,5.634,42,12.98802113535411,27708.254649530398,9504.096952802767,CRITICAL,69.52,PROTECT_INVENTORY,0,2133.37,2133.37,45,Inventory is critical with 1.6 days remaining. Protect stock before scaling ads.
2026-09-25,UB-KIT-MINIKIT,Brew Starter Kit,Gifts,Mini kit,Influencer Video,2616.49,8.049,31,7.31,80,2.3,3.871,7.784,2.995,8.824,42,10.077307800343208,26367.175086519997,8457.723536338399,CRITICAL,69.77,PROTECT_INVENTORY,0,2616.49,2616.49,45,Inventory is critical with 2.3 days remaining. Protect stock before scaling ads.
2026-09-26,UB-KIT-MINIKIT,Brew Starter Kit,Gifts,Mini kit,Video,2668.34,14.565,76,15.1,31,0.32,5.344,13.497,3.419,8.571,42,13.890928166212333,37065.71926303102,12899.262090473027,CRITICAL,71.79,PROTECT_INVENTORY,0,2668.34,2668.34,60,Inventory is critical with 0.3 days remaining. Protect stock before scaling ads.
2026-09-27,UB-KIT-MINIKIT,Brew Starter Kit,Gifts,Mini kit,Image,2441.72,11.895,56,13.64,0,0.0,4.86,17.041,4.23,1.538,42,12.713567904546608,31042.97302388954,10596.328670033607,CRITICAL,71.84,PROTECT_INVENTORY,0,2441.72,2441.72,60,Inventory is critical with 0.0 days remaining. Protect stock before scaling ads.
2026-09-28,UB-KIT-MINIKIT,Brew Starter Kit,Gifts,Mini kit,Influencer Video,1995.42,14.848,59,13.2,0,0.0,5.847,11.985,2.396,6.25,42,14.422926921495172,28779.796837689897,10092.094671829756,CRITICAL,69.85,PROTECT_INVENTORY,0,1995.42,1995.42,45,Inventory is critical with 0.0 days remaining. Protect stock before scaling ads.
2026-09-01,UB-KIT-FULLKIT,Brew Starter Kit,Gifts,Full kit,Carousel,1665.11,8.667,18,0.48,1369,59.06,3.942,9.122,2.594,5.0,52,11.466803112940633,19093.488531388575,8263.504036322058,STRONG,85.27,RETARGET,0,1665.11,1665.11,90,High add-to-cart activity but weak purchase conversion. Retarget high-intent users.
2026-09-02,UB-KIT-FULLKIT,Brew Starter Kit,Gifts,Full kit,Influencer Video,1409.9,12.071,16,3.83,1245,64.18,3.588,13.564,3.042,0.0,52,15.585216149616363,21973.59624934411,10016.370049658937,STRONG,86.98,INCREASE_BUDGET,15,1409.9,1621.38,90,Predicted ROAS is 15.59 with predicted profit of ₹10016.37. Sales growth is 3.8%. Inventory is sufficient. Scale budget.
2026-09-03,UB-KIT-FULLKIT,Brew Starter Kit,Gifts,Full kit,Video,1162.47,15.137,19,-0.03,1240,61.2,2.836,17.84,3.322,11.429,52,17.278423389156877,20085.648837193196,9282.067395340462,STRONG,85.81,FIX_PAYMENT,0,1162.47,1162.47,90,Payment failure rate is 11.4%. Fix payment issues before increasing spend.
2026-09-04,UB-KIT-FULLKIT,Brew Starter Kit,Gifts,Full kit,Image,1639.92,18.554,30,3.07,1759,41.75,3.583,13.669,3.472,0.0,52,12.43178355331718,20387.13048475591,8961.387852073074,STRONG,87.12,INCREASE_BUDGET,15,1639.92,1885.91,90,Predicted ROAS is 12.43 with predicted profit of ₹8961.39. Sales growth is 3.1%. Inventory is sufficient. Scale budget.
2026-09-05,UB-KIT-FULLKIT,Brew Starter Kit,Gifts,Full kit,Video,2145.07,11.44,30,7.56,1494,43.92,4.028,18.199,3.589,5.714,52,13.872724858404345,29757.96591201741,13329.072274249054,STRONG,88.92,INCREASE_BUDGET,15,2145.07,2466.83,90,Predicted ROAS is 13.87 with predicted profit of ₹13329.07. Sales growth is 7.6%. Inventory is sufficient. Scale budget.
2026-09-06,UB-KIT-FULLKIT,Brew Starter Kit,Gifts,Full kit,Carousel,1550.24,13.62,20,9.27,1226,49.26,2.205,16.137,4.202,4.348,52,12.207667210155593,18924.81401587161,8290.663288253236,STRONG,90.18,INCREASE_BUDGET,15,1550.24,1782.78,90,Predicted ROAS is 12.21 with predicted profit of ₹8290.66. Sales growth is 9.3%. Inventory is sufficient. Scale budget.
2026-09-07,UB-KIT-FULLKIT,Brew Starter Kit,Gifts,Full kit,Video,1557.34,8.412,16,-6.4,1068,53.83,4.014,13.585,3.2,0.0,52,9.987225646434906,15553.505988218936,6530.483113873846,STRONG,83.26,MAINTAIN,0,1557.34,1557.34,90,Predicted ROAS is 9.99 and predicted profit is ₹6530.48. Signals are within acceptable range. Maintain current budget.
2026-09-08,UB-KIT-FULLKIT,Brew Starter Kit,Gifts,Full kit,Image,1628.05,8.091,15,-12.06,1057,51.76,2.636,20.319,5.338,4.762,52,11.244110019571023,18305.973317362605,7891.056125028555,STRONG,83.32,MAINTAIN,0,1628.05,1628.05,90,Predicted ROAS is 11.24 and predicted profit is ₹7891.06. Signals are within acceptable range. Maintain current budget.
2026-09-09,UB-KIT-FULLKIT,Brew Starter Kit,Gifts,Full kit,Video,1933.46,11.801,29,1.71,1363,40.02,3.014,18.554,5.179,0.0,52,13.513436503889029,26127.688942809284,11652.938250260828,STRONG,88.32,INCREASE_BUDGET,15,1933.46,2223.48,90,Predicted ROAS is 13.51 with predicted profit of ₹11652.94. Sales growth is 1.7%. Inventory is sufficient. Scale budget.
2026-09-10,UB-KIT-FULLKIT,Brew Starter Kit,Gifts,Full kit,Video,1481.78,12.629,24,2.65,1269,40.03,3.459,11.628,3.217,3.846,52,12.445233249932699,18441.097725085274,8107.590817044343,STRONG,86.71,INCREASE_BUDGET,15,1481.78,1704.05,90,Predicted ROAS is 12.45 with predicted profit of ₹8107.59. Sales growth is 2.6%. Inventory is sufficient. Scale budget.
2026-09-11,UB-KIT-FULLKIT,Brew Starter Kit,Gifts,Full kit,Video,1964.85,10.962,26,5.06,1185,39.78,2.501,11.186,3.457,7.143,52,14.365177027429276,28225.41808234441,12712.367402819094,STRONG,87.85,INCREASE_BUDGET,15,1964.85,2259.58,90,Predicted ROAS is 14.37 with predicted profit of ₹12712.37. Sales growth is 5.1%. Inventory is sufficient. Scale budget.
2026-09-12,UB-KIT-FULLKIT,Brew Starter Kit,Gifts,Full kit,Video,1460.42,16.033,30,5.15,1411,35.3,3.785,19.914,4.815,4.444,52,14.143111006615106,20654.882176280833,9280.118731666033,STRONG,89.25,INCREASE_BUDGET,15,1460.42,1679.48,90,Predicted ROAS is 14.14 with predicted profit of ₹9280.12. Sales growth is 5.2%. Inventory is sufficient. Scale budget.
2026-09-13,UB-KIT-FULLKIT,Brew Starter Kit,Gifts,Full kit,Image,1497.57,13.406,22,10.65,992,39.43,2.928,19.512,4.741,5.714,52,16.457281083976213,24645.930432930254,11318.313825123732,STRONG,91.23,INCREASE_BUDGET,15,1497.57,1722.21,90,Predicted ROAS is 16.46 with predicted profit of ₹11318.31. Sales growth is 10.7%. Inventory is sufficient. Scale budget.
2026-09-14,UB-KIT-FULLKIT,Brew Starter Kit,Gifts,Full kit,Carousel,1526.26,16.878,22,2.5,984,37.79,2.891,14.45,3.571,4.348,52,10.714439228357051,16353.020016672233,6977.31040866956,STRONG,87.01,INCREASE_BUDGET,15,1526.26,1755.2,90,Predicted ROAS is 10.71 with predicted profit of ₹6977.31. Sales growth is 2.5%. Inventory is sufficient. Scale budget.
2026-09-15,UB-KIT-FULLKIT,Brew Starter Kit,Gifts,Full kit,Image,1239.58,8.009,12,14.89,726,42.91,4.352,16.519,2.405,7.692,52,12.957764123333442,16062.185252001667,7112.756331040868,STRONG,90.49,RETARGET,0,1239.58,1239.58,90,High add-to-cart activity but weak purchase conversion. Retarget high-intent users.
2026-09-16,UB-KIT-FULLKIT,Brew Starter Kit,Gifts,Full kit,Image,1611.22,14.802,28,11.47,1150,32.81,2.397,15.505,4.185,5.556,52,15.171149939148412,24444.060204954705,11099.691306576447,STRONG,90.99,INCREASE_BUDGET,15,1611.22,1852.9,90,Predicted ROAS is 15.17 with predicted profit of ₹11099.69. Sales growth is 11.5%. Inventory is sufficient. Scale budget.
2026-09-17,UB-KIT-FULLKIT,Brew Starter Kit,Gifts,Full kit,Video,1493.54,15.508,30,13.95,1153,31.22,3.386,16.471,3.881,4.444,52,11.281934482674675,16850.020427253934,7268.470622172045,STRONG,91.61,INCREASE_BUDGET,15,1493.54,1717.57,90,Predicted ROAS is 11.28 with predicted profit of ₹7268.47. Sales growth is 13.9%. Inventory is sufficient. Scale budget.
2026-09-18,UB-KIT-FULLKIT,Brew Starter Kit,Gifts,Full kit,Image,1589.0,8.736,17,25.92,801,32.63,2.537,11.842,2.886,5.556,52,10.189822932349607,16191.628639503526,6830.646892541834,STRONG,92.89,RETARGET,0,1589.0,1589.0,90,High add-to-cart activity but weak purchase conversion. Retarget high-intent users.
2026-09-19,UB-KIT-FULLKIT,Brew Starter Kit,Gifts,Full kit,Influencer Video,1301.2,9.65,13,0.3,564,34.54,3.2,9.143,3.533,0.0,52,12.39814442187986,16132.465521750073,7087.682071310038,STRONG,86.15,INCREASE_BUDGET,15,1301.2,1496.38,90,Predicted ROAS is 12.4 with predicted profit of ₹7087.68. Sales growth is 0.3%. Inventory is sufficient. Scale budget.
2026-09-20,UB-KIT-FULLKIT,Brew Starter Kit,Gifts,Full kit,Video,1414.06,12.802,22,4.42,760,30.35,2.562,19.293,4.911,6.25,52,19.800661614626943,27999.323562779373,13145.588252645275,STRONG,89.07,INCREASE_BUDGET,15,1414.06,1626.17,90,Predicted ROAS is 19.8 with predicted profit of ₹13145.59. Sales growth is 4.4%. Inventory is sufficient. Scale budget.
2026-09-21,UB-KIT-FULLKIT,Brew Starter Kit,Gifts,Full kit,Influencer Video,1133.8,22.935,26,2.08,940,27.95,3.539,15.747,2.49,5.556,52,13.81166293045783,15659.663430553088,7009.224983887606,STRONG,84.4,RETARGET,0,1133.8,1133.8,90,High add-to-cart activity but weak purchase conversion. Retarget high-intent users.
2026-09-22,UB-KIT-FULLKIT,Brew Starter Kit,Gifts,Full kit,Video,1620.65,13.372,25,18.85,746,27.08,3.205,10.853,3.012,3.846,52,15.691407934102944,25430.280268403938,11603.095739570048,STRONG,90.63,INCREASE_BUDGET,15,1620.65,1863.75,90,Predicted ROAS is 15.69 with predicted profit of ₹11603.1. Sales growth is 18.9%. Inventory is sufficient. Scale budget.
2026-09-23,UB-KIT-FULLKIT,Brew Starter Kit,Gifts,Full kit,Video,1866.54,9.268,20,15.54,691,25.92,3.678,25.074,3.521,2.632,52,11.107733182595382,20733.028294641583,8914.634713213622,STRONG,89.13,INCREASE_BUDGET,15,1866.54,2146.52,90,Predicted ROAS is 11.11 with predicted profit of ₹8914.63. Sales growth is 15.5%. Inventory is sufficient. Scale budget.
2026-09-24,UB-KIT-FULLKIT,Brew Starter Kit,Gifts,Full kit,Image,1734.41,9.124,19,7.78,658,25.83,3.368,11.093,3.172,4.0,52,10.65383483222308,18478.11767135603,7874.211189105135,STRONG,85.81,INCREASE_BUDGET,15,1734.41,1994.57,90,Predicted ROAS is 10.65 with predicted profit of ₹7874.21. Sales growth is 7.8%. Inventory is sufficient. Scale budget.
2026-09-25,UB-KIT-FULLKIT,Brew Starter Kit,Gifts,Full kit,Image,1646.82,17.226,34,7.17,1021,25.83,4.113,15.061,3.676,6.122,52,13.399950269536152,22067.306102877526,9828.179173496315,STRONG,86.08,INCREASE_BUDGET,15,1646.82,1893.84,90,Predicted ROAS is 13.4 with predicted profit of ₹9828.18. Sales growth is 7.2%. Inventory is sufficient. Scale budget.
2026-09-26,UB-KIT-FULLKIT,Brew Starter Kit,Gifts,Full kit,Video,2015.44,15.505,36,-3.78,1076,25.83,4.103,16.575,3.604,5.263,52,12.262673355851327,24714.682388317,10836.19484192484,STRONG,81.91,MAINTAIN,0,2015.44,2015.44,90,Predicted ROAS is 12.26 and predicted profit is ₹10836.19. Signals are within acceptable range. Maintain current budget.
2026-09-27,UB-KIT-FULLKIT,Brew Starter Kit,Gifts,Full kit,Image,1945.86,10.786,25,7.2,799,25.82,3.676,11.134,3.587,3.846,52,12.132227578783949,23607.616356452534,10330.100505355316,STRONG,86.0,INCREASE_BUDGET,15,1945.86,2237.74,90,Predicted ROAS is 12.13 with predicted profit of ₹10330.1. Sales growth is 7.2%. Inventory is sufficient. Scale budget.
2026-09-28,UB-KIT-FULLKIT,Brew Starter Kit,Gifts,Full kit,Image,1504.23,10.826,18,11.04,1361,61.89,3.159,17.556,2.889,5.128,52,13.874156766104267,20869.92283227702,9348.129872784051,STRONG,89.53,RETARGET,0,1504.23,1504.23,90,High add-to-cart activity but weak purchase conversion. Retarget high-intent users.
2026-09-01,UB-ARABICA-250G,Arabica Whole Beans,Coffee,250 g,Video,1648.05,16.965,90,13.92,4779,46.45,6.48,16.552,6.982,5.208,31,15.478600799145307,25509.50804703142,6259.89749457974,STRONG,90.2,INCREASE_BUDGET,15,1648.05,1895.26,90,Predicted ROAS is 15.48 with predicted profit of ₹6259.9. Sales growth is 13.9%. Inventory is sufficient. Scale budget.
2026-09-02,UB-ARABICA-250G,Arabica Whole Beans,Coffee,250 g,Influencer Video,1664.8,19.544,119,-0.23,6317,43.15,6.134,17.052,5.566,5.512,31,10.788762050809215,17961.13106218718,3903.150629278027,STRONG,83.48,MAINTAIN,0,1664.8,1664.8,90,Predicted ROAS is 10.79 and predicted profit is ₹3903.15. Signals are within acceptable range. Maintain current budget.
2026-09-03,UB-ARABICA-250G,Arabica Whole Beans,Coffee,250 g,Video,1674.61,10.059,66,14.24,3684,46.57,5.416,16.342,5.744,0.0,31,13.136276072536628,21998.139273830562,5144.813174887475,STRONG,89.08,INCREASE_BUDGET,15,1674.61,1925.8,90,Predicted ROAS is 13.14 with predicted profit of ₹5144.81. Sales growth is 14.2%. Inventory is sufficient. Scale budget.
2026-09-04,UB-ARABICA-250G,Arabica Whole Beans,Coffee,250 g,Image,1837.42,15.157,93,-0.59,4553,43.66,5.007,18.028,7.648,1.053,31,10.43651755018483,19176.26607706061,4107.222483888789,STRONG,85.43,MAINTAIN,0,1837.42,1837.42,90,Predicted ROAS is 10.44 and predicted profit is ₹4107.22. Signals are within acceptable range. Maintain current budget.
2026-09-05,UB-ARABICA-250G,Arabica Whole Beans,Coffee,250 g,Video,2361.74,10.548,84,11.6,3900,43.79,7.057,17.119,5.734,4.545,31,8.955008174008325,21149.40100488242,4194.57431151355,STRONG,84.43,INCREASE_BUDGET,15,2361.74,2716.0,90,Predicted ROAS is 8.96 with predicted profit of ₹4194.57. Sales growth is 11.6%. Inventory is sufficient. Scale budget.
2026-09-06,UB-ARABICA-250G,Arabica Whole Beans,Coffee,250 g,Image,2118.7,6.946,42,-5.83,2267,47.95,5.669,13.759,3.223,2.326,31,7.480254634427018,15848.415493960521,2794.308803127762,STRONG,70.22,MAINTAIN,0,2118.7,2118.7,75,Predicted ROAS is 7.48 and predicted profit is ₹2794.31. Signals are within acceptable range. Maintain current budget.
2026-09-07,UB-ARABICA-250G,Arabica Whole Beans,Coffee,250 g,Carousel,2246.35,6.646,48,5.51,2911,44.42,4.64,12.487,4.11,4.0,31,10.28346659446509,23100.26518447665,4914.7322071877625,STRONG,84.18,INCREASE_BUDGET,15,2246.35,2583.3,90,Predicted ROAS is 10.28 with predicted profit of ₹4914.73. Sales growth is 5.5%. Inventory is sufficient. Scale budget.
2026-09-08,UB-ARABICA-250G,Arabica Whole Beans,Coffee,250 g,Video,2023.57,12.777,90,14.9,5182,40.66,6.474,18.012,6.803,5.208,31,12.00151784325396,24285.911462073418,5505.062553242759,STRONG,90.39,INCREASE_BUDGET,15,2023.57,2327.11,90,Predicted ROAS is 12.0 with predicted profit of ₹5505.06. Sales growth is 14.9%. Inventory is sufficient. Scale budget.
2026-09-09,UB-ARABICA-250G,Arabica Whole Beans,Coffee,250 g,Image,1689.53,13.027,85,11.61,4402,40.3,5.171,18.552,5.228,6.452,31,10.022391019664427,16933.130299453638,3559.7403928306285,STRONG,87.58,INCREASE_BUDGET,15,1689.53,1942.96,90,Predicted ROAS is 10.02 with predicted profit of ₹3559.74. Sales growth is 11.6%. Inventory is sufficient. Scale budget.
2026-09-10,UB-ARABICA-250G,Arabica Whole Beans,Coffee,250 g,Video,2255.12,8.967,62,-8.68,3334,40.17,5.856,11.812,3.412,5.97,31,9.649910221275123,21761.705538201953,4491.008716842605,STRONG,76.93,MAINTAIN,0,2255.12,2255.12,90,Predicted ROAS is 9.65 and predicted profit is ₹4491.01. Signals are within acceptable range. Maintain current budget.
2026-09-11,UB-ARABICA-250G,Arabica Whole Beans,Coffee,250 g,Image,2129.76,10.532,83,0.31,3801,39.2,4.106,17.427,6.608,2.326,31,11.064628303961161,23565.002776644324,5175.3908607597405,STRONG,84.72,INCREASE_BUDGET,15,2129.76,2449.22,90,Predicted ROAS is 11.06 with predicted profit of ₹5175.39. Sales growth is 0.3%. Inventory is sufficient. Scale budget.
2026-09-12,UB-ARABICA-250G,Arabica Whole Beans,Coffee,250 g,Carousel,2076.92,12.423,99,6.01,4590,38.24,4.856,21.705,7.279,3.81,31,8.284087611295018,17205.38724165085,3256.7500449117633,STRONG,81.53,INCREASE_BUDGET,15,2076.92,2388.46,90,Predicted ROAS is 8.28 with predicted profit of ₹3256.75. Sales growth is 6.0%. Inventory is sufficient. Scale budget.
2026-09-13,UB-ARABICA-250G,Arabica Whole Beans,Coffee,250 g,Influencer Video,2621.65,6.704,67,8.98,3193,38.18,4.347,17.952,7.212,2.899,31,7.148291833939476,18740.31928644743,3187.8489787987023,STRONG,78.6,MAINTAIN,0,2621.65,2621.65,75,Predicted ROAS is 7.15 and predicted profit is ₹3187.85. Signals are within acceptable range. Maintain current budget.
2026-09-14,UB-ARABICA-250G,Arabica Whole Beans,Coffee,250 g,Influencer Video,1913.3,6.781,50,7.39,2122,38.17,5.875,9.879,2.555,8.929,31,8.727209447381805,16697.76983567561,3263.0086490594385,STRONG,78.87,RETARGET,0,1913.3,1913.3,90,High add-to-cart activity but weak purchase conversion. Retarget high-intent users.
2026-09-15,UB-ARABICA-250G,Arabica Whole Beans,Coffee,250 g,Image,1676.89,7.882,48,1.31,2054,38.17,5.496,17.989,3.077,3.922,31,7.047548987051804,11817.9644208973,1986.678970478163,STRONG,71.23,MAINTAIN,0,1676.89,1676.89,75,Predicted ROAS is 7.05 and predicted profit is ₹1986.68. Signals are within acceptable range. Maintain current budget.
2026-09-16,UB-ARABICA-250G,Arabica Whole Beans,Coffee,250 g,Image,1931.16,6.39,48,9.72,2254,38.18,6.57,17.792,4.428,7.547,31,8.88690876082124,17162.042722547547,3389.07324398974,STRONG,82.18,INCREASE_BUDGET,15,1931.16,2220.83,90,Predicted ROAS is 8.89 with predicted profit of ₹3389.07. Sales growth is 9.7%. Inventory is sufficient. Scale budget.
2026-09-17,UB-ARABICA-250G,Arabica Whole Beans,Coffee,250 g,Image,1552.62,9.617,53,3.75,2404,38.18,4.134,13.38,4.387,1.818,31,7.04161083410198,10932.945813243416,1836.593202105459,STRONG,73.44,MAINTAIN,0,1552.62,1552.62,75,Predicted ROAS is 7.04 and predicted profit is ₹1836.59. Signals are within acceptable range. Maintain current budget.
2026-09-18,UB-ARABICA-250G,Arabica Whole Beans,Coffee,250 g,Video,2261.53,5.757,51,2.18,2169,38.19,6.045,18.959,4.615,8.621,31,6.814121643219051,15410.34051978918,2515.6755611346457,STRONG,72.28,MAINTAIN,0,2261.53,2261.53,75,Predicted ROAS is 6.81 and predicted profit is ₹2515.68. Signals are within acceptable range. Maintain current budget.
2026-09-19,UB-ARABICA-250G,Arabica Whole Beans,Coffee,250 g,Carousel,2432.05,5.609,38,11.61,1826,38.18,4.842,12.015,3.262,4.878,31,6.494731898418265,15795.512713548142,2464.5589411999235,STRONG,73.35,MAINTAIN,0,2432.05,2432.05,75,Predicted ROAS is 6.49 and predicted profit is ₹2464.56. Signals are within acceptable range. Maintain current budget.
2026-09-20,UB-ARABICA-250G,Arabica Whole Beans,Coffee,250 g,Video,2055.17,5.322,41,7.35,1868,38.17,4.802,11.656,2.778,4.545,31,10.883552250812919,22367.550079303186,4878.770524583987,STRONG,83.53,RETARGET,0,2055.17,2055.17,90,High add-to-cart activity but weak purchase conversion. Retarget high-intent users.
2026-09-21,UB-ARABICA-250G,Arabica Whole Beans,Coffee,250 g,Influencer Video,2050.53,15.607,116,3.47,5855,38.18,5.393,18.845,5.751,5.556,31,9.498044605820112,19476.025405572316,3987.037875727418,STRONG,83.3,INCREASE_BUDGET,15,2050.53,2358.11,90,Predicted ROAS is 9.5 with predicted profit of ₹3987.04. Sales growth is 3.5%. Inventory is sufficient. Scale budget.
2026-09-22,UB-ARABICA-250G,Arabica Whole Beans,Coffee,250 g,Video,1976.71,9.101,49,11.78,2281,38.18,4.785,13.25,3.393,7.407,31,7.749940500407783,15319.384886561069,2772.299314833931,STRONG,77.94,MAINTAIN,0,1976.71,1976.71,75,Predicted ROAS is 7.75 and predicted profit is ₹2772.3. Signals are within acceptable range. Maintain current budget.
2026-09-23,UB-ARABICA-250G,Arabica Whole Beans,Coffee,250 g,Image,1637.25,10.213,63,7.68,2862,38.18,4.546,13.588,4.519,1.538,31,10.958659002689807,17942.064452153885,3924.789980167705,STRONG,85.4,INCREASE_BUDGET,15,1637.25,1882.84,90,Predicted ROAS is 10.96 with predicted profit of ₹3924.79. Sales growth is 7.7%. Inventory is sufficient. Scale budget.
2026-09-24,UB-ARABICA-250G,Arabica Whole Beans,Coffee,250 g,Video,2095.68,10.35,79,5.24,3718,38.18,5.799,17.245,6.345,4.762,31,9.308466696408317,19507.56748632898,3951.6659207619837,STRONG,83.89,INCREASE_BUDGET,15,2095.68,2410.03,90,Predicted ROAS is 9.31 with predicted profit of ₹3951.67. Sales growth is 5.2%. Inventory is sufficient. Scale budget.
2026-09-25,UB-ARABICA-250G,Arabica Whole Beans,Coffee,250 g,Carousel,2145.16,6.382,54,2.99,2480,38.18,4.918,15.061,5.378,3.509,31,8.196430109749125,17582.654014229433,3305.4627444111247,STRONG,78.19,INCREASE_BUDGET,15,2145.16,2466.93,90,Predicted ROAS is 8.2 with predicted profit of ₹3305.46. Sales growth is 3.0%. Inventory is sufficient. Scale budget.
2026-09-26,UB-ARABICA-250G,Arabica Whole Beans,Coffee,250 g,Influencer Video,2197.02,12.038,91,13.45,4006,38.17,4.707,20.197,5.913,6.931,31,10.138387949485697,22274.241092779066,4707.99473876151,STRONG,88.96,INCREASE_BUDGET,15,2197.02,2526.57,90,Predicted ROAS is 10.14 with predicted profit of ₹4707.99. Sales growth is 13.4%. Inventory is sufficient. Scale budget.
2026-09-27,UB-ARABICA-250G,Arabica Whole Beans,Coffee,250 g,Influencer Video,2057.21,9.32,58,-11.45,3599,52.59,5.655,18.039,7.37,3.279,31,8.618839533493437,17730.762876698034,3439.326491776391,STRONG,76.24,MAINTAIN,0,2057.21,2057.21,90,Predicted ROAS is 8.62 and predicted profit is ₹3439.33. Signals are within acceptable range. Maintain current budget.
2026-09-28,UB-ARABICA-250G,Arabica Whole Beans,Coffee,250 g,Image,1980.62,9.658,69,0.63,4342,48.6,4.09,16.093,4.618,6.579,31,9.571254871336999,18957.018823267485,3896.055835212921,STRONG,81.35,INCREASE_BUDGET,15,1980.62,2277.71,90,Predicted ROAS is 9.57 with predicted profit of ₹3896.06. Sales growth is 0.6%. Inventory is sufficient. Scale budget.
2026-09-01,UB-ARABICA-500G,Arabica Whole Beans,Coffee,500 g,Image,832.22,14.605,41,7.88,844,18.54,5.112,9.948,3.547,6.977,46,20.679690149701564,17210.051736384637,7084.403798736933,STRONG,81.36,INCREASE_BUDGET,15,832.22,957.05,90,Predicted ROAS is 20.68 with predicted profit of ₹7084.4. Sales growth is 7.9%. Inventory is sufficient. Scale budget.
2026-09-02,UB-ARABICA-500G,Arabica Whole Beans,Coffee,500 g,Video,890.86,21.37,66,-2.06,794,9.39,5.108,12.185,4.394,4.412,46,11.628825688486305,10359.655652844911,3874.581600308659,HEALTHY,72.38,MAINTAIN,0,890.86,890.86,80,Predicted ROAS is 11.63 and predicted profit is ₹3874.58. Signals are within acceptable range. Maintain current budget.
2026-09-03,UB-ARABICA-500G,Arabica Whole Beans,Coffee,500 g,Video,1192.04,9.311,29,0.9,769,24.11,3.935,15.161,3.219,12.121,46,10.949641136783617,13052.410220691543,4812.068701518109,STRONG,82.13,FIX_PAYMENT,0,1192.04,1192.04,90,Payment failure rate is 12.1%. Fix payment issues before increasing spend.
2026-09-04,UB-ARABICA-500G,Arabica Whole Beans,Coffee,500 g,Carousel,1204.58,10.335,21,2.24,743,32.59,5.452,8.564,1.173,4.545,46,22.357145813071185,26930.970703509287,11183.666523614273,STRONG,84.51,RETARGET,0,1204.58,1204.58,90,High add-to-cart activity but weak purchase conversion. Retarget high-intent users.
2026-09-05,UB-ARABICA-500G,Arabica Whole Beans,Coffee,500 g,Video,868.61,29.277,91,10.35,674,5.99,5.446,16.007,5.485,1.075,46,13.418542941349951,11655.48058428598,4492.911068771552,LOW,75.86,MAINTAIN,0,868.61,868.61,80,Predicted ROAS is 13.42 and predicted profit is ₹4492.91. Signals are within acceptable range. Maintain current budget.
2026-09-06,UB-ARABICA-500G,Arabica Whole Beans,Coffee,500 g,Influencer Video,928.8,13.205,43,15.27,634,11.45,5.185,17.81,4.357,6.522,46,20.256298203891923,18814.04977177482,7725.662895016417,HEALTHY,80.22,INCREASE_BUDGET,15,928.8,1068.12,80,Predicted ROAS is 20.26 with predicted profit of ₹7725.66. Sales growth is 15.3%. Inventory is sufficient. Scale budget.
2026-09-07,UB-ARABICA-500G,Arabica Whole Beans,Coffee,500 g,Video,1056.48,20.685,63,16.92,586,8.51,4.601,13.652,4.197,7.246,46,23.172995516955282,24481.806303752917,10205.15089972634,HEALTHY,78.72,INCREASE_BUDGET,15,1056.48,1214.95,80,Predicted ROAS is 23.17 with predicted profit of ₹10205.15. Sales growth is 16.9%. Inventory is sufficient. Scale budget.
2026-09-08,UB-ARABICA-500G,Arabica Whole Beans,Coffee,500 g,Image,1012.53,28.515,91,2.15,517,4.24,5.322,12.967,4.82,4.902,46,12.063930278309794,12215.091324697016,4606.412009360628,LOW,70.95,MAINTAIN,0,1012.53,1012.53,80,Predicted ROAS is 12.06 and predicted profit is ₹4606.41. Signals are within acceptable range. Maintain current budget.
2026-09-09,UB-ARABICA-500G,Arabica Whole Beans,Coffee,500 g,Video,921.88,7.503,24,0.66,495,18.09,4.49,7.204,2.561,0.0,46,14.79160900499038,13636.088509520532,5350.720714379444,STRONG,77.37,CHANGE_CREATIVE,0,921.88,921.88,90,CTR is strong but purchase conversion is weak. Test new creatives or landing-page messaging.
2026-09-10,UB-ARABICA-500G,Arabica Whole Beans,Coffee,500 g,Video,1039.42,16.073,58,-7.71,457,6.39,4.675,12.568,4.394,1.613,46,13.449087043868303,13979.250055137592,5391.035025363292,LOW,68.26,MAINTAIN,0,1039.42,1039.42,65,Predicted ROAS is 13.45 and predicted profit is ₹5391.04. Signals are within acceptable range. Maintain current budget.
2026-09-11,UB-ARABICA-500G,Arabica Whole Beans,Coffee,500 g,Image,964.01,11.211,40,1.44,413,8.21,4.666,11.415,2.495,2.439,46,18.488882028790382,17823.467164574216,7234.784895704139,HEALTHY,71.01,RETARGET,0,964.01,964.01,80,High add-to-cart activity but weak purchase conversion. Retarget high-intent users.
2026-09-12,UB-ARABICA-500G,Arabica Whole Beans,Coffee,500 g,Influencer Video,983.68,17.996,65,3.01,362,4.35,5.65,12.03,2.936,5.714,46,13.202603207001465,12987.136722663201,4990.4028924250715,LOW,69.46,RETARGET,0,983.68,983.68,65,High add-to-cart activity but weak purchase conversion. Retarget high-intent users.
2026-09-13,UB-ARABICA-500G,Arabica Whole Beans,Coffee,500 g,Influencer Video,1034.64,9.543,29,13.41,338,11.2,4.719,11.919,3.046,3.333,46,12.67554110223019,13114.621846011445,4998.086049165265,HEALTHY,78.04,INCREASE_BUDGET,15,1034.64,1189.84,80,Predicted ROAS is 12.68 with predicted profit of ₹4998.09. Sales growth is 13.4%. Inventory is sufficient. Scale budget.
2026-09-14,UB-ARABICA-500G,Arabica Whole Beans,Coffee,500 g,Image,1253.52,12.853,58,12.48,294,3.67,4.694,11.053,3.828,4.918,46,23.621008668726216,29609.406786421685,12366.807121753975,LOW,73.45,MAINTAIN,0,1253.52,1253.52,80,Predicted ROAS is 23.62 and predicted profit is ₹12366.81. Signals are within acceptable range. Maintain current budget.
2026-09-15,UB-ARABICA-500G,Arabica Whole Beans,Coffee,500 g,Video,762.78,25.852,67,9.56,240,2.81,6.258,16.517,3.131,10.667,46,15.817875507565423,12065.559079660754,4787.377176643947,CRITICAL,71.09,PROTECT_INVENTORY,0,762.78,762.78,60,Inventory is critical with 2.8 days remaining. Protect stock before scaling ads.
2026-09-16,UB-ARABICA-500G,Arabica Whole Beans,Coffee,500 g,Carousel,834.19,14.779,44,14.08,199,3.84,4.872,12.003,3.537,6.383,46,27.041514484811486,22557.760968084895,9542.38004531905,LOW,73.88,MAINTAIN,0,834.19,834.19,80,Predicted ROAS is 27.04 and predicted profit is ₹9542.38. Signals are within acceptable range. Maintain current budget.
2026-09-17,UB-ARABICA-500G,Arabica Whole Beans,Coffee,500 g,Video,761.02,34.194,95,16.47,122,1.15,4.865,13.1,4.694,6.931,46,19.572407819327726,14894.993798664786,6090.6771473858025,CRITICAL,74.14,PROTECT_INVENTORY,0,761.02,761.02,60,Inventory is critical with 1.1 days remaining. Protect stock before scaling ads.
2026-09-18,UB-ARABICA-500G,Arabica Whole Beans,Coffee,500 g,Video,1024.0,19.692,74,3.67,49,0.63,4.373,16.821,4.83,3.846,46,17.548629578106006,17969.79668798055,7242.106476471054,CRITICAL,69.13,PROTECT_INVENTORY,0,1024.0,1024.0,45,Inventory is critical with 0.6 days remaining. Protect stock before scaling ads.
2026-09-19,UB-ARABICA-500G,Arabica Whole Beans,Coffee,500 g,Influencer Video,1124.66,19.691,77,10.22,0,0.0,5.327,14.596,4.867,3.75,46,13.980894807991245,15723.753154755434,6108.266451187499,CRITICAL,71.2,PROTECT_INVENTORY,0,1124.66,1124.66,60,Inventory is critical with 0.0 days remaining. Protect stock before scaling ads.
2026-09-20,UB-ARABICA-500G,Arabica Whole Beans,Coffee,500 g,Influencer Video,1105.57,12.351,51,14.8,0,0.0,5.923,11.647,3.423,1.887,46,23.85433021957672,26372.631860857433,11025.84065599442,CRITICAL,71.47,PROTECT_INVENTORY,0,1105.57,1105.57,60,Inventory is critical with 0.0 days remaining. Protect stock before scaling ads.
2026-09-21,UB-ARABICA-500G,Arabica Whole Beans,Coffee,500 g,Video,1025.88,27.585,82,10.79,0,0.0,4.737,10.274,4.801,5.747,46,20.4592000834536,20988.68418161338,8628.914723542155,CRITICAL,71.35,PROTECT_INVENTORY,0,1025.88,1025.88,60,Inventory is critical with 0.0 days remaining. Protect stock before scaling ads.
2026-09-22,UB-ARABICA-500G,Arabica Whole Beans,Coffee,500 g,Image,1056.74,22.191,86,13.06,0,0.0,6.674,15.516,4.117,5.435,46,18.192649083805204,19224.899992820312,7786.713996697343,CRITICAL,71.51,PROTECT_INVENTORY,0,1056.74,1056.74,60,Inventory is critical with 0.0 days remaining. Protect stock before scaling ads.
2026-09-23,UB-ARABICA-500G,Arabica Whole Beans,Coffee,500 g,Influencer Video,866.05,12.794,40,5.26,0,0.0,5.1,8.292,2.147,0.0,46,20.572093812748875,17816.46184653116,7329.522449404333,CRITICAL,66.62,PROTECT_INVENTORY,0,866.05,866.05,45,Inventory is critical with 0.0 days remaining. Protect stock before scaling ads.
2026-09-24,UB-ARABICA-500G,Arabica Whole Beans,Coffee,500 g,Image,897.93,19.228,59,-17.0,1078,13.27,3.909,18.2,4.245,6.849,46,15.928273254757169,14302.474403644104,5681.208225676288,HEALTHY,69.22,MAINTAIN,0,897.93,897.93,65,Predicted ROAS is 15.93 and predicted profit is ₹5681.21. Signals are within acceptable range. Maintain current budget.
2026-09-25,UB-ARABICA-500G,Arabica Whole Beans,Coffee,500 g,Video,884.98,17.276,57,9.69,1033,15.27,4.799,12.381,4.142,10.938,46,17.721610055223117,15683.270466671354,6329.324414668823,STRONG,80.46,FIX_PAYMENT,0,884.98,884.98,90,Payment failure rate is 10.9%. Fix payment issues before increasing spend.
2026-09-26,UB-ARABICA-500G,Arabica Whole Beans,Coffee,500 g,Video,721.82,25.526,68,-1.11,970,12.28,4.616,11.728,4.686,6.849,46,15.292480048394783,11038.417948532322,4355.852256324868,HEALTHY,74.96,MAINTAIN,0,721.82,721.82,80,Predicted ROAS is 15.29 and predicted profit is ₹4355.85. Signals are within acceptable range. Maintain current budget.
2026-09-27,UB-ARABICA-500G,Arabica Whole Beans,Coffee,500 g,Image,806.28,24.636,70,5.23,916,9.66,4.234,14.722,5.882,1.408,46,18.01756225918358,14527.200098334537,5876.232045233886,HEALTHY,76.78,INCREASE_BUDGET,15,806.28,927.22,80,Predicted ROAS is 18.02 with predicted profit of ₹5876.23. Sales growth is 5.2%. Inventory is sufficient. Scale budget.
2026-09-28,UB-ARABICA-500G,Arabica Whole Beans,Coffee,500 g,Influencer Video,918.67,20.157,47,4.79,877,14.74,4.871,10.911,3.129,6.122,46,16.714997526890322,15355.566778028331,6144.890717893032,HEALTHY,77.25,INCREASE_BUDGET,15,918.67,1056.47,80,Predicted ROAS is 16.71 with predicted profit of ₹6144.89. Sales growth is 4.8%. Inventory is sufficient. Scale budget.
2026-09-01,UB-FILTER-250G,South Indian Filter Coffee,Coffee,250 g,Influencer Video,811.23,27.87,104,3.84,3541,29.63,4.865,26.249,7.407,2.778,45,19.043228703611735,15448.438421230949,6140.5672895539265,STRONG,91.1,INCREASE_BUDGET,15,811.23,932.91,90,Predicted ROAS is 19.04 with predicted profit of ₹6140.57. Sales growth is 3.8%. Inventory is sufficient. Scale budget.
2026-09-02,UB-FILTER-250G,South Indian Filter Coffee,Coffee,250 g,Video,856.03,24.408,83,16.99,3091,29.51,4.613,16.622,6.587,2.326,45,14.506457732636328,12417.963012868675,4732.053355790904,STRONG,95.13,INCREASE_BUDGET,15,856.03,984.43,90,Predicted ROAS is 14.51 with predicted profit of ₹4732.05. Sales growth is 17.0%. Inventory is sufficient. Scale budget.
2026-09-03,UB-FILTER-250G,South Indian Filter Coffee,Coffee,250 g,Video,867.07,13.024,40,5.61,1443,29.52,4.717,18.916,3.518,4.651,45,15.503962479021833,13443.020746685463,5182.289336008459,STRONG,87.8,INCREASE_BUDGET,15,867.07,997.13,90,Predicted ROAS is 15.5 with predicted profit of ₹5182.29. Sales growth is 5.6%. Inventory is sufficient. Scale budget.
2026-09-04,UB-FILTER-250G,South Indian Filter Coffee,Coffee,250 g,Video,941.63,15.846,66,-0.77,4149,45.35,4.968,21.095,5.641,4.225,45,15.009894052336557,14133.766536501673,5418.564941425753,STRONG,87.85,MAINTAIN,0,941.63,941.63,90,Predicted ROAS is 15.01 and predicted profit is ₹5418.56. Signals are within acceptable range. Maintain current budget.
2026-09-05,UB-FILTER-250G,South Indian Filter Coffee,Coffee,250 g,Video,791.2,15.494,52,3.39,3366,50.54,5.174,27.16,7.027,3.571,45,20.09702813053934,15900.768656882727,6364.1458955972275,STRONG,90.8,INCREASE_BUDGET,15,791.2,909.88,90,Predicted ROAS is 20.1 with predicted profit of ₹6364.15. Sales growth is 3.4%. Inventory is sufficient. Scale budget.
2026-09-06,UB-FILTER-250G,South Indian Filter Coffee,Coffee,250 g,Video,875.35,20.452,69,6.59,3924,44.65,4.414,23.333,6.377,1.408,45,9.914314366423552,8678.495080648856,3029.972786291985,STRONG,91.05,INCREASE_BUDGET,15,875.35,1006.65,90,Predicted ROAS is 9.91 with predicted profit of ₹3029.97. Sales growth is 6.6%. Inventory is sufficient. Scale budget.
2026-09-07,UB-FILTER-250G,South Indian Filter Coffee,Coffee,250 g,Video,1225.53,5.348,24,0.88,2154,74.92,4.869,12.938,2.337,3.846,45,14.959039306437553,18332.751441218414,7024.208148548286,STRONG,85.17,RETARGET,0,1225.53,1225.53,90,High add-to-cart activity but weak purchase conversion. Retarget high-intent users.
2026-09-08,UB-FILTER-250G,South Indian Filter Coffee,Coffee,250 g,Image,819.31,21.11,76,12.26,3649,44.52,4.439,20.955,6.307,3.704,45,15.427598834836475,12639.98600136987,4868.683700616442,STRONG,93.4,INCREASE_BUDGET,15,819.31,942.21,90,Predicted ROAS is 15.43 with predicted profit of ₹4868.68. Sales growth is 12.3%. Inventory is sufficient. Scale budget.
2026-09-09,UB-FILTER-250G,South Indian Filter Coffee,Coffee,250 g,Carousel,814.32,13.237,45,-5.08,2789,51.17,4.262,15.601,4.043,4.167,45,18.594435571633422,15141.820774692529,5999.499348611639,STRONG,84.64,MAINTAIN,0,814.32,814.32,90,Predicted ROAS is 18.59 and predicted profit is ₹5999.5. Signals are within acceptable range. Maintain current budget.
2026-09-10,UB-FILTER-250G,South Indian Filter Coffee,Coffee,250 g,Video,700.31,19.657,61,15.8,3165,45.72,4.41,20.69,7.635,4.615,45,18.00037436219865,12605.842169591335,4972.318976316101,STRONG,96.06,INCREASE_BUDGET,15,700.31,805.36,90,Predicted ROAS is 18.0 with predicted profit of ₹4972.32. Sales growth is 15.8%. Inventory is sufficient. Scale budget.
2026-09-11,UB-FILTER-250G,South Indian Filter Coffee,Coffee,250 g,Video,772.26,17.895,58,8.7,3309,43.38,6.035,19.085,3.823,4.762,45,17.96947809671446,13877.10915496871,5472.439119735919,STRONG,89.59,INCREASE_BUDGET,15,772.26,888.1,90,Predicted ROAS is 17.97 with predicted profit of ₹5472.44. Sales growth is 8.7%. Inventory is sufficient. Scale budget.
2026-09-12,UB-FILTER-250G,South Indian Filter Coffee,Coffee,250 g,Image,903.0,20.043,72,-3.24,3562,40.65,5.454,15.907,4.595,2.667,45,13.634264055654171,12311.740442255716,4637.283199015073,STRONG,85.88,MAINTAIN,0,903.0,903.0,90,Predicted ROAS is 13.63 and predicted profit is ₹4637.28. Signals are within acceptable range. Maintain current budget.
2026-09-13,UB-FILTER-250G,South Indian Filter Coffee,Coffee,250 g,Influencer Video,976.05,13.669,48,-0.64,2877,43.22,4.242,18.665,4.848,5.769,45,13.238129805841707,12921.076596991797,4838.434468646309,STRONG,87.11,MAINTAIN,0,976.05,976.05,90,Predicted ROAS is 13.24 and predicted profit is ₹4838.43. Signals are within acceptable range. Maintain current budget.
2026-09-14,UB-FILTER-250G,South Indian Filter Coffee,Coffee,250 g,Image,709.45,12.366,39,2.7,2362,46.82,3.406,19.022,6.478,4.762,45,19.45024353874688,13798.975278563974,5500.088875353788,STRONG,89.99,INCREASE_BUDGET,15,709.45,815.87,90,Predicted ROAS is 19.45 with predicted profit of ₹5500.09. Sales growth is 2.7%. Inventory is sufficient. Scale budget.
2026-09-15,UB-FILTER-250G,South Indian Filter Coffee,Coffee,250 g,Carousel,774.9,20.465,67,3.87,3379,38.69,3.552,19.568,5.276,4.167,45,19.71603117079846,15277.952554251726,6100.1786494132775,STRONG,89.23,INCREASE_BUDGET,15,774.9,891.13,90,Predicted ROAS is 19.72 with predicted profit of ₹6100.18. Sales growth is 3.9%. Inventory is sufficient. Scale budget.
2026-09-16,UB-FILTER-250G,South Indian Filter Coffee,Coffee,250 g,Influencer Video,767.23,23.314,80,7.05,3654,36.74,4.067,21.584,7.373,5.747,45,15.426585752841152,11835.739387152318,4558.852724218543,STRONG,92.52,INCREASE_BUDGET,15,767.23,882.31,90,Predicted ROAS is 15.43 with predicted profit of ₹4558.85. Sales growth is 7.0%. Inventory is sufficient. Scale budget.
2026-09-17,UB-FILTER-250G,South Indian Filter Coffee,Coffee,250 g,Influencer Video,945.57,14.262,60,14.4,2852,38.31,3.728,20.264,6.78,4.615,45,13.125107648618757,12410.708039304438,4639.248617686997,STRONG,94.68,INCREASE_BUDGET,15,945.57,1087.41,90,Predicted ROAS is 13.13 with predicted profit of ₹4639.25. Sales growth is 14.4%. Inventory is sufficient. Scale budget.
2026-09-18,UB-FILTER-250G,South Indian Filter Coffee,Coffee,250 g,Image,969.89,11.47,40,-1.07,2131,41.45,4.008,17.362,5.057,2.439,45,17.244283882809953,16725.058495098543,6556.386322794345,STRONG,87.16,MAINTAIN,0,969.89,969.89,90,Predicted ROAS is 17.24 and predicted profit is ₹6556.39. Signals are within acceptable range. Maintain current budget.
2026-09-19,UB-FILTER-250G,South Indian Filter Coffee,Coffee,250 g,Video,548.93,18.797,46,9.99,2351,38.95,3.933,17.834,4.925,9.434,45,13.283377737287278,7291.644541329105,2732.3100435980978,STRONG,91.17,INCREASE_BUDGET,15,548.93,631.27,90,Predicted ROAS is 13.28 with predicted profit of ₹2732.31. Sales growth is 10.0%. Inventory is sufficient. Scale budget.
2026-09-20,UB-FILTER-250G,South Indian Filter Coffee,Coffee,250 g,Video,1174.89,11.367,58,2.02,2477,37.17,4.383,22.861,6.636,1.471,45,13.409333846865374,15754.49224334366,5914.6315095046475,STRONG,89.89,INCREASE_BUDGET,15,1174.89,1351.12,90,Predicted ROAS is 13.41 with predicted profit of ₹5914.63. Sales growth is 2.0%. Inventory is sufficient. Scale budget.
2026-09-21,UB-FILTER-250G,South Indian Filter Coffee,Coffee,250 g,Image,829.96,12.931,45,3.45,2149,37.62,3.663,16.981,4.403,4.167,45,15.690769404627774,13022.710975064869,5030.259938779191,STRONG,88.2,INCREASE_BUDGET,15,829.96,954.45,90,Predicted ROAS is 15.69 with predicted profit of ₹5030.26. Sales growth is 3.5%. Inventory is sufficient. Scale budget.
2026-09-22,UB-FILTER-250G,South Indian Filter Coffee,Coffee,250 g,Video,718.36,14.378,46,7.38,2427,35.6,3.527,22.069,6.97,2.128,45,16.29983095836973,11709.146567254478,4550.755955264515,STRONG,92.24,INCREASE_BUDGET,15,718.36,826.11,90,Predicted ROAS is 16.3 with predicted profit of ₹4550.76. Sales growth is 7.4%. Inventory is sufficient. Scale budget.
2026-09-23,UB-FILTER-250G,South Indian Filter Coffee,Coffee,250 g,Video,797.2,17.727,65,5.03,2676,33.99,4.259,19.081,6.379,2.941,45,16.03058672895623,12779.583740323907,4953.61268314576,STRONG,90.77,INCREASE_BUDGET,15,797.2,916.78,90,Predicted ROAS is 16.03 with predicted profit of ₹4953.61. Sales growth is 5.0%. Inventory is sufficient. Scale budget.
2026-09-24,UB-FILTER-250G,South Indian Filter Coffee,Coffee,250 g,Influencer Video,839.96,8.713,33,7.74,1476,37.44,4.116,12.877,3.599,5.714,45,11.53966885037246,9692.860247558852,3521.8271114014833,STRONG,89.0,INCREASE_BUDGET,15,839.96,965.95,90,Predicted ROAS is 11.54 with predicted profit of ₹3521.83. Sales growth is 7.7%. Inventory is sufficient. Scale budget.
2026-09-25,UB-FILTER-250G,South Indian Filter Coffee,Coffee,250 g,Video,829.59,7.964,29,-3.66,1265,37.91,3.693,15.722,3.872,0.0,45,12.032057583333339,9981.674650557505,3662.163592750877,STRONG,85.0,MAINTAIN,0,829.59,829.59,90,Predicted ROAS is 12.03 and predicted profit is ₹3662.16. Signals are within acceptable range. Maintain current budget.
2026-09-26,UB-FILTER-250G,South Indian Filter Coffee,Coffee,250 g,Video,710.02,18.516,55,14.43,1977,33.43,4.172,22.907,6.699,5.0,45,17.201668833555324,12213.52890520095,4786.068007340427,STRONG,94.61,INCREASE_BUDGET,15,710.02,816.52,90,Predicted ROAS is 17.2 with predicted profit of ₹4786.07. Sales growth is 14.4%. Inventory is sufficient. Scale budget.
2026-09-27,UB-FILTER-250G,South Indian Filter Coffee,Coffee,250 g,Video,645.7,13.018,36,9.16,1621,33.63,4.683,21.318,4.45,5.263,45,17.188045858756393,11098.321210999004,4348.544544949552,STRONG,90.38,INCREASE_BUDGET,15,645.7,742.56,90,Predicted ROAS is 17.19 with predicted profit of ₹4348.54. Sales growth is 9.2%. Inventory is sufficient. Scale budget.
2026-09-28,UB-FILTER-250G,South Indian Filter Coffee,Coffee,250 g,Image,836.68,20.176,73,6.34,2766,30.9,4.078,24.932,6.887,2.597,45,14.805122673357907,12387.150038345093,4737.537517255292,STRONG,91.76,INCREASE_BUDGET,15,836.68,962.18,90,Predicted ROAS is 14.81 with predicted profit of ₹4737.54. Sales growth is 6.3%. Inventory is sufficient. Scale budget.
2026-09-01,UB-FILTER-500G,South Indian Filter Coffee,Coffee,500 g,Video,1572.19,20.693,32,7.55,22,0.57,3.435,18.018,4.33,5.714,42,13.810358060707882,21712.506839464328,7547.0628725750175,CRITICAL,70.04,PROTECT_INVENTORY,0,1572.19,1572.19,60,Inventory is critical with 0.6 days remaining. Protect stock before scaling ads.
2026-09-02,UB-FILTER-500G,South Indian Filter Coffee,Coffee,500 g,Video,1457.73,11.61,18,13.22,0,0.0,4.182,13.447,2.05,5.263,42,18.753655413663303,27337.766106159408,10024.131764586953,CRITICAL,69.51,PROTECT_INVENTORY,0,1457.73,1457.73,45,Inventory is critical with 0.0 days remaining. Protect stock before scaling ads.
2026-09-03,UB-FILTER-500G,South Indian Filter Coffee,Coffee,500 g,Video,1438.87,18.944,28,-0.38,0,0.0,3.735,12.097,4.07,3.448,42,27.267465232032663,39234.337698414834,15039.55183333423,CRITICAL,66.43,PROTECT_INVENTORY,0,1438.87,1438.87,45,Inventory is critical with 0.0 days remaining. Protect stock before scaling ads.
2026-09-04,UB-FILTER-500G,South Indian Filter Coffee,Coffee,500 g,Image,1418.47,35.259,54,8.74,0,0.0,2.756,16.602,6.601,3.509,42,19.823220571140812,28118.64368354611,10391.360347089367,CRITICAL,72.38,PROTECT_INVENTORY,0,1418.47,1418.47,60,Inventory is critical with 0.0 days remaining. Protect stock before scaling ads.
2026-09-05,UB-FILTER-500G,South Indian Filter Coffee,Coffee,500 g,Video,2249.37,20.381,56,15.46,0,0.0,3.712,17.402,5.288,3.448,42,13.943371358558906,31363.801232801645,10923.42651777669,CRITICAL,73.59,PROTECT_INVENTORY,0,2249.37,2249.37,60,Inventory is critical with 0.0 days remaining. Protect stock before scaling ads.
2026-09-06,UB-FILTER-500G,South Indian Filter Coffee,Coffee,500 g,Video,1550.99,12.582,25,5.95,0,0.0,3.13,18.293,6.083,0.0,42,24.518612432539673,38028.12269674471,14420.821532632775,CRITICAL,70.81,PROTECT_INVENTORY,0,1550.99,1550.99,60,Inventory is critical with 0.0 days remaining. Protect stock before scaling ads.
2026-09-07,UB-FILTER-500G,South Indian Filter Coffee,Coffee,500 g,Image,1548.4,25.751,37,3.71,0,0.0,3.481,13.593,3.878,7.5,42,25.06883219907405,38816.57977704626,14754.56350635943,CRITICAL,67.77,PROTECT_INVENTORY,0,1548.4,1548.4,45,Inventory is critical with 0.0 days remaining. Protect stock before scaling ads.
2026-09-08,UB-FILTER-500G,South Indian Filter Coffee,Coffee,500 g,Influencer Video,1684.0,32.31,51,-2.26,0,0.0,2.708,12.939,5.357,3.774,42,14.865803718833504,25034.01346251562,8830.28565425656,CRITICAL,67.01,PROTECT_INVENTORY,0,1684.0,1684.0,45,Inventory is critical with 0.0 days remaining. Protect stock before scaling ads.
2026-09-09,UB-FILTER-500G,South Indian Filter Coffee,Coffee,500 g,Influencer Video,1813.48,13.526,31,17.6,0,0.0,3.773,9.975,3.468,3.125,42,23.087876640294894,41869.402529641986,15771.669062449633,CRITICAL,72.57,PROTECT_INVENTORY,0,1813.48,1813.48,60,Inventory is critical with 0.0 days remaining. Protect stock before scaling ads.
2026-09-10,UB-FILTER-500G,South Indian Filter Coffee,Coffee,500 g,Influencer Video,1531.88,31.355,55,16.07,0,0.0,3.501,24.374,6.222,8.197,42,15.736920444862829,24107.07369107647,8593.090950252117,CRITICAL,74.75,PROTECT_INVENTORY,0,1531.88,1531.88,60,Inventory is critical with 0.0 days remaining. Protect stock before scaling ads.
2026-09-11,UB-FILTER-500G,South Indian Filter Coffee,Coffee,500 g,Image,1708.79,12.184,21,2.93,0,0.0,2.828,13.055,4.142,4.348,42,23.60812052922077,40341.32027912716,15234.564517233408,CRITICAL,67.74,PROTECT_INVENTORY,0,1708.79,1708.79,45,Inventory is critical with 0.0 days remaining. Protect stock before scaling ads.
2026-09-12,UB-FILTER-500G,South Indian Filter Coffee,Coffee,500 g,Influencer Video,1173.23,25.755,27,-2.23,709,19.7,3.291,16.667,5.336,3.125,42,26.668071665968284,31287.78172066397,11967.638322678868,STRONG,80.13,MAINTAIN,0,1173.23,1173.23,90,Predicted ROAS is 26.67 and predicted profit is ₹11967.64. Signals are within acceptable range. Maintain current budget.
2026-09-13,UB-FILTER-500G,South Indian Filter Coffee,Coffee,500 g,Video,1299.48,32.964,50,0.36,646,9.85,3.447,21.429,5.663,3.774,42,15.014708241708723,19511.31306593565,6895.271487692973,HEALTHY,74.86,INCREASE_BUDGET,15,1299.48,1494.4,80,Predicted ROAS is 15.01 with predicted profit of ₹6895.27. Sales growth is 0.4%. Inventory is sufficient. Scale budget.
2026-09-14,UB-FILTER-500G,South Indian Filter Coffee,Coffee,500 g,Video,1906.58,13.913,28,7.62,606,17.02,3.238,9.969,4.583,6.667,42,14.361368310085512,27381.097592642833,9593.480988909989,STRONG,81.29,INCREASE_BUDGET,15,1906.58,2192.57,90,Predicted ROAS is 14.36 with predicted profit of ₹9593.48. Sales growth is 7.6%. Inventory is sufficient. Scale budget.
2026-09-15,UB-FILTER-500G,South Indian Filter Coffee,Coffee,500 g,Influencer Video,1559.45,14.095,24,-14.51,574,18.64,3.47,18.548,4.642,7.407,42,12.988492801973246,20254.90510003718,6947.6101420156165,STRONG,74.13,MAINTAIN,0,1559.45,1559.45,90,Predicted ROAS is 12.99 and predicted profit is ₹6947.61. Signals are within acceptable range. Maintain current budget.
2026-09-16,UB-FILTER-500G,South Indian Filter Coffee,Coffee,500 g,Image,1524.25,10.326,18,0.31,549,32.11,3.826,11.002,2.804,0.0,42,12.612494303086443,19224.594441479512,6550.0796654213955,STRONG,85.42,RETARGET,0,1524.25,1524.25,90,High add-to-cart activity but weak purchase conversion. Retarget high-intent users.
2026-09-17,UB-FILTER-500G,South Indian Filter Coffee,Coffee,500 g,Image,1812.78,11.312,26,4.8,522,15.4,3.78,15.252,2.978,0.0,42,16.414579484622408,29756.02139813381,10684.748987216199,STRONG,77.54,RETARGET,0,1812.78,1812.78,90,High add-to-cart activity but weak purchase conversion. Retarget high-intent users.
2026-09-18,UB-FILTER-500G,South Indian Filter Coffee,Coffee,500 g,Carousel,1941.58,18.685,36,5.69,467,10.88,3.578,12.353,4.119,2.703,42,10.764418326347032,20899.97933406887,6836.4113203089255,HEALTHY,76.01,INCREASE_BUDGET,15,1941.58,2232.82,80,Predicted ROAS is 10.76 with predicted profit of ₹6836.41. Sales growth is 5.7%. Inventory is sufficient. Scale budget.
2026-09-19,UB-FILTER-500G,South Indian Filter Coffee,Coffee,500 g,Influencer Video,1811.58,7.276,16,-4.05,450,22.88,4.678,14.356,3.285,5.882,42,13.316630526226954,24124.141528702225,8320.559442054935,STRONG,79.52,MAINTAIN,0,1811.58,1811.58,90,Predicted ROAS is 13.32 and predicted profit is ₹8320.56. Signals are within acceptable range. Maintain current budget.
2026-09-20,UB-FILTER-500G,South Indian Filter Coffee,Coffee,500 g,Influencer Video,1684.23,16.238,30,-3.58,410,11.47,3.266,13.204,4.71,6.25,42,15.98780442377737,26927.13984465856,9625.168734756595,HEALTHY,73.51,MAINTAIN,0,1684.23,1684.23,80,Predicted ROAS is 15.99 and predicted profit is ₹9625.17. Signals are within acceptable range. Maintain current budget.
2026-09-21,UB-FILTER-500G,South Indian Filter Coffee,Coffee,500 g,Video,1775.41,16.61,37,7.42,357,8.93,3.03,16.844,5.539,2.632,42,11.589195486797678,20575.573559215467,6866.330894870496,HEALTHY,76.77,INCREASE_BUDGET,15,1775.41,2041.72,80,Predicted ROAS is 11.59 with predicted profit of ₹6866.33. Sales growth is 7.4%. Inventory is sufficient. Scale budget.
2026-09-22,UB-FILTER-500G,South Indian Filter Coffee,Coffee,500 g,Video,1712.11,9.98,20,-4.29,334,14.32,3.383,19.318,3.945,4.545,42,14.837214661736413,25402.943594505527,8957.126309692321,HEALTHY,74.38,MAINTAIN,0,1712.11,1712.11,80,Predicted ROAS is 14.84 and predicted profit is ₹8957.13. Signals are within acceptable range. Maintain current budget.
2026-09-23,UB-FILTER-500G,South Indian Filter Coffee,Coffee,500 g,Image,2070.87,13.331,34,2.6,291,6.66,3.64,17.087,5.346,10.256,42,15.480327730103232,32057.74628643888,11393.38344030433,LOW,73.26,FIX_PAYMENT,0,2070.87,2070.87,80,Payment failure rate is 10.3%. Fix payment issues before increasing spend.
2026-09-24,UB-FILTER-500G,South Indian Filter Coffee,Coffee,500 g,Image,1673.59,29.19,49,0.21,240,3.6,3.322,23.415,6.234,4.688,42,15.242035148429672,25508.917604060414,9040.155393705374,LOW,71.21,MAINTAIN,0,1673.59,1673.59,80,Predicted ROAS is 15.24 and predicted profit is ₹9040.16. Signals are within acceptable range. Maintain current budget.
2026-09-25,UB-FILTER-500G,South Indian Filter Coffee,Coffee,500 g,Influencer Video,1292.9,20.895,33,-1.11,200,5.24,3.808,13.529,4.874,5.556,42,18.696686523025072,24172.946005619116,8859.73732236003,LOW,70.45,MAINTAIN,0,1292.9,1292.9,80,Predicted ROAS is 18.7 and predicted profit is ₹8859.74. Signals are within acceptable range. Maintain current budget.
2026-09-26,UB-FILTER-500G,South Indian Filter Coffee,Coffee,500 g,Influencer Video,1747.15,32.403,69,-0.58,129,1.66,3.778,19.424,7.419,5.208,42,14.431520381258487,25214.030834115765,8842.742950328622,CRITICAL,70.81,PROTECT_INVENTORY,0,1747.15,1747.15,60,Inventory is critical with 1.7 days remaining. Protect stock before scaling ads.
2026-09-27,UB-FILTER-500G,South Indian Filter Coffee,Coffee,500 g,Image,1394.33,17.314,29,-0.37,99,2.5,3.386,13.832,5.534,3.333,42,20.4613773277299,28529.91224937363,10588.233144736923,CRITICAL,69.56,PROTECT_INVENTORY,0,1394.33,1394.33,45,Inventory is critical with 2.5 days remaining. Protect stock before scaling ads.
2026-09-28,UB-FILTER-500G,South Indian Filter Coffee,Coffee,500 g,Video,1909.54,17.328,42,4.62,52,1.09,3.129,21.739,6.491,1.887,42,14.301929626844236,27310.106699644144,9560.704813850542,CRITICAL,71.45,PROTECT_INVENTORY,0,1909.54,1909.54,60,Inventory is critical with 1.1 days remaining. Protect stock before scaling ads.
2026-09-01,UB-SACHET-HAZELNUT,Instant Coffee Sachets,Instant,Hazelnut,Influencer Video,818.99,18.216,69,0.86,0,0.0,5.237,16.324,5.107,4.054,32,9.281209519063179,7601.217784017553,1613.3996908856168,CRITICAL,61.41,PROTECT_INVENTORY,0,818.99,818.99,45,Inventory is critical with 0.0 days remaining. Protect stock before scaling ads.
2026-09-02,UB-SACHET-HAZELNUT,Instant Coffee Sachets,Instant,Hazelnut,Video,800.55,7.576,25,5.64,0,0.0,3.429,17.136,5.01,3.704,32,7.326855369773381,5865.51406627208,1076.4145012070655,CRITICAL,56.27,PROTECT_INVENTORY,0,800.55,800.55,30,Inventory is critical with 0.0 days remaining. Protect stock before scaling ads.
2026-09-03,UB-SACHET-HAZELNUT,Instant Coffee Sachets,Instant,Hazelnut,Video,854.68,5.452,20,11.87,0,0.0,4.735,12.629,3.906,8.696,32,7.5820196118834655,6480.20052188456,1218.9841670030592,CRITICAL,58.39,PROTECT_INVENTORY,0,854.68,854.68,30,Inventory is critical with 0.0 days remaining. Protect stock before scaling ads.
2026-09-04,UB-SACHET-HAZELNUT,Instant Coffee Sachets,Instant,Hazelnut,Influencer Video,1105.83,6.676,36,4.67,0,0.0,5.333,14.135,4.615,2.703,32,12.435338348463063,13751.370205880909,3294.608465881891,CRITICAL,64.87,PROTECT_INVENTORY,0,1105.83,1105.83,45,Inventory is critical with 0.0 days remaining. Protect stock before scaling ads.
2026-09-05,UB-SACHET-HAZELNUT,Instant Coffee Sachets,Instant,Hazelnut,Carousel,965.68,14.491,55,3.31,0,0.0,5.836,23.051,6.448,7.042,32,9.878057531128274,9539.04259665995,2086.8136309311844,CRITICAL,65.76,PROTECT_INVENTORY,0,965.68,965.68,45,Inventory is critical with 0.0 days remaining. Protect stock before scaling ads.
2026-09-06,UB-SACHET-HAZELNUT,Instant Coffee Sachets,Instant,Hazelnut,Image,814.89,8.835,25,9.64,0,0.0,4.89,9.42,2.607,3.704,32,11.827981107912233,9638.5035250266,2269.4311280085117,CRITICAL,64.72,PROTECT_INVENTORY,0,814.89,814.89,45,Inventory is critical with 0.0 days remaining. Protect stock before scaling ads.
2026-09-07,UB-SACHET-HAZELNUT,Instant Coffee Sachets,Instant,Hazelnut,Video,917.22,14.071,54,7.23,0,0.0,5.248,18.989,4.262,1.515,32,10.06669162223778,9233.370889748938,2037.45868471966,CRITICAL,65.47,PROTECT_INVENTORY,0,917.22,917.22,45,Inventory is critical with 0.0 days remaining. Protect stock before scaling ads.
2026-09-08,UB-SACHET-HAZELNUT,Instant Coffee Sachets,Instant,Hazelnut,Video,992.31,7.904,39,9.22,0,0.0,3.568,19.048,5.193,7.692,32,11.973610169588488,11881.533107384352,2809.780594362993,CRITICAL,67.15,PROTECT_INVENTORY,0,992.31,992.31,45,Inventory is critical with 0.0 days remaining. Protect stock before scaling ads.
2026-09-09,UB-SACHET-HAZELNUT,Instant Coffee Sachets,Instant,Hazelnut,Carousel,767.06,15.06,57,4.94,0,0.0,4.263,26.724,5.925,6.742,32,10.123619459039865,7765.423542251118,1717.8755335203577,CRITICAL,66.28,PROTECT_INVENTORY,0,767.06,767.06,45,Inventory is critical with 0.0 days remaining. Protect stock before scaling ads.
2026-09-10,UB-SACHET-HAZELNUT,Instant Coffee Sachets,Instant,Hazelnut,Image,899.04,8.813,33,8.35,0,0.0,4.639,21.101,5.357,0.0,32,7.9709834471332774,7166.232958310701,1394.1545466594243,CRITICAL,59.89,PROTECT_INVENTORY,0,899.04,899.04,30,Inventory is critical with 0.0 days remaining. Protect stock before scaling ads.
2026-09-11,UB-SACHET-HAZELNUT,Instant Coffee Sachets,Instant,Hazelnut,Carousel,1018.51,7.505,35,15.44,0,0.0,4.641,26.527,5.547,6.667,32,7.30785014479373,7443.118450973862,1363.287904311636,CRITICAL,60.41,PROTECT_INVENTORY,0,1018.51,1018.51,30,Inventory is critical with 0.0 days remaining. Protect stock before scaling ads.
2026-09-12,UB-SACHET-HAZELNUT,Instant Coffee Sachets,Instant,Hazelnut,Video,1020.85,5.722,31,9.82,0,0.0,5.038,22.037,3.452,5.882,32,9.384046504465621,9579.703874083729,2044.6552397067935,CRITICAL,63.48,PROTECT_INVENTORY,0,1020.85,1020.85,45,Inventory is critical with 0.0 days remaining. Protect stock before scaling ads.
2026-09-13,UB-SACHET-HAZELNUT,Instant Coffee Sachets,Instant,Hazelnut,Image,801.75,9.866,34,9.08,0,0.0,5.749,17.391,4.892,7.317,32,6.734095629122873,5399.061170649264,925.9495746077644,CRITICAL,55.37,PROTECT_INVENTORY,0,801.75,801.75,30,Inventory is critical with 0.0 days remaining. Protect stock before scaling ads.
2026-09-14,UB-SACHET-HAZELNUT,Instant Coffee Sachets,Instant,Hazelnut,Image,1141.48,4.862,23,6.66,0,0.0,4.863,12.918,3.464,4.0,32,8.6226914573608,9842.629844748206,2008.1615503194257,CRITICAL,59.64,PROTECT_INVENTORY,0,1141.48,1141.48,45,Inventory is critical with 0.0 days remaining. Protect stock before scaling ads.
2026-09-15,UB-SACHET-HAZELNUT,Instant Coffee Sachets,Instant,Hazelnut,Carousel,1176.76,8.57,53,2.44,0,0.0,6.487,26.923,4.545,1.695,32,10.996955238724231,12940.777046721127,2964.2886549507602,CRITICAL,63.96,PROTECT_INVENTORY,0,1176.76,1176.76,45,Inventory is critical with 0.0 days remaining. Protect stock before scaling ads.
2026-09-16,UB-SACHET-HAZELNUT,Instant Coffee Sachets,Instant,Hazelnut,Video,929.89,13.241,47,23.46,0,0.0,4.927,23.023,5.125,5.195,32,10.113251266492766,9404.211220198958,2079.4575904636667,CRITICAL,71.12,PROTECT_INVENTORY,0,929.89,929.89,60,Inventory is critical with 0.0 days remaining. Protect stock before scaling ads.
2026-09-17,UB-SACHET-HAZELNUT,Instant Coffee Sachets,Instant,Hazelnut,Influencer Video,805.73,8.362,33,-5.62,386,8.52,5.132,14.981,4.839,2.941,32,6.760984907319736,5447.5283693747315,937.479078199914,HEALTHY,55.57,MAINTAIN,0,805.73,805.73,50,Predicted ROAS is 6.76 and predicted profit is ₹937.48. Signals are within acceptable range. Maintain current budget.
2026-09-18,UB-SACHET-HAZELNUT,Instant Coffee Sachets,Instant,Hazelnut,Influencer Video,1263.14,4.842,31,8.19,339,8.43,4.008,18.837,6.102,2.857,32,9.835826149872844,12424.025442950386,2712.5481417441233,HEALTHY,72.72,INCREASE_BUDGET,15,1263.14,1452.61,80,Predicted ROAS is 9.84 with predicted profit of ₹2712.55. Sales growth is 8.2%. Inventory is sufficient. Scale budget.
2026-09-19,UB-SACHET-HAZELNUT,Instant Coffee Sachets,Instant,Hazelnut,Influencer Video,781.15,12.712,43,-2.98,280,5.51,4.213,15.789,5.931,4.167,32,9.241627049144578,7219.096969439286,1528.9610302205715,LOW,64.33,MAINTAIN,0,781.15,781.15,65,Predicted ROAS is 9.24 and predicted profit is ₹1528.96. Signals are within acceptable range. Maintain current budget.
2026-09-20,UB-SACHET-HAZELNUT,Instant Coffee Sachets,Instant,Hazelnut,Video,931.33,6.626,30,-3.28,227,5.9,6.214,18.977,3.282,2.381,32,10.603201739658491,9875.079876196143,2228.695560382766,LOW,64.49,MAINTAIN,0,931.33,931.33,65,Predicted ROAS is 10.6 and predicted profit is ₹2228.7. Signals are within acceptable range. Maintain current budget.
2026-09-21,UB-SACHET-HAZELNUT,Instant Coffee Sachets,Instant,Hazelnut,Influencer Video,998.45,11.032,54,-2.39,146,2.08,5.546,18.589,4.611,1.786,32,8.501642371733205,8488.46482605702,1717.858744338246,CRITICAL,58.36,PROTECT_INVENTORY,0,998.45,998.45,45,Inventory is critical with 2.1 days remaining. Protect stock before scaling ads.
2026-09-22,UB-SACHET-HAZELNUT,Instant Coffee Sachets,Instant,Hazelnut,Image,966.88,6.837,32,2.15,83,2.33,5.232,16.209,3.074,8.108,32,8.989870034919646,8692.125539363107,1814.6001725961942,CRITICAL,60.4,PROTECT_INVENTORY,0,966.88,966.88,45,Inventory is critical with 2.3 days remaining. Protect stock before scaling ads.
2026-09-23,UB-SACHET-HAZELNUT,Instant Coffee Sachets,Instant,Hazelnut,Carousel,1052.24,6.511,34,-0.72,24,0.56,7.358,21.138,4.37,6.977,32,8.640634535048287,9092.021283159209,1857.206810610947,CRITICAL,58.22,PROTECT_INVENTORY,0,1052.24,1052.24,45,Inventory is critical with 0.6 days remaining. Protect stock before scaling ads.
2026-09-24,UB-SACHET-HAZELNUT,Instant Coffee Sachets,Instant,Hazelnut,Video,1131.31,8.121,45,6.1,0,0.0,6.223,15.633,5.102,6.667,32,9.554046936273245,10808.588839475284,2327.438428632091,CRITICAL,64.33,PROTECT_INVENTORY,0,1131.31,1131.31,45,Inventory is critical with 0.0 days remaining. Protect stock before scaling ads.
2026-09-25,UB-SACHET-HAZELNUT,Instant Coffee Sachets,Instant,Hazelnut,Influencer Video,1142.76,7.228,40,4.66,0,0.0,3.825,24.901,4.785,3.636,32,9.604318294985035,10975.430774777098,2369.377847928671,CRITICAL,63.65,PROTECT_INVENTORY,0,1142.76,1142.76,45,Inventory is critical with 0.0 days remaining. Protect stock before scaling ads.
2026-09-26,UB-SACHET-HAZELNUT,Instant Coffee Sachets,Instant,Hazelnut,Image,1034.34,7.326,36,-3.91,0,0.0,4.023,15.508,4.938,2.5,32,9.191158996708156,9506.783396655113,2007.8306869296364,CRITICAL,59.14,PROTECT_INVENTORY,0,1034.34,1034.34,45,Inventory is critical with 0.0 days remaining. Protect stock before scaling ads.
2026-09-27,UB-SACHET-HAZELNUT,Instant Coffee Sachets,Instant,Hazelnut,Influencer Video,1077.54,7.271,41,16.78,0,0.0,5.554,17.039,4.39,5.634,32,10.859903170369636,11701.980062200097,2667.093619904031,CRITICAL,69.18,PROTECT_INVENTORY,0,1077.54,1077.54,45,Inventory is critical with 0.0 days remaining. Protect stock before scaling ads.
2026-09-28,UB-SACHET-HAZELNUT,Instant Coffee Sachets,Instant,Hazelnut,Image,1135.26,7.205,41,11.77,0,0.0,4.376,19.469,4.366,2.381,32,9.703578009137603,11016.083970653555,2389.886870609138,CRITICAL,66.24,PROTECT_INVENTORY,0,1135.26,1135.26,45,Inventory is critical with 0.0 days remaining. Protect stock before scaling ads.
2026-09-01,UB-SACHET-CLASSIC,Instant Coffee Sachets,Instant,Classic,Image,3037.78,2.848,46,-10.91,0,0.0,4.691,11.538,3.611,0.0,37,3.9547474413048773,12013.652682247131,1407.2714924314382,CRITICAL,39.36,PROTECT_INVENTORY,0,3037.78,3037.78,30,Inventory is critical with 0.0 days remaining. Protect stock before scaling ads.
2026-09-02,UB-SACHET-CLASSIC,Instant Coffee Sachets,Instant,Classic,Video,2132.35,3.397,51,9.71,0,0.0,4.152,14.255,5.183,3.704,37,3.9946353775831094,8517.960747389343,1019.2954765340569,CRITICAL,48.81,PROTECT_INVENTORY,0,2132.35,2132.35,30,Inventory is critical with 0.0 days remaining. Protect stock before scaling ads.
2026-09-03,UB-SACHET-CLASSIC,Instant Coffee Sachets,Instant,Classic,Image,2277.73,3.156,52,5.75,0,0.0,5.053,9.794,3.939,1.887,37,4.837618532361879,11018.788859716622,1799.2218780951498,CRITICAL,49.03,PROTECT_INVENTORY,0,2277.73,2277.73,30,Inventory is critical with 0.0 days remaining. Protect stock before scaling ads.
2026-09-04,UB-SACHET-CLASSIC,Instant Coffee Sachets,Instant,Classic,Video,2377.52,3.865,51,8.12,0,0.0,3.746,14.776,5.0,3.704,37,3.834922230513297,9117.604301489973,995.9935915512901,CRITICAL,47.47,PROTECT_INVENTORY,0,2377.52,2377.52,30,Inventory is critical with 0.0 days remaining. Protect stock before scaling ads.
2026-09-05,UB-SACHET-CLASSIC,Instant Coffee Sachets,Instant,Classic,Image,2293.3,2.863,43,7.05,0,0.0,4.222,17.692,4.842,8.333,37,5.564660295517825,12761.43545571103,2428.431118613081,CRITICAL,52.96,PROTECT_INVENTORY,0,2293.3,2293.3,30,Inventory is critical with 0.0 days remaining. Protect stock before scaling ads.
2026-09-06,UB-SACHET-CLASSIC,Instant Coffee Sachets,Instant,Classic,Video,2247.78,6.521,98,-3.53,0,0.0,3.637,17.805,5.399,5.66,37,3.2965016280298993,7409.810429453048,493.8498588976272,CRITICAL,41.61,PROTECT_INVENTORY,0,2247.78,2247.78,30,Inventory is critical with 0.0 days remaining. Protect stock before scaling ads.
2026-09-07,UB-SACHET-CLASSIC,Instant Coffee Sachets,Instant,Classic,Image,2799.54,2.337,45,1.32,0,0.0,3.243,14.384,6.303,8.163,37,4.431401913325681,12405.886912431777,1790.6381575997575,CRITICAL,48.31,PROTECT_INVENTORY,0,2799.54,2799.54,30,Inventory is critical with 0.0 days remaining. Protect stock before scaling ads.
2026-09-08,UB-SACHET-CLASSIC,Instant Coffee Sachets,Instant,Classic,Carousel,2422.6,3.881,68,8.26,0,0.0,3.32,14.593,5.152,8.0,37,3.7929170949732556,9188.72095428221,977.2267530844174,CRITICAL,47.52,PROTECT_INVENTORY,0,2422.6,2422.6,30,Inventory is critical with 0.0 days remaining. Protect stock before scaling ads.
2026-09-09,UB-SACHET-CLASSIC,Instant Coffee Sachets,Instant,Classic,Video,2660.82,3.343,53,9.58,0,0.0,3.297,12.392,5.419,3.571,37,5.015760043767022,13346.034639656169,2277.212816672782,CRITICAL,52.57,PROTECT_INVENTORY,0,2660.82,2660.82,30,Inventory is critical with 0.0 days remaining. Protect stock before scaling ads.
2026-09-10,UB-SACHET-CLASSIC,Instant Coffee Sachets,Instant,Classic,Carousel,2016.95,6.516,83,5.03,0,0.0,3.745,17.114,5.548,7.609,37,3.8722953650949186,7810.226136628196,872.8336705524327,CRITICAL,46.99,PROTECT_INVENTORY,0,2016.95,2016.95,30,Inventory is critical with 0.0 days remaining. Protect stock before scaling ads.
2026-09-11,UB-SACHET-CLASSIC,Instant Coffee Sachets,Instant,Classic,Video,3149.99,3.485,62,8.75,0,0.0,4.395,14.583,4.394,6.061,37,2.860068221427882,9009.186296815613,183.40892982177684,CRITICAL,43.69,PROTECT_INVENTORY,0,3149.99,3149.99,30,Inventory is critical with 0.0 days remaining. Protect stock before scaling ads.
2026-09-12,UB-SACHET-CLASSIC,Instant Coffee Sachets,Instant,Classic,Influencer Video,3105.72,1.881,41,-1.91,0,0.0,4.805,12.216,3.161,8.696,37,4.143582082202703,12868.805744338577,1655.738125405273,CRITICAL,42.95,PROTECT_INVENTORY,0,3105.72,3105.72,30,Inventory is critical with 0.0 days remaining. Protect stock before scaling ads.
2026-09-13,UB-SACHET-CLASSIC,Instant Coffee Sachets,Instant,Classic,Image,2773.11,2.975,51,4.62,0,0.0,4.741,17.956,3.4,1.923,37,4.301441776182548,11928.371203949586,1640.3873454613463,CRITICAL,46.19,PROTECT_INVENTORY,0,2773.11,2773.11,30,Inventory is critical with 0.0 days remaining. Protect stock before scaling ads.
2026-09-14,UB-SACHET-CLASSIC,Instant Coffee Sachets,Instant,Classic,Carousel,2748.26,4.446,78,22.76,0,0.0,4.021,25.111,6.161,3.636,37,3.661964240089034,10064.02984246709,975.4310417128231,CRITICAL,52.48,PROTECT_INVENTORY,0,2748.26,2748.26,30,Inventory is critical with 0.0 days remaining. Protect stock before scaling ads.
2026-09-15,UB-SACHET-CLASSIC,Instant Coffee Sachets,Instant,Classic,Carousel,3131.05,2.569,55,16.1,0,0.0,4.396,12.459,4.803,3.448,37,4.595539224996834,14388.86309042634,2192.8293434577454,CRITICAL,52.92,PROTECT_INVENTORY,0,3131.05,3131.05,30,Inventory is critical with 0.0 days remaining. Protect stock before scaling ads.
2026-09-16,UB-SACHET-CLASSIC,Instant Coffee Sachets,Instant,Classic,Carousel,2122.75,5.037,78,2.56,0,0.0,4.032,13.403,5.432,10.227,37,4.7131387261108735,10004.815230851857,1579.0316354151869,CRITICAL,48.89,PROTECT_INVENTORY,0,2122.75,2122.75,30,Inventory is critical with 0.0 days remaining. Protect stock before scaling ads.
2026-09-17,UB-SACHET-CLASSIC,Instant Coffee Sachets,Instant,Classic,Image,2339.32,5.185,84,18.1,0,0.0,3.649,24.159,6.64,0.926,37,3.6009691113150537,8423.819061481532,777.493052748167,CRITICAL,52.03,PROTECT_INVENTORY,0,2339.32,2339.32,30,Inventory is critical with 0.0 days remaining. Protect stock before scaling ads.
2026-09-18,UB-SACHET-CLASSIC,Instant Coffee Sachets,Instant,Classic,Image,2987.35,2.982,60,-0.56,0,0.0,4.316,13.425,2.999,6.25,37,3.085812812910478,9218.402906648116,423.459075459803,CRITICAL,39.59,PROTECT_INVENTORY,0,2987.35,2987.35,30,Inventory is critical with 0.0 days remaining. Protect stock before scaling ads.
2026-09-19,UB-SACHET-CLASSIC,Instant Coffee Sachets,Instant,Classic,Video,3309.1,2.156,48,12.67,0,0.0,3.573,20.37,3.909,2.0,37,3.8296245482767106,12672.610592702462,1379.7659192999113,CRITICAL,48.06,PROTECT_INVENTORY,0,3309.1,3309.1,30,Inventory is critical with 0.0 days remaining. Protect stock before scaling ads.
2026-09-20,UB-SACHET-CLASSIC,Instant Coffee Sachets,Instant,Classic,Image,2128.76,3.357,50,-1.5,421,6.27,3.86,12.945,5.537,3.846,37,4.078284977283896,8681.689928242866,1083.46527344986,LOW,49.43,MAINTAIN,0,2128.76,2128.76,50,Predicted ROAS is 4.08 and predicted profit is ₹1083.47. Signals are within acceptable range. Maintain current budget.
2026-09-21,UB-SACHET-CLASSIC,Instant Coffee Sachets,Instant,Classic,Influencer Video,2612.1,3.038,54,9.88,371,5.39,4.928,32.037,6.136,6.863,37,4.658158390903222,12167.575532878305,1889.9029471649733,LOW,55.74,MAINTAIN,0,2612.1,2612.1,50,Predicted ROAS is 4.66 and predicted profit is ₹1889.9. Signals are within acceptable range. Maintain current budget.
2026-09-22,UB-SACHET-CLASSIC,Instant Coffee Sachets,Instant,Classic,Video,2324.96,4.036,52,3.64,312,4.68,3.781,13.153,4.006,3.636,37,3.796939355563197,8827.73212411021,941.3008859207775,LOW,47.78,DECREASE_BUDGET,-15,2324.96,1976.22,50,Predicted ROAS is 3.8 and predicted profit is ₹941.3. Reduce inefficient ad spend.
2026-09-23,UB-SACHET-CLASSIC,Instant Coffee Sachets,Instant,Classic,Influencer Video,2327.94,2.719,40,0.12,269,5.45,3.522,15.773,4.237,2.439,37,4.826095566646444,11234.860913418923,1828.9585379650011,LOW,50.81,MAINTAIN,0,2327.94,2327.94,50,Predicted ROAS is 4.83 and predicted profit is ₹1828.96. Signals are within acceptable range. Maintain current budget.
2026-09-24,UB-SACHET-CLASSIC,Instant Coffee Sachets,Instant,Classic,Carousel,2346.48,3.922,67,5.91,198,2.04,4.22,16.56,6.369,7.595,37,4.608545738113811,10813.860403569295,1654.6483493206392,CRITICAL,52.08,PROTECT_INVENTORY,0,2346.48,2346.48,30,Inventory is critical with 2.0 days remaining. Protect stock before scaling ads.
2026-09-25,UB-SACHET-CLASSIC,Instant Coffee Sachets,Instant,Classic,Video,2637.23,2.119,39,13.38,153,3.21,4.893,11.265,2.955,4.878,37,4.824763790433487,12724.011811044904,2070.6543700866146,LOW,53.0,RETARGET,0,2637.23,2637.23,50,High add-to-cart activity but weak purchase conversion. Retarget high-intent users.
2026-09-26,UB-SACHET-CLASSIC,Instant Coffee Sachets,Instant,Classic,Image,3207.38,2.332,50,8.73,98,1.55,4.955,14.963,3.381,7.407,37,4.44526584891518,14257.65677849357,2067.953008042621,CRITICAL,49.25,PROTECT_INVENTORY,0,3207.38,3207.38,30,Inventory is critical with 1.6 days remaining. Protect stock before scaling ads.
2026-09-27,UB-SACHET-CLASSIC,Instant Coffee Sachets,Instant,Classic,Image,2257.02,4.886,80,3.67,28,0.34,4.454,18.0,5.212,5.814,37,4.2918314334295635,9686.749381879194,1327.0772712953017,CRITICAL,47.84,PROTECT_INVENTORY,0,2257.02,2257.02,30,Inventory is critical with 0.3 days remaining. Protect stock before scaling ads.
2026-09-28,UB-SACHET-CLASSIC,Instant Coffee Sachets,Instant,Classic,Video,3414.86,2.785,63,4.64,0,0.0,4.637,14.706,5.272,3.03,37,4.451923642930564,15202.695971297866,2210.1375093802094,CRITICAL,48.59,PROTECT_INVENTORY,0,3414.86,3414.86,30,Inventory is critical with 0.0 days remaining. Protect stock before scaling ads.
2026-09-01,UB-SACHET-MOCHA,Instant Coffee Sachets,Instant,Mocha,Carousel,1494.7,6.58,41,-1.25,0,0.0,3.345,12.247,3.516,8.889,32,5.378154644994216,8038.727747872855,1077.6928793193135,CRITICAL,45.37,PROTECT_INVENTORY,0,1494.7,1494.7,30,Inventory is critical with 0.0 days remaining. Protect stock before scaling ads.
2026-09-02,UB-SACHET-MOCHA,Instant Coffee Sachets,Instant,Mocha,Image,1813.22,6.109,45,10.35,0,0.0,3.693,13.292,3.383,13.725,32,6.332754917864341,11482.677872169981,1861.236919094394,CRITICAL,52.93,PROTECT_INVENTORY,0,1813.22,1813.22,30,Inventory is critical with 0.0 days remaining. Protect stock before scaling ads.
2026-09-03,UB-SACHET-MOCHA,Instant Coffee Sachets,Instant,Mocha,Influencer Video,1779.14,7.507,56,8.91,0,0.0,3.205,15.697,4.786,5.0,32,6.168992663271028,10975.501606932017,1733.0205142182456,CRITICAL,53.22,PROTECT_INVENTORY,0,1779.14,1779.14,30,Inventory is critical with 0.0 days remaining. Protect stock before scaling ads.
2026-09-04,UB-SACHET-MOCHA,Instant Coffee Sachets,Instant,Mocha,Video,1599.0,6.062,39,12.91,0,0.0,2.685,10.328,3.128,7.143,32,5.190679824295524,8299.897039048543,1056.9670524955336,CRITICAL,49.64,PROTECT_INVENTORY,0,1599.0,1599.0,30,Inventory is critical with 0.0 days remaining. Protect stock before scaling ads.
2026-09-05,UB-SACHET-MOCHA,Instant Coffee Sachets,Instant,Mocha,Video,1752.7,5.142,33,10.16,0,0.0,3.225,11.416,3.463,8.108,32,6.219813972746894,10901.46795003348,1735.7697440107138,CRITICAL,52.54,PROTECT_INVENTORY,0,1752.7,1752.7,30,Inventory is critical with 0.0 days remaining. Protect stock before scaling ads.
2026-09-06,UB-SACHET-MOCHA,Instant Coffee Sachets,Instant,Mocha,Image,1968.85,6.732,55,8.71,0,0.0,2.616,12.582,4.344,0.0,32,5.5039635857970435,10836.478705896508,1498.8231858868826,CRITICAL,50.37,PROTECT_INVENTORY,0,1968.85,1968.85,30,Inventory is critical with 0.0 days remaining. Protect stock before scaling ads.
2026-09-07,UB-SACHET-MOCHA,Instant Coffee Sachets,Instant,Mocha,Video,1779.63,6.231,44,-8.54,456,8.7,3.628,12.087,4.147,6.383,32,4.521434143108669,8046.479844100481,795.243550112154,HEALTHY,46.07,MAINTAIN,0,1779.63,1779.63,50,Predicted ROAS is 4.52 and predicted profit is ₹795.24. Signals are within acceptable range. Maintain current budget.
2026-09-08,UB-SACHET-MOCHA,Instant Coffee Sachets,Instant,Mocha,Image,1353.35,4.078,19,-6.73,443,19.0,2.725,10.0,2.827,5.0,32,4.302879819937657,5823.302404312628,510.106769380041,STRONG,51.53,RETARGET,0,1353.35,1353.35,60,High add-to-cart activity but weak purchase conversion. Retarget high-intent users.
2026-09-09,UB-SACHET-MOCHA,Instant Coffee Sachets,Instant,Mocha,Carousel,1538.11,3.666,23,3.44,428,14.77,3.481,10.641,2.214,11.538,32,4.445959045411202,6838.374067337424,650.1697015479756,HEALTHY,52.41,FIX_PAYMENT,0,1538.11,1538.11,50,Payment failure rate is 11.5%. Fix payment issues before increasing spend.
2026-09-10,UB-SACHET-MOCHA,Instant Coffee Sachets,Instant,Mocha,Video,1765.96,3.25,24,10.04,408,16.06,3.935,9.244,2.328,4.0,32,6.466931879617691,11420.343022129658,1888.5497670814907,STRONG,62.93,RETARGET,0,1765.96,1765.96,60,High add-to-cart activity but weak purchase conversion. Retarget high-intent users.
2026-09-11,UB-SACHET-MOCHA,Instant Coffee Sachets,Instant,Mocha,Image,1295.33,7.778,41,-3.61,375,7.99,3.049,15.42,4.08,6.818,32,7.016899877328233,9089.20091809958,1613.2142937918652,HEALTHY,56.11,MAINTAIN,0,1295.33,1295.33,50,Predicted ROAS is 7.02 and predicted profit is ₹1613.21. Signals are within acceptable range. Maintain current budget.
2026-09-12,UB-SACHET-MOCHA,Instant Coffee Sachets,Instant,Mocha,Video,1267.37,7.033,34,5.45,350,9.02,2.951,12.259,3.333,8.108,32,5.530766909535851,7009.52805813845,975.6789786043041,HEALTHY,54.25,MAINTAIN,0,1267.37,1267.37,50,Predicted ROAS is 5.53 and predicted profit is ₹975.68. Signals are within acceptable range. Maintain current budget.
2026-09-13,UB-SACHET-MOCHA,Instant Coffee Sachets,Instant,Mocha,Carousel,2120.09,5.627,41,2.53,313,6.36,2.898,8.347,3.593,6.977,32,5.210287549048373,11046.278529861966,1414.7191295558287,LOW,50.52,MAINTAIN,0,2120.09,2120.09,50,Predicted ROAS is 5.21 and predicted profit is ₹1414.72. Signals are within acceptable range. Maintain current budget.
2026-09-14,UB-SACHET-MOCHA,Instant Coffee Sachets,Instant,Mocha,Video,1707.97,5.589,33,-0.39,281,7.13,2.51,13.345,4.074,2.703,32,5.700802189002015,9736.799114749772,1407.805716719927,HEALTHY,52.13,MAINTAIN,0,1707.97,1707.97,50,Predicted ROAS is 5.7 and predicted profit is ₹1407.81. Signals are within acceptable range. Maintain current budget.
2026-09-15,UB-SACHET-MOCHA,Instant Coffee Sachets,Instant,Mocha,Video,1716.62,6.178,40,-0.77,251,5.25,5.015,9.579,3.06,2.381,32,4.1144460134108,7062.9403155412465,543.5209009731989,LOW,44.17,MAINTAIN,0,1716.62,1716.62,50,Predicted ROAS is 4.11 and predicted profit is ₹543.52. Signals are within acceptable range. Maintain current budget.
2026-09-16,UB-SACHET-MOCHA,Instant Coffee Sachets,Instant,Mocha,Video,1746.04,2.053,12,5.08,241,17.71,2.644,7.361,1.56,0.0,32,4.170074524207018,7281.116922246421,583.9174151188549,STRONG,53.37,CHANGE_CREATIVE,0,1746.04,1746.04,60,CTR is strong but purchase conversion is weak. Test new creatives or landing-page messaging.
2026-09-17,UB-SACHET-MOCHA,Instant Coffee Sachets,Instant,Mocha,Influencer Video,1770.77,3.57,25,7.43,220,6.83,2.546,11.954,5.102,9.091,32,5.670715612592396,10041.533085310237,1442.520587299276,LOW,55.79,MAINTAIN,0,1770.77,1770.77,50,Predicted ROAS is 5.67 and predicted profit is ₹1442.52. Signals are within acceptable range. Maintain current budget.
2026-09-18,UB-SACHET-MOCHA,Instant Coffee Sachets,Instant,Mocha,Influencer Video,1658.87,6.168,41,14.54,187,3.65,2.928,9.91,3.411,2.381,32,4.816278975951245,7989.580704836241,897.7958255475974,LOW,51.65,MAINTAIN,0,1658.87,1658.87,50,Predicted ROAS is 4.82 and predicted profit is ₹897.8. Signals are within acceptable range. Maintain current budget.
2026-09-19,UB-SACHET-MOCHA,Instant Coffee Sachets,Instant,Mocha,Carousel,1564.42,4.035,22,16.13,171,7.35,3.392,7.208,1.701,4.348,32,5.091114705928924,7964.641668249328,984.265333839785,HEALTHY,53.97,CHANGE_CREATIVE,0,1564.42,1564.42,50,CTR is strong but purchase conversion is weak. Test new creatives or landing-page messaging.
2026-09-20,UB-SACHET-MOCHA,Instant Coffee Sachets,Instant,Mocha,Video,2034.92,5.142,41,1.18,142,2.83,2.633,16.212,4.707,6.122,32,5.229539667805446,10641.69486081066,1370.422355459411,CRITICAL,48.84,PROTECT_INVENTORY,0,2034.92,2034.92,30,Inventory is critical with 2.8 days remaining. Protect stock before scaling ads.
2026-09-21,UB-SACHET-MOCHA,Instant Coffee Sachets,Instant,Mocha,Image,1615.99,4.782,25,9.87,123,4.44,3.022,7.75,2.556,3.704,32,6.468950916647854,10453.759991793766,1729.213197374005,LOW,55.36,CHANGE_CREATIVE,0,1615.99,1615.99,50,CTR is strong but purchase conversion is weak. Test new creatives or landing-page messaging.
2026-09-22,UB-SACHET-MOCHA,Instant Coffee Sachets,Instant,Mocha,Influencer Video,1417.0,7.177,33,2.25,100,2.18,2.338,13.168,4.275,2.703,32,5.319605889738214,7537.881545759049,995.1220946428957,CRITICAL,48.69,PROTECT_INVENTORY,0,1417.0,1417.0,30,Inventory is critical with 2.2 days remaining. Protect stock before scaling ads.
2026-09-23,UB-SACHET-MOCHA,Instant Coffee Sachets,Instant,Mocha,Carousel,1176.98,5.508,27,4.7,82,2.58,2.124,12.755,3.885,0.0,32,5.708558232957674,6718.858869026522,973.054838088487,CRITICAL,50.85,PROTECT_INVENTORY,0,1176.98,1176.98,30,Inventory is critical with 2.6 days remaining. Protect stock before scaling ads.
2026-09-24,UB-SACHET-MOCHA,Instant Coffee Sachets,Instant,Mocha,Image,1567.93,3.707,23,18.21,60,2.21,2.608,10.863,2.391,4.167,32,5.075995731272632,7958.805986934298,978.8879158189754,CRITICAL,51.96,PROTECT_INVENTORY,0,1567.93,1567.93,30,Inventory is critical with 2.2 days remaining. Protect stock before scaling ads.
2026-09-25,UB-SACHET-MOCHA,Instant Coffee Sachets,Instant,Mocha,Video,2036.27,3.647,30,3.62,27,0.73,4.129,6.946,2.366,3.226,32,5.4686871093013485,11135.723500057056,1527.1615200182582,CRITICAL,46.85,PROTECT_INVENTORY,0,2036.27,2036.27,30,Inventory is critical with 0.7 days remaining. Protect stock before scaling ads.
2026-09-26,UB-SACHET-MOCHA,Instant Coffee Sachets,Instant,Mocha,Carousel,1751.18,7.157,43,6.22,0,0.0,2.083,10.703,4.526,8.511,32,5.031251454806388,8810.626922627851,1068.2206152409124,CRITICAL,47.97,PROTECT_INVENTORY,0,1751.18,1751.18,30,Inventory is critical with 0.0 days remaining. Protect stock before scaling ads.
2026-09-27,UB-SACHET-MOCHA,Instant Coffee Sachets,Instant,Mocha,Influencer Video,1537.4,7.596,49,7.78,0,0.0,2.729,13.364,4.426,7.547,32,6.501191555772965,9994.931897845358,1660.9782073105143,CRITICAL,53.6,PROTECT_INVENTORY,0,1537.4,1537.4,30,Inventory is critical with 0.0 days remaining. Protect stock before scaling ads.
2026-09-28,UB-SACHET-MOCHA,Instant Coffee Sachets,Instant,Mocha,Carousel,2024.26,7.491,54,13.53,0,0.0,2.775,15.274,4.116,11.667,32,6.468250458631217,13093.420673388828,2165.634615484425,CRITICAL,55.33,PROTECT_INVENTORY,0,2024.26,2024.26,30,Inventory is critical with 0.0 days remaining. Protect stock before scaling ads.
2026-09-01,UB-CHAI-100G,Masala Chai Blend,Tea,100 g,Video,2661.56,7.434,20,8.72,187,8.02,3.691,10.518,1.854,13.636,40,5.538951916843728,14742.252863794592,3235.341145517837,HEALTHY,57.36,FIX_PAYMENT,0,2661.56,2661.56,50,Payment failure rate is 13.6%. Fix payment issues before increasing spend.
2026-09-02,UB-CHAI-100G,Masala Chai Blend,Tea,100 g,Image,2932.35,5.28,17,7.15,169,7.79,4.322,5.676,1.441,21.053,40,5.9949878689585345,17579.40267754056,4099.411071016222,HEALTHY,57.8,FIX_PAYMENT,0,2932.35,2932.35,50,Payment failure rate is 21.1%. Fix payment issues before increasing spend.
2026-09-03,UB-CHAI-100G,Masala Chai Blend,Tea,100 g,Carousel,2830.26,6.902,17,2.44,155,7.53,2.883,7.642,2.086,10.0,40,3.788865218177443,10723.473672398892,1459.129468959556,HEALTHY,48.78,FIX_PAYMENT,0,2830.26,2830.26,50,Payment failure rate is 10.0%. Fix payment issues before increasing spend.
2026-09-04,UB-CHAI-100G,Masala Chai Blend,Tea,100 g,Influencer Video,2898.05,2.18,6,9.1,149,19.2,2.899,4.626,1.031,14.286,40,7.925657566042536,22968.951909269574,6289.530763707829,STRONG,72.48,FIX_PAYMENT,0,2898.05,2898.05,75,Payment failure rate is 14.3%. Fix payment issues before increasing spend.
2026-09-05,UB-CHAI-100G,Masala Chai Blend,Tea,100 g,Video,2660.41,9.324,28,9.2,128,3.88,3.956,7.897,2.496,13.514,40,5.323119458551245,14161.680238724317,3004.2620954897266,LOW,54.66,FIX_PAYMENT,0,2660.41,2660.41,50,Payment failure rate is 13.5%. Fix payment issues before increasing spend.
2026-09-06,UB-CHAI-100G,Masala Chai Blend,Tea,100 g,Video,3695.89,3.979,14,3.92,112,5.86,3.046,5.531,1.501,7.143,40,3.7359956899360114,13807.829110477605,1827.2416441910423,LOW,47.45,CHANGE_CREATIVE,0,3695.89,3695.89,50,CTR is strong but purchase conversion is weak. Test new creatives or landing-page messaging.
2026-09-07,UB-CHAI-100G,Masala Chai Blend,Tea,100 g,Influencer Video,3111.13,2.378,8,6.32,102,12.88,3.052,7.299,1.336,0.0,40,3.8662163215899024,12028.301584587993,1700.1906338351973,HEALTHY,53.32,CHANGE_CREATIVE,0,3111.13,3111.13,50,CTR is strong but purchase conversion is weak. Test new creatives or landing-page messaging.
2026-09-08,UB-CHAI-100G,Masala Chai Blend,Tea,100 g,Carousel,3517.48,2.419,10,16.94,93,8.32,3.953,5.0,1.395,0.0,40,7.356426623830768,25876.08352079225,6832.9534083169,HEALTHY,66.54,CHANGE_CREATIVE,0,3517.48,3517.48,50,CTR is strong but purchase conversion is weak. Test new creatives or landing-page messaging.
2026-09-09,UB-CHAI-100G,Masala Chai Blend,Tea,100 g,Image,1860.19,9.539,20,21.17,75,2.96,3.97,9.314,1.621,15.0,40,5.6430198544624055,10497.089103072421,2338.6456412289685,CRITICAL,58.34,PROTECT_INVENTORY,0,1860.19,1860.19,30,Inventory is critical with 3.0 days remaining. Protect stock before scaling ads.
2026-09-10,UB-CHAI-100G,Masala Chai Blend,Tea,100 g,Video,2469.75,3.901,11,7.6,63,5.36,3.149,4.874,1.261,0.0,40,3.5897619129513902,8865.814484511697,1076.575793804679,LOW,47.75,CHANGE_CREATIVE,0,2469.75,2469.75,50,CTR is strong but purchase conversion is weak. Test new creatives or landing-page messaging.
2026-09-11,UB-CHAI-100G,Masala Chai Blend,Tea,100 g,Video,3144.37,2.059,7,10.85,54,5.96,3.127,3.724,1.064,0.0,40,4.837891174524892,15212.119872440835,2940.477948976334,LOW,53.54,CHANGE_CREATIVE,0,3144.37,3144.37,50,CTR is strong but purchase conversion is weak. Test new creatives or landing-page messaging.
2026-09-12,UB-CHAI-100G,Masala Chai Blend,Tea,100 g,Image,2785.64,3.517,9,-2.65,488,49.39,3.498,7.563,2.153,9.091,40,6.697398961539723,18656.542443223512,4676.976977289405,STRONG,72.1,CHANGE_CREATIVE,0,2785.64,2785.64,75,CTR is strong but purchase conversion is weak. Test new creatives or landing-page messaging.
2026-09-13,UB-CHAI-100G,Masala Chai Blend,Tea,100 g,Video,2923.4,7.824,24,2.46,467,15.83,4.071,7.824,1.518,10.811,40,5.381695977841142,15732.850021620794,3369.740008648317,STRONG,59.33,FIX_PAYMENT,0,2923.4,2923.4,60,Payment failure rate is 10.8%. Fix payment issues before increasing spend.
2026-09-14,UB-CHAI-100G,Masala Chai Blend,Tea,100 g,Carousel,2231.07,4.335,11,-3.6,456,36.74,2.984,4.866,1.461,0.0,40,5.055269409005038,11278.659920348871,2280.393968139548,STRONG,65.3,CHANGE_CREATIVE,0,2231.07,2231.07,60,CTR is strong but purchase conversion is weak. Test new creatives or landing-page messaging.
2026-09-15,UB-CHAI-100G,Masala Chai Blend,Tea,100 g,Image,3388.63,5.23,17,-1.31,438,21.91,4.953,5.767,1.862,5.556,40,5.454837893733672,18484.427331842733,4005.140932737093,STRONG,62.57,CHANGE_CREATIVE,0,3388.63,3388.63,60,CTR is strong but purchase conversion is weak. Test new creatives or landing-page messaging.
2026-09-16,UB-CHAI-100G,Masala Chai Blend,Tea,100 g,Image,3331.5,4.578,18,7.12,423,18.99,4.877,7.779,1.802,4.348,40,6.259397078773308,20853.181367933274,5009.772547173308,STRONG,66.54,CHANGE_CREATIVE,0,3331.5,3331.5,60,CTR is strong but purchase conversion is weak. Test new creatives or landing-page messaging.
2026-09-17,UB-CHAI-100G,Masala Chai Blend,Tea,100 g,Video,2457.17,6.784,18,4.63,407,18.7,3.462,11.236,2.329,10.0,40,4.47679034382508,11000.234929136672,1942.923971654668,STRONG,59.7,FIX_PAYMENT,0,2457.17,2457.17,60,Payment failure rate is 10.0%. Fix payment issues before increasing spend.
2026-09-18,UB-CHAI-100G,Masala Chai Blend,Tea,100 g,Video,2973.57,3.584,12,1.55,395,27.86,3.028,4.647,1.855,0.0,40,6.004724411854012,17855.468369356735,4168.617347742695,STRONG,69.53,CHANGE_CREATIVE,0,2973.57,2973.57,60,CTR is strong but purchase conversion is weak. Test new creatives or landing-page messaging.
2026-09-19,UB-CHAI-100G,Masala Chai Blend,Tea,100 g,Video,2844.15,7.257,24,6.08,371,10.77,3.642,8.93,2.043,2.857,40,5.388477062551672,15325.63703745634,3286.104814982535,HEALTHY,57.86,RETARGET,0,2844.15,2844.15,50,High add-to-cart activity but weak purchase conversion. Retarget high-intent users.
2026-09-20,UB-CHAI-100G,Masala Chai Blend,Tea,100 g,Video,2444.29,5.414,13,14.31,360,22.68,3.04,6.997,1.699,7.143,40,4.349497310276075,10631.432780534706,1808.2831122138823,STRONG,64.91,CHANGE_CREATIVE,0,2444.29,2444.29,60,CTR is strong but purchase conversion is weak. Test new creatives or landing-page messaging.
2026-09-21,UB-CHAI-100G,Masala Chai Blend,Tea,100 g,Influencer Video,2735.25,4.212,13,4.29,342,23.42,3.761,6.924,2.08,14.286,40,5.383121703792116,14724.183640297386,3154.423456118954,STRONG,65.64,FIX_PAYMENT,0,2735.25,2735.25,60,Payment failure rate is 14.3%. Fix payment issues before increasing spend.
2026-09-22,UB-CHAI-100G,Masala Chai Blend,Tea,100 g,Image,2665.99,4.8,15,-0.82,324,16.46,3.483,6.474,2.005,6.25,40,5.9126544491651405,15763.077634929772,3639.2410539719094,STRONG,60.87,CHANGE_CREATIVE,0,2665.99,2665.99,60,CTR is strong but purchase conversion is weak. Test new creatives or landing-page messaging.
2026-09-23,UB-CHAI-100G,Masala Chai Blend,Tea,100 g,Image,3032.66,5.692,20,12.5,305,11.71,3.663,10.919,1.821,11.765,40,4.600087704147966,13950.50197686137,2547.540790744548,HEALTHY,57.92,FIX_PAYMENT,0,3032.66,3032.66,50,Payment failure rate is 11.8%. Fix payment issues before increasing spend.
2026-09-24,UB-CHAI-100G,Masala Chai Blend,Tea,100 g,Image,2637.28,9.42,27,9.6,280,7.73,3.402,9.284,2.241,12.121,40,5.81218800312058,15328.367176869844,3494.0668707479367,HEALTHY,58.84,FIX_PAYMENT,0,2637.28,2637.28,50,Payment failure rate is 12.1%. Fix payment issues before increasing spend.
2026-09-25,UB-CHAI-100G,Masala Chai Blend,Tea,100 g,Influencer Video,2301.03,4.453,11,10.26,270,17.54,3.798,5.66,1.341,0.0,40,5.068332370662756,11662.384834866123,2363.92393394645,STRONG,62.12,CHANGE_CREATIVE,0,2301.03,2301.03,60,CTR is strong but purchase conversion is weak. Test new creatives or landing-page messaging.
2026-09-26,UB-CHAI-100G,Masala Chai Blend,Tea,100 g,Video,3244.1,5.373,17,23.56,250,13.06,3.624,5.928,1.647,0.0,40,5.032604397936834,16326.271927346883,3286.4087709387536,HEALTHY,62.97,CHANGE_CREATIVE,0,3244.1,3244.1,50,CTR is strong but purchase conversion is weak. Test new creatives or landing-page messaging.
2026-09-27,UB-CHAI-100G,Masala Chai Blend,Tea,100 g,Influencer Video,2706.77,6.867,20,3.38,232,8.75,4.13,7.61,2.759,4.762,40,6.071209093337924,16433.36663757429,3866.576655029716,HEALTHY,58.61,CHANGE_CREATIVE,0,2706.77,2706.77,50,CTR is strong but purchase conversion is weak. Test new creatives or landing-page messaging.
2026-09-28,UB-CHAI-100G,Masala Chai Blend,Tea,100 g,Video,3113.46,11.007,28,13.9,208,5.57,4.312,5.646,1.531,3.448,40,9.669481137364494,30105.542741938858,8928.757096775542,LOW,71.8,CHANGE_CREATIVE,0,3113.46,3113.46,80,CTR is strong but purchase conversion is weak. Test new creatives or landing-page messaging.
2026-09-01,UB-CHAI-250G,Masala Chai Blend,Tea,250 g,Carousel,2701.82,5.58,43,0.41,506,9.55,4.303,12.933,5.45,2.222,43,5.955121097964986,16089.665284903758,4216.736072508616,HEALTHY,60.31,MAINTAIN,0,2701.82,2701.82,50,Predicted ROAS is 5.96 and predicted profit is ₹4216.74. Signals are within acceptable range. Maintain current budget.
2026-09-02,UB-CHAI-250G,Masala Chai Blend,Tea,250 g,Video,2941.34,5.314,55,15.57,453,6.34,4.771,16.067,4.561,5.172,43,4.794508416114075,14102.279384652975,3122.6401354007794,LOW,58.91,MAINTAIN,0,2941.34,2941.34,50,Predicted ROAS is 4.79 and predicted profit is ₹3122.64. Signals are within acceptable range. Maintain current budget.
2026-09-03,UB-CHAI-250G,Masala Chai Blend,Tea,250 g,Influencer Video,3407.84,3.152,37,1.36,420,8.95,4.259,17.116,3.035,2.564,43,7.54962168960603,25727.902778707015,7655.158194844018,HEALTHY,63.44,MAINTAIN,0,3407.84,3407.84,50,Predicted ROAS is 7.55 and predicted profit is ₹7655.16. Signals are within acceptable range. Maintain current budget.
2026-09-04,UB-CHAI-250G,Masala Chai Blend,Tea,250 g,Influencer Video,3215.79,8.512,92,6.41,355,3.08,5.097,19.078,6.815,2.97,43,4.852035070716324,15603.125860058848,3493.554119825305,LOW,55.75,MAINTAIN,0,3215.79,3215.79,50,Predicted ROAS is 4.85 and predicted profit is ₹3493.55. Signals are within acceptable range. Maintain current budget.
2026-09-05,UB-CHAI-250G,Masala Chai Blend,Tea,250 g,Influencer Video,3323.58,2.2,24,-1.37,337,10.89,4.838,8.69,2.402,0.0,43,6.1718571924573205,20512.6611277073,5496.864284914138,HEALTHY,58.25,RETARGET,0,3323.58,3323.58,50,High add-to-cart activity but weak purchase conversion. Retarget high-intent users.
2026-09-06,UB-CHAI-250G,Masala Chai Blend,Tea,250 g,Carousel,4024.56,5.292,63,15.14,289,3.69,5.278,18.317,4.791,4.545,43,7.564108034368302,30442.206630797293,9065.588851242837,LOW,66.9,MAINTAIN,0,4024.56,4024.56,50,Predicted ROAS is 7.56 and predicted profit is ₹9065.59. Signals are within acceptable range. Maintain current budget.
2026-09-07,UB-CHAI-250G,Masala Chai Blend,Tea,250 g,Image,2676.74,9.331,74,-1.39,224,2.48,5.723,16.58,4.024,3.896,43,9.855492274401874,26380.59039058247,8666.913867950463,CRITICAL,67.15,PROTECT_INVENTORY,0,2676.74,2676.74,45,Inventory is critical with 2.5 days remaining. Protect stock before scaling ads.
2026-09-08,UB-CHAI-250G,Masala Chai Blend,Tea,250 g,Video,2755.97,11.095,99,-1.94,160,1.27,4.435,21.308,8.128,6.897,43,8.657094374458154,23858.692383175436,7503.267724765439,CRITICAL,66.05,PROTECT_INVENTORY,0,2755.97,2755.97,45,Inventory is critical with 1.3 days remaining. Protect stock before scaling ads.
2026-09-09,UB-CHAI-250G,Masala Chai Blend,Tea,250 g,Video,2683.08,7.448,57,-0.96,103,1.72,4.786,17.82,3.61,0.0,43,5.724501016331045,15359.2941868975,3921.4165003659255,CRITICAL,51.93,PROTECT_INVENTORY,0,2683.08,2683.08,30,Inventory is critical with 1.7 days remaining. Protect stock before scaling ads.
2026-09-10,UB-CHAI-250G,Masala Chai Blend,Tea,250 g,Carousel,3227.66,3.921,44,1.35,60,1.01,3.663,13.883,4.255,2.222,43,5.43773952431675,17551.174353056198,4319.344971814165,CRITICAL,51.97,PROTECT_INVENTORY,0,3227.66,3227.66,30,Inventory is critical with 1.0 days remaining. Protect stock before scaling ads.
2026-09-11,UB-CHAI-250G,Masala Chai Blend,Tea,250 g,Video,2786.44,4.161,39,4.96,21,0.49,3.506,17.806,6.373,2.5,43,7.637941704115837,21282.666282016533,6365.106501267108,CRITICAL,62.79,PROTECT_INVENTORY,0,2786.44,2786.44,30,Inventory is critical with 0.5 days remaining. Protect stock before scaling ads.
2026-09-12,UB-CHAI-250G,Masala Chai Blend,Tea,250 g,Carousel,3206.41,8.774,78,1.37,0,0.0,5.998,16.804,5.062,6.818,43,6.567662075911499,21058.617356823386,5848.795463434057,CRITICAL,56.06,PROTECT_INVENTORY,0,3206.41,3206.41,30,Inventory is critical with 0.0 days remaining. Protect stock before scaling ads.
2026-09-13,UB-CHAI-250G,Masala Chai Blend,Tea,250 g,Influencer Video,3367.08,4.567,46,9.63,0,0.0,4.379,15.811,5.399,6.122,43,6.512388498058683,21927.73306404343,6061.845217538676,CRITICAL,59.3,PROTECT_INVENTORY,0,3367.08,3367.08,30,Inventory is critical with 0.0 days remaining. Protect stock before scaling ads.
2026-09-14,UB-CHAI-250G,Masala Chai Blend,Tea,250 g,Image,3390.44,6.541,62,-4.29,0,0.0,4.409,13.09,4.397,4.615,43,5.696462430409246,19313.514082556725,4914.371055499392,CRITICAL,50.23,PROTECT_INVENTORY,0,3390.44,3390.44,30,Inventory is critical with 0.0 days remaining. Protect stock before scaling ads.
2026-09-15,UB-CHAI-250G,Masala Chai Blend,Tea,250 g,Carousel,2991.09,4.145,41,6.12,0,0.0,3.836,20.45,5.679,2.326,43,6.730238325329571,20130.748552510027,5665.131877579312,CRITICAL,59.03,PROTECT_INVENTORY,0,2991.09,2991.09,30,Inventory is critical with 0.0 days remaining. Protect stock before scaling ads.
2026-09-16,UB-CHAI-250G,Masala Chai Blend,Tea,250 g,Image,2995.66,6.62,62,-0.53,0,0.0,4.357,14.025,4.821,5.97,43,9.435075932944626,28264.279569284896,9157.980214792506,CRITICAL,65.15,PROTECT_INVENTORY,0,2995.66,2995.66,45,Inventory is critical with 0.0 days remaining. Protect stock before scaling ads.
2026-09-17,UB-CHAI-250G,Masala Chai Blend,Tea,250 g,Image,2392.1,12.583,93,-1.76,0,0.0,3.989,24.132,6.813,5.051,43,8.636503528167008,20659.3800897283,6491.433438583168,CRITICAL,63.88,PROTECT_INVENTORY,0,2392.1,2392.1,45,Inventory is critical with 0.0 days remaining. Protect stock before scaling ads.
2026-09-18,UB-CHAI-250G,Masala Chai Blend,Tea,250 g,Carousel,2965.35,6.246,65,-2.01,0,0.0,5.247,12.631,3.911,8.333,43,4.868439508563433,14436.627096718574,3242.399651588986,CRITICAL,47.7,PROTECT_INVENTORY,0,2965.35,2965.35,30,Inventory is critical with 0.0 days remaining. Protect stock before scaling ads.
2026-09-19,UB-CHAI-250G,Masala Chai Blend,Tea,250 g,Video,2911.97,3.454,35,16.54,0,0.0,5.395,10.798,2.644,2.703,43,4.264618667018716,12418.44161979849,2427.9598965133505,CRITICAL,51.27,PROTECT_INVENTORY,0,2911.97,2911.97,30,Inventory is critical with 0.0 days remaining. Protect stock before scaling ads.
2026-09-20,UB-CHAI-250G,Masala Chai Blend,Tea,250 g,Influencer Video,3068.57,2.037,22,0.31,0,0.0,4.03,17.27,3.642,4.167,43,9.440209730130295,28967.94437158592,9387.646079781945,CRITICAL,64.3,PROTECT_INVENTORY,0,3068.57,3068.57,45,Inventory is critical with 0.0 days remaining. Protect stock before scaling ads.
2026-09-21,UB-CHAI-250G,Masala Chai Blend,Tea,250 g,Video,3483.33,12.572,133,8.86,0,0.0,5.272,18.98,6.312,4.255,43,7.617675641895137,26534.878093682586,7926.6675802835125,CRITICAL,63.8,PROTECT_INVENTORY,0,3483.33,3483.33,30,Inventory is critical with 0.0 days remaining. Protect stock before scaling ads.
2026-09-22,UB-CHAI-250G,Masala Chai Blend,Tea,250 g,Image,2308.6,4.541,34,8.76,0,0.0,3.892,16.579,4.928,2.857,43,6.670005380264213,15398.37442087796,4312.701000977522,CRITICAL,59.06,PROTECT_INVENTORY,0,2308.6,2308.6,30,Inventory is critical with 0.0 days remaining. Protect stock before scaling ads.
2026-09-23,UB-CHAI-250G,Masala Chai Blend,Tea,250 g,Image,3139.84,9.497,100,2.5,775,6.21,4.644,19.426,7.148,7.965,43,7.341953369103217,23052.558866445044,6772.760312571369,LOW,65.42,MAINTAIN,0,3139.84,3139.84,50,Predicted ROAS is 7.34 and predicted profit is ₹6772.76. Signals are within acceptable range. Maintain current budget.
2026-09-24,UB-CHAI-250G,Masala Chai Blend,Tea,250 g,Carousel,2833.81,5.646,53,4.08,733,12.93,5.074,19.048,5.532,1.818,43,7.5375942836764365,21360.110057025122,6351.037324520803,HEALTHY,69.56,MAINTAIN,0,2833.81,2833.81,50,Predicted ROAS is 7.54 and predicted profit is ₹6351.04. Signals are within acceptable range. Maintain current budget.
2026-09-25,UB-CHAI-250G,Masala Chai Blend,Tea,250 g,Influencer Video,3286.48,4.216,37,7.38,696,15.88,4.356,15.292,4.171,2.632,43,6.925913421422567,22761.875941236838,6501.126654731841,STRONG,69.27,MAINTAIN,0,3286.48,3286.48,60,Predicted ROAS is 6.93 and predicted profit is ₹6501.13. Signals are within acceptable range. Maintain current budget.
2026-09-26,UB-CHAI-250G,Masala Chai Blend,Tea,250 g,Image,3491.53,2.809,31,-4.73,665,17.36,5.054,14.647,3.762,3.125,43,7.702354323548372,26893.00119129885,8072.460512258505,STRONG,68.02,MAINTAIN,0,3491.53,3491.53,60,Predicted ROAS is 7.7 and predicted profit is ₹8072.46. Signals are within acceptable range. Maintain current budget.
2026-09-27,UB-CHAI-250G,Masala Chai Blend,Tea,250 g,Influencer Video,3083.85,3.926,42,8.6,623,10.56,4.67,15.798,4.867,2.273,43,6.897682245350485,21271.417392324092,6062.85947869936,HEALTHY,66.77,MAINTAIN,0,3083.85,3083.85,50,Predicted ROAS is 6.9 and predicted profit is ₹6062.86. Signals are within acceptable range. Maintain current budget.
2026-09-28,UB-CHAI-250G,Masala Chai Blend,Tea,250 g,Video,3465.36,6.356,76,0.13,543,5.65,3.761,14.275,5.003,3.797,43,6.009622122850767,20825.504119642133,5489.606771446117,LOW,57.35,MAINTAIN,0,3465.36,3465.36,50,Predicted ROAS is 6.01 and predicted profit is ₹5489.61. Signals are within acceptable range. Maintain current budget.
2026-09-01,UB-POUROVER-SINGLE,Pour-Over Kit,Equipment,Single,Video,1465.99,6.705,12,5.09,0,0.0,3.616,8.046,2.01,7.692,44,5.134525862703125,7527.1635694641545,1845.9619705642283,CRITICAL,49.39,PROTECT_INVENTORY,0,1465.99,1465.99,30,Inventory is critical with 0.0 days remaining. Protect stock before scaling ads.
2026-09-02,UB-POUROVER-SINGLE,Pour-Over Kit,Equipment,Single,Image,1392.41,4.279,7,3.71,0,0.0,3.408,5.325,1.95,0.0,44,5.083985166639027,7078.991785879848,1722.3463857871327,CRITICAL,48.64,PROTECT_INVENTORY,0,1392.41,1392.41,30,Inventory is critical with 0.0 days remaining. Protect stock before scaling ads.
2026-09-03,UB-POUROVER-SINGLE,Pour-Over Kit,Equipment,Single,Influencer Video,1046.71,4.582,6,12.29,0,0.0,3.258,6.25,1.442,0.0,44,8.425627831846782,8819.188907872345,2833.7331194638323,CRITICAL,63.04,PROTECT_INVENTORY,0,1046.71,1046.71,45,Inventory is critical with 0.0 days remaining. Protect stock before scaling ads.
2026-09-04,UB-POUROVER-SINGLE,Pour-Over Kit,Equipment,Single,Carousel,1135.21,9.48,12,8.65,0,0.0,4.042,8.226,2.143,13.333,44,7.546510326297174,8566.873987515815,2634.214554506959,CRITICAL,59.3,PROTECT_INVENTORY,0,1135.21,1135.21,30,Inventory is critical with 0.0 days remaining. Protect stock before scaling ads.
2026-09-05,UB-POUROVER-SINGLE,Pour-Over Kit,Equipment,Single,Video,1561.59,6.603,12,0.05,0,0.0,2.819,5.996,2.321,8.333,44,4.5422863726808576,7093.1889767147,1559.413149754468,CRITICAL,45.74,PROTECT_INVENTORY,0,1561.59,1561.59,30,Inventory is critical with 0.0 days remaining. Protect stock before scaling ads.
2026-09-06,UB-POUROVER-SINGLE,Pour-Over Kit,Equipment,Single,Influencer Video,1602.14,2.629,5,22.0,0,0.0,2.321,4.934,1.01,16.667,44,7.878897202921465,12623.096364688596,3952.0224004629818,CRITICAL,63.59,PROTECT_INVENTORY,0,1602.14,1602.14,30,Inventory is critical with 0.0 days remaining. Protect stock before scaling ads.
2026-09-07,UB-POUROVER-SINGLE,Pour-Over Kit,Equipment,Single,Influencer Video,1391.99,8.442,12,9.96,0,0.0,3.82,6.061,2.575,15.385,44,6.545111815599132,9110.730196195835,2616.731286326167,CRITICAL,56.72,PROTECT_INVENTORY,0,1391.99,1391.99,30,Inventory is critical with 0.0 days remaining. Protect stock before scaling ads.
2026-09-08,UB-POUROVER-SINGLE,Pour-Over Kit,Equipment,Single,Influencer Video,1467.9,5.684,10,10.16,0,0.0,3.481,8.029,1.957,13.333,44,8.337443548532292,12238.533384890552,3917.0546893518426,CRITICAL,62.45,PROTECT_INVENTORY,0,1467.9,1467.9,45,Inventory is critical with 0.0 days remaining. Protect stock before scaling ads.
2026-09-09,UB-POUROVER-SINGLE,Pour-Over Kit,Equipment,Single,Image,1909.75,10.539,19,8.27,0,0.0,3.009,6.866,3.055,5.0,44,7.205443369642379,13760.595475174532,4144.912009076794,CRITICAL,58.88,PROTECT_INVENTORY,0,1909.75,1909.75,30,Inventory is critical with 0.0 days remaining. Protect stock before scaling ads.
2026-09-10,UB-POUROVER-SINGLE,Pour-Over Kit,Equipment,Single,Influencer Video,1639.16,3.979,8,1.18,0,0.0,3.169,6.977,2.319,11.111,44,5.3676616119631575,8798.456207865529,2232.1607314608327,CRITICAL,49.05,PROTECT_INVENTORY,0,1639.16,1639.16,30,Inventory is critical with 0.0 days remaining. Protect stock before scaling ads.
2026-09-11,UB-POUROVER-SINGLE,Pour-Over Kit,Equipment,Single,Video,1063.43,4.886,6,9.45,0,0.0,4.259,5.105,1.63,0.0,44,8.345524634508369,8874.881262075234,2841.5177553131025,CRITICAL,61.88,PROTECT_INVENTORY,0,1063.43,1063.43,45,Inventory is critical with 0.0 days remaining. Protect stock before scaling ads.
2026-09-12,UB-POUROVER-SINGLE,Pour-Over Kit,Equipment,Single,Video,1236.27,9.47,14,2.71,168,10.44,3.104,7.182,2.422,13.333,44,5.653788716127066,6989.609376086408,1839.1581254780194,HEALTHY,57.69,FIX_PAYMENT,0,1236.27,1236.27,50,Payment failure rate is 13.3%. Fix payment issues before increasing spend.
2026-09-13,UB-POUROVER-SINGLE,Pour-Over Kit,Equipment,Single,Image,1494.54,3.943,5,-2.93,161,31.63,4.66,4.872,0.859,0.0,44,4.628588809850945,6917.611119874631,1549.2088927448376,STRONG,63.46,CHANGE_CREATIVE,0,1494.54,1494.54,60,CTR is strong but purchase conversion is weak. Test new creatives or landing-page messaging.
2026-09-14,UB-POUROVER-SINGLE,Pour-Over Kit,Equipment,Single,Video,1559.93,2.462,4,-7.54,153,34.62,3.412,3.436,1.254,0.0,44,4.718619888036154,7360.716721944238,1678.7853576554646,STRONG,62.44,CHANGE_CREATIVE,0,1559.93,1559.93,60,CTR is strong but purchase conversion is weak. Test new creatives or landing-page messaging.
2026-09-15,UB-POUROVER-SINGLE,Pour-Over Kit,Equipment,Single,Influencer Video,1282.25,3.872,6,-3.86,143,18.52,3.334,6.309,1.635,0.0,44,5.406697988106142,6932.738495249101,1768.1549379096045,STRONG,58.96,CHANGE_CREATIVE,0,1282.25,1282.25,60,CTR is strong but purchase conversion is weak. Test new creatives or landing-page messaging.
2026-09-16,UB-POUROVER-SINGLE,Pour-Over Kit,Equipment,Single,Influencer Video,1499.63,4.937,8,-5.26,135,11.11,3.423,6.645,1.794,0.0,44,5.570135416623043,8353.142174830415,2175.752556925382,HEALTHY,54.22,CHANGE_CREATIVE,0,1499.63,1499.63,50,CTR is strong but purchase conversion is weak. Test new creatives or landing-page messaging.
2026-09-17,UB-POUROVER-SINGLE,Pour-Over Kit,Equipment,Single,Image,1790.13,5.885,9,6.69,121,12.33,3.381,7.362,1.875,0.0,44,6.1495663287974045,11008.523172170098,3053.620195754843,HEALTHY,61.63,CHANGE_CREATIVE,0,1790.13,1790.13,50,CTR is strong but purchase conversion is weak. Test new creatives or landing-page messaging.
2026-09-18,UB-POUROVER-SINGLE,Pour-Over Kit,Equipment,Single,Influencer Video,1214.72,6.656,8,6.13,109,12.26,3.811,5.449,2.254,0.0,44,5.719682106056086,6947.812247868449,1842.3173890621176,HEALTHY,60.24,CHANGE_CREATIVE,0,1214.72,1214.72,50,CTR is strong but purchase conversion is weak. Test new creatives or landing-page messaging.
2026-09-19,UB-POUROVER-SINGLE,Pour-Over Kit,Equipment,Single,Carousel,1668.49,5.069,10,1.3,93,7.45,3.33,7.612,2.088,9.091,44,6.275552917149644,10470.697286735009,2938.6168061634035,HEALTHY,57.01,CHANGE_CREATIVE,0,1668.49,1668.49,50,CTR is strong but purchase conversion is weak. Test new creatives or landing-page messaging.
2026-09-20,UB-POUROVER-SINGLE,Pour-Over Kit,Equipment,Single,Video,1285.17,6.524,10,9.03,76,6.02,3.246,7.235,1.992,0.0,44,6.402754615148768,8228.628148750742,2335.4263854503265,LOW,59.3,CHANGE_CREATIVE,0,1285.17,1285.17,50,CTR is strong but purchase conversion is weak. Test new creatives or landing-page messaging.
2026-09-21,UB-POUROVER-SINGLE,Pour-Over Kit,Equipment,Single,Image,1181.07,7.185,7,8.49,64,7.97,3.336,5.488,1.639,0.0,44,4.984005087997419,5886.458889281112,1408.971911283689,HEALTHY,55.08,CHANGE_CREATIVE,0,1181.07,1181.07,50,CTR is strong but purchase conversion is weak. Test new creatives or landing-page messaging.
2026-09-22,UB-POUROVER-SINGLE,Pour-Over Kit,Equipment,Single,Image,1338.04,3.427,5,11.41,55,9.0,3.416,7.87,1.543,0.0,44,5.950376488566689,7961.841756761772,2165.1703729751794,HEALTHY,60.15,CHANGE_CREATIVE,0,1338.04,1338.04,50,CTR is strong but purchase conversion is weak. Test new creatives or landing-page messaging.
2026-09-23,UB-POUROVER-SINGLE,Pour-Over Kit,Equipment,Single,Image,1446.77,5.857,10,-6.97,43,4.08,3.465,5.755,1.529,10.0,44,5.63856913865672,8157.712672734383,2142.6235760031286,LOW,48.87,FIX_PAYMENT,0,1446.77,1446.77,50,Payment failure rate is 10.0%. Fix payment issues before increasing spend.
2026-09-24,UB-POUROVER-SINGLE,Pour-Over Kit,Equipment,Single,Image,1770.27,4.32,9,19.34,29,2.72,3.771,4.277,1.826,0.0,44,6.62861897785311,11734.445317924024,3392.88593988657,CRITICAL,61.59,PROTECT_INVENTORY,0,1770.27,1770.27,30,Inventory is critical with 2.7 days remaining. Protect stock before scaling ads.
2026-09-25,UB-POUROVER-SINGLE,Pour-Over Kit,Equipment,Single,Image,1255.52,4.534,7,2.68,17,1.86,3.528,6.688,1.587,0.0,44,6.816425640199851,8558.158719783716,2510.0698367048353,CRITICAL,55.19,PROTECT_INVENTORY,0,1255.52,1255.52,30,Inventory is critical with 1.9 days remaining. Protect stock before scaling ads.
2026-09-26,UB-POUROVER-SINGLE,Pour-Over Kit,Equipment,Single,Image,1509.79,3.805,7,3.01,4,0.41,3.103,9.009,1.972,12.5,44,6.225698473047117,9399.497297621807,2625.988810953595,CRITICAL,52.66,PROTECT_INVENTORY,0,1509.79,1509.79,30,Inventory is critical with 0.4 days remaining. Protect stock before scaling ads.
2026-09-27,UB-POUROVER-SINGLE,Pour-Over Kit,Equipment,Single,Influencer Video,1422.71,3.194,5,2.26,0,0.0,2.761,6.4,1.608,0.0,44,6.618553574894171,9416.282356537686,2720.4542368765815,CRITICAL,53.12,PROTECT_INVENTORY,0,1422.71,1422.71,30,Inventory is critical with 0.0 days remaining. Protect stock before scaling ads.
2026-09-28,UB-POUROVER-SINGLE,Pour-Over Kit,Equipment,Single,Image,1275.99,5.558,8,3.05,0,0.0,3.055,8.71,2.439,0.0,44,5.708286791480846,7283.716863061645,1928.845419747124,CRITICAL,51.06,PROTECT_INVENTORY,0,1275.99,1275.99,30,Inventory is critical with 0.0 days remaining. Protect stock before scaling ads.
2026-09-01,UB-POUROVER-DOUBLE,Pour-Over Kit,Equipment,Double,Image,1553.45,21.098,29,6.97,0,0.0,6.626,8.341,2.28,5.0,61,18.535960584869507,28794.687970565537,16011.309662044976,CRITICAL,67.39,PROTECT_INVENTORY,0,1553.45,1553.45,45,Inventory is critical with 0.0 days remaining. Protect stock before scaling ads.
2026-09-02,UB-POUROVER-DOUBLE,Pour-Over Kit,Equipment,Double,Influencer Video,1555.8,20.011,22,-1.12,0,0.0,4.276,8.604,2.486,4.348,61,14.309491501513595,22262.70687805485,12024.45119561346,CRITICAL,64.57,PROTECT_INVENTORY,0,1555.8,1555.8,45,Inventory is critical with 0.0 days remaining. Protect stock before scaling ads.
2026-09-03,UB-POUROVER-DOUBLE,Pour-Over Kit,Equipment,Double,Influencer Video,1538.46,12.816,14,10.65,0,0.0,5.555,7.134,1.378,6.667,61,16.14129788113483,24832.74113821069,13609.51209430852,CRITICAL,67.87,PROTECT_INVENTORY,0,1538.46,1538.46,45,Inventory is critical with 0.0 days remaining. Protect stock before scaling ads.
2026-09-04,UB-POUROVER-DOUBLE,Pour-Over Kit,Equipment,Double,Image,1471.88,15.164,19,8.16,0,0.0,4.468,8.411,2.699,5.0,61,22.30715461507937,32833.45473484303,18556.527388254246,CRITICAL,68.26,PROTECT_INVENTORY,0,1471.88,1471.88,45,Inventory is critical with 0.0 days remaining. Protect stock before scaling ads.
2026-09-05,UB-POUROVER-DOUBLE,Pour-Over Kit,Equipment,Double,Influencer Video,1231.09,23.574,26,13.23,0,0.0,4.692,8.073,2.234,3.333,61,15.039115666504054,18514.504905876474,10062.75799258465,CRITICAL,69.7,PROTECT_INVENTORY,0,1231.09,1231.09,45,Inventory is critical with 0.0 days remaining. Protect stock before scaling ads.
2026-09-06,UB-POUROVER-DOUBLE,Pour-Over Kit,Equipment,Double,Image,1506.53,12.431,16,-4.11,0,0.0,3.94,7.033,2.092,6.25,61,21.243503940679716,32003.975991752213,18015.895354968852,CRITICAL,63.05,PROTECT_INVENTORY,0,1506.53,1506.53,45,Inventory is critical with 0.0 days remaining. Protect stock before scaling ads.
2026-09-07,UB-POUROVER-DOUBLE,Pour-Over Kit,Equipment,Double,Influencer Video,1588.01,20.284,25,15.15,0,0.0,4.383,8.401,2.599,6.061,61,17.07968926641414,27122.717351958316,14956.847584694571,CRITICAL,70.78,PROTECT_INVENTORY,0,1588.01,1588.01,60,Inventory is critical with 0.0 days remaining. Protect stock before scaling ads.
2026-09-08,UB-POUROVER-DOUBLE,Pour-Over Kit,Equipment,Double,Carousel,1617.85,17.556,22,7.32,0,0.0,6.551,7.159,1.893,4.348,61,12.159902096795308,19672.89760730029,10382.617540453177,CRITICAL,67.14,PROTECT_INVENTORY,0,1617.85,1617.85,45,Inventory is critical with 0.0 days remaining. Protect stock before scaling ads.
2026-09-09,UB-POUROVER-DOUBLE,Pour-Over Kit,Equipment,Double,Video,1881.23,9.518,16,-4.74,0,0.0,5.585,5.548,2.046,0.0,61,13.839996165540867,26036.215986500447,14000.861751765275,CRITICAL,62.77,PROTECT_INVENTORY,0,1881.23,1881.23,45,Inventory is critical with 0.0 days remaining. Protect stock before scaling ads.
2026-09-10,UB-POUROVER-DOUBLE,Pour-Over Kit,Equipment,Double,Carousel,1665.26,16.208,23,1.08,0,0.0,5.314,6.363,2.136,11.538,61,15.544410524259366,25885.48506962815,14124.88589247317,CRITICAL,65.04,PROTECT_INVENTORY,0,1665.26,1665.26,45,Inventory is critical with 0.0 days remaining. Protect stock before scaling ads.
2026-09-11,UB-POUROVER-DOUBLE,Pour-Over Kit,Equipment,Double,Video,1453.98,15.574,20,11.92,0,0.0,5.611,10.866,1.84,8.824,61,20.873802434615715,30350.091263882558,17059.57567096836,CRITICAL,68.81,PROTECT_INVENTORY,0,1453.98,1453.98,45,Inventory is critical with 0.0 days remaining. Protect stock before scaling ads.
2026-09-12,UB-POUROVER-DOUBLE,Pour-Over Kit,Equipment,Double,Carousel,1546.48,22.865,30,15.86,0,0.0,4.165,6.129,2.092,3.333,61,27.659562034498638,42774.959495111456,24546.245292017986,CRITICAL,70.54,PROTECT_INVENTORY,0,1546.48,1546.48,60,Inventory is critical with 0.0 days remaining. Protect stock before scaling ads.
2026-09-13,UB-POUROVER-DOUBLE,Pour-Over Kit,Equipment,Double,Video,1223.57,42.152,41,-2.01,0,0.0,5.707,8.078,2.791,6.122,61,13.770708393248444,16849.425668727,9054.57965792347,CRITICAL,64.54,PROTECT_INVENTORY,0,1223.57,1223.57,45,Inventory is critical with 0.0 days remaining. Protect stock before scaling ads.
2026-09-14,UB-POUROVER-DOUBLE,Pour-Over Kit,Equipment,Double,Video,1523.68,9.194,12,12.96,0,0.0,4.371,6.48,2.08,0.0,61,14.662182541828269,22340.474295332897,12104.009320153067,CRITICAL,69.44,PROTECT_INVENTORY,0,1523.68,1523.68,45,Inventory is critical with 0.0 days remaining. Protect stock before scaling ads.
2026-09-15,UB-POUROVER-DOUBLE,Pour-Over Kit,Equipment,Double,Video,1404.36,17.537,21,11.14,125,4.41,6.046,8.42,1.672,8.571,61,17.814705243237665,25018.259455393247,13856.778267789881,LOW,71.29,RETARGET,0,1404.36,1404.36,80,High add-to-cart activity but weak purchase conversion. Retarget high-intent users.
2026-09-16,UB-POUROVER-DOUBLE,Pour-Over Kit,Equipment,Double,Video,1467.6,18.561,18,9.27,100,5.15,5.32,5.727,1.513,10.0,61,15.010250153065751,22029.043124639295,11970.11630602997,LOW,70.92,FIX_PAYMENT,0,1467.6,1467.6,80,Payment failure rate is 10.0%. Fix payment issues before increasing spend.
2026-09-17,UB-POUROVER-DOUBLE,Pour-Over Kit,Equipment,Double,Influencer Video,1458.04,14.191,17,17.74,86,4.03,4.936,7.364,2.029,0.0,61,20.00796461666113,29172.412729676595,16337.131765102724,LOW,73.87,CHANGE_CREATIVE,0,1458.04,1458.04,80,CTR is strong but purchase conversion is weak. Test new creatives or landing-page messaging.
2026-09-18,UB-POUROVER-DOUBLE,Pour-Over Kit,Equipment,Double,Video,1767.93,21.124,31,11.19,57,1.55,4.306,8.679,2.641,5.263,61,18.695246903787243,33051.88785861258,18393.72159375367,CRITICAL,70.37,PROTECT_INVENTORY,0,1767.93,1767.93,60,Inventory is critical with 1.6 days remaining. Protect stock before scaling ads.
2026-09-19,UB-POUROVER-DOUBLE,Pour-Over Kit,Equipment,Double,Video,1663.7,19.685,28,-4.69,31,0.93,4.661,6.884,2.703,3.448,61,15.444740017014059,25695.41396630629,14010.502519446836,CRITICAL,64.06,PROTECT_INVENTORY,0,1663.7,1663.7,45,Inventory is critical with 0.9 days remaining. Protect stock before scaling ads.
2026-09-20,UB-POUROVER-DOUBLE,Pour-Over Kit,Equipment,Double,Carousel,1403.59,14.418,18,15.1,7,0.32,5.417,5.125,1.554,0.0,61,12.720856898330602,17854.86753392785,9487.879195695987,CRITICAL,69.93,PROTECT_INVENTORY,0,1403.59,1403.59,45,Inventory is critical with 0.3 days remaining. Protect stock before scaling ads.
2026-09-21,UB-POUROVER-DOUBLE,Pour-Over Kit,Equipment,Double,Image,1732.75,7.192,11,-3.23,0,0.0,4.78,5.285,1.89,0.0,61,11.130297433584328,19286.022878043244,10031.723955606378,CRITICAL,63.18,PROTECT_INVENTORY,0,1732.75,1732.75,45,Inventory is critical with 0.0 days remaining. Protect stock before scaling ads.
2026-09-22,UB-POUROVER-DOUBLE,Pour-Over Kit,Equipment,Double,Influencer Video,1860.18,10.625,17,4.67,0,0.0,4.182,8.393,2.764,7.692,61,13.08199296566537,24334.86167487141,12984.08562167156,CRITICAL,67.02,PROTECT_INVENTORY,0,1860.18,1860.18,45,Inventory is critical with 0.0 days remaining. Protect stock before scaling ads.
2026-09-23,UB-POUROVER-DOUBLE,Pour-Over Kit,Equipment,Double,Video,2027.02,10.806,19,2.68,0,0.0,3.944,8.127,2.166,5.0,61,13.830957699817697,28035.627876684466,15074.713004777524,CRITICAL,65.67,PROTECT_INVENTORY,0,2027.02,2027.02,45,Inventory is critical with 0.0 days remaining. Protect stock before scaling ads.
2026-09-24,UB-POUROVER-DOUBLE,Pour-Over Kit,Equipment,Double,Image,1251.8,28.874,22,8.9,0,0.0,3.857,7.731,2.45,16.0,61,18.32538300821945,22939.71444968911,12741.425814310358,CRITICAL,68.29,PROTECT_INVENTORY,0,1251.8,1251.8,45,Inventory is critical with 0.0 days remaining. Protect stock before scaling ads.
2026-09-25,UB-POUROVER-DOUBLE,Pour-Over Kit,Equipment,Double,Video,1986.86,18.469,21,7.92,0,0.0,5.353,6.79,1.746,8.696,61,14.968396373401816,29740.108018457133,16154.605891258852,CRITICAL,67.22,PROTECT_INVENTORY,0,1986.86,1986.86,45,Inventory is critical with 0.0 days remaining. Protect stock before scaling ads.
2026-09-26,UB-POUROVER-DOUBLE,Pour-Over Kit,Equipment,Double,Influencer Video,1725.48,11.93,17,3.04,0,0.0,4.831,6.833,2.322,10.0,61,16.858697037037043,29089.34456346668,16019.020183714674,CRITICAL,65.96,PROTECT_INVENTORY,0,1725.48,1725.48,45,Inventory is critical with 0.0 days remaining. Protect stock before scaling ads.
2026-09-27,UB-POUROVER-DOUBLE,Pour-Over Kit,Equipment,Double,Carousel,1701.18,13.243,20,3.89,0,0.0,3.772,8.791,2.484,4.762,61,14.90475619024824,25355.6731357265,13765.780612793167,CRITICAL,66.44,PROTECT_INVENTORY,0,1701.18,1701.18,45,Inventory is critical with 0.0 days remaining. Protect stock before scaling ads.
2026-09-28,UB-POUROVER-DOUBLE,Pour-Over Kit,Equipment,Double,Video,1628.52,18.88,23,6.1,0,0.0,4.824,5.972,2.421,8.0,61,15.452333561275346,25164.434251208124,13721.784893236956,CRITICAL,67.21,PROTECT_INVENTORY,0,1628.52,1628.52,45,Inventory is critical with 0.0 days remaining. Protect stock before scaling ads.
2026-09-01,UB-PRESS-350ML,French Press,Equipment,350 ml,Image,1105.88,4.686,17,4.76,1111,54.12,2.813,12.821,3.981,0.0,24,6.3325470252963605,7003.0371043347395,574.8489050403373,STRONG,67.43,MAINTAIN,0,1105.88,1105.88,60,Predicted ROAS is 6.33 and predicted profit is ₹574.85. Signals are within acceptable range. Maintain current budget.
2026-09-02,UB-PRESS-350ML,French Press,Equipment,350 ml,Image,999.34,7.457,17,7.12,1084,50.99,3.226,12.784,3.736,5.0,24,4.75519666006912,4752.058230273475,141.1539752656339,STRONG,62.55,MAINTAIN,0,999.34,999.34,60,Predicted ROAS is 4.76 and predicted profit is ₹141.15. Signals are within acceptable range. Maintain current budget.
2026-09-03,UB-PRESS-350ML,French Press,Equipment,350 ml,Video,1410.92,2.94,13,5.9,1058,65.51,3.035,9.254,3.242,7.143,24,2.957554680882182,4172.873050350288,-409.4304679159309,STRONG,55.31,DECREASE_BUDGET,-15,1410.92,1199.28,60,Predicted ROAS is 2.96 and predicted profit is ₹-409.43. Reduce inefficient ad spend.
2026-09-04,UB-PRESS-350ML,French Press,Equipment,350 ml,Image,1172.87,1.089,4,7.85,1050,194.81,3.565,8.824,3.101,0.0,24,4.540791869697443,5325.75856021204,105.31205445088972,STRONG,61.44,MAINTAIN,0,1172.87,1172.87,60,Predicted ROAS is 4.54 and predicted profit is ₹105.31. Signals are within acceptable range. Maintain current budget.
2026-09-05,UB-PRESS-350ML,French Press,Equipment,350 ml,Image,1283.8,4.041,13,-0.3,1029,64.31,2.662,17.391,4.643,4.762,24,4.141719247348435,5317.139169745921,-7.686599260978937,STRONG,58.53,DECREASE_BUDGET,-15,1283.8,1091.23,60,Predicted ROAS is 4.14 and predicted profit is ₹-7.69. Reduce inefficient ad spend.
2026-09-06,UB-PRESS-350ML,French Press,Equipment,350 ml,Influencer Video,1208.22,3.862,9,-0.23,1013,105.63,3.702,8.519,2.761,0.0,24,5.365631146573796,6482.862863913392,347.66708733921405,STRONG,60.95,RETARGET,0,1208.22,1208.22,60,High add-to-cart activity but weak purchase conversion. Retarget high-intent users.
2026-09-07,UB-PRESS-350ML,French Press,Equipment,350 ml,Influencer Video,1245.16,6.001,24,1.02,966,33.97,3.132,14.823,3.934,5.714,24,5.035515311662529,6270.022245469715,259.64533891273163,STRONG,61.44,MAINTAIN,0,1245.16,1245.16,60,Predicted ROAS is 5.04 and predicted profit is ₹259.65. Signals are within acceptable range. Maintain current budget.
2026-09-08,UB-PRESS-350ML,French Press,Equipment,350 ml,Image,1325.21,5.828,23,4.04,927,30.18,3.535,12.791,4.021,2.941,24,4.083316975851369,5411.2524895679935,-26.509402503681486,STRONG,59.33,DECREASE_BUDGET,-15,1325.21,1126.43,60,Predicted ROAS is 4.08 and predicted profit is ₹-26.51. Reduce inefficient ad spend.
2026-09-09,UB-PRESS-350ML,French Press,Equipment,350 ml,Video,1327.37,3.834,16,1.03,901,44.49,3.603,15.034,3.404,6.667,24,3.7289389179185046,4949.6816514774855,-139.44640364540328,STRONG,56.34,DECREASE_BUDGET,-15,1327.37,1128.26,60,Predicted ROAS is 3.73 and predicted profit is ₹-139.45. Reduce inefficient ad spend.
2026-09-10,UB-PRESS-350ML,French Press,Equipment,350 ml,Carousel,1417.88,3.509,13,22.31,880,57.89,3.403,10.511,3.266,0.0,24,3.086577728961712,4376.396830340233,-367.5447607183444,STRONG,61.07,DECREASE_BUDGET,-15,1417.88,1205.2,60,Predicted ROAS is 3.09 and predicted profit is ₹-367.54. Reduce inefficient ad spend.
2026-09-11,UB-PRESS-350ML,French Press,Equipment,350 ml,Image,1352.93,2.111,9,5.99,862,75.42,3.349,15.92,2.687,0.0,24,3.828314807376729,5179.4419523441975,-109.8639314373927,STRONG,57.83,RETARGET,0,1352.93,1352.93,60,High add-to-cart activity but weak purchase conversion. Retarget high-intent users.
2026-09-12,UB-PRESS-350ML,French Press,Equipment,350 ml,Video,1468.28,3.486,16,2.03,841,43.04,3.027,11.307,3.433,0.0,24,3.3547953832877813,4925.778965373784,-286.0930483102918,STRONG,55.44,DECREASE_BUDGET,-15,1468.28,1248.04,60,Predicted ROAS is 3.35 and predicted profit is ₹-286.09. Reduce inefficient ad spend.
2026-09-13,UB-PRESS-350ML,French Press,Equipment,350 ml,Image,1424.47,2.377,11,8.99,820,58.7,2.811,10.791,3.216,8.333,24,4.546604902537468,6476.5022855175475,129.89054852421123,STRONG,62.0,MAINTAIN,0,1424.47,1424.47,60,Predicted ROAS is 4.55 and predicted profit is ₹129.89. Signals are within acceptable range. Maintain current budget.
2026-09-14,UB-PRESS-350ML,French Press,Equipment,350 ml,Influencer Video,1327.67,5.021,17,12.69,794,44.28,4.347,12.613,3.202,0.0,24,3.6924968528114643,4902.417296572197,-151.08984882267282,STRONG,60.38,DECREASE_BUDGET,-15,1327.67,1128.52,60,Predicted ROAS is 3.69 and predicted profit is ₹-151.09. Reduce inefficient ad spend.
2026-09-15,UB-PRESS-350ML,French Press,Equipment,350 ml,Video,1123.67,2.605,9,7.2,778,77.03,2.928,12.552,3.191,0.0,24,4.132812350402807,4643.917253777122,-9.12985909349095,STRONG,59.86,DECREASE_BUDGET,-15,1123.67,955.12,60,Predicted ROAS is 4.13 and predicted profit is ₹-9.13. Reduce inefficient ad spend.
2026-09-16,UB-PRESS-350ML,French Press,Equipment,350 ml,Video,1273.6,3.241,11,10.26,762,54.31,3.255,18.729,2.472,8.333,24,5.5811244412529515,7108.120088379758,432.3488212111422,STRONG,65.35,RETARGET,0,1273.6,1273.6,60,High add-to-cart activity but weak purchase conversion. Retarget high-intent users.
2026-09-17,UB-PRESS-350ML,French Press,Equipment,350 ml,Image,1443.97,6.662,21,16.76,734,29.42,3.242,14.645,4.605,0.0,24,5.091977127881924,7352.662213347661,320.66893120343843,STRONG,67.83,MAINTAIN,0,1443.97,1443.97,60,Predicted ROAS is 5.09 and predicted profit is ₹320.67. Signals are within acceptable range. Maintain current budget.
2026-09-18,UB-PRESS-350ML,French Press,Equipment,350 ml,Image,1750.48,5.85,31,16.45,687,17.81,3.758,15.994,3.969,0.0,24,4.561437967767034,7984.705933816838,165.84942411604106,STRONG,57.48,MAINTAIN,0,1750.48,1750.48,60,Predicted ROAS is 4.56 and predicted profit is ₹165.85. Signals are within acceptable range. Maintain current budget.
2026-09-19,UB-PRESS-350ML,French Press,Equipment,350 ml,Image,1454.43,3.843,17,4.07,1347,56.53,2.931,19.703,4.038,3.846,24,4.575949665113062,6655.3984714303915,142.86563314329396,STRONG,61.08,MAINTAIN,0,1454.43,1454.43,60,Predicted ROAS is 4.58 and predicted profit is ₹142.87. Signals are within acceptable range. Maintain current budget.
2026-09-20,UB-PRESS-350ML,French Press,Equipment,350 ml,Video,1277.6,4.251,17,-2.96,1317,65.69,3.092,14.67,3.393,4.0,24,5.091186329301465,6504.499654315551,283.47991703573234,STRONG,59.6,MAINTAIN,0,1277.6,1277.6,60,Predicted ROAS is 5.09 and predicted profit is ₹283.48. Signals are within acceptable range. Maintain current budget.
2026-09-21,UB-PRESS-350ML,French Press,Equipment,350 ml,Image,1177.23,5.829,17,7.1,1294,61.71,3.685,12.802,3.455,5.556,24,3.9698193284253134,4673.390408002132,-55.61630207948815,STRONG,59.51,DECREASE_BUDGET,-15,1177.23,1000.65,60,Predicted ROAS is 3.97 and predicted profit is ₹-55.62. Reduce inefficient ad spend.
2026-09-22,UB-PRESS-350ML,French Press,Equipment,350 ml,Carousel,1174.05,3.418,13,4.9,1272,84.69,3.724,17.028,2.814,5.263,24,4.740503408544112,5565.588026801214,161.6911264322914,STRONG,60.74,RETARGET,0,1174.05,1174.05,60,High add-to-cart activity but weak purchase conversion. Retarget high-intent users.
2026-09-23,UB-PRESS-350ML,French Press,Equipment,350 ml,Image,1296.67,4.042,16,6.46,1243,67.63,3.795,15.356,3.951,5.556,24,4.115017290266041,5335.819469769268,-16.073327255375716,STRONG,60.28,DECREASE_BUDGET,-15,1296.67,1102.17,60,Predicted ROAS is 4.12 and predicted profit is ₹-16.07. Reduce inefficient ad spend.
2026-09-24,UB-PRESS-350ML,French Press,Equipment,350 ml,Video,1133.99,3.328,10,0.63,1222,101.58,2.92,7.164,2.404,9.091,24,5.1677865316121085,5860.218248982815,272.4623797558754,STRONG,60.23,CHANGE_CREATIVE,0,1133.99,1133.99,60,CTR is strong but purchase conversion is weak. Test new creatives or landing-page messaging.
2026-09-25,UB-PRESS-350ML,French Press,Equipment,350 ml,Image,1144.96,3.585,11,11.35,1205,102.55,3.1,9.79,2.17,8.333,24,5.112110626432618,5853.16218284029,259.7989238816697,STRONG,63.82,RETARGET,0,1144.96,1144.96,60,High add-to-cart activity but weak purchase conversion. Retarget high-intent users.
2026-09-26,UB-PRESS-350ML,French Press,Equipment,350 ml,Influencer Video,1388.59,3.385,14,7.73,1182,84.07,3.066,10.338,2.652,0.0,24,4.208376111427036,5843.708984566468,13.900156295952456,STRONG,59.78,RETARGET,0,1388.59,1388.59,60,High add-to-cart activity but weak purchase conversion. Retarget high-intent users.
2026-09-27,UB-PRESS-350ML,French Press,Equipment,350 ml,Influencer Video,1328.03,2.478,10,3.28,1167,86.83,3.348,16.822,2.604,0.0,24,4.222705605268521,5607.879724964754,17.86113399154101,STRONG,58.11,RETARGET,0,1328.03,1328.03,60,High add-to-cart activity but weak purchase conversion. Retarget high-intent users.
2026-09-28,UB-PRESS-350ML,French Press,Equipment,350 ml,Carousel,1399.5,3.358,14,7.99,1140,67.86,4.232,15.891,3.16,6.667,24,5.049193300725203,7066.3460243649215,296.4230458475813,STRONG,63.33,MAINTAIN,0,1399.5,1399.5,60,Predicted ROAS is 5.05 and predicted profit is ₹296.42. Signals are within acceptable range. Maintain current budget.
2026-09-01,UB-PRESS-1L,French Press,Equipment,1 L,Video,2177.62,5.839,16,-0.02,910,48.17,2.998,11.475,3.162,8.333,29,3.5346342244959716,7697.0901799469175,54.53615218460618,STRONG,57.53,DECREASE_BUDGET,-15,2177.62,1850.98,60,Predicted ROAS is 3.53 and predicted profit is ₹54.54. Reduce inefficient ad spend.
2026-09-02,UB-PRESS-1L,French Press,Equipment,1 L,Carousel,1805.33,1.905,4,4.39,621,135.0,2.061,5.634,1.413,0.0,29,5.286922736985436,9544.640224761917,962.6156651809561,STRONG,63.56,MAINTAIN,0,1805.33,1805.33,60,Predicted ROAS is 5.29 and predicted profit is ₹962.62. Signals are within acceptable range. Maintain current budget.
2026-09-03,UB-PRESS-1L,French Press,Equipment,1 L,Image,2088.73,5.607,16,-3.7,846,49.42,2.14,12.017,2.925,4.545,29,3.6142467964474827,7549.18571114375,100.53385623168742,STRONG,56.19,RETARGET,0,2088.73,2088.73,60,High add-to-cart activity but weak purchase conversion. Retarget high-intent users.
2026-09-04,UB-PRESS-1L,French Press,Equipment,1 L,Image,2229.69,2.895,9,1.86,691,70.3,2.997,6.138,1.708,10.0,29,5.870374577803238,13089.115492382103,1566.1534927908097,STRONG,64.95,FIX_PAYMENT,0,2229.69,2229.69,60,Payment failure rate is 10.0%. Fix payment issues before increasing spend.
2026-09-05,UB-PRESS-1L,French Press,Equipment,1 L,Image,1430.79,7.205,11,8.9,728,58.71,2.578,8.889,2.638,0.0,29,4.136314594208992,5918.197558248284,285.48729189200253,STRONG,62.45,RETARGET,0,1430.79,1430.79,60,High add-to-cart activity but weak purchase conversion. Retarget high-intent users.
2026-09-06,UB-PRESS-1L,French Press,Equipment,1 L,Influencer Video,1920.24,3.204,7,15.18,650,72.46,2.955,6.497,1.795,0.0,29,4.093662433350982,7860.81435101789,359.39616179518794,STRONG,63.82,CHANGE_CREATIVE,0,1920.24,1920.24,60,CTR is strong but purchase conversion is weak. Test new creatives or landing-page messaging.
2026-09-07,UB-PRESS-1L,French Press,Equipment,1 L,Image,2141.42,2.641,7,7.85,623,75.98,1.718,7.435,2.8,0.0,29,4.968467955930694,10639.576650189107,944.057228554841,STRONG,65.13,MAINTAIN,0,2141.42,2141.42,60,Predicted ROAS is 4.97 and predicted profit is ₹944.06. Signals are within acceptable range. Maintain current budget.
2026-09-08,UB-PRESS-1L,French Press,Equipment,1 L,Influencer Video,1826.15,4.365,11,2.36,691,55.15,2.872,10.312,2.644,8.333,29,4.095900979786349,7479.729574236842,342.9715765286842,STRONG,59.86,RETARGET,0,1826.15,1826.15,60,High add-to-cart activity but weak purchase conversion. Retarget high-intent users.
2026-09-09,UB-PRESS-1L,French Press,Equipment,1 L,Video,1805.25,3.344,8,0.92,635,61.89,2.53,6.765,1.985,0.0,29,4.396817538008266,7937.354860489422,496.5829095419326,STRONG,59.72,CHANGE_CREATIVE,0,1805.25,1805.25,60,CTR is strong but purchase conversion is weak. Test new creatives or landing-page messaging.
2026-09-10,UB-PRESS-1L,French Press,Equipment,1 L,Image,2332.74,3.757,12,8.16,717,46.92,3.707,12.048,2.317,9.091,29,4.7225168533170265,11016.40396440676,862.0171496779608,STRONG,63.91,RETARGET,0,2332.74,2332.74,60,High add-to-cart activity but weak purchase conversion. Retarget high-intent users.
2026-09-11,UB-PRESS-1L,French Press,Equipment,1 L,Video,2052.75,5.084,14,1.19,713,44.34,3.063,9.549,2.991,5.556,29,6.343114773371112,13020.82885103755,1723.2903668008894,STRONG,67.64,RETARGET,0,2052.75,2052.75,60,High add-to-cart activity but weak purchase conversion. Retarget high-intent users.
2026-09-12,UB-PRESS-1L,French Press,Equipment,1 L,Video,1515.7,8.805,14,-4.09,699,43.02,2.756,8.919,3.636,6.667,29,4.483741977778413,6796.007715718741,455.1422375584348,STRONG,59.8,MAINTAIN,0,1515.7,1515.7,60,Predicted ROAS is 4.48 and predicted profit is ₹455.14. Signals are within acceptable range. Maintain current budget.
2026-09-13,UB-PRESS-1L,French Press,Equipment,1 L,Influencer Video,2472.46,2.958,10,-1.52,619,48.25,3.309,9.662,1.996,7.143,29,4.734580108418926,11706.059934861458,922.2973811098227,STRONG,60.0,RETARGET,0,2472.46,2472.46,60,High add-to-cart activity but weak purchase conversion. Retarget high-intent users.
2026-09-14,UB-PRESS-1L,French Press,Equipment,1 L,Video,2028.58,4.606,13,-1.89,671,41.14,2.53,7.014,2.519,7.143,29,5.533930189139429,11226.020103084464,1226.9658298944946,STRONG,63.18,CHANGE_CREATIVE,0,2028.58,2028.58,60,CTR is strong but purchase conversion is weak. Test new creatives or landing-page messaging.
2026-09-15,UB-PRESS-1L,French Press,Equipment,1 L,Video,1702.95,7.123,17,12.5,706,36.41,3.923,11.574,2.872,4.762,29,3.610871284709437,6149.133254295935,80.29864374582121,STRONG,62.2,RETARGET,0,1702.95,1702.95,60,High add-to-cart activity but weak purchase conversion. Retarget high-intent users.
2026-09-16,UB-PRESS-1L,French Press,Equipment,1 L,Influencer Video,1956.47,2.594,7,11.77,488,56.09,2.958,3.855,1.496,0.0,29,4.849139035032717,9487.19504787046,794.8165638824337,STRONG,64.88,CHANGE_CREATIVE,0,1956.47,1956.47,60,CTR is strong but purchase conversion is weak. Test new creatives or landing-page messaging.
2026-09-17,UB-PRESS-1L,French Press,Equipment,1 L,Image,1629.46,4.605,10,5.0,540,44.37,2.326,7.283,2.283,10.0,29,4.10406283237703,6687.406222845076,309.8878046250718,STRONG,60.52,FIX_PAYMENT,0,1629.46,1629.46,60,Payment failure rate is 10.0%. Fix payment issues before increasing spend.
2026-09-18,UB-PRESS-1L,French Press,Equipment,1 L,Image,2062.13,2.768,8,3.03,498,46.94,2.611,8.099,2.241,0.0,29,4.987183377359468,10284.22045795428,920.2939328067409,STRONG,62.83,RETARGET,0,2062.13,2062.13,60,High add-to-cart activity but weak purchase conversion. Retarget high-intent users.
2026-09-19,UB-PRESS-1L,French Press,Equipment,1 L,Video,1691.07,5.848,10,17.75,501,44.06,2.794,10.943,2.342,0.0,29,5.631261748251962,9522.857804616446,1070.5587633387693,STRONG,70.71,RETARGET,0,1691.07,1691.07,75,High add-to-cart activity but weak purchase conversion. Retarget high-intent users.
2026-09-20,UB-PRESS-1L,French Press,Equipment,1 L,Influencer Video,2045.6,6.263,12,-3.69,571,36.49,2.812,9.677,2.429,0.0,29,4.032785105547344,8249.465211907645,346.74491145321736,STRONG,57.16,RETARGET,0,2045.6,2045.6,60,High add-to-cart activity but weak purchase conversion. Retarget high-intent users.
2026-09-21,UB-PRESS-1L,French Press,Equipment,1 L,Video,2169.15,3.026,7,1.82,427,48.36,2.506,10.36,2.341,0.0,29,4.342863191465721,9420.32169176787,562.7432906126819,STRONG,60.22,RETARGET,0,2169.15,2169.15,60,High add-to-cart activity but weak purchase conversion. Retarget high-intent users.
2026-09-22,UB-PRESS-1L,French Press,Equipment,1 L,Influencer Video,1584.08,3.999,7,-2.49,398,50.57,2.819,4.733,1.426,12.5,29,5.617384008692613,8898.385660489794,996.4518415420403,STRONG,62.15,FIX_PAYMENT,0,1584.08,1584.08,60,Payment failure rate is 12.5%. Fix payment issues before increasing spend.
2026-09-23,UB-PRESS-1L,French Press,Equipment,1 L,Video,2254.88,4.112,11,2.28,517,35.61,2.633,6.954,2.268,0.0,29,4.6094095362801895,10393.665375167475,759.282958798568,STRONG,61.26,CHANGE_CREATIVE,0,2254.88,2254.88,60,CTR is strong but purchase conversion is weak. Test new creatives or landing-page messaging.
2026-09-24,UB-PRESS-1L,French Press,Equipment,1 L,Video,2413.4,3.509,11,-1.2,500,34.79,2.874,6.173,2.015,0.0,29,4.965999189872248,11984.942444837683,1062.2333090029279,STRONG,60.95,CHANGE_CREATIVE,0,2413.4,2413.4,60,CTR is strong but purchase conversion is weak. Test new creatives or landing-page messaging.
2026-09-25,UB-PRESS-1L,French Press,Equipment,1 L,Image,1913.83,3.279,6,-3.81,729,110.96,2.578,4.834,1.348,0.0,29,4.876259229178271,9332.33120057825,792.5460481676928,STRONG,58.99,CHANGE_CREATIVE,0,1913.83,1913.83,60,CTR is strong but purchase conversion is weak. Test new creatives or landing-page messaging.
2026-09-26,UB-PRESS-1L,French Press,Equipment,1 L,Influencer Video,1347.82,4.836,9,5.76,837,66.01,2.107,6.509,2.332,0.0,29,4.516371550779474,6087.25590357159,417.4842120357612,STRONG,62.3,MAINTAIN,0,1347.82,1347.82,60,Predicted ROAS is 4.52 and predicted profit is ₹417.48. Signals are within acceptable range. Maintain current budget.
2026-09-27,UB-PRESS-1L,French Press,Equipment,1 L,Video,1739.8,4.92,11,-8.74,816,66.78,3.041,9.581,2.902,7.143,29,4.8096371655601615,8367.806740641568,686.863954786055,STRONG,58.46,RETARGET,0,1739.8,1739.8,60,High add-to-cart activity but weak purchase conversion. Retarget high-intent users.
2026-09-28,UB-PRESS-1L,French Press,Equipment,1 L,Video,1206.78,8.82,12,-3.5,828,60.93,2.826,7.902,2.186,0.0,29,7.88015468422291,9509.613069826524,1551.007790249692,STRONG,70.45,CHANGE_CREATIVE,0,1206.78,1206.78,75,CTR is strong but purchase conversion is weak. Test new creatives or landing-page messaging.
2026-09-01,UB-MUG-SETOF2,Ceramic Mug Set,Gifts,Set of 2,Image,2397.59,10.67,29,7.29,50,1.4,3.554,8.057,2.69,2.703,41,11.82090351759864,28341.680064759326,9222.498826551324,CRITICAL,68.86,PROTECT_INVENTORY,0,2397.59,2397.59,45,Inventory is critical with 1.4 days remaining. Protect stock before scaling ads.
2026-09-02,UB-MUG-SETOF2,Ceramic Mug Set,Gifts,Set of 2,Image,1898.67,13.579,32,12.85,21,0.49,3.029,7.469,2.917,2.564,41,8.231877561050062,15629.618968838922,4509.473777223958,CRITICAL,64.37,PROTECT_INVENTORY,0,1898.67,1898.67,45,Inventory is critical with 0.5 days remaining. Protect stock before scaling ads.
2026-09-03,UB-MUG-SETOF2,Ceramic Mug Set,Gifts,Set of 2,Influencer Video,2397.24,7.213,27,11.64,0,0.0,4.53,8.375,1.773,0.0,41,8.42544657048968,20197.817536640676,5883.865190022678,CRITICAL,63.13,PROTECT_INVENTORY,0,2397.24,2397.24,45,Inventory is critical with 0.0 days remaining. Protect stock before scaling ads.
2026-09-04,UB-MUG-SETOF2,Ceramic Mug Set,Gifts,Set of 2,Video,1781.94,9.143,27,5.7,0,0.0,6.551,7.518,2.574,2.941,41,9.094128140265706,16205.190698265073,4862.18818628868,CRITICAL,64.04,PROTECT_INVENTORY,0,1781.94,1781.94,45,Inventory is critical with 0.0 days remaining. Protect stock before scaling ads.
2026-09-05,UB-MUG-SETOF2,Ceramic Mug Set,Gifts,Set of 2,Video,1926.68,9.191,28,6.11,0,0.0,3.968,11.88,2.697,7.895,41,7.504491668133718,14458.754007159872,4001.4091429355467,CRITICAL,58.75,PROTECT_INVENTORY,0,1926.68,1926.68,30,Inventory is critical with 0.0 days remaining. Protect stock before scaling ads.
2026-09-06,UB-MUG-SETOF2,Ceramic Mug Set,Gifts,Set of 2,Video,2836.21,6.6,25,-3.03,0,0.0,5.136,7.514,1.933,0.0,41,8.591000840485995,24365.882493794783,7153.801822455861,CRITICAL,58.37,PROTECT_INVENTORY,0,2836.21,2836.21,45,Inventory is critical with 0.0 days remaining. Protect stock before scaling ads.
2026-09-07,UB-MUG-SETOF2,Ceramic Mug Set,Gifts,Set of 2,Image,2004.04,9.087,29,10.73,0,0.0,6.142,9.475,1.939,2.778,41,9.184007871375886,18405.11913455213,5542.058845166373,CRITICAL,65.61,PROTECT_INVENTORY,0,2004.04,2004.04,45,Inventory is critical with 0.0 days remaining. Protect stock before scaling ads.
2026-09-08,UB-MUG-SETOF2,Ceramic Mug Set,Gifts,Set of 2,Carousel,1777.43,9.584,28,12.05,0,0.0,4.735,6.68,1.9,3.448,41,8.12732704817181,14445.754915232023,4145.329515245129,CRITICAL,62.36,PROTECT_INVENTORY,0,1777.43,1777.43,45,Inventory is critical with 0.0 days remaining. Protect stock before scaling ads.
2026-09-09,UB-MUG-SETOF2,Ceramic Mug Set,Gifts,Set of 2,Video,2480.01,7.725,31,10.0,0,0.0,5.118,7.51,2.291,8.824,41,8.294217234539907,20569.74168383132,5953.584090370841,CRITICAL,62.57,PROTECT_INVENTORY,0,2480.01,2480.01,45,Inventory is critical with 0.0 days remaining. Protect stock before scaling ads.
2026-09-10,UB-MUG-SETOF2,Ceramic Mug Set,Gifts,Set of 2,Video,2427.1,8.489,32,13.73,0,0.0,4.915,10.054,2.181,3.03,41,7.866033353700706,19091.649552766983,5400.476316634464,CRITICAL,62.36,PROTECT_INVENTORY,0,2427.1,2427.1,30,Inventory is critical with 0.0 days remaining. Protect stock before scaling ads.
2026-09-11,UB-MUG-SETOF2,Ceramic Mug Set,Gifts,Set of 2,Video,2155.58,7.382,25,2.16,0,0.0,4.492,9.236,2.778,8.571,41,9.018507481319693,19440.114356583104,5814.866886199073,CRITICAL,62.65,PROTECT_INVENTORY,0,2155.58,2155.58,45,Inventory is critical with 0.0 days remaining. Protect stock before scaling ads.
2026-09-12,UB-MUG-SETOF2,Ceramic Mug Set,Gifts,Set of 2,Video,2268.21,9.967,36,8.63,0,0.0,4.357,7.932,2.81,5.556,41,11.66818196242451,26465.8870089909,8582.80367368627,CRITICAL,68.55,PROTECT_INVENTORY,0,2268.21,2268.21,45,Inventory is critical with 0.0 days remaining. Protect stock before scaling ads.
2026-09-13,UB-MUG-SETOF2,Ceramic Mug Set,Gifts,Set of 2,Image,2107.22,13.445,35,7.21,0,0.0,7.189,10.057,2.522,8.108,41,9.165861752666006,19314.48720245286,5811.719753005673,CRITICAL,64.81,PROTECT_INVENTORY,0,2107.22,2107.22,45,Inventory is critical with 0.0 days remaining. Protect stock before scaling ads.
2026-09-14,UB-MUG-SETOF2,Ceramic Mug Set,Gifts,Set of 2,Carousel,2210.02,7.926,16,21.47,0,0.0,5.372,7.282,1.5,5.882,41,10.273981291668301,22705.704134212778,7099.318695027239,CRITICAL,71.5,PROTECT_INVENTORY,0,2210.02,2210.02,60,Inventory is critical with 0.0 days remaining. Protect stock before scaling ads.
2026-09-15,UB-MUG-SETOF2,Ceramic Mug Set,Gifts,Set of 2,Carousel,2498.81,10.677,35,16.7,0,0.0,6.094,10.243,2.495,7.143,41,7.611420300725105,19019.4931616549,5299.182196278509,CRITICAL,62.9,PROTECT_INVENTORY,0,2498.81,2498.81,30,Inventory is critical with 0.0 days remaining. Protect stock before scaling ads.
2026-09-16,UB-MUG-SETOF2,Ceramic Mug Set,Gifts,Set of 2,Video,2146.18,4.493,16,10.79,0,0.0,5.263,6.031,1.798,5.882,41,9.887043949329017,21219.37598317095,6553.764153100088,CRITICAL,67.95,PROTECT_INVENTORY,0,2146.18,2146.18,45,Inventory is critical with 0.0 days remaining. Protect stock before scaling ads.
2026-09-17,UB-MUG-SETOF2,Ceramic Mug Set,Gifts,Set of 2,Image,2288.09,11.221,33,10.5,0,0.0,4.196,7.685,2.367,8.333,41,13.051141871693122,29862.187205202317,9955.40675413295,CRITICAL,68.8,PROTECT_INVENTORY,0,2288.09,2288.09,45,Inventory is critical with 0.0 days remaining. Protect stock before scaling ads.
2026-09-18,UB-MUG-SETOF2,Ceramic Mug Set,Gifts,Set of 2,Video,1782.73,17.177,40,12.13,0,0.0,5.283,9.497,2.764,6.818,41,7.774503573633151,13859.840755823026,3899.804709887441,CRITICAL,62.02,PROTECT_INVENTORY,0,1782.73,1782.73,30,Inventory is critical with 0.0 days remaining. Protect stock before scaling ads.
2026-09-19,UB-MUG-SETOF2,Ceramic Mug Set,Gifts,Set of 2,Video,3124.33,5.767,29,15.4,0,0.0,5.151,11.823,2.153,3.226,41,7.230455890075364,22590.330251039162,6137.705402926056,CRITICAL,60.73,PROTECT_INVENTORY,0,3124.33,3124.33,30,Inventory is critical with 0.0 days remaining. Protect stock before scaling ads.
2026-09-20,UB-MUG-SETOF2,Ceramic Mug Set,Gifts,Set of 2,Influencer Video,1666.84,7.496,20,-0.21,253,9.61,3.438,8.967,2.681,0.0,41,11.764345483529725,19609.281625766685,6372.96546656434,HEALTHY,71.51,RETARGET,0,1666.84,1666.84,80,High add-to-cart activity but weak purchase conversion. Retarget high-intent users.
2026-09-21,UB-MUG-SETOF2,Ceramic Mug Set,Gifts,Set of 2,Influencer Video,1926.54,14.899,39,1.88,224,4.01,3.904,8.38,3.539,2.439,41,6.192209142515987,11929.538601422748,2964.5708265833264,LOW,56.09,MAINTAIN,0,1926.54,1926.54,50,Predicted ROAS is 6.19 and predicted profit is ₹2964.57. Signals are within acceptable range. Maintain current budget.
2026-09-22,UB-MUG-SETOF2,Ceramic Mug Set,Gifts,Set of 2,Influencer Video,2152.98,2.831,10,3.4,211,16.33,4.612,8.163,1.808,0.0,41,8.592992999082439,18500.542067164508,5432.242247537448,STRONG,71.55,RETARGET,0,2152.98,2152.98,90,High add-to-cart activity but weak purchase conversion. Retarget high-intent users.
2026-09-23,UB-MUG-SETOF2,Ceramic Mug Set,Gifts,Set of 2,Image,2269.64,10.286,38,2.0,176,3.53,5.113,9.689,3.167,6.383,41,9.804826844608778,22253.427199597867,6854.265151835127,LOW,68.09,MAINTAIN,0,2269.64,2269.64,65,Predicted ROAS is 9.8 and predicted profit is ₹6854.27. Signals are within acceptable range. Maintain current budget.
2026-09-24,UB-MUG-SETOF2,Ceramic Mug Set,Gifts,Set of 2,Video,2355.4,8.255,25,-0.19,152,4.79,5.783,9.115,2.372,3.846,41,9.510960299234444,22402.11588881681,6829.467514414893,LOW,66.28,RETARGET,0,2355.4,2355.4,65,High add-to-cart activity but weak purchase conversion. Retarget high-intent users.
2026-09-25,UB-MUG-SETOF2,Ceramic Mug Set,Gifts,Set of 2,Video,2152.0,7.462,20,16.07,130,5.21,4.289,5.778,1.99,12.5,41,8.617041067551511,18543.87237737085,5450.987674722049,LOW,69.15,FIX_PAYMENT,0,2152.0,2152.0,65,Payment failure rate is 12.5%. Fix payment issues before increasing spend.
2026-09-26,UB-MUG-SETOF2,Ceramic Mug Set,Gifts,Set of 2,Influencer Video,2841.88,4.235,20,7.69,113,4.52,4.69,9.618,2.262,10.0,41,8.421367756044122,23932.51659854667,6970.4518054041355,LOW,65.13,FIX_PAYMENT,0,2841.88,2841.88,65,Payment failure rate is 10.0%. Fix payment issues before increasing spend.
2026-09-27,UB-MUG-SETOF2,Ceramic Mug Set,Gifts,Set of 2,Image,2141.67,5.136,14,-9.7,98,5.69,4.292,6.604,1.703,6.667,41,8.837387402936166,18926.7674792463,5618.304666490983,LOW,60.29,CHANGE_CREATIVE,0,2141.67,2141.67,65,CTR is strong but purchase conversion is weak. Test new creatives or landing-page messaging.
2026-09-28,UB-MUG-SETOF2,Ceramic Mug Set,Gifts,Set of 2,Image,2108.43,10.325,27,-1.93,69,1.93,5.702,10.337,2.457,2.564,41,9.564051910723212,20165.13397012614,6159.274927751716,CRITICAL,63.99,PROTECT_INVENTORY,0,2108.43,2108.43,45,Inventory is critical with 1.9 days remaining. Protect stock before scaling ads.
2026-09-01,UB-MUG-SETOF4,Ceramic Mug Set,Gifts,Set of 4,Video,2071.35,8.547,25,-1.01,77,2.46,3.811,9.107,2.372,11.111,43,6.293553617195409,13036.152284977708,3534.195482540415,CRITICAL,53.16,PROTECT_INVENTORY,0,2071.35,2071.35,30,Inventory is critical with 2.5 days remaining. Protect stock before scaling ads.
2026-09-02,UB-MUG-SETOF4,Ceramic Mug Set,Gifts,Set of 4,Carousel,2598.64,5.449,20,4.65,60,2.35,4.18,6.471,2.07,0.0,43,6.497045937565388,16883.48345519492,4661.257885733816,CRITICAL,55.62,PROTECT_INVENTORY,0,2598.64,2598.64,30,Inventory is critical with 2.4 days remaining. Protect stock before scaling ads.
2026-09-03,UB-MUG-SETOF4,Ceramic Mug Set,Gifts,Set of 4,Image,1950.62,7.047,21,9.56,44,1.64,4.113,7.741,2.448,0.0,43,5.826822780918061,11365.917052914387,2936.724332753187,CRITICAL,55.02,PROTECT_INVENTORY,0,1950.62,1950.62,30,Inventory is critical with 1.6 days remaining. Protect stock before scaling ads.
2026-09-04,UB-MUG-SETOF4,Ceramic Mug Set,Gifts,Set of 4,Video,2234.3,5.11,22,5.98,28,0.93,2.991,9.919,2.588,4.348,43,6.028904319186281,13470.380920357908,3557.9637957539,CRITICAL,54.05,PROTECT_INVENTORY,0,2234.3,2234.3,30,Inventory is critical with 0.9 days remaining. Protect stock before scaling ads.
2026-09-05,UB-MUG-SETOF4,Ceramic Mug Set,Gifts,Set of 4,Video,2158.01,6.427,19,2.63,9,0.36,3.764,6.41,1.507,0.0,43,6.796134176694043,14666.125514647512,4148.42397129843,CRITICAL,54.02,PROTECT_INVENTORY,0,2158.01,2158.01,30,Inventory is critical with 0.4 days remaining. Protect stock before scaling ads.
2026-09-06,UB-MUG-SETOF4,Ceramic Mug Set,Gifts,Set of 4,Image,1876.83,7.664,28,7.48,0,0.0,4.168,8.447,2.564,0.0,43,5.978343203542173,11220.333874704056,2947.9135661227447,CRITICAL,53.79,PROTECT_INVENTORY,0,1876.83,1876.83,30,Inventory is critical with 0.0 days remaining. Protect stock before scaling ads.
2026-09-07,UB-MUG-SETOF4,Ceramic Mug Set,Gifts,Set of 4,Influencer Video,2223.99,4.261,14,8.07,0,0.0,3.422,6.435,1.677,0.0,43,7.50559666465904,16692.371926235057,4953.7299282810745,CRITICAL,58.47,PROTECT_INVENTORY,0,2223.99,2223.99,30,Inventory is critical with 0.0 days remaining. Protect stock before scaling ads.
2026-09-08,UB-MUG-SETOF4,Ceramic Mug Set,Gifts,Set of 4,Image,1844.92,8.922,32,-8.76,0,0.0,4.531,10.467,2.855,8.571,43,7.73261151042677,14266.049627816556,4289.481339961119,CRITICAL,54.13,PROTECT_INVENTORY,0,1844.92,1844.92,30,Inventory is critical with 0.0 days remaining. Protect stock before scaling ads.
2026-09-09,UB-MUG-SETOF4,Ceramic Mug Set,Gifts,Set of 4,Video,1957.99,7.998,26,5.89,0,0.0,2.904,11.273,3.807,3.571,43,6.500216033774807,12727.357991970734,3514.7739365474163,CRITICAL,56.27,PROTECT_INVENTORY,0,1957.99,1957.99,30,Inventory is critical with 0.0 days remaining. Protect stock before scaling ads.
2026-09-10,UB-MUG-SETOF4,Ceramic Mug Set,Gifts,Set of 4,Influencer Video,2054.98,6.248,23,7.42,0,0.0,5.075,8.307,2.662,4.167,43,6.494292034741373,13345.640245552828,3683.645305587716,CRITICAL,55.67,PROTECT_INVENTORY,0,2054.98,2054.98,30,Inventory is critical with 0.0 days remaining. Protect stock before scaling ads.
2026-09-11,UB-MUG-SETOF4,Ceramic Mug Set,Gifts,Set of 4,Video,2547.54,6.21,27,15.35,0,0.0,3.786,7.115,1.86,3.571,43,4.231350078970831,10779.53358018135,2087.6594394779813,CRITICAL,49.93,PROTECT_INVENTORY,0,2547.54,2547.54,30,Inventory is critical with 0.0 days remaining. Protect stock before scaling ads.
2026-09-12,UB-MUG-SETOF4,Ceramic Mug Set,Gifts,Set of 4,Influencer Video,2692.07,3.014,15,6.26,0,0.0,2.968,7.906,2.131,0.0,43,5.153864663791558,13874.564445453341,3273.992711544937,CRITICAL,50.02,PROTECT_INVENTORY,0,2692.07,2692.07,30,Inventory is critical with 0.0 days remaining. Protect stock before scaling ads.
2026-09-13,UB-MUG-SETOF4,Ceramic Mug Set,Gifts,Set of 4,Influencer Video,2292.46,3.81,15,5.45,0,0.0,3.16,9.705,2.451,0.0,43,5.708495412564521,13086.497393487663,3334.7338791996954,CRITICAL,51.97,PROTECT_INVENTORY,0,2292.46,2292.46,30,Inventory is critical with 0.0 days remaining. Protect stock before scaling ads.
2026-09-14,UB-MUG-SETOF4,Ceramic Mug Set,Gifts,Set of 4,Influencer Video,2479.15,5.651,26,1.87,0,0.0,3.446,8.308,1.986,10.714,43,7.003976811105726,17363.90911125276,4987.330917838688,CRITICAL,54.7,PROTECT_INVENTORY,0,2479.15,2479.15,30,Inventory is critical with 0.0 days remaining. Protect stock before scaling ads.
2026-09-15,UB-MUG-SETOF4,Ceramic Mug Set,Gifts,Set of 4,Influencer Video,2468.26,8.837,40,8.25,0,0.0,2.785,11.646,5.277,9.302,43,7.363140990879024,18174.14638214706,5346.622944323236,CRITICAL,61.64,PROTECT_INVENTORY,0,2468.26,2468.26,30,Inventory is critical with 0.0 days remaining. Protect stock before scaling ads.
2026-09-16,UB-MUG-SETOF4,Ceramic Mug Set,Gifts,Set of 4,Carousel,2176.53,7.742,32,2.07,0,0.0,4.367,9.832,2.504,8.824,43,6.751023719519457,14693.805656245686,4141.806432185644,CRITICAL,54.41,PROTECT_INVENTORY,0,2176.53,2176.53,30,Inventory is critical with 0.0 days remaining. Protect stock before scaling ads.
2026-09-17,UB-MUG-SETOF4,Ceramic Mug Set,Gifts,Set of 4,Carousel,2403.54,6.447,29,13.73,0,0.0,3.92,7.378,2.824,3.333,43,5.4666361709880125,13139.278702416528,3246.349842039107,CRITICAL,54.61,PROTECT_INVENTORY,0,2403.54,2403.54,30,Inventory is critical with 0.0 days remaining. Protect stock before scaling ads.
2026-09-18,UB-MUG-SETOF4,Ceramic Mug Set,Gifts,Set of 4,Influencer Video,2542.05,3.922,14,0.92,0,0.0,3.248,6.162,1.726,6.667,43,5.927762256195448,15068.66804336164,3937.4772586455056,CRITICAL,50.32,PROTECT_INVENTORY,0,2542.05,2542.05,30,Inventory is critical with 0.0 days remaining. Protect stock before scaling ads.
2026-09-19,UB-MUG-SETOF4,Ceramic Mug Set,Gifts,Set of 4,Carousel,1916.18,5.568,20,-2.09,0,0.0,4.637,8.851,3.086,0.0,43,6.651969478383548,12746.370875088987,3564.7594762882645,CRITICAL,53.08,PROTECT_INVENTORY,0,1916.18,1916.18,30,Inventory is critical with 0.0 days remaining. Protect stock before scaling ads.
2026-09-20,UB-MUG-SETOF4,Ceramic Mug Set,Gifts,Set of 4,Video,2779.61,6.727,30,7.69,0,0.0,3.627,9.358,2.183,9.375,43,4.979880149379135,13842.12466201574,3172.503604666768,CRITICAL,50.0,PROTECT_INVENTORY,0,2779.61,2779.61,30,Inventory is critical with 0.0 days remaining. Protect stock before scaling ads.
2026-09-21,UB-MUG-SETOF4,Ceramic Mug Set,Gifts,Set of 4,Carousel,2554.76,4.214,21,6.12,0,0.0,3.18,6.75,2.043,4.545,43,6.096587459070019,15575.317776933724,4142.626644081501,CRITICAL,53.18,PROTECT_INVENTORY,0,2554.76,2554.76,30,Inventory is critical with 0.0 days remaining. Protect stock before scaling ads.
2026-09-22,UB-MUG-SETOF4,Ceramic Mug Set,Gifts,Set of 4,Video,2096.51,6.182,26,11.42,0,0.0,3.409,7.025,2.493,10.714,43,6.218054355967107,13036.213137828601,3509.0616492662984,CRITICAL,56.04,PROTECT_INVENTORY,0,2096.51,2096.51,30,Inventory is critical with 0.0 days remaining. Protect stock before scaling ads.
2026-09-23,UB-MUG-SETOF4,Ceramic Mug Set,Gifts,Set of 4,Influencer Video,2356.74,3.611,11,-1.88,197,17.33,3.746,2.983,1.218,0.0,43,6.547834613106285,15431.543746092104,4278.823810819606,STRONG,62.48,CHANGE_CREATIVE,0,2356.74,2356.74,60,CTR is strong but purchase conversion is weak. Test new creatives or landing-page messaging.
2026-09-24,UB-MUG-SETOF4,Ceramic Mug Set,Gifts,Set of 4,Image,2205.17,7.027,29,10.63,165,5.19,3.143,7.452,2.984,9.677,43,5.850069468287106,12900.397689382678,3342.0010064345515,LOW,58.41,CHANGE_CREATIVE,0,2205.17,2205.17,50,CTR is strong but purchase conversion is weak. Test new creatives or landing-page messaging.
2026-09-25,UB-MUG-SETOF4,Ceramic Mug Set,Gifts,Set of 4,Carousel,1604.99,4.232,13,-6.82,153,10.17,3.173,3.486,1.34,0.0,43,5.805321080824321,9317.482281512226,2401.5273810502576,HEALTHY,53.38,CHANGE_CREATIVE,0,1604.99,1604.99,50,CTR is strong but purchase conversion is weak. Test new creatives or landing-page messaging.
2026-09-26,UB-MUG-SETOF4,Ceramic Mug Set,Gifts,Set of 4,Video,2441.19,2.333,11,-2.03,141,9.3,3.503,4.778,1.272,0.0,43,6.260667547693859,15283.479010754772,4130.705974624552,HEALTHY,56.12,CHANGE_CREATIVE,0,2441.19,2441.19,50,CTR is strong but purchase conversion is weak. Test new creatives or landing-page messaging.
2026-09-27,UB-MUG-SETOF4,Ceramic Mug Set,Gifts,Set of 4,Image,2344.79,5.367,25,4.41,118,4.17,4.42,8.122,1.595,3.846,43,6.157498085664856,14438.039936286097,3863.5671726030214,LOW,55.08,RETARGET,0,2344.79,2344.79,50,High add-to-cart activity but weak purchase conversion. Retarget high-intent users.
2026-09-28,UB-MUG-SETOF4,Ceramic Mug Set,Gifts,Set of 4,Influencer Video,2997.93,5.399,30,-8.79,98,2.76,4.017,7.307,2.107,3.125,43,6.438953564384338,19303.532059274738,5302.588785488137,CRITICAL,50.69,PROTECT_INVENTORY,0,2997.93,2997.93,30,Inventory is critical with 2.8 days remaining. Protect stock before scaling ads.
2026-09-01,UB-ESPRESSO-250G,Espresso Roast Beans,Coffee,250 g,Influencer Video,1633.29,10.69,31,11.58,1031,28.99,4.265,10.807,3.914,3.125,62,6.80345977830737,11112.022821311644,5256.164149213219,STRONG,78.9,MAINTAIN,0,1633.29,1633.29,75,Predicted ROAS is 6.8 and predicted profit is ₹5256.16. Signals are within acceptable range. Maintain current budget.
2026-09-02,UB-ESPRESSO-250G,Espresso Roast Beans,Coffee,250 g,Image,1660.24,3.625,11,8.11,516,35.64,5.136,8.289,2.004,8.333,62,6.676373889405405,11084.38298614643,5212.077451410786,STRONG,75.91,RETARGET,0,1660.24,1660.24,75,High add-to-cart activity but weak purchase conversion. Retarget high-intent users.
2026-09-03,UB-ESPRESSO-250G,Espresso Roast Beans,Coffee,250 g,Video,1583.68,5.453,16,8.28,599,31.08,4.608,7.487,2.68,11.111,62,6.729920557746215,10658.040588891527,5024.305165112746,STRONG,76.84,FIX_PAYMENT,0,1583.68,1583.68,75,Payment failure rate is 11.1%. Fix payment issues before increasing spend.
2026-09-04,UB-ESPRESSO-250G,Espresso Roast Beans,Coffee,250 g,Image,1494.07,6.522,19,4.87,622,28.51,4.578,10.207,2.238,5.263,62,6.630388157156211,9906.26403396238,4647.813701056675,STRONG,73.78,RETARGET,0,1494.07,1494.07,75,High add-to-cart activity but weak purchase conversion. Retarget high-intent users.
2026-09-05,UB-ESPRESSO-250G,Espresso Roast Beans,Coffee,250 g,Influencer Video,1399.31,6.188,17,6.56,579,27.03,4.967,9.865,2.815,10.526,62,7.196985237894852,10070.813413238646,4844.59431620796,STRONG,75.98,FIX_PAYMENT,0,1399.31,1399.31,75,Payment failure rate is 10.5%. Fix payment issues before increasing spend.
2026-09-06,UB-ESPRESSO-250G,Espresso Roast Beans,Coffee,250 g,Influencer Video,1612.45,7.091,21,8.25,600,25.36,5.12,13.625,3.804,4.545,62,7.39186125969869,11919.006688201152,5777.334146684714,STRONG,77.18,MAINTAIN,0,1612.45,1612.45,75,Predicted ROAS is 7.39 and predicted profit is ₹5777.33. Signals are within acceptable range. Maintain current budget.
2026-09-07,UB-ESPRESSO-250G,Espresso Roast Beans,Coffee,250 g,Image,2072.86,6.69,27,8.96,676,23.59,3.692,12.545,3.936,10.345,62,6.650002608883803,13784.52440785088,6473.545132867546,STRONG,73.8,FIX_PAYMENT,0,2072.86,2072.86,75,Payment failure rate is 10.3%. Fix payment issues before increasing spend.
2026-09-08,UB-ESPRESSO-250G,Espresso Roast Beans,Coffee,250 g,Influencer Video,1406.72,6.456,18,10.75,571,23.58,4.791,9.398,2.51,10.0,62,6.816135284927994,9588.393828013908,4538.084173368623,STRONG,73.62,FIX_PAYMENT,0,1406.72,1406.72,75,Payment failure rate is 10.0%. Fix payment issues before increasing spend.
2026-09-09,UB-ESPRESSO-250G,Espresso Roast Beans,Coffee,250 g,Video,1516.24,6.546,19,0.43,464,23.57,4.258,10.451,4.0,0.0,62,7.885762200052468,11956.708078207554,5896.919008488683,STRONG,74.97,MAINTAIN,0,1516.24,1516.24,75,Predicted ROAS is 7.89 and predicted profit is ₹5896.92. Signals are within acceptable range. Maintain current budget.
2026-09-10,UB-ESPRESSO-250G,Espresso Roast Beans,Coffee,250 g,Image,1954.97,8.107,27,6.81,809,23.58,4.57,10.642,3.863,3.704,62,9.863131311276916,19282.125819607034,9999.948008156362,STRONG,84.16,INCREASE_BUDGET,15,1954.97,2248.22,90,Predicted ROAS is 9.86 with predicted profit of ₹9999.95. Sales growth is 6.8%. Inventory is sufficient. Scale budget.
2026-09-11,UB-ESPRESSO-250G,Espresso Roast Beans,Coffee,250 g,Video,1510.08,11.264,27,4.44,679,23.58,5.13,10.769,3.0,10.0,62,10.578359802101044,15974.169569956744,8393.905133373182,STRONG,82.88,FIX_PAYMENT,0,1510.08,1510.08,90,Payment failure rate is 10.0%. Fix payment issues before increasing spend.
2026-09-12,UB-ESPRESSO-250G,Espresso Roast Beans,Coffee,250 g,Influencer Video,1133.11,8.599,19,4.23,544,23.58,5.43,11.53,2.738,14.286,62,8.5460429592356,9683.606737539449,4870.726177274458,STRONG,77.46,FIX_PAYMENT,0,1133.11,1133.11,90,Payment failure rate is 14.3%. Fix payment issues before increasing spend.
2026-09-13,UB-ESPRESSO-250G,Espresso Roast Beans,Coffee,250 g,Influencer Video,1701.52,7.073,25,5.22,706,23.58,4.314,9.292,3.516,3.226,62,6.591882808116023,11216.220435665575,5252.536670112657,STRONG,71.77,MAINTAIN,0,1701.52,1701.52,75,Predicted ROAS is 6.59 and predicted profit is ₹5252.54. Signals are within acceptable range. Maintain current budget.
2026-09-14,UB-ESPRESSO-250G,Espresso Roast Beans,Coffee,250 g,Influencer Video,1887.93,6.493,25,12.13,692,23.59,5.854,16.314,3.268,7.143,62,6.844062982270251,12921.111826117476,6123.159332192834,STRONG,75.0,MAINTAIN,0,1887.93,1887.93,75,Predicted ROAS is 6.84 and predicted profit is ₹6123.16. Signals are within acceptable range. Maintain current budget.
2026-09-15,UB-ESPRESSO-250G,Espresso Roast Beans,Coffee,250 g,Video,1576.61,6.065,18,11.82,425,23.58,4.437,12.76,4.027,4.545,62,9.997483233418102,15762.132040639312,8195.911865196373,STRONG,86.67,INCREASE_BUDGET,15,1576.61,1813.1,90,Predicted ROAS is 10.0 with predicted profit of ₹8195.91. Sales growth is 11.8%. Inventory is sufficient. Scale budget.
2026-09-16,UB-ESPRESSO-250G,Espresso Roast Beans,Coffee,250 g,Carousel,1582.65,11.555,35,7.49,1719,40.71,6.71,10.88,3.425,5.263,62,10.087992343496548,15965.761082434814,8316.121871109586,STRONG,88.73,INCREASE_BUDGET,15,1582.65,1820.05,90,Predicted ROAS is 10.09 with predicted profit of ₹8316.12. Sales growth is 7.5%. Inventory is sufficient. Scale budget.
2026-09-17,UB-ESPRESSO-250G,Espresso Roast Beans,Coffee,250 g,Video,1560.44,7.928,22,-2.83,1310,49.06,5.484,9.414,2.22,4.348,62,7.641453248904233,11924.02930772012,5832.4581707864745,STRONG,75.4,RETARGET,0,1560.44,1560.44,75,High add-to-cart activity but weak purchase conversion. Retarget high-intent users.
2026-09-18,UB-ESPRESSO-250G,Espresso Roast Beans,Coffee,250 g,Carousel,1504.34,7.204,22,-1.3,1218,49.05,4.755,6.55,3.125,8.696,62,6.007597667487154,9037.469475107624,4098.891074566727,STRONG,71.16,MAINTAIN,0,1504.34,1504.34,75,Predicted ROAS is 6.01 and predicted profit is ₹4098.89. Signals are within acceptable range. Maintain current budget.
2026-09-19,UB-ESPRESSO-250G,Espresso Roast Beans,Coffee,250 g,Influencer Video,1440.28,4.692,12,-2.71,949,65.31,5.171,8.877,2.264,7.692,62,8.717118883038614,12555.091984862855,6343.87703061497,STRONG,79.26,RETARGET,0,1440.28,1440.28,90,High add-to-cart activity but weak purchase conversion. Retarget high-intent users.
2026-09-20,UB-ESPRESSO-250G,Espresso Roast Beans,Coffee,250 g,Video,1397.8,9.691,28,1.27,1431,38.85,4.843,8.971,2.778,10.0,62,7.025559217268253,9820.326673897564,4690.802537816489,STRONG,75.34,FIX_PAYMENT,0,1397.8,1397.8,75,Payment failure rate is 10.0%. Fix payment issues before increasing spend.
2026-09-21,UB-ESPRESSO-250G,Espresso Roast Beans,Coffee,250 g,Carousel,1369.75,5.345,14,0.93,910,56.7,4.55,13.165,3.627,12.5,62,8.412000982307033,11522.338345515058,5774.099774219336,STRONG,80.92,FIX_PAYMENT,0,1369.75,1369.75,90,Payment failure rate is 12.5%. Fix payment issues before increasing spend.
2026-09-22,UB-ESPRESSO-250G,Espresso Roast Beans,Coffee,250 g,Image,1989.59,8.116,30,4.78,1352,36.27,4.304,13.968,4.071,3.226,62,8.713239207293949,17335.77359443997,8758.58962855278,STRONG,83.86,INCREASE_BUDGET,15,1989.59,2288.03,90,Predicted ROAS is 8.71 with predicted profit of ₹8758.59. Sales growth is 4.8%. Inventory is sufficient. Scale budget.
2026-09-23,UB-ESPRESSO-250G,Espresso Roast Beans,Coffee,250 g,Video,1622.65,6.493,21,5.39,983,42.41,4.375,13.777,3.371,13.043,62,9.123906074278002,14804.9061914272,7556.391838684865,STRONG,84.83,FIX_PAYMENT,0,1622.65,1622.65,90,Payment failure rate is 13.0%. Fix payment issues before increasing spend.
2026-09-24,UB-ESPRESSO-250G,Espresso Roast Beans,Coffee,250 g,Carousel,1912.6,9.07,33,8.02,1351,32.62,4.536,11.262,4.314,8.571,62,7.491532413713016,14328.304894467514,6970.949034569858,STRONG,81.04,MAINTAIN,0,1912.6,1912.6,75,Predicted ROAS is 7.49 and predicted profit is ₹6970.95. Signals are within acceptable range. Maintain current budget.
2026-09-25,UB-ESPRESSO-250G,Espresso Roast Beans,Coffee,250 g,Video,1854.85,8.221,25,1.71,1092,34.11,4.555,12.111,3.497,7.407,62,8.544083517786307,15847.993312965931,7970.905854038878,STRONG,81.54,INCREASE_BUDGET,15,1854.85,2133.08,90,Predicted ROAS is 8.54 with predicted profit of ₹7970.91. Sales growth is 1.7%. Inventory is sufficient. Scale budget.
2026-09-26,UB-ESPRESSO-250G,Espresso Roast Beans,Coffee,250 g,Influencer Video,1340.87,7.312,16,7.74,862,36.84,3.267,7.889,3.448,5.882,62,8.687710721736567,11649.090675454909,5881.566218782043,STRONG,84.26,INCREASE_BUDGET,15,1340.87,1542.0,90,Predicted ROAS is 8.69 with predicted profit of ₹5881.57. Sales growth is 7.7%. Inventory is sufficient. Scale budget.
2026-09-27,UB-ESPRESSO-250G,Espresso Roast Beans,Coffee,250 g,Video,1755.12,6.654,23,9.33,980,32.6,5.869,10.428,2.795,12.0,62,7.3993868299679875,12986.811813013413,6296.703324068317,STRONG,79.69,FIX_PAYMENT,0,1755.12,1755.12,75,Payment failure rate is 12.0%. Fix payment issues before increasing spend.
2026-09-28,UB-ESPRESSO-250G,Espresso Roast Beans,Coffee,250 g,Video,1241.17,5.332,13,0.4,633,38.64,3.534,9.917,2.385,7.143,62,8.688776682841556,10784.248955442456,5445.064352374322,STRONG,80.45,RETARGET,0,1241.17,1241.17,90,High add-to-cart activity but weak purchase conversion. Retarget high-intent users.
2026-09-01,UB-ESPRESSO-1KG,Espresso Roast Beans,Coffee,1 kg,Influencer Video,639.77,41.882,28,5.91,952,25.01,2.729,14.198,5.556,6.667,57,41.22740422089943,26376.056398404828,14394.58214709075,STRONG,86.95,INCREASE_BUDGET,15,639.77,735.74,90,Predicted ROAS is 41.23 with predicted profit of ₹14394.58. Sales growth is 5.9%. Inventory is sufficient. Scale budget.
2026-09-02,UB-ESPRESSO-1KG,Espresso Roast Beans,Coffee,1 kg,Video,691.68,40.206,23,12.14,919,28.36,3.679,12.45,3.972,4.167,57,46.117344505291044,31898.444847419705,17490.433563029233,STRONG,89.93,INCREASE_BUDGET,15,691.68,795.43,90,Predicted ROAS is 46.12 with predicted profit of ₹17490.43. Sales growth is 12.1%. Inventory is sufficient. Scale budget.
2026-09-03,UB-ESPRESSO-1KG,Espresso Roast Beans,Coffee,1 kg,Image,715.44,49.02,36,10.18,868,19.77,3.254,18.777,5.357,5.263,57,47.45709152910053,33952.701563579685,18637.59989124042,STRONG,84.85,INCREASE_BUDGET,15,715.44,822.76,90,Predicted ROAS is 47.46 with predicted profit of ₹18637.6. Sales growth is 10.2%. Inventory is sufficient. Scale budget.
2026-09-04,UB-ESPRESSO-1KG,Espresso Roast Beans,Coffee,1 kg,Video,542.35,57.576,28,11.77,831,23.13,4.024,15.608,3.83,4.762,57,43.72013657936509,23711.616073818655,12973.271162076633,STRONG,86.16,INCREASE_BUDGET,15,542.35,623.7,90,Predicted ROAS is 43.72 with predicted profit of ₹12973.27. Sales growth is 11.8%. Inventory is sufficient. Scale budget.
2026-09-05,UB-ESPRESSO-1KG,Espresso Roast Beans,Coffee,1 kg,Image,720.04,45.469,32,8.14,780,17.8,3.312,17.691,5.031,4.651,57,37.11186061772489,26722.02411918663,14511.51374793638,STRONG,82.45,INCREASE_BUDGET,15,720.04,828.05,90,Predicted ROAS is 37.11 with predicted profit of ₹14511.51. Sales growth is 8.1%. Inventory is sufficient. Scale budget.
2026-09-06,UB-ESPRESSO-1KG,Espresso Roast Beans,Coffee,1 kg,Video,679.63,31.425,27,-0.43,746,23.05,4.132,11.532,3.729,6.897,57,32.38770703571426,22011.65733268248,11867.014679629014,STRONG,81.43,MAINTAIN,0,679.63,679.63,90,Predicted ROAS is 32.39 and predicted profit is ₹11867.01. Signals are within acceptable range. Maintain current budget.
2026-09-07,UB-ESPRESSO-1KG,Espresso Roast Beans,Coffee,1 kg,Video,786.47,31.398,25,3.4,708,24.94,2.505,13.915,5.0,0.0,57,39.744742097402586,31258.04731734421,17030.6169708862,STRONG,85.4,INCREASE_BUDGET,15,786.47,904.44,90,Predicted ROAS is 39.74 with predicted profit of ₹17030.62. Sales growth is 3.4%. Inventory is sufficient. Scale budget.
2026-09-08,UB-ESPRESSO-1KG,Espresso Roast Beans,Coffee,1 kg,Image,414.66,38.018,20,-4.72,672,25.21,3.343,12.0,2.946,4.762,57,25.182555747354485,10442.19856619801,5537.393182732866,STRONG,80.48,RETARGET,0,414.66,414.66,90,High add-to-cart activity but weak purchase conversion. Retarget high-intent users.
2026-09-09,UB-ESPRESSO-1KG,Espresso Roast Beans,Coffee,1 kg,Carousel,768.31,16.315,15,1.16,651,33.92,3.123,14.072,3.546,6.25,57,33.85297282671959,26009.57755249693,14057.149204923251,STRONG,86.48,INCREASE_BUDGET,15,768.31,883.56,90,Predicted ROAS is 33.85 with predicted profit of ₹14057.15. Sales growth is 1.2%. Inventory is sufficient. Scale budget.
2026-09-10,UB-ESPRESSO-1KG,Espresso Roast Beans,Coffee,1 kg,Image,622.6,40.694,27,0.23,601,18.42,3.513,12.821,3.709,6.897,57,40.29566315873014,25088.07988262539,13677.605533096472,STRONG,78.58,INCREASE_BUDGET,15,622.6,715.99,90,Predicted ROAS is 40.3 with predicted profit of ₹13677.61. Sales growth is 0.2%. Inventory is sufficient. Scale budget.
2026-09-11,UB-ESPRESSO-1KG,Espresso Roast Beans,Coffee,1 kg,Carousel,671.9,45.904,32,4.66,1697,38.57,3.583,18.886,5.289,5.714,57,30.580160891534355,20546.810103021933,11039.781758722502,STRONG,89.54,INCREASE_BUDGET,15,671.9,772.68,90,Predicted ROAS is 30.58 with predicted profit of ₹11039.78. Sales growth is 4.7%. Inventory is sufficient. Scale budget.
2026-09-12,UB-ESPRESSO-1KG,Espresso Roast Beans,Coffee,1 kg,Video,891.31,25.315,29,11.61,1643,45.22,2.885,21.287,5.882,5.263,57,52.911773817460336,47160.79312124057,25990.342079107122,STRONG,92.74,INCREASE_BUDGET,15,891.31,1025.01,90,Predicted ROAS is 52.91 with predicted profit of ₹25990.34. Sales growth is 11.6%. Inventory is sufficient. Scale budget.
2026-09-13,UB-ESPRESSO-1KG,Espresso Roast Beans,Coffee,1 kg,Image,593.0,58.153,44,-1.44,1587,34.31,2.73,23.044,8.118,4.348,57,37.09047599603175,21994.652265646826,11943.95179141869,STRONG,90.08,MAINTAIN,0,593.0,593.0,90,Predicted ROAS is 37.09 and predicted profit is ₹11943.95. Signals are within acceptable range. Maintain current budget.
2026-09-14,UB-ESPRESSO-1KG,Espresso Roast Beans,Coffee,1 kg,Video,745.21,34.74,28,4.11,1545,43.67,3.153,15.561,5.253,3.448,57,41.24105705242901,30733.24812604062,16772.741431843155,STRONG,89.29,INCREASE_BUDGET,15,745.21,856.99,90,Predicted ROAS is 41.24 with predicted profit of ₹16772.74. Sales growth is 4.1%. Inventory is sufficient. Scale budget.
2026-09-15,UB-ESPRESSO-1KG,Espresso Roast Beans,Coffee,1 kg,Video,697.13,40.321,33,0.82,1499,37.14,3.609,14.552,4.615,5.556,57,37.97106059211158,26470.765470578743,14391.206318229884,STRONG,87.42,INCREASE_BUDGET,15,697.13,801.7,90,Predicted ROAS is 37.97 with predicted profit of ₹14391.21. Sales growth is 0.8%. Inventory is sufficient. Scale budget.
2026-09-16,UB-ESPRESSO-1KG,Espresso Roast Beans,Coffee,1 kg,Influencer Video,858.59,38.448,31,1.68,1455,33.12,3.838,15.296,4.026,6.061,57,25.697416205026425,22063.54457947364,11717.630410299975,STRONG,87.16,INCREASE_BUDGET,15,858.59,987.38,90,Predicted ROAS is 25.7 with predicted profit of ₹11717.63. Sales growth is 1.7%. Inventory is sufficient. Scale budget.
2026-09-17,UB-ESPRESSO-1KG,Espresso Roast Beans,Coffee,1 kg,Image,752.07,6.551,6,2.07,1443,196.06,4.3,6.667,0.993,0.0,57,33.11855920767197,24907.47482331386,13445.1906492889,STRONG,84.27,CHANGE_CREATIVE,0,752.07,752.07,90,CTR is strong but purchase conversion is weak. Test new creatives or landing-page messaging.
2026-09-18,UB-ESPRESSO-1KG,Espresso Roast Beans,Coffee,1 kg,Carousel,863.83,34.436,35,2.92,1400,33.1,3.246,17.043,5.591,0.0,57,52.338727376984124,45211.7628700602,24906.87483593431,STRONG,89.19,INCREASE_BUDGET,15,863.83,993.4,90,Predicted ROAS is 52.34 with predicted profit of ₹24906.87. Sales growth is 2.9%. Inventory is sufficient. Scale budget.
2026-09-19,UB-ESPRESSO-1KG,Espresso Roast Beans,Coffee,1 kg,Image,534.67,65.597,37,3.87,1348,28.63,3.651,22.973,5.481,1.818,57,35.630270617724904,19050.436791178974,10324.078970972016,STRONG,88.52,INCREASE_BUDGET,15,534.67,614.87,90,Predicted ROAS is 35.63 with predicted profit of ₹10324.08. Sales growth is 3.9%. Inventory is sufficient. Scale budget.
2026-09-20,UB-ESPRESSO-1KG,Espresso Roast Beans,Coffee,1 kg,Video,812.6,37.32,33,13.04,1296,31.33,2.453,17.143,6.522,5.714,57,51.548129928571456,41888.010379957166,23063.565916575586,STRONG,93.91,INCREASE_BUDGET,15,812.6,934.49,90,Predicted ROAS is 51.55 with predicted profit of ₹23063.57. Sales growth is 13.0%. Inventory is sufficient. Scale budget.
2026-09-21,UB-ESPRESSO-1KG,Espresso Roast Beans,Coffee,1 kg,Video,599.51,55.014,43,-7.11,1231,26.3,4.123,15.909,4.309,4.167,57,28.524482109788362,17100.71226963922,9147.895993694357,STRONG,81.68,MAINTAIN,0,599.51,599.51,90,Predicted ROAS is 28.52 and predicted profit is ₹9147.9. Signals are within acceptable range. Maintain current budget.
2026-09-22,UB-ESPRESSO-1KG,Espresso Roast Beans,Coffee,1 kg,Video,820.63,27.275,29,13.49,1197,33.26,3.081,15.402,4.374,6.452,57,45.56777576936029,37394.28382961013,20494.111782877775,STRONG,91.93,INCREASE_BUDGET,15,820.63,943.72,90,Predicted ROAS is 45.57 with predicted profit of ₹20494.11. Sales growth is 13.5%. Inventory is sufficient. Scale budget.
2026-09-23,UB-ESPRESSO-1KG,Espresso Roast Beans,Coffee,1 kg,Image,486.56,50.195,30,0.9,1152,32.1,4.04,13.993,4.348,3.226,57,37.6765048994709,18331.88022388656,9962.61172761534,STRONG,87.19,INCREASE_BUDGET,15,486.56,559.54,90,Predicted ROAS is 37.68 with predicted profit of ₹9962.61. Sales growth is 0.9%. Inventory is sufficient. Scale budget.
2026-09-24,UB-ESPRESSO-1KG,Espresso Roast Beans,Coffee,1 kg,Video,702.83,47.425,43,0.82,1099,18.66,3.632,20.374,6.065,6.383,57,35.16795670899472,24717.095013782764,13385.914157856178,STRONG,81.31,INCREASE_BUDGET,15,702.83,808.25,90,Predicted ROAS is 35.17 with predicted profit of ₹13385.91. Sales growth is 0.8%. Inventory is sufficient. Scale budget.
2026-09-25,UB-ESPRESSO-1KG,Espresso Roast Beans,Coffee,1 kg,Carousel,705.57,25.412,20,6.98,1064,36.22,3.588,9.689,2.433,4.762,57,36.69521849735451,25891.045315178424,14052.325829651703,STRONG,87.55,RETARGET,0,705.57,705.57,90,High add-to-cart activity but weak purchase conversion. Retarget high-intent users.
2026-09-26,UB-ESPRESSO-1KG,Espresso Roast Beans,Coffee,1 kg,Influencer Video,650.89,29.389,24,16.99,1032,38.48,3.612,13.216,4.174,7.692,57,40.766225646825404,26534.328611262186,14473.677308419448,STRONG,93.05,INCREASE_BUDGET,15,650.89,748.52,90,Predicted ROAS is 40.77 with predicted profit of ₹14473.68. Sales growth is 17.0%. Inventory is sufficient. Scale budget.
2026-09-27,UB-ESPRESSO-1KG,Espresso Roast Beans,Coffee,1 kg,Influencer Video,726.34,26.554,18,27.13,1001,49.09,3.496,14.894,3.502,5.263,57,42.03552573629149,30532.083763297964,16676.947745079837,STRONG,93.5,INCREASE_BUDGET,15,726.34,835.29,90,Predicted ROAS is 42.04 with predicted profit of ₹16676.95. Sales growth is 27.1%. Inventory is sufficient. Scale budget.
2026-09-28,UB-ESPRESSO-1KG,Espresso Roast Beans,Coffee,1 kg,Carousel,593.53,16.423,11,4.22,986,78.32,2.714,14.894,4.167,0.0,57,40.132827752645504,23820.037256027685,12983.89123593578,STRONG,88.25,INCREASE_BUDGET,15,593.53,682.56,90,Predicted ROAS is 40.13 with predicted profit of ₹12983.89. Sales growth is 4.2%. Inventory is sufficient. Scale budget.
