date,sku,product,category,variant,ad_type,ad_spend_inr,roas,predicted_next_day_roas,predicted_next_day_revenue_inr,predicted_next_day_profit_inr,margin_pct,sales_volume,sales_growth_pct,stock_on_hand,days_of_inventory_remaining,inventory_risk,click_rate_pct,add_to_cart_rate_pct,purchase_rate_pct,payment_failed_rate_pct,funnel_status,payment_status,creative_status,sales_status,profitability_status,root_cause,root_cause_explanation,autonomous_action,decision_priority_score,decision_confidence_pct
2026-09-01,UB-COLDBREW-500ML,Cold Brew Concentrate,Coffee,500 ml,Video,2550.71,8.518,8.580785826896737,21887.096216523776,6422.999448774747,41,26,4.08,0,0.0,CRITICAL,3.601,15.69,3.601,3.571,NORMAL,MEDIUM,NORMAL,STABLE,HIGHLY_PROFITABLE,INVENTORY_SHORTAGE,Stock is exhausted or expected to run out immediately.,PROTECT_INVENTORY,80,90
2026-09-02,UB-COLDBREW-500ML,Cold Brew Concentrate,Coffee,500 ml,Image,2080.97,9.302,8.610918822133199,17919.06374129452,5265.846133930754,41,30,-0.17,727,20.64,HEALTHY,4.572,9.442,3.165,3.125,NORMAL,MEDIUM,NORMAL,STABLE,HIGHLY_PROFITABLE,HIGH_PERFORMER,Strong predicted ROAS and healthy business signals indicate a scaling opportunity.,INCREASE_BUDGET,85,75
2026-09-03,UB-COLDBREW-500ML,Cold Brew Concentrate,Coffee,500 ml,Image,1999.02,9.584,8.09106789808011,16174.206549620103,4632.404685344241,41,26,-0.79,696,22.03,HEALTHY,3.481,13.66,3.779,3.704,NORMAL,MEDIUM,NORMAL,STABLE,HIGHLY_PROFITABLE,HIGH_PERFORMER,Strong predicted ROAS and healthy business signals indicate a scaling opportunity.,INCREASE_BUDGET,85,75
2026-09-04,UB-COLDBREW-500ML,Cold Brew Concentrate,Coffee,500 ml,Influencer Video,2129.44,7.348,8.82577831765931,18793.965380756443,5576.085806110141,41,23,11.64,669,24.93,HEALTHY,4.216,13.348,3.239,0.0,NORMAL,NORMAL,NORMAL,STRONG_GROWTH,HIGHLY_PROFITABLE,HIGH_PERFORMER,Strong predicted ROAS and healthy business signals indicate a scaling opportunity.,INCREASE_BUDGET,85,75
2026-09-05,UB-COLDBREW-500ML,Cold Brew Concentrate,Coffee,500 ml,Video,1775.58,9.867,9.738880980430709,17292.16229123316,5314.206539405595,41,22,-1.47,644,25.74,HEALTHY,4.077,17.745,3.543,2.439,NORMAL,MEDIUM,NORMAL,STABLE,HIGHLY_PROFITABLE,HIGH_PERFORMER,Strong predicted ROAS and healthy business signals indicate a scaling opportunity.,INCREASE_BUDGET,85,75
2026-09-06,UB-COLDBREW-500ML,Cold Brew Concentrate,Coffee,500 ml,Video,2307.6,10.442,10.326520571646931,23829.478871132458,7462.486337164308,41,28,-13.49,611,18.34,HEALTHY,3.676,14.947,5.176,2.941,HEALTHY_CONVERSION,MEDIUM,NORMAL,DECLINING,HIGHLY_PROFITABLE,DEMAND_DECLINE,Sales signals indicate declining product demand.,DECREASE_BUDGET,85,75
2026-09-07,UB-COLDBREW-500ML,Cold Brew Concentrate,Coffee,500 ml,Image,2983.16,10.723,7.325202026280414,21852.24967671868,5976.262367454658,41,46,-0.08,567,11.03,LOW,3.941,14.081,5.535,2.083,HEALTHY_CONVERSION,MEDIUM,NORMAL,STABLE,PROFITABLE,NORMAL_PERFORMANCE,No major negative signal detected.,MAINTAIN,50,60
2026-09-08,UB-COLDBREW-500ML,Cold Brew Concentrate,Coffee,500 ml,Video,3025.58,6.476,8.001453422360848,24209.037445626534,6900.125352706878,41,30,6.11,532,16.25,HEALTHY,3.608,15.847,3.619,3.226,NORMAL,MEDIUM,NORMAL,STABLE,HIGHLY_PROFITABLE,HIGH_PERFORMER,Strong predicted ROAS and healthy business signals indicate a scaling opportunity.,INCREASE_BUDGET,85,75
2026-09-09,UB-COLDBREW-500ML,Cold Brew Concentrate,Coffee,500 ml,Influencer Video,2589.09,8.259,8.75379265619562,22664.35702822952,6703.296381574102,41,32,-2.32,497,12.78,LOW,3.913,15.243,4.227,4.878,NORMAL,MEDIUM,NORMAL,STABLE,HIGHLY_PROFITABLE,HIGH_PERFORMER,Strong predicted ROAS and healthy business signals indicate a scaling opportunity.,MAINTAIN,50,75
2026-09-10,UB-COLDBREW-500ML,Cold Brew Concentrate,Coffee,500 ml,Video,2278.11,8.977,6.372281322508556,14516.757803619967,3673.7606994841867,41,31,8.32,465,11.46,LOW,3.612,13.715,4.762,3.03,NORMAL,MEDIUM,NORMAL,STABLE,PROFITABLE,NORMAL_PERFORMANCE,No major negative signal detected.,MAINTAIN,50,60
2026-09-11,UB-COLDBREW-500ML,Cold Brew Concentrate,Coffee,500 ml,Video,2605.9,5.17,6.88928094491884,17952.777214364007,4754.738657889242,41,21,10.71,443,19.77,HEALTHY,3.602,11.207,2.793,4.348,CHECKOUT_CONVERSION,MEDIUM,CREATIVE_TO_CONVERSION_GAP,STRONG_GROWTH,PROFITABLE,FUNNEL_DROP_OFF,Users show purchase intent but conversion remains weak.,RETARGET,70,60
2026-09-12,UB-COLDBREW-500ML,Cold Brew Concentrate,Coffee,500 ml,Image,2618.17,5.956,9.579049010385042,25079.578747519805,7664.457286483121,41,24,-8.74,418,14.27,LOW,4.621,15.461,3.865,3.448,NORMAL,MEDIUM,NORMAL,STABLE,HIGHLY_PROFITABLE,HIGH_PERFORMER,Strong predicted ROAS and healthy business signals indicate a scaling opportunity.,MAINTAIN,50,75
2026-09-13,UB-COLDBREW-500ML,Cold Brew Concentrate,Coffee,500 ml,Image,1847.14,9.944,7.328028837621862,13535.895187124848,3702.5770267211874,41,25,14.91,385,13.33,LOW,3.781,9.459,3.272,0.0,NORMAL,NORMAL,NORMAL,STRONG_GROWTH,PROFITABLE,NORMAL_PERFORMANCE,No major negative signal detected.,MAINTAIN,50,60
2026-09-14,UB-COLDBREW-500ML,Cold Brew Concentrate,Coffee,500 ml,Influencer Video,2389.43,5.573,10.90481683888889,26056.296499346277,8293.651564731972,41,20,-1.58,364,16.21,HEALTHY,4.614,8.664,2.353,0.0,CHECKOUT_CONVERSION,NORMAL,CREATIVE_TO_CONVERSION_GAP,STABLE,HIGHLY_PROFITABLE,FUNNEL_DROP_OFF,Users show purchase intent but conversion remains weak.,RETARGET,80,75
2026-09-15,UB-COLDBREW-500ML,Cold Brew Concentrate,Coffee,500 ml,Image,2040.68,12.878,7.037681850529101,14361.656598737725,3847.5992054824665,41,39,16.3,328,6.44,MEDIUM,4.731,17.29,5.292,2.5,HEALTHY_CONVERSION,MEDIUM,NORMAL,STRONG_GROWTH,PROFITABLE,NORMAL_PERFORMANCE,No major negative signal detected.,MAINTAIN,50,60
2026-09-16,UB-COLDBREW-500ML,Cold Brew Concentrate,Coffee,500 ml,Image,2405.6,4.195,6.950817456809593,16720.886474101157,4449.963454381474,41,15,12.41,312,17.81,HEALTHY,3.996,11.283,2.97,0.0,CHECKOUT_CONVERSION,NORMAL,CREATIVE_TO_CONVERSION_GAP,STRONG_GROWTH,PROFITABLE,FUNNEL_DROP_OFF,Users show purchase intent but conversion remains weak.,RETARGET,70,60
2026-09-17,UB-COLDBREW-500ML,Cold Brew Concentrate,Coffee,500 ml,Video,3365.18,5.059,7.344621670425739,24715.973952883287,6768.369320682148,41,25,6.05,286,8.35,LOW,4.623,9.882,2.694,3.704,CHECKOUT_CONVERSION,MEDIUM,CREATIVE_TO_CONVERSION_GAP,STABLE,PROFITABLE,FUNNEL_DROP_OFF,Users show purchase intent but conversion remains weak.,RETARGET,70,60
2026-09-18,UB-COLDBREW-500ML,Cold Brew Concentrate,Coffee,500 ml,Influencer Video,2314.54,7.002,6.428030657551588,14877.934078129452,3785.4129720330748,41,25,9.06,257,9.0,LOW,4.644,11.82,3.106,0.0,NORMAL,NORMAL,NORMAL,STABLE,PROFITABLE,NORMAL_PERFORMANCE,No major negative signal detected.,MAINTAIN,50,60
2026-09-19,UB-COLDBREW-500ML,Cold Brew Concentrate,Coffee,500 ml,Video,2216.58,3.814,10.178891098068972,22562.326430157722,7033.973836364667,41,13,-4.4,241,14.73,LOW,3.551,6.713,2.915,0.0,CHECKOUT_CONVERSION,NORMAL,CREATIVE_TO_CONVERSION_GAP,STABLE,HIGHLY_PROFITABLE,FUNNEL_DROP_OFF,Users show purchase intent but conversion remains weak.,RETARGET,80,75
2026-09-20,UB-COLDBREW-500ML,Cold Brew Concentrate,Coffee,500 ml,Carousel,2921.14,11.465,6.348634190836941,18545.24928022142,4682.412204890783,41,50,7.48,198,3.31,MEDIUM,4.502,20.129,6.203,3.774,HEALTHY_CONVERSION,MEDIUM,NORMAL,STABLE,PROFITABLE,NORMAL_PERFORMANCE,No major negative signal detected.,MAINTAIN,50,60
2026-09-21,UB-COLDBREW-500ML,Cold Brew Concentrate,Coffee,500 ml,Image,2635.83,3.52,10.4598998165954,27570.51773357665,8668.082270766427,41,14,0.34,182,11.36,LOW,3.406,13.26,2.439,0.0,CHECKOUT_CONVERSION,NORMAL,CREATIVE_TO_CONVERSION_GAP,STABLE,HIGHLY_PROFITABLE,FUNNEL_DROP_OFF,Users show purchase intent but conversion remains weak.,RETARGET,80,75
2026-09-22,UB-COLDBREW-500ML,Cold Brew Concentrate,Coffee,500 ml,Video,1653.16,11.867,12.545674335369572,20740.006984259562,6850.24286354642,41,24,12.84,157,5.12,MEDIUM,4.265,20.051,4.263,0.0,NORMAL,NORMAL,NORMAL,STRONG_GROWTH,HIGHLY_PROFITABLE,HIGH_PERFORMER,Strong predicted ROAS and healthy business signals indicate a scaling opportunity.,MAINTAIN,60,75
2026-09-23,UB-COLDBREW-500ML,Cold Brew Concentrate,Coffee,500 ml,Video,2422.82,6.184,8.573671344771435,20772.46240753913,6093.889587091044,41,15,10.69,137,7.58,LOW,4.749,6.759,1.777,0.0,CHECKOUT_CONVERSION,NORMAL,CREATIVE_TO_CONVERSION_GAP,STRONG_GROWTH,HIGHLY_PROFITABLE,FUNNEL_DROP_OFF,Users show purchase intent but conversion remains weak.,RETARGET,70,75
2026-09-24,UB-COLDBREW-500ML,Cold Brew Concentrate,Coffee,500 ml,Image,2399.97,2.911,8.364749654958107,20075.148229409806,5830.840774058022,41,11,26.85,124,8.81,LOW,3.769,6.557,1.797,0.0,CHECKOUT_CONVERSION,NORMAL,CREATIVE_TO_CONVERSION_GAP,STRONG_GROWTH,HIGHLY_PROFITABLE,FUNNEL_DROP_OFF,Users show purchase intent but conversion remains weak.,RETARGET,70,75
2026-09-25,UB-COLDBREW-500ML,Cold Brew Concentrate,Coffee,500 ml,Video,2272.63,9.031,8.282040596669422,18822.01392120883,5444.39570769562,41,28,10.23,88,2.59,HIGH,4.003,15.102,3.622,6.452,NORMAL,HIGH,NORMAL,STRONG_GROWTH,HIGHLY_PROFITABLE,INVENTORY_RISK,Inventory is very low and scaling ads may cause stockout.,PROTECT_INVENTORY,80,85
2026-09-26,UB-COLDBREW-500ML,Cold Brew Concentrate,Coffee,500 ml,Video,2322.16,5.124,7.798349369237817,18109.014971269287,5102.536138220407,41,18,12.02,69,3.45,MEDIUM,3.768,12.241,2.514,0.0,CHECKOUT_CONVERSION,NORMAL,CREATIVE_TO_CONVERSION_GAP,STRONG_GROWTH,PROFITABLE,FUNNEL_DROP_OFF,Users show purchase intent but conversion remains weak.,RETARGET,70,60
2026-09-27,UB-COLDBREW-500ML,Cold Brew Concentrate,Coffee,500 ml,Video,2298.82,6.959,7.8148208299697,17964.866420350947,5066.775232343887,41,21,7.1,45,1.77,HIGH,3.424,11.597,2.767,4.348,CHECKOUT_CONVERSION,MEDIUM,CREATIVE_TO_CONVERSION_GAP,STABLE,PROFITABLE,INVENTORY_RISK,Inventory is very low and scaling ads may cause stockout.,PROTECT_INVENTORY,80,70
2026-09-28,UB-COLDBREW-500ML,Cold Brew Concentrate,Coffee,500 ml,Image,2623.46,5.876,8.703086467011303,22832.199222745476,6737.741681325645,41,17,8.02,21,1.01,HIGH,5.008,8.648,2.279,5.556,CHECKOUT_CONVERSION,HIGH,CREATIVE_TO_CONVERSION_GAP,STABLE,HIGHLY_PROFITABLE,INVENTORY_RISK,Inventory is very low and scaling ads may cause stockout.,PROTECT_INVENTORY,80,85
2026-09-01,UB-COLDBREW-1L,Cold Brew Concentrate,Coffee,1 L,Carousel,1021.96,32.115,20.408533602005164,20856.7049999052,8780.691349955443,47,30,6.59,149,3.84,MEDIUM,3.9,19.13,5.146,3.226,HEALTHY_CONVERSION,MEDIUM,NORMAL,STABLE,HIGHLY_PROFITABLE,HIGH_PERFORMER,Strong predicted ROAS and healthy business signals indicate a scaling opportunity.,MAINTAIN,60,75
2026-09-02,UB-COLDBREW-1L,Cold Brew Concentrate,Coffee,1 L,Video,1054.2,20.203,20.4686031099385,21578.001398497167,9087.460657293668,47,17,3.12,126,6.3,MEDIUM,2.311,19.43,4.106,3.125,NORMAL,MEDIUM,NORMAL,STABLE,HIGHLY_PROFITABLE,HIGH_PERFORMER,Strong predicted ROAS and healthy business signals indicate a scaling opportunity.,MAINTAIN,60,75
2026-09-03,UB-COLDBREW-1L,Cold Brew Concentrate,Coffee,1 L,Image,1282.54,20.093,14.968827654882153,19198.120220492558,7740.5765036315015,47,16,6.75,111,5.55,MEDIUM,2.356,12.853,3.99,0.0,NORMAL,NORMAL,NORMAL,STABLE,HIGHLY_PROFITABLE,HIGH_PERFORMER,Strong predicted ROAS and healthy business signals indicate a scaling opportunity.,MAINTAIN,60,75
2026-09-04,UB-COLDBREW-1L,Cold Brew Concentrate,Coffee,1 L,Influencer Video,1087.77,7.785,13.753637369992253,14960.794121956473,5943.803237319542,47,8,5.05,94,9.85,LOW,2.513,13.004,2.606,0.0,CHECKOUT_CONVERSION,NORMAL,CREATIVE_TO_CONVERSION_GAP,STABLE,HIGHLY_PROFITABLE,FUNNEL_DROP_OFF,Users show purchase intent but conversion remains weak.,RETARGET,80,75
2026-09-05,UB-COLDBREW-1L,Cold Brew Concentrate,Coffee,1 L,Carousel,911.22,15.98,24.278055313414274,22122.649562689356,9486.425294463997,47,12,5.15,79,5.35,MEDIUM,3.619,9.383,2.083,0.0,CHECKOUT_CONVERSION,NORMAL,CREATIVE_TO_CONVERSION_GAP,STABLE,HIGHLY_PROFITABLE,FUNNEL_DROP_OFF,Users show purchase intent but conversion remains weak.,RETARGET,80,75
2026-09-06,UB-COLDBREW-1L,Cold Brew Concentrate,Coffee,1 L,Carousel,886.84,27.078,20.56003534924335,18233.461749122973,7682.887022087798,47,21,20.39,45,1.78,HIGH,2.426,12.441,4.615,4.545,NORMAL,MEDIUM,NORMAL,STRONG_GROWTH,HIGHLY_PROFITABLE,INVENTORY_RISK,Inventory is very low and scaling ads may cause stockout.,PROTECT_INVENTORY,90,85
2026-09-07,UB-COLDBREW-1L,Cold Brew Concentrate,Coffee,1 L,Video,920.63,19.751,21.69601363768638,19974.001035263213,8467.15048657371,47,14,18.99,27,1.74,HIGH,3.123,9.706,2.745,6.667,CHECKOUT_CONVERSION,HIGH,CREATIVE_TO_CONVERSION_GAP,STRONG_GROWTH,HIGHLY_PROFITABLE,INVENTORY_RISK,Inventory is very low and scaling ads may cause stockout.,PROTECT_INVENTORY,90,85
2026-09-08,UB-COLDBREW-1L,Cold Brew Concentrate,Coffee,1 L,Video,1005.29,23.173,28.143789175024025,28292.6698197599,12292.264815287152,47,22,9.86,3,0.11,HIGH,2.251,19.547,5.473,3.125,HEALTHY_CONVERSION,MEDIUM,NORMAL,STABLE,HIGHLY_PROFITABLE,INVENTORY_RISK,Inventory is very low and scaling ads may cause stockout.,PROTECT_INVENTORY,90,85
2026-09-09,UB-COLDBREW-1L,Cold Brew Concentrate,Coffee,1 L,Video,565.2,40.874,11.523487623189078,6513.075204626468,2495.9453461744397,47,22,-2.1,610,21.2,HEALTHY,3.136,18.11,3.293,2.632,NORMAL,MEDIUM,NORMAL,STABLE,HIGHLY_PROFITABLE,HIGH_PERFORMER,Strong predicted ROAS and healthy business signals indicate a scaling opportunity.,INCREASE_BUDGET,95,75
2026-09-10,UB-COLDBREW-1L,Cold Brew Concentrate,Coffee,1 L,Image,969.05,6.243,15.062835540669848,14596.640780686115,5891.371166922474,47,6,-8.21,597,88.58,HEALTHY,2.502,7.031,1.948,0.0,CHECKOUT_CONVERSION,NORMAL,CREATIVE_TO_CONVERSION_GAP,STABLE,HIGHLY_PROFITABLE,FUNNEL_DROP_OFF,Users show purchase intent but conversion remains weak.,RETARGET,80,75
2026-09-11,UB-COLDBREW-1L,Cold Brew Concentrate,Coffee,1 L,Image,801.62,17.89,17.393917642362002,13943.312260470228,5751.7367624210065,47,13,1.88,579,37.23,HEALTHY,2.858,12.573,2.895,0.0,CHECKOUT_CONVERSION,NORMAL,CREATIVE_TO_CONVERSION_GAP,STABLE,HIGHLY_PROFITABLE,FUNNEL_DROP_OFF,Users show purchase intent but conversion remains weak.,RETARGET,80,75
2026-09-12,UB-COLDBREW-1L,Cold Brew Concentrate,Coffee,1 L,Image,876.05,16.331,26.460578240082928,23180.78956722465,10018.921096595584,47,11,2.77,563,39.79,HEALTHY,2.725,16.599,3.943,5.263,NORMAL,HIGH,NORMAL,STABLE,HIGHLY_PROFITABLE,PAYMENT_FRICTION,Elevated payment failures may be reducing completed orders.,FIX_PAYMENT,90,85
2026-09-13,UB-COLDBREW-1L,Cold Brew Concentrate,Coffee,1 L,Influencer Video,802.9,33.487,21.112045635653516,16950.861440866207,7164.004877207118,47,25,-0.49,528,18.97,HEALTHY,3.081,12.455,4.098,3.846,NORMAL,MEDIUM,NORMAL,STABLE,HIGHLY_PROFITABLE,HIGH_PERFORMER,Strong predicted ROAS and healthy business signals indicate a scaling opportunity.,INCREASE_BUDGET,95,75
2026-09-14,UB-COLDBREW-1L,Cold Brew Concentrate,Coffee,1 L,Influencer Video,769.06,22.962,18.671536147047394,14359.531589248269,5979.919846946686,47,16,-1.85,504,25.44,HEALTHY,3.532,14.072,3.73,8.333,NORMAL,HIGH,NORMAL,STABLE,HIGHLY_PROFITABLE,PAYMENT_FRICTION,Elevated payment failures may be reducing completed orders.,FIX_PAYMENT,90,85
2026-09-15,UB-COLDBREW-1L,Cold Brew Concentrate,Coffee,1 L,Video,829.35,18.618,15.810932767399265,13112.797090642582,5333.664632602014,47,13,5.28,480,33.15,HEALTHY,3.393,13.393,3.002,4.545,NORMAL,MEDIUM,NORMAL,STABLE,HIGHLY_PROFITABLE,HIGH_PERFORMER,Strong predicted ROAS and healthy business signals indicate a scaling opportunity.,INCREASE_BUDGET,95,75
2026-09-16,UB-COLDBREW-1L,Cold Brew Concentrate,Coffee,1 L,Video,934.88,10.258,18.987706787960942,17751.227321928924,7408.196841306594,47,9,2.43,464,38.67,HEALTHY,3.285,7.812,2.446,0.0,CHECKOUT_CONVERSION,NORMAL,CREATIVE_TO_CONVERSION_GAP,STABLE,HIGHLY_PROFITABLE,FUNNEL_DROP_OFF,Users show purchase intent but conversion remains weak.,RETARGET,80,75
2026-09-17,UB-COLDBREW-1L,Cold Brew Concentrate,Coffee,1 L,Carousel,983.3,20.822,19.203632533033915,18882.93186973225,7891.677978774157,47,20,3.59,438,15.09,HEALTHY,2.286,17.143,4.535,3.333,NORMAL,MEDIUM,NORMAL,STABLE,HIGHLY_PROFITABLE,HIGH_PERFORMER,Strong predicted ROAS and healthy business signals indicate a scaling opportunity.,INCREASE_BUDGET,95,75
2026-09-18,UB-COLDBREW-1L,Cold Brew Concentrate,Coffee,1 L,Image,925.54,18.542,15.299659051937711,14160.446438930428,5729.869826297301,47,17,-3.99,416,17.2,HEALTHY,2.724,11.602,3.812,0.0,NORMAL,NORMAL,NORMAL,STABLE,HIGHLY_PROFITABLE,HIGH_PERFORMER,Strong predicted ROAS and healthy business signals indicate a scaling opportunity.,INCREASE_BUDGET,95,75
2026-09-19,UB-COLDBREW-1L,Cold Brew Concentrate,Coffee,1 L,Image,987.58,12.47,20.4891953435065,20234.71953734015,8522.73818254987,47,12,21.99,397,27.61,HEALTHY,2.631,19.907,3.846,0.0,NORMAL,NORMAL,NORMAL,STRONG_GROWTH,HIGHLY_PROFITABLE,HIGH_PERFORMER,Strong predicted ROAS and healthy business signals indicate a scaling opportunity.,INCREASE_BUDGET,95,75
2026-09-20,UB-COLDBREW-1L,Cold Brew Concentrate,Coffee,1 L,Carousel,1037.17,18.036,18.241956261048873,18920.00977527206,7855.234594377869,47,17,2.93,378,17.18,HEALTHY,3.447,10.556,2.322,0.0,CHECKOUT_CONVERSION,NORMAL,CREATIVE_TO_CONVERSION_GAP,STABLE,HIGHLY_PROFITABLE,FUNNEL_DROP_OFF,Users show purchase intent but conversion remains weak.,RETARGET,80,75
2026-09-21,UB-COLDBREW-1L,Cold Brew Concentrate,Coffee,1 L,Carousel,1225.65,18.825,19.084481425999936,23390.894659776823,9768.070490095108,47,18,11.24,356,16.05,HEALTHY,2.885,10.995,3.704,0.0,NORMAL,NORMAL,NORMAL,STRONG_GROWTH,HIGHLY_PROFITABLE,HIGH_PERFORMER,Strong predicted ROAS and healthy business signals indicate a scaling opportunity.,INCREASE_BUDGET,95,75
2026-09-22,UB-COLDBREW-1L,Cold Brew Concentrate,Coffee,1 L,Video,880.17,19.429,20.112000250499495,17701.97926048214,7439.760252426606,47,15,4.49,336,18.21,HEALTHY,2.733,20.0,3.846,0.0,NORMAL,NORMAL,NORMAL,STABLE,HIGHLY_PROFITABLE,HIGH_PERFORMER,Strong predicted ROAS and healthy business signals indicate a scaling opportunity.,INCREASE_BUDGET,95,75
2026-09-23,UB-COLDBREW-1L,Cold Brew Concentrate,Coffee,1 L,Image,873.35,19.727,19.455280230158746,16991.268989009142,7112.546424834297,47,17,7.91,316,13.52,LOW,1.801,15.679,4.956,0.0,NORMAL,NORMAL,NORMAL,STABLE,HIGHLY_PROFITABLE,HIGH_PERFORMER,Strong predicted ROAS and healthy business signals indicate a scaling opportunity.,MAINTAIN,60,75
2026-09-24,UB-COLDBREW-1L,Cold Brew Concentrate,Coffee,1 L,Video,959.31,28.143,17.85029658444079,17123.968016419894,7088.954967717351,47,24,12.81,284,10.88,LOW,3.504,14.351,4.436,4.0,NORMAL,MEDIUM,NORMAL,STRONG_GROWTH,HIGHLY_PROFITABLE,HIGH_PERFORMER,Strong predicted ROAS and healthy business signals indicate a scaling opportunity.,MAINTAIN,60,75
2026-09-25,UB-COLDBREW-1L,Cold Brew Concentrate,Coffee,1 L,Video,1120.57,21.042,15.434340709140173,17295.259168441204,7008.201809167366,47,18,5.67,264,11.06,LOW,2.931,12.195,3.169,0.0,NORMAL,NORMAL,NORMAL,STABLE,HIGHLY_PROFITABLE,HIGH_PERFORMER,Strong predicted ROAS and healthy business signals indicate a scaling opportunity.,MAINTAIN,60,75
2026-09-26,UB-COLDBREW-1L,Cold Brew Concentrate,Coffee,1 L,Carousel,1045.1,8.896,13.502346183759775,14111.301996647338,5587.211938424249,47,9,-5.13,250,22.85,HEALTHY,3.434,8.475,2.736,0.0,CHECKOUT_CONVERSION,NORMAL,CREATIVE_TO_CONVERSION_GAP,STABLE,HIGHLY_PROFITABLE,FUNNEL_DROP_OFF,Users show purchase intent but conversion remains weak.,RETARGET,80,75
2026-09-27,UB-COLDBREW-1L,Cold Brew Concentrate,Coffee,1 L,Video,831.16,53.725,16.42836481008531,13654.599695550505,5586.501856908738,47,35,4.92,209,4.39,MEDIUM,4.156,15.063,3.415,4.0,NORMAL,MEDIUM,NORMAL,STABLE,HIGHLY_PROFITABLE,HIGH_PERFORMER,Strong predicted ROAS and healthy business signals indicate a scaling opportunity.,MAINTAIN,60,75
2026-09-28,UB-COLDBREW-1L,Cold Brew Concentrate,Coffee,1 L,Video,799.06,22.091,21.47937403244793,17163.30861436784,7267.695048752887,47,16,3.64,188,9.49,LOW,2.644,15.985,4.071,5.556,NORMAL,HIGH,NORMAL,STABLE,HIGHLY_PROFITABLE,PAYMENT_FRICTION,Elevated payment failures may be reducing completed orders.,FIX_PAYMENT,90,85
2026-09-01,UB-KIT-MINIKIT,Brew Starter Kit,Gifts,Mini kit,Carousel,2677.62,8.559,13.362587106833281,35779.93048899893,12349.95080537955,42,47,9.81,0,0.0,CRITICAL,5.534,7.6,2.175,13.208,CHECKOUT_CONVERSION,CRITICAL,CREATIVE_TO_CONVERSION_GAP,STABLE,HIGHLY_PROFITABLE,INVENTORY_SHORTAGE,Stock is exhausted or expected to run out immediately.,PROTECT_INVENTORY,90,90
2026-09-02,UB-KIT-MINIKIT,Brew Starter Kit,Gifts,Mini kit,Image,2551.12,14.759,13.935331599966798,35550.703151307294,12380.175323549065,42,74,15.83,0,0.0,CRITICAL,5.979,9.601,2.679,5.063,CHECKOUT_CONVERSION,HIGH,CREATIVE_TO_CONVERSION_GAP,STRONG_GROWTH,HIGHLY_PROFITABLE,INVENTORY_SHORTAGE,Stock is exhausted or expected to run out immediately.,PROTECT_INVENTORY,90,90
2026-09-03,UB-KIT-MINIKIT,Brew Starter Kit,Gifts,Mini kit,Video,3281.25,14.158,14.201083427609428,46597.304996843435,16289.61809867424,42,81,23.69,0,0.0,CRITICAL,5.496,10.779,4.06,7.778,NORMAL,HIGH,NORMAL,STRONG_GROWTH,HIGHLY_PROFITABLE,INVENTORY_SHORTAGE,Stock is exhausted or expected to run out immediately.,PROTECT_INVENTORY,90,90
2026-09-04,UB-KIT-MINIKIT,Brew Starter Kit,Gifts,Mini kit,Influencer Video,2952.02,13.39,16.10424631387802,47540.05720349419,17014.804025467558,42,55,5.02,0,0.0,CRITICAL,6.639,11.136,2.816,5.172,CHECKOUT_CONVERSION,HIGH,CREATIVE_TO_CONVERSION_GAP,STABLE,HIGHLY_PROFITABLE,INVENTORY_SHORTAGE,Stock is exhausted or expected to run out immediately.,PROTECT_INVENTORY,90,90
2026-09-05,UB-KIT-MINIKIT,Brew Starter Kit,Gifts,Mini kit,Video,2529.47,19.229,14.40455676133016,36435.894191081796,12773.605560254355,42,87,17.22,0,0.0,CRITICAL,4.69,14.666,4.286,8.911,NORMAL,HIGH,NORMAL,STRONG_GROWTH,HIGHLY_PROFITABLE,INVENTORY_SHORTAGE,Stock is exhausted or expected to run out immediately.,PROTECT_INVENTORY,90,90
2026-09-06,UB-KIT-MINIKIT,Brew Starter Kit,Gifts,Mini kit,Video,2022.92,14.666,10.421336631737539,21081.530299074504,6831.322725611291,42,33,9.36,0,0.0,CRITICAL,6.073,9.467,1.303,2.941,CHECKOUT_CONVERSION,MEDIUM,CREATIVE_TO_CONVERSION_GAP,STABLE,HIGHLY_PROFITABLE,INVENTORY_SHORTAGE,Stock is exhausted or expected to run out immediately.,PROTECT_INVENTORY,90,90
2026-09-07,UB-KIT-MINIKIT,Brew Starter Kit,Gifts,Mini kit,Influencer Video,2520.82,8.356,10.035063814298454,25296.58956435983,8103.747617031129,42,44,11.19,0,0.0,CRITICAL,4.848,12.188,2.701,6.522,CHECKOUT_CONVERSION,HIGH,CREATIVE_TO_CONVERSION_GAP,STRONG_GROWTH,HIGHLY_PROFITABLE,INVENTORY_SHORTAGE,Stock is exhausted or expected to run out immediately.,PROTECT_INVENTORY,90,90
2026-09-08,UB-KIT-MINIKIT,Brew Starter Kit,Gifts,Mini kit,Video,2561.3,7.61,12.454682729646695,31900.178875444082,10836.775127686513,42,40,-1.36,0,0.0,CRITICAL,5.209,14.373,3.918,5.085,NORMAL,HIGH,NORMAL,STABLE,HIGHLY_PROFITABLE,INVENTORY_SHORTAGE,Stock is exhausted or expected to run out immediately.,PROTECT_INVENTORY,90,90
2026-09-09,UB-KIT-MINIKIT,Brew Starter Kit,Gifts,Mini kit,Image,3481.1,14.02,14.073318952529814,48990.63060565153,17094.964854373644,42,99,8.93,0,0.0,CRITICAL,5.761,13.234,2.941,7.692,CHECKOUT_CONVERSION,HIGH,CREATIVE_TO_CONVERSION_GAP,STABLE,HIGHLY_PROFITABLE,INVENTORY_SHORTAGE,Stock is exhausted or expected to run out immediately.,PROTECT_INVENTORY,90,90
2026-09-10,UB-KIT-MINIKIT,Brew Starter Kit,Gifts,Mini kit,Video,2482.24,13.468,11.701763093473414,29046.584421143445,9717.325456880248,42,50,11.8,0,0.0,CRITICAL,6.052,11.88,3.331,1.923,NORMAL,NORMAL,NORMAL,STRONG_GROWTH,HIGHLY_PROFITABLE,INVENTORY_SHORTAGE,Stock is exhausted or expected to run out immediately.,PROTECT_INVENTORY,90,90
2026-09-11,UB-KIT-MINIKIT,Brew Starter Kit,Gifts,Mini kit,Influencer Video,2911.22,11.569,10.688230923406271,31115.791628838804,10157.4124841123,42,46,-1.27,0,0.0,CRITICAL,4.73,17.944,2.981,6.931,CHECKOUT_CONVERSION,HIGH,CREATIVE_TO_CONVERSION_GAP,STABLE,HIGHLY_PROFITABLE,INVENTORY_SHORTAGE,Stock is exhausted or expected to run out immediately.,PROTECT_INVENTORY,90,90
2026-09-12,UB-KIT-MINIKIT,Brew Starter Kit,Gifts,Mini kit,Video,2394.72,9.421,12.855500689370803,30785.324610850046,10535.116336557021,42,33,-8.05,699,14.91,LOW,5.482,10.019,2.527,2.857,CHECKOUT_CONVERSION,MEDIUM,CREATIVE_TO_CONVERSION_GAP,STABLE,HIGHLY_PROFITABLE,FUNNEL_DROP_OFF,Users show purchase intent but conversion remains weak.,RETARGET,80,75
2026-09-13,UB-KIT-MINIKIT,Brew Starter Kit,Gifts,Mini kit,Video,3082.43,13.921,14.444094635493594,44522.91062728452,15617.192463459494,42,82,1.31,645,7.35,LOW,6.935,14.219,3.825,9.783,NORMAL,HIGH,NORMAL,STABLE,HIGHLY_PROFITABLE,PAYMENT_FRICTION,Elevated payment failures may be reducing completed orders.,FIX_PAYMENT,90,85
2026-09-14,UB-KIT-MINIKIT,Brew Starter Kit,Gifts,Mini kit,Influencer Video,2259.64,14.929,10.80934616514857,24425.230968616313,7998.957006818851,42,60,-0.14,604,8.74,LOW,5.513,13.818,2.782,4.762,CHECKOUT_CONVERSION,MEDIUM,CREATIVE_TO_CONVERSION_GAP,STABLE,HIGHLY_PROFITABLE,FUNNEL_DROP_OFF,Users show purchase intent but conversion remains weak.,RETARGET,80,75
2026-09-15,UB-KIT-MINIKIT,Brew Starter Kit,Gifts,Mini kit,Video,2831.47,8.614,14.503248235714288,41065.512281977935,14416.045158430736,42,47,7.49,567,9.2,LOW,4.942,9.11,2.808,6.122,CHECKOUT_CONVERSION,HIGH,CREATIVE_TO_CONVERSION_GAP,STABLE,HIGHLY_PROFITABLE,PAYMENT_FRICTION,Elevated payment failures may be reducing completed orders.,FIX_PAYMENT,90,85
2026-09-16,UB-KIT-MINIKIT,Brew Starter Kit,Gifts,Mini kit,Influencer Video,2730.34,18.062,13.401995832945374,36592.00530252408,12638.302227060112,42,87,4.04,489,4.69,MEDIUM,5.155,11.106,3.474,4.396,NORMAL,MEDIUM,NORMAL,STABLE,HIGHLY_PROFITABLE,HIGH_PERFORMER,Strong predicted ROAS and healthy business signals indicate a scaling opportunity.,MAINTAIN,60,75
2026-09-17,UB-KIT-MINIKIT,Brew Starter Kit,Gifts,Mini kit,Image,2468.59,13.449,14.008495922689832,34581.232949792895,12055.527838913016,42,69,1.95,433,5.29,MEDIUM,5.047,11.147,3.194,5.479,NORMAL,HIGH,NORMAL,STABLE,HIGHLY_PROFITABLE,PAYMENT_FRICTION,Elevated payment failures may be reducing completed orders.,FIX_PAYMENT,90,85
2026-09-18,UB-KIT-MINIKIT,Brew Starter Kit,Gifts,Mini kit,Influencer Video,2268.17,15.403,15.760896812816824,35748.393323926735,12746.155196049229,42,67,3.74,391,4.2,MEDIUM,5.253,11.381,3.083,4.286,NORMAL,MEDIUM,NORMAL,STABLE,HIGHLY_PROFITABLE,HIGH_PERFORMER,Strong predicted ROAS and healthy business signals indicate a scaling opportunity.,MAINTAIN,60,75
2026-09-19,UB-KIT-MINIKIT,Brew Starter Kit,Gifts,Mini kit,Image,2082.74,17.987,11.340225079854072,23618.740382815267,7837.130960782413,42,79,1.17,334,3.56,MEDIUM,4.744,11.367,3.762,3.614,NORMAL,MEDIUM,NORMAL,STABLE,HIGHLY_PROFITABLE,HIGH_PERFORMER,Strong predicted ROAS and healthy business signals indicate a scaling opportunity.,MAINTAIN,60,75
2026-09-20,UB-KIT-MINIKIT,Brew Starter Kit,Gifts,Mini kit,Carousel,3021.3,8.504,10.693934668198892,32309.584813029316,10548.725621472313,42,51,6.0,295,5.24,MEDIUM,4.823,13.816,3.908,6.557,NORMAL,HIGH,NORMAL,STABLE,HIGHLY_PROFITABLE,PAYMENT_FRICTION,Elevated payment failures may be reducing completed orders.,FIX_PAYMENT,90,85
2026-09-21,UB-KIT-MINIKIT,Brew Starter Kit,Gifts,Mini kit,Influencer Video,2863.67,9.892,13.637951542592601,39054.592693976156,13539.258931469985,42,54,0.63,259,4.41,MEDIUM,5.559,13.73,3.305,8.219,NORMAL,HIGH,NORMAL,STABLE,HIGHLY_PROFITABLE,PAYMENT_FRICTION,Elevated payment failures may be reducing completed orders.,FIX_PAYMENT,90,85
2026-09-22,UB-KIT-MINIKIT,Brew Starter Kit,Gifts,Mini kit,Image,2062.29,15.287,13.863448852606947,28590.45193424278,9945.699812381969,42,65,10.54,212,2.6,HIGH,5.492,11.659,2.993,4.412,CHECKOUT_CONVERSION,MEDIUM,CREATIVE_TO_CONVERSION_GAP,STRONG_GROWTH,HIGHLY_PROFITABLE,INVENTORY_RISK,Inventory is very low and scaling ads may cause stockout.,PROTECT_INVENTORY,90,85
2026-09-23,UB-KIT-MINIKIT,Brew Starter Kit,Gifts,Mini kit,Video,2369.61,12.179,12.561635863259314,29766.177957937904,10132.184742333919,42,60,10.58,155,2.07,HIGH,5.355,13.559,3.623,5.0,NORMAL,HIGH,NORMAL,STRONG_GROWTH,HIGHLY_PROFITABLE,INVENTORY_RISK,Inventory is very low and scaling ads may cause stockout.,PROTECT_INVENTORY,90,85
2026-09-24,UB-KIT-MINIKIT,Brew Starter Kit,Gifts,Mini kit,Influencer Video,2133.37,14.885,12.98802113535411,27708.254649530398,9504.096952802767,42,63,6.49,112,1.64,HIGH,4.38,13.264,3.496,5.634,NORMAL,HIGH,NORMAL,STABLE,HIGHLY_PROFITABLE,INVENTORY_RISK,Inventory is very low and scaling ads may cause stockout.,PROTECT_INVENTORY,90,85
2026-09-25,UB-KIT-MINIKIT,Brew Starter Kit,Gifts,Mini kit,Influencer Video,2616.49,8.049,10.077307800343208,26367.175086519997,8457.723536338399,42,31,7.31,80,2.3,HIGH,3.871,7.784,2.995,8.824,CHECKOUT_CONVERSION,HIGH,CREATIVE_TO_CONVERSION_GAP,STABLE,HIGHLY_PROFITABLE,INVENTORY_RISK,Inventory is very low and scaling ads may cause stockout.,PROTECT_INVENTORY,90,85
2026-09-26,UB-KIT-MINIKIT,Brew Starter Kit,Gifts,Mini kit,Video,2668.34,14.565,13.890928166212333,37065.71926303102,12899.262090473027,42,76,15.1,31,0.32,HIGH,5.344,13.497,3.419,8.571,NORMAL,HIGH,NORMAL,STRONG_GROWTH,HIGHLY_PROFITABLE,INVENTORY_RISK,Inventory is very low and scaling ads may cause stockout.,PROTECT_INVENTORY,90,85
2026-09-27,UB-KIT-MINIKIT,Brew Starter Kit,Gifts,Mini kit,Image,2441.72,11.895,12.713567904546608,31042.97302388954,10596.328670033607,42,56,13.64,0,0.0,CRITICAL,4.86,17.041,4.23,1.538,NORMAL,NORMAL,NORMAL,STRONG_GROWTH,HIGHLY_PROFITABLE,INVENTORY_SHORTAGE,Stock is exhausted or expected to run out immediately.,PROTECT_INVENTORY,90,90
2026-09-28,UB-KIT-MINIKIT,Brew Starter Kit,Gifts,Mini kit,Influencer Video,1995.42,14.848,14.422926921495172,28779.796837689897,10092.094671829756,42,59,13.2,0,0.0,CRITICAL,5.847,11.985,2.396,6.25,CHECKOUT_CONVERSION,HIGH,CREATIVE_TO_CONVERSION_GAP,STRONG_GROWTH,HIGHLY_PROFITABLE,INVENTORY_SHORTAGE,Stock is exhausted or expected to run out immediately.,PROTECT_INVENTORY,90,90
2026-09-01,UB-KIT-FULLKIT,Brew Starter Kit,Gifts,Full kit,Carousel,1665.11,8.667,11.466803112940635,19093.48853138858,8263.504036322061,52,18,0.48,1369,59.06,HEALTHY,3.942,9.122,2.594,5.0,CHECKOUT_CONVERSION,HIGH,CREATIVE_TO_CONVERSION_GAP,STABLE,HIGHLY_PROFITABLE,PAYMENT_FRICTION,Elevated payment failures may be reducing completed orders.,FIX_PAYMENT,90,85
2026-09-02,UB-KIT-FULLKIT,Brew Starter Kit,Gifts,Full kit,Influencer Video,1409.9,12.071,15.585216149616366,21973.596249344115,10016.370049658939,52,16,3.83,1245,64.18,HEALTHY,3.588,13.564,3.042,0.0,NORMAL,NORMAL,NORMAL,STABLE,HIGHLY_PROFITABLE,HIGH_PERFORMER,Strong predicted ROAS and healthy business signals indicate a scaling opportunity.,INCREASE_BUDGET,95,75
2026-09-03,UB-KIT-FULLKIT,Brew Starter Kit,Gifts,Full kit,Video,1162.47,15.137,17.278423389156874,20085.648837193192,9282.06739534046,52,19,-0.03,1240,61.2,HEALTHY,2.836,17.84,3.322,11.429,NORMAL,CRITICAL,NORMAL,STABLE,HIGHLY_PROFITABLE,PAYMENT_FAILURE,High payment failure rate is blocking completed purchases.,FIX_PAYMENT,90,85
2026-09-04,UB-KIT-FULLKIT,Brew Starter Kit,Gifts,Full kit,Image,1639.92,18.554,12.43178355331718,20387.13048475591,8961.387852073074,52,30,3.07,1759,41.75,HEALTHY,3.583,13.669,3.472,0.0,NORMAL,NORMAL,NORMAL,STABLE,HIGHLY_PROFITABLE,HIGH_PERFORMER,Strong predicted ROAS and healthy business signals indicate a scaling opportunity.,INCREASE_BUDGET,95,75
2026-09-05,UB-KIT-FULLKIT,Brew Starter Kit,Gifts,Full kit,Video,2145.07,11.44,13.872724858404345,29757.96591201741,13329.072274249054,52,30,7.56,1494,43.92,HEALTHY,4.028,18.199,3.589,5.714,NORMAL,HIGH,NORMAL,STABLE,HIGHLY_PROFITABLE,PAYMENT_FRICTION,Elevated payment failures may be reducing completed orders.,FIX_PAYMENT,90,85
2026-09-06,UB-KIT-FULLKIT,Brew Starter Kit,Gifts,Full kit,Carousel,1550.24,13.62,12.207667210155593,18924.81401587161,8290.663288253236,52,20,9.27,1226,49.26,HEALTHY,2.205,16.137,4.202,4.348,NORMAL,MEDIUM,NORMAL,STABLE,HIGHLY_PROFITABLE,HIGH_PERFORMER,Strong predicted ROAS and healthy business signals indicate a scaling opportunity.,INCREASE_BUDGET,95,75
2026-09-07,UB-KIT-FULLKIT,Brew Starter Kit,Gifts,Full kit,Video,1557.34,8.412,9.987225646434906,15553.505988218936,6530.483113873846,52,16,-6.4,1068,53.83,HEALTHY,4.014,13.585,3.2,0.0,NORMAL,NORMAL,NORMAL,STABLE,HIGHLY_PROFITABLE,HIGH_PERFORMER,Strong predicted ROAS and healthy business signals indicate a scaling opportunity.,INCREASE_BUDGET,85,75
2026-09-08,UB-KIT-FULLKIT,Brew Starter Kit,Gifts,Full kit,Image,1628.05,8.091,11.244110019571021,18305.9733173626,7891.056125028553,52,15,-12.06,1057,51.76,HEALTHY,2.636,20.319,5.338,4.762,HEALTHY_CONVERSION,MEDIUM,NORMAL,DECLINING,HIGHLY_PROFITABLE,DEMAND_DECLINE,Sales signals indicate declining product demand.,DECREASE_BUDGET,85,75
2026-09-09,UB-KIT-FULLKIT,Brew Starter Kit,Gifts,Full kit,Video,1933.46,11.801,13.513436503889027,26127.68894280928,11652.938250260824,52,29,1.71,1363,40.02,HEALTHY,3.014,18.554,5.179,0.0,HEALTHY_CONVERSION,NORMAL,NORMAL,STABLE,HIGHLY_PROFITABLE,HIGH_PERFORMER,Strong predicted ROAS and healthy business signals indicate a scaling opportunity.,INCREASE_BUDGET,95,75
2026-09-10,UB-KIT-FULLKIT,Brew Starter Kit,Gifts,Full kit,Video,1481.78,12.629,12.445233249932702,18441.097725085277,8107.5908170443445,52,24,2.65,1269,40.03,HEALTHY,3.459,11.628,3.217,3.846,NORMAL,MEDIUM,NORMAL,STABLE,HIGHLY_PROFITABLE,HIGH_PERFORMER,Strong predicted ROAS and healthy business signals indicate a scaling opportunity.,INCREASE_BUDGET,95,75
2026-09-11,UB-KIT-FULLKIT,Brew Starter Kit,Gifts,Full kit,Video,1964.85,10.962,14.365177027429276,28225.41808234441,12712.367402819094,52,26,5.06,1185,39.78,HEALTHY,2.501,11.186,3.457,7.143,NORMAL,HIGH,NORMAL,STABLE,HIGHLY_PROFITABLE,PAYMENT_FRICTION,Elevated payment failures may be reducing completed orders.,FIX_PAYMENT,90,85
2026-09-12,UB-KIT-FULLKIT,Brew Starter Kit,Gifts,Full kit,Video,1460.42,16.033,14.143111006615102,20654.88217628083,9280.11873166603,52,30,5.15,1411,35.3,HEALTHY,3.785,19.914,4.815,4.444,NORMAL,MEDIUM,NORMAL,STABLE,HIGHLY_PROFITABLE,HIGH_PERFORMER,Strong predicted ROAS and healthy business signals indicate a scaling opportunity.,INCREASE_BUDGET,95,75
2026-09-13,UB-KIT-FULLKIT,Brew Starter Kit,Gifts,Full kit,Image,1497.57,13.406,16.457281083976213,24645.930432930254,11318.313825123732,52,22,10.65,992,39.43,HEALTHY,2.928,19.512,4.741,5.714,NORMAL,HIGH,NORMAL,STRONG_GROWTH,HIGHLY_PROFITABLE,PAYMENT_FRICTION,Elevated payment failures may be reducing completed orders.,FIX_PAYMENT,90,85
2026-09-14,UB-KIT-FULLKIT,Brew Starter Kit,Gifts,Full kit,Carousel,1526.26,16.878,10.714439228357051,16353.020016672233,6977.31040866956,52,22,2.5,984,37.79,HEALTHY,2.891,14.45,3.571,4.348,NORMAL,MEDIUM,NORMAL,STABLE,HIGHLY_PROFITABLE,HIGH_PERFORMER,Strong predicted ROAS and healthy business signals indicate a scaling opportunity.,INCREASE_BUDGET,95,75
2026-09-15,UB-KIT-FULLKIT,Brew Starter Kit,Gifts,Full kit,Image,1239.58,8.009,12.957764123333442,16062.185252001667,7112.756331040868,52,12,14.89,726,42.91,HEALTHY,4.352,16.519,2.405,7.692,CHECKOUT_CONVERSION,HIGH,CREATIVE_TO_CONVERSION_GAP,STRONG_GROWTH,HIGHLY_PROFITABLE,PAYMENT_FRICTION,Elevated payment failures may be reducing completed orders.,FIX_PAYMENT,90,85
2026-09-16,UB-KIT-FULLKIT,Brew Starter Kit,Gifts,Full kit,Image,1611.22,14.802,15.171149939148414,24444.06020495471,11099.69130657645,52,28,11.47,1150,32.81,HEALTHY,2.397,15.505,4.185,5.556,NORMAL,HIGH,NORMAL,STRONG_GROWTH,HIGHLY_PROFITABLE,PAYMENT_FRICTION,Elevated payment failures may be reducing completed orders.,FIX_PAYMENT,90,85
2026-09-17,UB-KIT-FULLKIT,Brew Starter Kit,Gifts,Full kit,Video,1493.54,15.508,11.281934482674677,16850.020427253938,7268.470622172047,52,30,13.95,1153,31.22,HEALTHY,3.386,16.471,3.881,4.444,NORMAL,MEDIUM,NORMAL,STRONG_GROWTH,HIGHLY_PROFITABLE,HIGH_PERFORMER,Strong predicted ROAS and healthy business signals indicate a scaling opportunity.,INCREASE_BUDGET,95,75
2026-09-18,UB-KIT-FULLKIT,Brew Starter Kit,Gifts,Full kit,Image,1589.0,8.736,10.189822932349605,16191.628639503522,6830.646892541832,52,17,25.92,801,32.63,HEALTHY,2.537,11.842,2.886,5.556,CHECKOUT_CONVERSION,HIGH,CREATIVE_TO_CONVERSION_GAP,STRONG_GROWTH,HIGHLY_PROFITABLE,PAYMENT_FRICTION,Elevated payment failures may be reducing completed orders.,FIX_PAYMENT,90,85
2026-09-19,UB-KIT-FULLKIT,Brew Starter Kit,Gifts,Full kit,Influencer Video,1301.2,9.65,12.398144421879858,16132.465521750071,7087.682071310038,52,13,0.3,564,34.54,HEALTHY,3.2,9.143,3.533,0.0,NORMAL,NORMAL,NORMAL,STABLE,HIGHLY_PROFITABLE,HIGH_PERFORMER,Strong predicted ROAS and healthy business signals indicate a scaling opportunity.,INCREASE_BUDGET,95,75
2026-09-20,UB-KIT-FULLKIT,Brew Starter Kit,Gifts,Full kit,Video,1414.06,12.802,19.800661614626943,27999.323562779373,13145.588252645275,52,22,4.42,760,30.35,HEALTHY,2.562,19.293,4.911,6.25,NORMAL,HIGH,NORMAL,STABLE,HIGHLY_PROFITABLE,PAYMENT_FRICTION,Elevated payment failures may be reducing completed orders.,FIX_PAYMENT,90,85
2026-09-21,UB-KIT-FULLKIT,Brew Starter Kit,Gifts,Full kit,Influencer Video,1133.8,22.935,13.81166293045783,15659.663430553088,7009.224983887606,52,26,2.08,940,27.95,HEALTHY,3.539,15.747,2.49,5.556,CHECKOUT_CONVERSION,HIGH,CREATIVE_TO_CONVERSION_GAP,STABLE,HIGHLY_PROFITABLE,PAYMENT_FRICTION,Elevated payment failures may be reducing completed orders.,FIX_PAYMENT,90,85
2026-09-22,UB-KIT-FULLKIT,Brew Starter Kit,Gifts,Full kit,Video,1620.65,13.372,15.691407934102944,25430.280268403938,11603.095739570048,52,25,18.85,746,27.08,HEALTHY,3.205,10.853,3.012,3.846,NORMAL,MEDIUM,NORMAL,STRONG_GROWTH,HIGHLY_PROFITABLE,HIGH_PERFORMER,Strong predicted ROAS and healthy business signals indicate a scaling opportunity.,INCREASE_BUDGET,95,75
2026-09-23,UB-KIT-FULLKIT,Brew Starter Kit,Gifts,Full kit,Video,1866.54,9.268,11.107733182595382,20733.028294641583,8914.634713213622,52,20,15.54,691,25.92,HEALTHY,3.678,25.074,3.521,2.632,NORMAL,MEDIUM,NORMAL,STRONG_GROWTH,HIGHLY_PROFITABLE,HIGH_PERFORMER,Strong predicted ROAS and healthy business signals indicate a scaling opportunity.,INCREASE_BUDGET,95,75
2026-09-24,UB-KIT-FULLKIT,Brew Starter Kit,Gifts,Full kit,Image,1734.41,9.124,10.65383483222308,18478.11767135603,7874.211189105135,52,19,7.78,658,25.83,HEALTHY,3.368,11.093,3.172,4.0,NORMAL,MEDIUM,NORMAL,STABLE,HIGHLY_PROFITABLE,HIGH_PERFORMER,Strong predicted ROAS and healthy business signals indicate a scaling opportunity.,INCREASE_BUDGET,95,75
2026-09-25,UB-KIT-FULLKIT,Brew Starter Kit,Gifts,Full kit,Image,1646.82,17.226,13.399950269536154,22067.306102877526,9828.179173496315,52,34,7.17,1021,25.83,HEALTHY,4.113,15.061,3.676,6.122,NORMAL,HIGH,NORMAL,STABLE,HIGHLY_PROFITABLE,PAYMENT_FRICTION,Elevated payment failures may be reducing completed orders.,FIX_PAYMENT,90,85
2026-09-26,UB-KIT-FULLKIT,Brew Starter Kit,Gifts,Full kit,Video,2015.44,15.505,12.262673355851327,24714.682388317,10836.19484192484,52,36,-3.78,1076,25.83,HEALTHY,4.103,16.575,3.604,5.263,NORMAL,HIGH,NORMAL,STABLE,HIGHLY_PROFITABLE,PAYMENT_FRICTION,Elevated payment failures may be reducing completed orders.,FIX_PAYMENT,90,85
2026-09-27,UB-KIT-FULLKIT,Brew Starter Kit,Gifts,Full kit,Image,1945.86,10.786,12.132227578783949,23607.616356452534,10330.100505355316,52,25,7.2,799,25.82,HEALTHY,3.676,11.134,3.587,3.846,NORMAL,MEDIUM,NORMAL,STABLE,HIGHLY_PROFITABLE,HIGH_PERFORMER,Strong predicted ROAS and healthy business signals indicate a scaling opportunity.,INCREASE_BUDGET,95,75
2026-09-28,UB-KIT-FULLKIT,Brew Starter Kit,Gifts,Full kit,Image,1504.23,10.826,13.874156766104264,20869.922832277018,9348.12987278405,52,18,11.04,1361,61.89,HEALTHY,3.159,17.556,2.889,5.128,CHECKOUT_CONVERSION,HIGH,CREATIVE_TO_CONVERSION_GAP,STRONG_GROWTH,HIGHLY_PROFITABLE,PAYMENT_FRICTION,Elevated payment failures may be reducing completed orders.,FIX_PAYMENT,90,85
2026-09-01,UB-ARABICA-250G,Arabica Whole Beans,Coffee,250 g,Video,1648.05,16.965,15.478600799145303,25509.508047031417,6259.897494579738,31,90,13.92,4779,46.45,HEALTHY,6.48,16.552,6.982,5.208,HEALTHY_CONVERSION,HIGH,NORMAL,STRONG_GROWTH,HIGHLY_PROFITABLE,PAYMENT_FRICTION,Elevated payment failures may be reducing completed orders.,FIX_PAYMENT,90,85
2026-09-02,UB-ARABICA-250G,Arabica Whole Beans,Coffee,250 g,Influencer Video,1664.8,19.544,10.788762050809215,17961.13106218718,3903.150629278027,31,119,-0.23,6317,43.15,HEALTHY,6.134,17.052,5.566,5.512,HEALTHY_CONVERSION,HIGH,NORMAL,STABLE,HIGHLY_PROFITABLE,PAYMENT_FRICTION,Elevated payment failures may be reducing completed orders.,FIX_PAYMENT,90,85
2026-09-03,UB-ARABICA-250G,Arabica Whole Beans,Coffee,250 g,Video,1674.61,10.059,13.136276072536626,21998.13927383056,5144.813174887473,31,66,14.24,3684,46.57,HEALTHY,5.416,16.342,5.744,0.0,HEALTHY_CONVERSION,NORMAL,NORMAL,STRONG_GROWTH,HIGHLY_PROFITABLE,HIGH_PERFORMER,Strong predicted ROAS and healthy business signals indicate a scaling opportunity.,INCREASE_BUDGET,95,75
2026-09-04,UB-ARABICA-250G,Arabica Whole Beans,Coffee,250 g,Image,1837.42,15.157,10.43651755018483,19176.26607706061,4107.222483888789,31,93,-0.59,4553,43.66,HEALTHY,5.007,18.028,7.648,1.053,HEALTHY_CONVERSION,NORMAL,NORMAL,STABLE,HIGHLY_PROFITABLE,HIGH_PERFORMER,Strong predicted ROAS and healthy business signals indicate a scaling opportunity.,INCREASE_BUDGET,95,75
2026-09-05,UB-ARABICA-250G,Arabica Whole Beans,Coffee,250 g,Video,2361.74,10.548,8.955008174008324,21149.401004882417,4194.574311513549,31,84,11.6,3900,43.79,HEALTHY,7.057,17.119,5.734,4.545,HEALTHY_CONVERSION,MEDIUM,NORMAL,STRONG_GROWTH,HIGHLY_PROFITABLE,HIGH_PERFORMER,Strong predicted ROAS and healthy business signals indicate a scaling opportunity.,INCREASE_BUDGET,85,75
2026-09-06,UB-ARABICA-250G,Arabica Whole Beans,Coffee,250 g,Image,2118.7,6.946,7.480254634427018,15848.415493960521,2794.308803127762,31,42,-5.83,2267,47.95,HEALTHY,5.669,13.759,3.223,2.326,NORMAL,MEDIUM,NORMAL,STABLE,PROFITABLE,NORMAL_PERFORMANCE,No major negative signal detected.,MAINTAIN,50,60
2026-09-07,UB-ARABICA-250G,Arabica Whole Beans,Coffee,250 g,Carousel,2246.35,6.646,10.283466594465088,23100.265184476648,4914.732207187761,31,48,5.51,2911,44.42,HEALTHY,4.64,12.487,4.11,4.0,NORMAL,MEDIUM,NORMAL,STABLE,HIGHLY_PROFITABLE,HIGH_PERFORMER,Strong predicted ROAS and healthy business signals indicate a scaling opportunity.,INCREASE_BUDGET,95,75
2026-09-08,UB-ARABICA-250G,Arabica Whole Beans,Coffee,250 g,Video,2023.57,12.777,12.00151784325396,24285.911462073418,5505.062553242759,31,90,14.9,5182,40.66,HEALTHY,6.474,18.012,6.803,5.208,HEALTHY_CONVERSION,HIGH,NORMAL,STRONG_GROWTH,HIGHLY_PROFITABLE,PAYMENT_FRICTION,Elevated payment failures may be reducing completed orders.,FIX_PAYMENT,90,85
2026-09-09,UB-ARABICA-250G,Arabica Whole Beans,Coffee,250 g,Image,1689.53,13.027,10.022391019664427,16933.130299453638,3559.7403928306285,31,85,11.61,4402,40.3,HEALTHY,5.171,18.552,5.228,6.452,HEALTHY_CONVERSION,HIGH,NORMAL,STRONG_GROWTH,HIGHLY_PROFITABLE,PAYMENT_FRICTION,Elevated payment failures may be reducing completed orders.,FIX_PAYMENT,90,85
2026-09-10,UB-ARABICA-250G,Arabica Whole Beans,Coffee,250 g,Video,2255.12,8.967,9.649910221275123,21761.705538201953,4491.008716842605,31,62,-8.68,3334,40.17,HEALTHY,5.856,11.812,3.412,5.97,NORMAL,HIGH,NORMAL,STABLE,HIGHLY_PROFITABLE,PAYMENT_FRICTION,Elevated payment failures may be reducing completed orders.,FIX_PAYMENT,80,85
2026-09-11,UB-ARABICA-250G,Arabica Whole Beans,Coffee,250 g,Image,2129.76,10.532,11.064628303961161,23565.002776644324,5175.3908607597405,31,83,0.31,3801,39.2,HEALTHY,4.106,17.427,6.608,2.326,HEALTHY_CONVERSION,MEDIUM,NORMAL,STABLE,HIGHLY_PROFITABLE,HIGH_PERFORMER,Strong predicted ROAS and healthy business signals indicate a scaling opportunity.,INCREASE_BUDGET,95,75
2026-09-12,UB-ARABICA-250G,Arabica Whole Beans,Coffee,250 g,Carousel,2076.92,12.423,8.284087611295018,17205.38724165085,3256.7500449117633,31,99,6.01,4590,38.24,HEALTHY,4.856,21.705,7.279,3.81,HEALTHY_CONVERSION,MEDIUM,NORMAL,STABLE,HIGHLY_PROFITABLE,HIGH_PERFORMER,Strong predicted ROAS and healthy business signals indicate a scaling opportunity.,INCREASE_BUDGET,85,75
2026-09-13,UB-ARABICA-250G,Arabica Whole Beans,Coffee,250 g,Influencer Video,2621.65,6.704,7.148291833939474,18740.319286447422,3187.8489787987014,31,67,8.98,3193,38.18,HEALTHY,4.347,17.952,7.212,2.899,HEALTHY_CONVERSION,MEDIUM,NORMAL,STABLE,PROFITABLE,NORMAL_PERFORMANCE,No major negative signal detected.,MAINTAIN,50,60
2026-09-14,UB-ARABICA-250G,Arabica Whole Beans,Coffee,250 g,Influencer Video,1913.3,6.781,8.727209447381805,16697.76983567561,3263.0086490594385,31,50,7.39,2122,38.17,HEALTHY,5.875,9.879,2.555,8.929,CHECKOUT_CONVERSION,HIGH,CREATIVE_TO_CONVERSION_GAP,STABLE,HIGHLY_PROFITABLE,PAYMENT_FRICTION,Elevated payment failures may be reducing completed orders.,FIX_PAYMENT,80,85
2026-09-15,UB-ARABICA-250G,Arabica Whole Beans,Coffee,250 g,Image,1676.89,7.882,7.047548987051804,11817.9644208973,1986.678970478163,31,48,1.31,2054,38.17,HEALTHY,5.496,17.989,3.077,3.922,NORMAL,MEDIUM,NORMAL,STABLE,PROFITABLE,NORMAL_PERFORMANCE,No major negative signal detected.,MAINTAIN,50,60
2026-09-16,UB-ARABICA-250G,Arabica Whole Beans,Coffee,250 g,Image,1931.16,6.39,8.88690876082124,17162.042722547547,3389.07324398974,31,48,9.72,2254,38.18,HEALTHY,6.57,17.792,4.428,7.547,NORMAL,HIGH,NORMAL,STABLE,HIGHLY_PROFITABLE,PAYMENT_FRICTION,Elevated payment failures may be reducing completed orders.,FIX_PAYMENT,80,85
2026-09-17,UB-ARABICA-250G,Arabica Whole Beans,Coffee,250 g,Image,1552.62,9.617,7.041610834101982,10932.945813243417,1836.5932021054596,31,53,3.75,2404,38.18,HEALTHY,4.134,13.38,4.387,1.818,NORMAL,NORMAL,NORMAL,STABLE,PROFITABLE,NORMAL_PERFORMANCE,No major negative signal detected.,MAINTAIN,50,60
2026-09-18,UB-ARABICA-250G,Arabica Whole Beans,Coffee,250 g,Video,2261.53,5.757,6.814121643219051,15410.34051978918,2515.6755611346457,31,51,2.18,2169,38.19,HEALTHY,6.045,18.959,4.615,8.621,NORMAL,HIGH,NORMAL,STABLE,PROFITABLE,PAYMENT_FRICTION,Elevated payment failures may be reducing completed orders.,FIX_PAYMENT,80,70
2026-09-19,UB-ARABICA-250G,Arabica Whole Beans,Coffee,250 g,Carousel,2432.05,5.609,6.494731898418265,15795.512713548142,2464.5589411999235,31,38,11.61,1826,38.18,HEALTHY,4.842,12.015,3.262,4.878,NORMAL,MEDIUM,NORMAL,STRONG_GROWTH,PROFITABLE,NORMAL_PERFORMANCE,No major negative signal detected.,MAINTAIN,50,60
2026-09-20,UB-ARABICA-250G,Arabica Whole Beans,Coffee,250 g,Video,2055.17,5.322,10.883552250812919,22367.550079303186,4878.770524583987,31,41,7.35,1868,38.17,HEALTHY,4.802,11.656,2.778,4.545,CHECKOUT_CONVERSION,MEDIUM,CREATIVE_TO_CONVERSION_GAP,STABLE,HIGHLY_PROFITABLE,FUNNEL_DROP_OFF,Users show purchase intent but conversion remains weak.,RETARGET,80,75
2026-09-21,UB-ARABICA-250G,Arabica Whole Beans,Coffee,250 g,Influencer Video,2050.53,15.607,9.498044605820112,19476.025405572316,3987.037875727418,31,116,3.47,5855,38.18,HEALTHY,5.393,18.845,5.751,5.556,HEALTHY_CONVERSION,HIGH,NORMAL,STABLE,HIGHLY_PROFITABLE,PAYMENT_FRICTION,Elevated payment failures may be reducing completed orders.,FIX_PAYMENT,80,85
2026-09-22,UB-ARABICA-250G,Arabica Whole Beans,Coffee,250 g,Video,1976.71,9.101,7.749940500407783,15319.384886561069,2772.299314833931,31,49,11.78,2281,38.18,HEALTHY,4.785,13.25,3.393,7.407,NORMAL,HIGH,NORMAL,STRONG_GROWTH,PROFITABLE,PAYMENT_FRICTION,Elevated payment failures may be reducing completed orders.,FIX_PAYMENT,80,70
2026-09-23,UB-ARABICA-250G,Arabica Whole Beans,Coffee,250 g,Image,1637.25,10.213,10.958659002689807,17942.064452153885,3924.789980167705,31,63,7.68,2862,38.18,HEALTHY,4.546,13.588,4.519,1.538,NORMAL,NORMAL,NORMAL,STABLE,HIGHLY_PROFITABLE,HIGH_PERFORMER,Strong predicted ROAS and healthy business signals indicate a scaling opportunity.,INCREASE_BUDGET,95,75
2026-09-24,UB-ARABICA-250G,Arabica Whole Beans,Coffee,250 g,Video,2095.68,10.35,9.308466696408317,19507.56748632898,3951.6659207619837,31,79,5.24,3718,38.18,HEALTHY,5.799,17.245,6.345,4.762,HEALTHY_CONVERSION,MEDIUM,NORMAL,STABLE,HIGHLY_PROFITABLE,HIGH_PERFORMER,Strong predicted ROAS and healthy business signals indicate a scaling opportunity.,INCREASE_BUDGET,85,75
2026-09-25,UB-ARABICA-250G,Arabica Whole Beans,Coffee,250 g,Carousel,2145.16,6.382,8.196430109749125,17582.654014229433,3305.4627444111247,31,54,2.99,2480,38.18,HEALTHY,4.918,15.061,5.378,3.509,HEALTHY_CONVERSION,MEDIUM,NORMAL,STABLE,HIGHLY_PROFITABLE,HIGH_PERFORMER,Strong predicted ROAS and healthy business signals indicate a scaling opportunity.,INCREASE_BUDGET,85,75
2026-09-26,UB-ARABICA-250G,Arabica Whole Beans,Coffee,250 g,Influencer Video,2197.02,12.038,10.138387949485699,22274.24109277907,4707.994738761512,31,91,13.45,4006,38.17,HEALTHY,4.707,20.197,5.913,6.931,HEALTHY_CONVERSION,HIGH,NORMAL,STRONG_GROWTH,HIGHLY_PROFITABLE,PAYMENT_FRICTION,Elevated payment failures may be reducing completed orders.,FIX_PAYMENT,90,85
2026-09-27,UB-ARABICA-250G,Arabica Whole Beans,Coffee,250 g,Influencer Video,2057.21,9.32,8.618839533493437,17730.762876698034,3439.326491776391,31,58,-11.45,3599,52.59,HEALTHY,5.655,18.039,7.37,3.279,HEALTHY_CONVERSION,MEDIUM,NORMAL,DECLINING,HIGHLY_PROFITABLE,DEMAND_DECLINE,Sales signals indicate declining product demand.,DECREASE_BUDGET,75,75
2026-09-28,UB-ARABICA-250G,Arabica Whole Beans,Coffee,250 g,Image,1980.62,9.658,9.571254871336999,18957.018823267485,3896.055835212921,31,69,0.63,4342,48.6,HEALTHY,4.09,16.093,4.618,6.579,NORMAL,HIGH,NORMAL,STABLE,HIGHLY_PROFITABLE,PAYMENT_FRICTION,Elevated payment failures may be reducing completed orders.,FIX_PAYMENT,80,85
2026-09-01,UB-ARABICA-500G,Arabica Whole Beans,Coffee,500 g,Image,832.22,14.605,20.67969014970156,17210.051736384634,7084.403798736931,46,41,7.88,844,18.54,HEALTHY,5.112,9.948,3.547,6.977,NORMAL,HIGH,NORMAL,STABLE,HIGHLY_PROFITABLE,PAYMENT_FRICTION,Elevated payment failures may be reducing completed orders.,FIX_PAYMENT,90,85
2026-09-02,UB-ARABICA-500G,Arabica Whole Beans,Coffee,500 g,Video,890.86,21.37,11.628825688486305,10359.655652844911,3874.581600308659,46,66,-2.06,794,9.39,LOW,5.108,12.185,4.394,4.412,NORMAL,MEDIUM,NORMAL,STABLE,HIGHLY_PROFITABLE,HIGH_PERFORMER,Strong predicted ROAS and healthy business signals indicate a scaling opportunity.,MAINTAIN,60,75
2026-09-03,UB-ARABICA-500G,Arabica Whole Beans,Coffee,500 g,Video,1192.04,9.311,10.949641136783617,13052.410220691543,4812.068701518109,46,29,0.9,769,24.11,HEALTHY,3.935,15.161,3.219,12.121,NORMAL,CRITICAL,NORMAL,STABLE,HIGHLY_PROFITABLE,PAYMENT_FAILURE,High payment failure rate is blocking completed purchases.,FIX_PAYMENT,90,85
2026-09-04,UB-ARABICA-500G,Arabica Whole Beans,Coffee,500 g,Carousel,1204.58,10.335,22.35714581307118,26930.970703509283,11183.666523614269,46,21,2.24,743,32.59,HEALTHY,5.452,8.564,1.173,4.545,CHECKOUT_CONVERSION,MEDIUM,CREATIVE_TO_CONVERSION_GAP,STABLE,HIGHLY_PROFITABLE,FUNNEL_DROP_OFF,Users show purchase intent but conversion remains weak.,RETARGET,80,75
2026-09-05,UB-ARABICA-500G,Arabica Whole Beans,Coffee,500 g,Video,868.61,29.277,13.418542941349951,11655.48058428598,4492.911068771552,46,91,10.35,674,5.99,MEDIUM,5.446,16.007,5.485,1.075,HEALTHY_CONVERSION,NORMAL,NORMAL,STRONG_GROWTH,HIGHLY_PROFITABLE,HIGH_PERFORMER,Strong predicted ROAS and healthy business signals indicate a scaling opportunity.,MAINTAIN,60,75
2026-09-06,UB-ARABICA-500G,Arabica Whole Beans,Coffee,500 g,Influencer Video,928.8,13.205,20.256298203891923,18814.04977177482,7725.662895016417,46,43,15.27,634,11.45,LOW,5.185,17.81,4.357,6.522,NORMAL,HIGH,NORMAL,STRONG_GROWTH,HIGHLY_PROFITABLE,PAYMENT_FRICTION,Elevated payment failures may be reducing completed orders.,FIX_PAYMENT,90,85
2026-09-07,UB-ARABICA-500G,Arabica Whole Beans,Coffee,500 g,Video,1056.48,20.685,23.172995516955286,24481.80630375292,10205.150899726345,46,63,16.92,586,8.51,LOW,4.601,13.652,4.197,7.246,NORMAL,HIGH,NORMAL,STRONG_GROWTH,HIGHLY_PROFITABLE,PAYMENT_FRICTION,Elevated payment failures may be reducing completed orders.,FIX_PAYMENT,90,85
2026-09-08,UB-ARABICA-500G,Arabica Whole Beans,Coffee,500 g,Image,1012.53,28.515,12.063930278309792,12215.091324697014,4606.412009360626,46,91,2.15,517,4.24,MEDIUM,5.322,12.967,4.82,4.902,NORMAL,MEDIUM,NORMAL,STABLE,HIGHLY_PROFITABLE,HIGH_PERFORMER,Strong predicted ROAS and healthy business signals indicate a scaling opportunity.,MAINTAIN,60,75
2026-09-09,UB-ARABICA-500G,Arabica Whole Beans,Coffee,500 g,Video,921.88,7.503,14.79160900499038,13636.088509520532,5350.720714379444,46,24,0.66,495,18.09,HEALTHY,4.49,7.204,2.561,0.0,CHECKOUT_CONVERSION,NORMAL,CREATIVE_TO_CONVERSION_GAP,STABLE,HIGHLY_PROFITABLE,FUNNEL_DROP_OFF,Users show purchase intent but conversion remains weak.,RETARGET,80,75
2026-09-10,UB-ARABICA-500G,Arabica Whole Beans,Coffee,500 g,Video,1039.42,16.073,13.449087043868303,13979.250055137592,5391.035025363292,46,58,-7.71,457,6.39,MEDIUM,4.675,12.568,4.394,1.613,NORMAL,NORMAL,NORMAL,STABLE,HIGHLY_PROFITABLE,HIGH_PERFORMER,Strong predicted ROAS and healthy business signals indicate a scaling opportunity.,MAINTAIN,60,75
2026-09-11,UB-ARABICA-500G,Arabica Whole Beans,Coffee,500 g,Image,964.01,11.211,18.48888202879038,17823.467164574213,7234.784895704139,46,40,1.44,413,8.21,LOW,4.666,11.415,2.495,2.439,CHECKOUT_CONVERSION,MEDIUM,CREATIVE_TO_CONVERSION_GAP,STABLE,HIGHLY_PROFITABLE,FUNNEL_DROP_OFF,Users show purchase intent but conversion remains weak.,RETARGET,80,75
2026-09-12,UB-ARABICA-500G,Arabica Whole Beans,Coffee,500 g,Influencer Video,983.68,17.996,13.202603207001465,12987.136722663201,4990.4028924250715,46,65,3.01,362,4.35,MEDIUM,5.65,12.03,2.936,5.714,CHECKOUT_CONVERSION,HIGH,CREATIVE_TO_CONVERSION_GAP,STABLE,HIGHLY_PROFITABLE,PAYMENT_FRICTION,Elevated payment failures may be reducing completed orders.,FIX_PAYMENT,90,85
2026-09-13,UB-ARABICA-500G,Arabica Whole Beans,Coffee,500 g,Influencer Video,1034.64,9.543,12.67554110223019,13114.621846011445,4998.086049165265,46,29,13.41,338,11.2,LOW,4.719,11.919,3.046,3.333,NORMAL,MEDIUM,NORMAL,STRONG_GROWTH,HIGHLY_PROFITABLE,HIGH_PERFORMER,Strong predicted ROAS and healthy business signals indicate a scaling opportunity.,MAINTAIN,60,75
2026-09-14,UB-ARABICA-500G,Arabica Whole Beans,Coffee,500 g,Image,1253.52,12.853,23.621008668726216,29609.406786421685,12366.807121753975,46,58,12.48,294,3.67,MEDIUM,4.694,11.053,3.828,4.918,NORMAL,MEDIUM,NORMAL,STRONG_GROWTH,HIGHLY_PROFITABLE,HIGH_PERFORMER,Strong predicted ROAS and healthy business signals indicate a scaling opportunity.,MAINTAIN,60,75
2026-09-15,UB-ARABICA-500G,Arabica Whole Beans,Coffee,500 g,Video,762.78,25.852,15.817875507565423,12065.559079660754,4787.377176643947,46,67,9.56,240,2.81,HIGH,6.258,16.517,3.131,10.667,NORMAL,CRITICAL,NORMAL,STABLE,HIGHLY_PROFITABLE,INVENTORY_RISK,Inventory is very low and scaling ads may cause stockout.,PROTECT_INVENTORY,90,85
2026-09-16,UB-ARABICA-500G,Arabica Whole Beans,Coffee,500 g,Carousel,834.19,14.779,27.041514484811486,22557.760968084895,9542.38004531905,46,44,14.08,199,3.84,MEDIUM,4.872,12.003,3.537,6.383,NORMAL,HIGH,NORMAL,STRONG_GROWTH,HIGHLY_PROFITABLE,PAYMENT_FRICTION,Elevated payment failures may be reducing completed orders.,FIX_PAYMENT,90,85
2026-09-17,UB-ARABICA-500G,Arabica Whole Beans,Coffee,500 g,Video,761.02,34.194,19.57240781932773,14894.993798664787,6090.6771473858025,46,95,16.47,122,1.15,HIGH,4.865,13.1,4.694,6.931,NORMAL,HIGH,NORMAL,STRONG_GROWTH,HIGHLY_PROFITABLE,INVENTORY_RISK,Inventory is very low and scaling ads may cause stockout.,PROTECT_INVENTORY,90,85
2026-09-18,UB-ARABICA-500G,Arabica Whole Beans,Coffee,500 g,Video,1024.0,19.692,17.548629578106006,17969.79668798055,7242.106476471054,46,74,3.67,49,0.63,HIGH,4.373,16.821,4.83,3.846,NORMAL,MEDIUM,NORMAL,STABLE,HIGHLY_PROFITABLE,INVENTORY_RISK,Inventory is very low and scaling ads may cause stockout.,PROTECT_INVENTORY,90,85
2026-09-19,UB-ARABICA-500G,Arabica Whole Beans,Coffee,500 g,Influencer Video,1124.66,19.691,13.980894807991245,15723.753154755434,6108.266451187499,46,77,10.22,0,0.0,CRITICAL,5.327,14.596,4.867,3.75,NORMAL,MEDIUM,NORMAL,STRONG_GROWTH,HIGHLY_PROFITABLE,INVENTORY_SHORTAGE,Stock is exhausted or expected to run out immediately.,PROTECT_INVENTORY,90,90
2026-09-20,UB-ARABICA-500G,Arabica Whole Beans,Coffee,500 g,Influencer Video,1105.57,12.351,23.85433021957672,26372.631860857433,11025.84065599442,46,51,14.8,0,0.0,CRITICAL,5.923,11.647,3.423,1.887,NORMAL,NORMAL,NORMAL,STRONG_GROWTH,HIGHLY_PROFITABLE,INVENTORY_SHORTAGE,Stock is exhausted or expected to run out immediately.,PROTECT_INVENTORY,90,90
2026-09-21,UB-ARABICA-500G,Arabica Whole Beans,Coffee,500 g,Video,1025.88,27.585,20.459200083453602,20988.684181613382,8628.914723542155,46,82,10.79,0,0.0,CRITICAL,4.737,10.274,4.801,5.747,NORMAL,HIGH,NORMAL,STRONG_GROWTH,HIGHLY_PROFITABLE,INVENTORY_SHORTAGE,Stock is exhausted or expected to run out immediately.,PROTECT_INVENTORY,90,90
2026-09-22,UB-ARABICA-500G,Arabica Whole Beans,Coffee,500 g,Image,1056.74,22.191,18.192649083805204,19224.899992820312,7786.713996697343,46,86,13.06,0,0.0,CRITICAL,6.674,15.516,4.117,5.435,NORMAL,HIGH,NORMAL,STRONG_GROWTH,HIGHLY_PROFITABLE,INVENTORY_SHORTAGE,Stock is exhausted or expected to run out immediately.,PROTECT_INVENTORY,90,90
2026-09-23,UB-ARABICA-500G,Arabica Whole Beans,Coffee,500 g,Influencer Video,866.05,12.794,20.572093812748875,17816.46184653116,7329.522449404333,46,40,5.26,0,0.0,CRITICAL,5.1,8.292,2.147,0.0,CHECKOUT_CONVERSION,NORMAL,CREATIVE_TO_CONVERSION_GAP,STABLE,HIGHLY_PROFITABLE,INVENTORY_SHORTAGE,Stock is exhausted or expected to run out immediately.,PROTECT_INVENTORY,90,90
2026-09-24,UB-ARABICA-500G,Arabica Whole Beans,Coffee,500 g,Image,897.93,19.228,15.928273254757169,14302.474403644104,5681.208225676288,46,59,-17.0,1078,13.27,LOW,3.909,18.2,4.245,6.849,NORMAL,HIGH,NORMAL,DECLINING,HIGHLY_PROFITABLE,PAYMENT_FRICTION,Elevated payment failures may be reducing completed orders.,FIX_PAYMENT,90,85
2026-09-25,UB-ARABICA-500G,Arabica Whole Beans,Coffee,500 g,Video,884.98,17.276,17.72161005522312,15683.270466671358,6329.324414668825,46,57,9.69,1033,15.27,HEALTHY,4.799,12.381,4.142,10.938,NORMAL,CRITICAL,NORMAL,STABLE,HIGHLY_PROFITABLE,PAYMENT_FAILURE,High payment failure rate is blocking completed purchases.,FIX_PAYMENT,90,85
2026-09-26,UB-ARABICA-500G,Arabica Whole Beans,Coffee,500 g,Video,721.82,25.526,15.292480048394783,11038.417948532322,4355.852256324868,46,68,-1.11,970,12.28,LOW,4.616,11.728,4.686,6.849,NORMAL,HIGH,NORMAL,STABLE,HIGHLY_PROFITABLE,PAYMENT_FRICTION,Elevated payment failures may be reducing completed orders.,FIX_PAYMENT,90,85
2026-09-27,UB-ARABICA-500G,Arabica Whole Beans,Coffee,500 g,Image,806.28,24.636,18.01756225918358,14527.200098334537,5876.232045233886,46,70,5.23,916,9.66,LOW,4.234,14.722,5.882,1.408,HEALTHY_CONVERSION,NORMAL,NORMAL,STABLE,HIGHLY_PROFITABLE,HIGH_PERFORMER,Strong predicted ROAS and healthy business signals indicate a scaling opportunity.,MAINTAIN,60,75
2026-09-28,UB-ARABICA-500G,Arabica Whole Beans,Coffee,500 g,Influencer Video,918.67,20.157,16.714997526890322,15355.566778028331,6144.890717893032,46,47,4.79,877,14.74,LOW,4.871,10.911,3.129,6.122,NORMAL,HIGH,NORMAL,STABLE,HIGHLY_PROFITABLE,PAYMENT_FRICTION,Elevated payment failures may be reducing completed orders.,FIX_PAYMENT,90,85
2026-09-01,UB-FILTER-250G,South Indian Filter Coffee,Coffee,250 g,Influencer Video,811.23,27.87,19.043228703611735,15448.438421230949,6140.5672895539265,45,104,3.84,3541,29.63,HEALTHY,4.865,26.249,7.407,2.778,HEALTHY_CONVERSION,MEDIUM,NORMAL,STABLE,HIGHLY_PROFITABLE,HIGH_PERFORMER,Strong predicted ROAS and healthy business signals indicate a scaling opportunity.,INCREASE_BUDGET,95,75
2026-09-02,UB-FILTER-250G,South Indian Filter Coffee,Coffee,250 g,Video,856.03,24.408,14.506457732636328,12417.963012868675,4732.053355790904,45,83,16.99,3091,29.51,HEALTHY,4.613,16.622,6.587,2.326,HEALTHY_CONVERSION,MEDIUM,NORMAL,STRONG_GROWTH,HIGHLY_PROFITABLE,HIGH_PERFORMER,Strong predicted ROAS and healthy business signals indicate a scaling opportunity.,INCREASE_BUDGET,95,75
2026-09-03,UB-FILTER-250G,South Indian Filter Coffee,Coffee,250 g,Video,867.07,13.024,15.503962479021835,13443.020746685463,5182.289336008459,45,40,5.61,1443,29.52,HEALTHY,4.717,18.916,3.518,4.651,NORMAL,MEDIUM,NORMAL,STABLE,HIGHLY_PROFITABLE,HIGH_PERFORMER,Strong predicted ROAS and healthy business signals indicate a scaling opportunity.,INCREASE_BUDGET,95,75
2026-09-04,UB-FILTER-250G,South Indian Filter Coffee,Coffee,250 g,Video,941.63,15.846,15.009894052336557,14133.766536501673,5418.564941425753,45,66,-0.77,4149,45.35,HEALTHY,4.968,21.095,5.641,4.225,HEALTHY_CONVERSION,MEDIUM,NORMAL,STABLE,HIGHLY_PROFITABLE,HIGH_PERFORMER,Strong predicted ROAS and healthy business signals indicate a scaling opportunity.,INCREASE_BUDGET,95,75
2026-09-05,UB-FILTER-250G,South Indian Filter Coffee,Coffee,250 g,Video,791.2,15.494,20.09702813053934,15900.768656882727,6364.1458955972275,45,52,3.39,3366,50.54,HEALTHY,5.174,27.16,7.027,3.571,HEALTHY_CONVERSION,MEDIUM,NORMAL,STABLE,HIGHLY_PROFITABLE,HIGH_PERFORMER,Strong predicted ROAS and healthy business signals indicate a scaling opportunity.,INCREASE_BUDGET,95,75
2026-09-06,UB-FILTER-250G,South Indian Filter Coffee,Coffee,250 g,Video,875.35,20.452,9.914314366423552,8678.495080648856,3029.972786291985,45,69,6.59,3924,44.65,HEALTHY,4.414,23.333,6.377,1.408,HEALTHY_CONVERSION,NORMAL,NORMAL,STABLE,HIGHLY_PROFITABLE,HIGH_PERFORMER,Strong predicted ROAS and healthy business signals indicate a scaling opportunity.,INCREASE_BUDGET,85,75
2026-09-07,UB-FILTER-250G,South Indian Filter Coffee,Coffee,250 g,Video,1225.53,5.348,14.95903930643755,18332.75144121841,7024.208148548284,45,24,0.88,2154,74.92,HEALTHY,4.869,12.938,2.337,3.846,CHECKOUT_CONVERSION,MEDIUM,CREATIVE_TO_CONVERSION_GAP,STABLE,HIGHLY_PROFITABLE,FUNNEL_DROP_OFF,Users show purchase intent but conversion remains weak.,RETARGET,80,75
2026-09-08,UB-FILTER-250G,South Indian Filter Coffee,Coffee,250 g,Image,819.31,21.11,15.427598834836475,12639.98600136987,4868.683700616442,45,76,12.26,3649,44.52,HEALTHY,4.439,20.955,6.307,3.704,HEALTHY_CONVERSION,MEDIUM,NORMAL,STRONG_GROWTH,HIGHLY_PROFITABLE,HIGH_PERFORMER,Strong predicted ROAS and healthy business signals indicate a scaling opportunity.,INCREASE_BUDGET,95,75
2026-09-09,UB-FILTER-250G,South Indian Filter Coffee,Coffee,250 g,Carousel,814.32,13.237,18.594435571633422,15141.820774692529,5999.499348611639,45,45,-5.08,2789,51.17,HEALTHY,4.262,15.601,4.043,4.167,NORMAL,MEDIUM,NORMAL,STABLE,HIGHLY_PROFITABLE,HIGH_PERFORMER,Strong predicted ROAS and healthy business signals indicate a scaling opportunity.,INCREASE_BUDGET,95,75
2026-09-10,UB-FILTER-250G,South Indian Filter Coffee,Coffee,250 g,Video,700.31,19.657,18.00037436219865,12605.842169591335,4972.318976316101,45,61,15.8,3165,45.72,HEALTHY,4.41,20.69,7.635,4.615,HEALTHY_CONVERSION,MEDIUM,NORMAL,STRONG_GROWTH,HIGHLY_PROFITABLE,HIGH_PERFORMER,Strong predicted ROAS and healthy business signals indicate a scaling opportunity.,INCREASE_BUDGET,95,75
2026-09-11,UB-FILTER-250G,South Indian Filter Coffee,Coffee,250 g,Video,772.26,17.895,17.96947809671446,13877.10915496871,5472.439119735919,45,58,8.7,3309,43.38,HEALTHY,6.035,19.085,3.823,4.762,NORMAL,MEDIUM,NORMAL,STABLE,HIGHLY_PROFITABLE,HIGH_PERFORMER,Strong predicted ROAS and healthy business signals indicate a scaling opportunity.,INCREASE_BUDGET,95,75
2026-09-12,UB-FILTER-250G,South Indian Filter Coffee,Coffee,250 g,Image,903.0,20.043,13.634264055654173,12311.740442255717,4637.283199015073,45,72,-3.24,3562,40.65,HEALTHY,5.454,15.907,4.595,2.667,NORMAL,MEDIUM,NORMAL,STABLE,HIGHLY_PROFITABLE,HIGH_PERFORMER,Strong predicted ROAS and healthy business signals indicate a scaling opportunity.,INCREASE_BUDGET,95,75
2026-09-13,UB-FILTER-250G,South Indian Filter Coffee,Coffee,250 g,Influencer Video,976.05,13.669,13.238129805841707,12921.076596991797,4838.434468646309,45,48,-0.64,2877,43.22,HEALTHY,4.242,18.665,4.848,5.769,NORMAL,HIGH,NORMAL,STABLE,HIGHLY_PROFITABLE,PAYMENT_FRICTION,Elevated payment failures may be reducing completed orders.,FIX_PAYMENT,90,85
2026-09-14,UB-FILTER-250G,South Indian Filter Coffee,Coffee,250 g,Image,709.45,12.366,19.45024353874688,13798.975278563974,5500.088875353788,45,39,2.7,2362,46.82,HEALTHY,3.406,19.022,6.478,4.762,HEALTHY_CONVERSION,MEDIUM,NORMAL,STABLE,HIGHLY_PROFITABLE,HIGH_PERFORMER,Strong predicted ROAS and healthy business signals indicate a scaling opportunity.,INCREASE_BUDGET,95,75
2026-09-15,UB-FILTER-250G,South Indian Filter Coffee,Coffee,250 g,Carousel,774.9,20.465,19.71603117079846,15277.952554251726,6100.1786494132775,45,67,3.87,3379,38.69,HEALTHY,3.552,19.568,5.276,4.167,HEALTHY_CONVERSION,MEDIUM,NORMAL,STABLE,HIGHLY_PROFITABLE,HIGH_PERFORMER,Strong predicted ROAS and healthy business signals indicate a scaling opportunity.,INCREASE_BUDGET,95,75
2026-09-16,UB-FILTER-250G,South Indian Filter Coffee,Coffee,250 g,Influencer Video,767.23,23.314,15.426585752841152,11835.739387152318,4558.852724218543,45,80,7.05,3654,36.74,HEALTHY,4.067,21.584,7.373,5.747,HEALTHY_CONVERSION,HIGH,NORMAL,STABLE,HIGHLY_PROFITABLE,PAYMENT_FRICTION,Elevated payment failures may be reducing completed orders.,FIX_PAYMENT,90,85
2026-09-17,UB-FILTER-250G,South Indian Filter Coffee,Coffee,250 g,Influencer Video,945.57,14.262,13.125107648618757,12410.708039304438,4639.248617686997,45,60,14.4,2852,38.31,HEALTHY,3.728,20.264,6.78,4.615,HEALTHY_CONVERSION,MEDIUM,NORMAL,STRONG_GROWTH,HIGHLY_PROFITABLE,HIGH_PERFORMER,Strong predicted ROAS and healthy business signals indicate a scaling opportunity.,INCREASE_BUDGET,95,75
2026-09-18,UB-FILTER-250G,South Indian Filter Coffee,Coffee,250 g,Image,969.89,11.47,17.244283882809953,16725.058495098543,6556.386322794345,45,40,-1.07,2131,41.45,HEALTHY,4.008,17.362,5.057,2.439,HEALTHY_CONVERSION,MEDIUM,NORMAL,STABLE,HIGHLY_PROFITABLE,HIGH_PERFORMER,Strong predicted ROAS and healthy business signals indicate a scaling opportunity.,INCREASE_BUDGET,95,75
2026-09-19,UB-FILTER-250G,South Indian Filter Coffee,Coffee,250 g,Video,548.93,18.797,13.28337773728728,7291.644541329106,2732.3100435980978,45,46,9.99,2351,38.95,HEALTHY,3.933,17.834,4.925,9.434,NORMAL,HIGH,NORMAL,STABLE,HIGHLY_PROFITABLE,PAYMENT_FRICTION,Elevated payment failures may be reducing completed orders.,FIX_PAYMENT,90,85
2026-09-20,UB-FILTER-250G,South Indian Filter Coffee,Coffee,250 g,Video,1174.89,11.367,13.409333846865374,15754.49224334366,5914.6315095046475,45,58,2.02,2477,37.17,HEALTHY,4.383,22.861,6.636,1.471,HEALTHY_CONVERSION,NORMAL,NORMAL,STABLE,HIGHLY_PROFITABLE,HIGH_PERFORMER,Strong predicted ROAS and healthy business signals indicate a scaling opportunity.,INCREASE_BUDGET,95,75
2026-09-21,UB-FILTER-250G,South Indian Filter Coffee,Coffee,250 g,Image,829.96,12.931,15.690769404627774,13022.710975064869,5030.259938779191,45,45,3.45,2149,37.62,HEALTHY,3.663,16.981,4.403,4.167,NORMAL,MEDIUM,NORMAL,STABLE,HIGHLY_PROFITABLE,HIGH_PERFORMER,Strong predicted ROAS and healthy business signals indicate a scaling opportunity.,INCREASE_BUDGET,95,75
2026-09-22,UB-FILTER-250G,South Indian Filter Coffee,Coffee,250 g,Video,718.36,14.378,16.29983095836973,11709.146567254478,4550.755955264515,45,46,7.38,2427,35.6,HEALTHY,3.527,22.069,6.97,2.128,HEALTHY_CONVERSION,MEDIUM,NORMAL,STABLE,HIGHLY_PROFITABLE,HIGH_PERFORMER,Strong predicted ROAS and healthy business signals indicate a scaling opportunity.,INCREASE_BUDGET,95,75
2026-09-23,UB-FILTER-250G,South Indian Filter Coffee,Coffee,250 g,Video,797.2,17.727,16.030586728956226,12779.583740323904,4953.612683145757,45,65,5.03,2676,33.99,HEALTHY,4.259,19.081,6.379,2.941,HEALTHY_CONVERSION,MEDIUM,NORMAL,STABLE,HIGHLY_PROFITABLE,HIGH_PERFORMER,Strong predicted ROAS and healthy business signals indicate a scaling opportunity.,INCREASE_BUDGET,95,75
2026-09-24,UB-FILTER-250G,South Indian Filter Coffee,Coffee,250 g,Influencer Video,839.96,8.713,11.53966885037246,9692.860247558852,3521.8271114014833,45,33,7.74,1476,37.44,HEALTHY,4.116,12.877,3.599,5.714,NORMAL,HIGH,NORMAL,STABLE,HIGHLY_PROFITABLE,PAYMENT_FRICTION,Elevated payment failures may be reducing completed orders.,FIX_PAYMENT,90,85
2026-09-25,UB-FILTER-250G,South Indian Filter Coffee,Coffee,250 g,Video,829.59,7.964,12.032057583333339,9981.674650557505,3662.163592750877,45,29,-3.66,1265,37.91,HEALTHY,3.693,15.722,3.872,0.0,NORMAL,NORMAL,NORMAL,STABLE,HIGHLY_PROFITABLE,HIGH_PERFORMER,Strong predicted ROAS and healthy business signals indicate a scaling opportunity.,INCREASE_BUDGET,95,75
2026-09-26,UB-FILTER-250G,South Indian Filter Coffee,Coffee,250 g,Video,710.02,18.516,17.201668833555324,12213.52890520095,4786.068007340427,45,55,14.43,1977,33.43,HEALTHY,4.172,22.907,6.699,5.0,HEALTHY_CONVERSION,HIGH,NORMAL,STRONG_GROWTH,HIGHLY_PROFITABLE,PAYMENT_FRICTION,Elevated payment failures may be reducing completed orders.,FIX_PAYMENT,90,85
2026-09-27,UB-FILTER-250G,South Indian Filter Coffee,Coffee,250 g,Video,645.7,13.018,17.188045858756393,11098.321210999004,4348.544544949552,45,36,9.16,1621,33.63,HEALTHY,4.683,21.318,4.45,5.263,NORMAL,HIGH,NORMAL,STABLE,HIGHLY_PROFITABLE,PAYMENT_FRICTION,Elevated payment failures may be reducing completed orders.,FIX_PAYMENT,90,85
2026-09-28,UB-FILTER-250G,South Indian Filter Coffee,Coffee,250 g,Image,836.68,20.176,14.805122673357907,12387.150038345093,4737.537517255292,45,73,6.34,2766,30.9,HEALTHY,4.078,24.932,6.887,2.597,HEALTHY_CONVERSION,MEDIUM,NORMAL,STABLE,HIGHLY_PROFITABLE,HIGH_PERFORMER,Strong predicted ROAS and healthy business signals indicate a scaling opportunity.,INCREASE_BUDGET,95,75
2026-09-01,UB-FILTER-500G,South Indian Filter Coffee,Coffee,500 g,Video,1572.19,20.693,13.810358060707882,21712.506839464328,7547.0628725750175,42,32,7.55,22,0.57,HIGH,3.435,18.018,4.33,5.714,NORMAL,HIGH,NORMAL,STABLE,HIGHLY_PROFITABLE,INVENTORY_RISK,Inventory is very low and scaling ads may cause stockout.,PROTECT_INVENTORY,90,85
2026-09-02,UB-FILTER-500G,South Indian Filter Coffee,Coffee,500 g,Video,1457.73,11.61,18.75365541366331,27337.76610615942,10024.131764586957,42,18,13.22,0,0.0,CRITICAL,4.182,13.447,2.05,5.263,CHECKOUT_CONVERSION,HIGH,CREATIVE_TO_CONVERSION_GAP,STRONG_GROWTH,HIGHLY_PROFITABLE,INVENTORY_SHORTAGE,Stock is exhausted or expected to run out immediately.,PROTECT_INVENTORY,90,90
2026-09-03,UB-FILTER-500G,South Indian Filter Coffee,Coffee,500 g,Video,1438.87,18.944,27.267465232032663,39234.337698414834,15039.55183333423,42,28,-0.38,0,0.0,CRITICAL,3.735,12.097,4.07,3.448,NORMAL,MEDIUM,NORMAL,STABLE,HIGHLY_PROFITABLE,INVENTORY_SHORTAGE,Stock is exhausted or expected to run out immediately.,PROTECT_INVENTORY,90,90
2026-09-04,UB-FILTER-500G,South Indian Filter Coffee,Coffee,500 g,Image,1418.47,35.259,19.823220571140816,28118.643683546114,10391.360347089367,42,54,8.74,0,0.0,CRITICAL,2.756,16.602,6.601,3.509,HEALTHY_CONVERSION,MEDIUM,NORMAL,STABLE,HIGHLY_PROFITABLE,INVENTORY_SHORTAGE,Stock is exhausted or expected to run out immediately.,PROTECT_INVENTORY,90,90
2026-09-05,UB-FILTER-500G,South Indian Filter Coffee,Coffee,500 g,Video,2249.37,20.381,13.943371358558906,31363.801232801645,10923.42651777669,42,56,15.46,0,0.0,CRITICAL,3.712,17.402,5.288,3.448,HEALTHY_CONVERSION,MEDIUM,NORMAL,STRONG_GROWTH,HIGHLY_PROFITABLE,INVENTORY_SHORTAGE,Stock is exhausted or expected to run out immediately.,PROTECT_INVENTORY,90,90
2026-09-06,UB-FILTER-500G,South Indian Filter Coffee,Coffee,500 g,Video,1550.99,12.582,24.51861243253967,38028.1226967447,14420.821532632774,42,25,5.95,0,0.0,CRITICAL,3.13,18.293,6.083,0.0,HEALTHY_CONVERSION,NORMAL,NORMAL,STABLE,HIGHLY_PROFITABLE,INVENTORY_SHORTAGE,Stock is exhausted or expected to run out immediately.,PROTECT_INVENTORY,90,90
2026-09-07,UB-FILTER-500G,South Indian Filter Coffee,Coffee,500 g,Image,1548.4,25.751,25.068832199074052,38816.57977704627,14754.563506359433,42,37,3.71,0,0.0,CRITICAL,3.481,13.593,3.878,7.5,NORMAL,HIGH,NORMAL,STABLE,HIGHLY_PROFITABLE,INVENTORY_SHORTAGE,Stock is exhausted or expected to run out immediately.,PROTECT_INVENTORY,90,90
2026-09-08,UB-FILTER-500G,South Indian Filter Coffee,Coffee,500 g,Influencer Video,1684.0,32.31,14.8658037188335,25034.013462515617,8830.285654256559,42,51,-2.26,0,0.0,CRITICAL,2.708,12.939,5.357,3.774,HEALTHY_CONVERSION,MEDIUM,NORMAL,STABLE,HIGHLY_PROFITABLE,INVENTORY_SHORTAGE,Stock is exhausted or expected to run out immediately.,PROTECT_INVENTORY,90,90
2026-09-09,UB-FILTER-500G,South Indian Filter Coffee,Coffee,500 g,Influencer Video,1813.48,13.526,23.0878766402949,41869.402529642,15771.66906244964,42,31,17.6,0,0.0,CRITICAL,3.773,9.975,3.468,3.125,NORMAL,MEDIUM,NORMAL,STRONG_GROWTH,HIGHLY_PROFITABLE,INVENTORY_SHORTAGE,Stock is exhausted or expected to run out immediately.,PROTECT_INVENTORY,90,90
2026-09-10,UB-FILTER-500G,South Indian Filter Coffee,Coffee,500 g,Influencer Video,1531.88,31.355,15.736920444862825,24107.073691076468,8593.090950252117,42,55,16.07,0,0.0,CRITICAL,3.501,24.374,6.222,8.197,HEALTHY_CONVERSION,HIGH,NORMAL,STRONG_GROWTH,HIGHLY_PROFITABLE,INVENTORY_SHORTAGE,Stock is exhausted or expected to run out immediately.,PROTECT_INVENTORY,90,90
2026-09-11,UB-FILTER-500G,South Indian Filter Coffee,Coffee,500 g,Image,1708.79,12.184,23.608120529220766,40341.320279127154,15234.564517233404,42,21,2.93,0,0.0,CRITICAL,2.828,13.055,4.142,4.348,NORMAL,MEDIUM,NORMAL,STABLE,HIGHLY_PROFITABLE,INVENTORY_SHORTAGE,Stock is exhausted or expected to run out immediately.,PROTECT_INVENTORY,90,90
2026-09-12,UB-FILTER-500G,South Indian Filter Coffee,Coffee,500 g,Influencer Video,1173.23,25.755,26.668071665968284,31287.78172066397,11967.638322678868,42,27,-2.23,709,19.7,HEALTHY,3.291,16.667,5.336,3.125,HEALTHY_CONVERSION,MEDIUM,NORMAL,STABLE,HIGHLY_PROFITABLE,HIGH_PERFORMER,Strong predicted ROAS and healthy business signals indicate a scaling opportunity.,INCREASE_BUDGET,95,75
2026-09-13,UB-FILTER-500G,South Indian Filter Coffee,Coffee,500 g,Video,1299.48,32.964,15.014708241708725,19511.313065935654,6895.271487692975,42,50,0.36,646,9.85,LOW,3.447,21.429,5.663,3.774,HEALTHY_CONVERSION,MEDIUM,NORMAL,STABLE,HIGHLY_PROFITABLE,HIGH_PERFORMER,Strong predicted ROAS and healthy business signals indicate a scaling opportunity.,MAINTAIN,60,75
2026-09-14,UB-FILTER-500G,South Indian Filter Coffee,Coffee,500 g,Video,1906.58,13.913,14.361368310085512,27381.097592642833,9593.480988909989,42,28,7.62,606,17.02,HEALTHY,3.238,9.969,4.583,6.667,NORMAL,HIGH,NORMAL,STABLE,HIGHLY_PROFITABLE,PAYMENT_FRICTION,Elevated payment failures may be reducing completed orders.,FIX_PAYMENT,90,85
2026-09-15,UB-FILTER-500G,South Indian Filter Coffee,Coffee,500 g,Influencer Video,1559.45,14.095,12.988492801973248,20254.90510003718,6947.6101420156165,42,24,-14.51,574,18.64,HEALTHY,3.47,18.548,4.642,7.407,NORMAL,HIGH,NORMAL,DECLINING,HIGHLY_PROFITABLE,PAYMENT_FRICTION,Elevated payment failures may be reducing completed orders.,FIX_PAYMENT,90,85
2026-09-16,UB-FILTER-500G,South Indian Filter Coffee,Coffee,500 g,Image,1524.25,10.326,12.612494303086445,19224.594441479512,6550.0796654213955,42,18,0.31,549,32.11,HEALTHY,3.826,11.002,2.804,0.0,CHECKOUT_CONVERSION,NORMAL,CREATIVE_TO_CONVERSION_GAP,STABLE,HIGHLY_PROFITABLE,FUNNEL_DROP_OFF,Users show purchase intent but conversion remains weak.,RETARGET,80,75
2026-09-17,UB-FILTER-500G,South Indian Filter Coffee,Coffee,500 g,Image,1812.78,11.312,16.41457948462241,29756.021398133813,10684.748987216202,42,26,4.8,522,15.4,HEALTHY,3.78,15.252,2.978,0.0,CHECKOUT_CONVERSION,NORMAL,CREATIVE_TO_CONVERSION_GAP,STABLE,HIGHLY_PROFITABLE,FUNNEL_DROP_OFF,Users show purchase intent but conversion remains weak.,RETARGET,80,75
2026-09-18,UB-FILTER-500G,South Indian Filter Coffee,Coffee,500 g,Carousel,1941.58,18.685,10.764418326347032,20899.97933406887,6836.4113203089255,42,36,5.69,467,10.88,LOW,3.578,12.353,4.119,2.703,NORMAL,MEDIUM,NORMAL,STABLE,HIGHLY_PROFITABLE,HIGH_PERFORMER,Strong predicted ROAS and healthy business signals indicate a scaling opportunity.,MAINTAIN,60,75
2026-09-19,UB-FILTER-500G,South Indian Filter Coffee,Coffee,500 g,Influencer Video,1811.58,7.276,13.316630526226954,24124.141528702225,8320.559442054935,42,16,-4.05,450,22.88,HEALTHY,4.678,14.356,3.285,5.882,NORMAL,HIGH,NORMAL,STABLE,HIGHLY_PROFITABLE,PAYMENT_FRICTION,Elevated payment failures may be reducing completed orders.,FIX_PAYMENT,90,85
2026-09-20,UB-FILTER-500G,South Indian Filter Coffee,Coffee,500 g,Influencer Video,1684.23,16.238,15.98780442377737,26927.13984465856,9625.168734756595,42,30,-3.58,410,11.47,LOW,3.266,13.204,4.71,6.25,NORMAL,HIGH,NORMAL,STABLE,HIGHLY_PROFITABLE,PAYMENT_FRICTION,Elevated payment failures may be reducing completed orders.,FIX_PAYMENT,90,85
2026-09-21,UB-FILTER-500G,South Indian Filter Coffee,Coffee,500 g,Video,1775.41,16.61,11.589195486797678,20575.573559215467,6866.330894870496,42,37,7.42,357,8.93,LOW,3.03,16.844,5.539,2.632,HEALTHY_CONVERSION,MEDIUM,NORMAL,STABLE,HIGHLY_PROFITABLE,HIGH_PERFORMER,Strong predicted ROAS and healthy business signals indicate a scaling opportunity.,MAINTAIN,60,75
2026-09-22,UB-FILTER-500G,South Indian Filter Coffee,Coffee,500 g,Video,1712.11,9.98,14.837214661736413,25402.943594505527,8957.126309692321,42,20,-4.29,334,14.32,LOW,3.383,19.318,3.945,4.545,NORMAL,MEDIUM,NORMAL,STABLE,HIGHLY_PROFITABLE,HIGH_PERFORMER,Strong predicted ROAS and healthy business signals indicate a scaling opportunity.,MAINTAIN,60,75
2026-09-23,UB-FILTER-500G,South Indian Filter Coffee,Coffee,500 g,Image,2070.87,13.331,15.480327730103232,32057.74628643888,11393.38344030433,42,34,2.6,291,6.66,MEDIUM,3.64,17.087,5.346,10.256,HEALTHY_CONVERSION,CRITICAL,NORMAL,STABLE,HIGHLY_PROFITABLE,PAYMENT_FAILURE,High payment failure rate is blocking completed purchases.,FIX_PAYMENT,90,85
2026-09-24,UB-FILTER-500G,South Indian Filter Coffee,Coffee,500 g,Image,1673.59,29.19,15.242035148429668,25508.917604060407,9040.15539370537,42,49,0.21,240,3.6,MEDIUM,3.322,23.415,6.234,4.688,HEALTHY_CONVERSION,MEDIUM,NORMAL,STABLE,HIGHLY_PROFITABLE,HIGH_PERFORMER,Strong predicted ROAS and healthy business signals indicate a scaling opportunity.,MAINTAIN,60,75
2026-09-25,UB-FILTER-500G,South Indian Filter Coffee,Coffee,500 g,Influencer Video,1292.9,20.895,18.696686523025072,24172.946005619116,8859.73732236003,42,33,-1.11,200,5.24,MEDIUM,3.808,13.529,4.874,5.556,NORMAL,HIGH,NORMAL,STABLE,HIGHLY_PROFITABLE,PAYMENT_FRICTION,Elevated payment failures may be reducing completed orders.,FIX_PAYMENT,90,85
2026-09-26,UB-FILTER-500G,South Indian Filter Coffee,Coffee,500 g,Influencer Video,1747.15,32.403,14.43152038125849,25214.030834115772,8842.742950328624,42,69,-0.58,129,1.66,HIGH,3.778,19.424,7.419,5.208,HEALTHY_CONVERSION,HIGH,NORMAL,STABLE,HIGHLY_PROFITABLE,INVENTORY_RISK,Inventory is very low and scaling ads may cause stockout.,PROTECT_INVENTORY,90,85
2026-09-27,UB-FILTER-500G,South Indian Filter Coffee,Coffee,500 g,Image,1394.33,17.314,20.4613773277299,28529.91224937363,10588.233144736923,42,29,-0.37,99,2.5,HIGH,3.386,13.832,5.534,3.333,HEALTHY_CONVERSION,MEDIUM,NORMAL,STABLE,HIGHLY_PROFITABLE,INVENTORY_RISK,Inventory is very low and scaling ads may cause stockout.,PROTECT_INVENTORY,90,85
2026-09-28,UB-FILTER-500G,South Indian Filter Coffee,Coffee,500 g,Video,1909.54,17.328,14.301929626844233,27310.106699644137,9560.704813850538,42,42,4.62,52,1.09,HIGH,3.129,21.739,6.491,1.887,HEALTHY_CONVERSION,NORMAL,NORMAL,STABLE,HIGHLY_PROFITABLE,INVENTORY_RISK,Inventory is very low and scaling ads may cause stockout.,PROTECT_INVENTORY,90,85
2026-09-01,UB-SACHET-HAZELNUT,Instant Coffee Sachets,Instant,Hazelnut,Influencer Video,818.99,18.216,9.281209519063179,7601.217784017553,1613.3996908856168,32,69,0.86,0,0.0,CRITICAL,5.237,16.324,5.107,4.054,HEALTHY_CONVERSION,MEDIUM,NORMAL,STABLE,HIGHLY_PROFITABLE,INVENTORY_SHORTAGE,Stock is exhausted or expected to run out immediately.,PROTECT_INVENTORY,80,90
2026-09-02,UB-SACHET-HAZELNUT,Instant Coffee Sachets,Instant,Hazelnut,Video,800.55,7.576,7.326855369773381,5865.51406627208,1076.4145012070655,32,25,5.64,0,0.0,CRITICAL,3.429,17.136,5.01,3.704,HEALTHY_CONVERSION,MEDIUM,NORMAL,STABLE,PROFITABLE,INVENTORY_SHORTAGE,Stock is exhausted or expected to run out immediately.,PROTECT_INVENTORY,80,75
2026-09-03,UB-SACHET-HAZELNUT,Instant Coffee Sachets,Instant,Hazelnut,Video,854.68,5.452,7.5820196118834655,6480.20052188456,1218.9841670030592,32,20,11.87,0,0.0,CRITICAL,4.735,12.629,3.906,8.696,NORMAL,HIGH,NORMAL,STRONG_GROWTH,PROFITABLE,INVENTORY_SHORTAGE,Stock is exhausted or expected to run out immediately.,PROTECT_INVENTORY,80,75
2026-09-04,UB-SACHET-HAZELNUT,Instant Coffee Sachets,Instant,Hazelnut,Influencer Video,1105.83,6.676,12.43533834846306,13751.370205880905,3294.60846588189,32,36,4.67,0,0.0,CRITICAL,5.333,14.135,4.615,2.703,NORMAL,MEDIUM,NORMAL,STABLE,HIGHLY_PROFITABLE,INVENTORY_SHORTAGE,Stock is exhausted or expected to run out immediately.,PROTECT_INVENTORY,90,90
2026-09-05,UB-SACHET-HAZELNUT,Instant Coffee Sachets,Instant,Hazelnut,Carousel,965.68,14.491,9.878057531128274,9539.04259665995,2086.8136309311844,32,55,3.31,0,0.0,CRITICAL,5.836,23.051,6.448,7.042,HEALTHY_CONVERSION,HIGH,NORMAL,STABLE,HIGHLY_PROFITABLE,INVENTORY_SHORTAGE,Stock is exhausted or expected to run out immediately.,PROTECT_INVENTORY,80,90
2026-09-06,UB-SACHET-HAZELNUT,Instant Coffee Sachets,Instant,Hazelnut,Image,814.89,8.835,11.827981107912233,9638.5035250266,2269.4311280085117,32,25,9.64,0,0.0,CRITICAL,4.89,9.42,2.607,3.704,CHECKOUT_CONVERSION,MEDIUM,CREATIVE_TO_CONVERSION_GAP,STABLE,HIGHLY_PROFITABLE,INVENTORY_SHORTAGE,Stock is exhausted or expected to run out immediately.,PROTECT_INVENTORY,90,90
2026-09-07,UB-SACHET-HAZELNUT,Instant Coffee Sachets,Instant,Hazelnut,Video,917.22,14.071,10.066691622237782,9233.370889748938,2037.45868471966,32,54,7.23,0,0.0,CRITICAL,5.248,18.989,4.262,1.515,NORMAL,NORMAL,NORMAL,STABLE,HIGHLY_PROFITABLE,INVENTORY_SHORTAGE,Stock is exhausted or expected to run out immediately.,PROTECT_INVENTORY,90,90
2026-09-08,UB-SACHET-HAZELNUT,Instant Coffee Sachets,Instant,Hazelnut,Video,992.31,7.904,11.973610169588492,11881.533107384355,2809.7805943629937,32,39,9.22,0,0.0,CRITICAL,3.568,19.048,5.193,7.692,HEALTHY_CONVERSION,HIGH,NORMAL,STABLE,HIGHLY_PROFITABLE,INVENTORY_SHORTAGE,Stock is exhausted or expected to run out immediately.,PROTECT_INVENTORY,90,90
2026-09-09,UB-SACHET-HAZELNUT,Instant Coffee Sachets,Instant,Hazelnut,Carousel,767.06,15.06,10.123619459039865,7765.423542251118,1717.8755335203577,32,57,4.94,0,0.0,CRITICAL,4.263,26.724,5.925,6.742,HEALTHY_CONVERSION,HIGH,NORMAL,STABLE,HIGHLY_PROFITABLE,INVENTORY_SHORTAGE,Stock is exhausted or expected to run out immediately.,PROTECT_INVENTORY,90,90
2026-09-10,UB-SACHET-HAZELNUT,Instant Coffee Sachets,Instant,Hazelnut,Image,899.04,8.813,7.9709834471332774,7166.232958310701,1394.1545466594243,32,33,8.35,0,0.0,CRITICAL,4.639,21.101,5.357,0.0,HEALTHY_CONVERSION,NORMAL,NORMAL,STABLE,PROFITABLE,INVENTORY_SHORTAGE,Stock is exhausted or expected to run out immediately.,PROTECT_INVENTORY,80,75
2026-09-11,UB-SACHET-HAZELNUT,Instant Coffee Sachets,Instant,Hazelnut,Carousel,1018.51,7.505,7.30785014479373,7443.118450973862,1363.287904311636,32,35,15.44,0,0.0,CRITICAL,4.641,26.527,5.547,6.667,HEALTHY_CONVERSION,HIGH,NORMAL,STRONG_GROWTH,PROFITABLE,INVENTORY_SHORTAGE,Stock is exhausted or expected to run out immediately.,PROTECT_INVENTORY,80,75
2026-09-12,UB-SACHET-HAZELNUT,Instant Coffee Sachets,Instant,Hazelnut,Video,1020.85,5.722,9.384046504465621,9579.703874083729,2044.6552397067935,32,31,9.82,0,0.0,CRITICAL,5.038,22.037,3.452,5.882,NORMAL,HIGH,NORMAL,STABLE,HIGHLY_PROFITABLE,INVENTORY_SHORTAGE,Stock is exhausted or expected to run out immediately.,PROTECT_INVENTORY,80,90
2026-09-13,UB-SACHET-HAZELNUT,Instant Coffee Sachets,Instant,Hazelnut,Image,801.75,9.866,6.734095629122873,5399.061170649264,925.9495746077644,32,34,9.08,0,0.0,CRITICAL,5.749,17.391,4.892,7.317,NORMAL,HIGH,NORMAL,STABLE,PROFITABLE,INVENTORY_SHORTAGE,Stock is exhausted or expected to run out immediately.,PROTECT_INVENTORY,80,75
2026-09-14,UB-SACHET-HAZELNUT,Instant Coffee Sachets,Instant,Hazelnut,Image,1141.48,4.862,8.622691457360798,9842.629844748204,2008.1615503194253,32,23,6.66,0,0.0,CRITICAL,4.863,12.918,3.464,4.0,NORMAL,MEDIUM,NORMAL,STABLE,HIGHLY_PROFITABLE,INVENTORY_SHORTAGE,Stock is exhausted or expected to run out immediately.,PROTECT_INVENTORY,80,90
2026-09-15,UB-SACHET-HAZELNUT,Instant Coffee Sachets,Instant,Hazelnut,Carousel,1176.76,8.57,10.99695523872423,12940.777046721125,2964.2886549507593,32,53,2.44,0,0.0,CRITICAL,6.487,26.923,4.545,1.695,NORMAL,NORMAL,NORMAL,STABLE,HIGHLY_PROFITABLE,INVENTORY_SHORTAGE,Stock is exhausted or expected to run out immediately.,PROTECT_INVENTORY,90,90
2026-09-16,UB-SACHET-HAZELNUT,Instant Coffee Sachets,Instant,Hazelnut,Video,929.89,13.241,10.113251266492766,9404.211220198958,2079.4575904636667,32,47,23.46,0,0.0,CRITICAL,4.927,23.023,5.125,5.195,HEALTHY_CONVERSION,HIGH,NORMAL,STRONG_GROWTH,HIGHLY_PROFITABLE,INVENTORY_SHORTAGE,Stock is exhausted or expected to run out immediately.,PROTECT_INVENTORY,90,90
2026-09-17,UB-SACHET-HAZELNUT,Instant Coffee Sachets,Instant,Hazelnut,Influencer Video,805.73,8.362,6.7609849073197354,5447.528369374731,937.4790781999138,32,33,-5.62,386,8.52,LOW,5.132,14.981,4.839,2.941,NORMAL,MEDIUM,NORMAL,STABLE,PROFITABLE,NORMAL_PERFORMANCE,No major negative signal detected.,MAINTAIN,50,60
2026-09-18,UB-SACHET-HAZELNUT,Instant Coffee Sachets,Instant,Hazelnut,Influencer Video,1263.14,4.842,9.835826149872844,12424.025442950386,2712.5481417441233,32,31,8.19,339,8.43,LOW,4.008,18.837,6.102,2.857,HEALTHY_CONVERSION,MEDIUM,NORMAL,STABLE,HIGHLY_PROFITABLE,HIGH_PERFORMER,Strong predicted ROAS and healthy business signals indicate a scaling opportunity.,MAINTAIN,50,75
2026-09-19,UB-SACHET-HAZELNUT,Instant Coffee Sachets,Instant,Hazelnut,Influencer Video,781.15,12.712,9.241627049144576,7219.096969439285,1528.961030220571,32,43,-2.98,280,5.51,MEDIUM,4.213,15.789,5.931,4.167,HEALTHY_CONVERSION,MEDIUM,NORMAL,STABLE,HIGHLY_PROFITABLE,HIGH_PERFORMER,Strong predicted ROAS and healthy business signals indicate a scaling opportunity.,MAINTAIN,50,75
2026-09-20,UB-SACHET-HAZELNUT,Instant Coffee Sachets,Instant,Hazelnut,Video,931.33,6.626,10.60320173965849,9875.079876196141,2228.6955603827655,32,30,-3.28,227,5.9,MEDIUM,6.214,18.977,3.282,2.381,NORMAL,MEDIUM,NORMAL,STABLE,HIGHLY_PROFITABLE,HIGH_PERFORMER,Strong predicted ROAS and healthy business signals indicate a scaling opportunity.,MAINTAIN,60,75
2026-09-21,UB-SACHET-HAZELNUT,Instant Coffee Sachets,Instant,Hazelnut,Influencer Video,998.45,11.032,8.501642371733203,8488.464826057017,1717.8587443382455,32,54,-2.39,146,2.08,HIGH,5.546,18.589,4.611,1.786,NORMAL,NORMAL,NORMAL,STABLE,HIGHLY_PROFITABLE,INVENTORY_RISK,Inventory is very low and scaling ads may cause stockout.,PROTECT_INVENTORY,80,85
2026-09-22,UB-SACHET-HAZELNUT,Instant Coffee Sachets,Instant,Hazelnut,Image,966.88,6.837,8.989870034919646,8692.125539363107,1814.6001725961942,32,32,2.15,83,2.33,HIGH,5.232,16.209,3.074,8.108,NORMAL,HIGH,NORMAL,STABLE,HIGHLY_PROFITABLE,INVENTORY_RISK,Inventory is very low and scaling ads may cause stockout.,PROTECT_INVENTORY,80,85
2026-09-23,UB-SACHET-HAZELNUT,Instant Coffee Sachets,Instant,Hazelnut,Carousel,1052.24,6.511,8.640634535048289,9092.02128315921,1857.2068106109475,32,34,-0.72,24,0.56,HIGH,7.358,21.138,4.37,6.977,NORMAL,HIGH,NORMAL,STABLE,HIGHLY_PROFITABLE,INVENTORY_RISK,Inventory is very low and scaling ads may cause stockout.,PROTECT_INVENTORY,80,85
2026-09-24,UB-SACHET-HAZELNUT,Instant Coffee Sachets,Instant,Hazelnut,Video,1131.31,8.121,9.554046936273243,10808.588839475282,2327.43842863209,32,45,6.1,0,0.0,CRITICAL,6.223,15.633,5.102,6.667,HEALTHY_CONVERSION,HIGH,NORMAL,STABLE,HIGHLY_PROFITABLE,INVENTORY_SHORTAGE,Stock is exhausted or expected to run out immediately.,PROTECT_INVENTORY,80,90
2026-09-25,UB-SACHET-HAZELNUT,Instant Coffee Sachets,Instant,Hazelnut,Influencer Video,1142.76,7.228,9.604318294985035,10975.430774777098,2369.377847928671,32,40,4.66,0,0.0,CRITICAL,3.825,24.901,4.785,3.636,NORMAL,MEDIUM,NORMAL,STABLE,HIGHLY_PROFITABLE,INVENTORY_SHORTAGE,Stock is exhausted or expected to run out immediately.,PROTECT_INVENTORY,80,90
2026-09-26,UB-SACHET-HAZELNUT,Instant Coffee Sachets,Instant,Hazelnut,Image,1034.34,7.326,9.191158996708154,9506.783396655112,2007.830686929636,32,36,-3.91,0,0.0,CRITICAL,4.023,15.508,4.938,2.5,NORMAL,MEDIUM,NORMAL,STABLE,HIGHLY_PROFITABLE,INVENTORY_SHORTAGE,Stock is exhausted or expected to run out immediately.,PROTECT_INVENTORY,80,90
2026-09-27,UB-SACHET-HAZELNUT,Instant Coffee Sachets,Instant,Hazelnut,Influencer Video,1077.54,7.271,10.859903170369638,11701.980062200098,2667.0936199040316,32,41,16.78,0,0.0,CRITICAL,5.554,17.039,4.39,5.634,NORMAL,HIGH,NORMAL,STRONG_GROWTH,HIGHLY_PROFITABLE,INVENTORY_SHORTAGE,Stock is exhausted or expected to run out immediately.,PROTECT_INVENTORY,90,90
2026-09-28,UB-SACHET-HAZELNUT,Instant Coffee Sachets,Instant,Hazelnut,Image,1135.26,7.205,9.703578009137603,11016.083970653555,2389.886870609138,32,41,11.77,0,0.0,CRITICAL,4.376,19.469,4.366,2.381,NORMAL,MEDIUM,NORMAL,STRONG_GROWTH,HIGHLY_PROFITABLE,INVENTORY_SHORTAGE,Stock is exhausted or expected to run out immediately.,PROTECT_INVENTORY,80,90
2026-09-01,UB-SACHET-CLASSIC,Instant Coffee Sachets,Instant,Classic,Image,3037.78,2.848,3.9547474413048773,12013.652682247131,1407.2714924314382,37,46,-10.91,0,0.0,CRITICAL,4.691,11.538,3.611,0.0,NORMAL,NORMAL,NORMAL,DECLINING,PROFITABLE,INVENTORY_SHORTAGE,Stock is exhausted or expected to run out immediately.,PROTECT_INVENTORY,85,85
2026-09-02,UB-SACHET-CLASSIC,Instant Coffee Sachets,Instant,Classic,Video,2132.35,3.397,3.9946353775831094,8517.960747389343,1019.2954765340569,37,51,9.71,0,0.0,CRITICAL,4.152,14.255,5.183,3.704,HEALTHY_CONVERSION,MEDIUM,NORMAL,STABLE,PROFITABLE,INVENTORY_SHORTAGE,Stock is exhausted or expected to run out immediately.,PROTECT_INVENTORY,85,85
2026-09-03,UB-SACHET-CLASSIC,Instant Coffee Sachets,Instant,Classic,Image,2277.73,3.156,4.837618532361879,11018.788859716622,1799.2218780951498,37,52,5.75,0,0.0,CRITICAL,5.053,9.794,3.939,1.887,NORMAL,NORMAL,NORMAL,STABLE,PROFITABLE,INVENTORY_SHORTAGE,Stock is exhausted or expected to run out immediately.,PROTECT_INVENTORY,80,75
2026-09-04,UB-SACHET-CLASSIC,Instant Coffee Sachets,Instant,Classic,Video,2377.52,3.865,3.834922230513297,9117.604301489973,995.9935915512901,37,51,8.12,0,0.0,CRITICAL,3.746,14.776,5.0,3.704,HEALTHY_CONVERSION,MEDIUM,NORMAL,STABLE,PROFITABLE,INVENTORY_SHORTAGE,Stock is exhausted or expected to run out immediately.,PROTECT_INVENTORY,85,85
2026-09-05,UB-SACHET-CLASSIC,Instant Coffee Sachets,Instant,Classic,Image,2293.3,2.863,5.5646602955178235,12761.435455711025,2428.431118613079,37,43,7.05,0,0.0,CRITICAL,4.222,17.692,4.842,8.333,NORMAL,HIGH,NORMAL,STABLE,PROFITABLE,INVENTORY_SHORTAGE,Stock is exhausted or expected to run out immediately.,PROTECT_INVENTORY,80,75
2026-09-06,UB-SACHET-CLASSIC,Instant Coffee Sachets,Instant,Classic,Video,2247.78,6.521,3.296501628029899,7409.810429453047,493.8498588976272,37,98,-3.53,0,0.0,CRITICAL,3.637,17.805,5.399,5.66,HEALTHY_CONVERSION,HIGH,NORMAL,STABLE,PROFITABLE,INVENTORY_SHORTAGE,Stock is exhausted or expected to run out immediately.,PROTECT_INVENTORY,85,85
2026-09-07,UB-SACHET-CLASSIC,Instant Coffee Sachets,Instant,Classic,Image,2799.54,2.337,4.431401913325681,12405.886912431777,1790.6381575997575,37,45,1.32,0,0.0,CRITICAL,3.243,14.384,6.303,8.163,HEALTHY_CONVERSION,HIGH,NORMAL,STABLE,PROFITABLE,INVENTORY_SHORTAGE,Stock is exhausted or expected to run out immediately.,PROTECT_INVENTORY,80,75
2026-09-08,UB-SACHET-CLASSIC,Instant Coffee Sachets,Instant,Classic,Carousel,2422.6,3.881,3.7929170949732556,9188.72095428221,977.2267530844174,37,68,8.26,0,0.0,CRITICAL,3.32,14.593,5.152,8.0,HEALTHY_CONVERSION,HIGH,NORMAL,STABLE,PROFITABLE,INVENTORY_SHORTAGE,Stock is exhausted or expected to run out immediately.,PROTECT_INVENTORY,85,85
2026-09-09,UB-SACHET-CLASSIC,Instant Coffee Sachets,Instant,Classic,Video,2660.82,3.343,5.015760043767022,13346.034639656169,2277.212816672782,37,53,9.58,0,0.0,CRITICAL,3.297,12.392,5.419,3.571,HEALTHY_CONVERSION,MEDIUM,NORMAL,STABLE,PROFITABLE,INVENTORY_SHORTAGE,Stock is exhausted or expected to run out immediately.,PROTECT_INVENTORY,80,75
2026-09-10,UB-SACHET-CLASSIC,Instant Coffee Sachets,Instant,Classic,Carousel,2016.95,6.516,3.8722953650949186,7810.226136628196,872.8336705524327,37,83,5.03,0,0.0,CRITICAL,3.745,17.114,5.548,7.609,HEALTHY_CONVERSION,HIGH,NORMAL,STABLE,PROFITABLE,INVENTORY_SHORTAGE,Stock is exhausted or expected to run out immediately.,PROTECT_INVENTORY,85,85
2026-09-11,UB-SACHET-CLASSIC,Instant Coffee Sachets,Instant,Classic,Video,3149.99,3.485,2.860068221427882,9009.186296815613,183.40892982177684,37,62,8.75,0,0.0,CRITICAL,4.395,14.583,4.394,6.061,NORMAL,HIGH,NORMAL,STABLE,PROFITABLE,INVENTORY_SHORTAGE,Stock is exhausted or expected to run out immediately.,PROTECT_INVENTORY,85,85
2026-09-12,UB-SACHET-CLASSIC,Instant Coffee Sachets,Instant,Classic,Influencer Video,3105.72,1.881,4.143582082202703,12868.805744338577,1655.738125405273,37,41,-1.91,0,0.0,CRITICAL,4.805,12.216,3.161,8.696,NORMAL,HIGH,NORMAL,STABLE,PROFITABLE,INVENTORY_SHORTAGE,Stock is exhausted or expected to run out immediately.,PROTECT_INVENTORY,80,75
2026-09-13,UB-SACHET-CLASSIC,Instant Coffee Sachets,Instant,Classic,Image,2773.11,2.975,4.301441776182548,11928.371203949586,1640.3873454613463,37,51,4.62,0,0.0,CRITICAL,4.741,17.956,3.4,1.923,NORMAL,NORMAL,NORMAL,STABLE,PROFITABLE,INVENTORY_SHORTAGE,Stock is exhausted or expected to run out immediately.,PROTECT_INVENTORY,80,75
2026-09-14,UB-SACHET-CLASSIC,Instant Coffee Sachets,Instant,Classic,Carousel,2748.26,4.446,3.661964240089034,10064.02984246709,975.4310417128231,37,78,22.76,0,0.0,CRITICAL,4.021,25.111,6.161,3.636,HEALTHY_CONVERSION,MEDIUM,NORMAL,STRONG_GROWTH,PROFITABLE,INVENTORY_SHORTAGE,Stock is exhausted or expected to run out immediately.,PROTECT_INVENTORY,85,85
2026-09-15,UB-SACHET-CLASSIC,Instant Coffee Sachets,Instant,Classic,Carousel,3131.05,2.569,4.595539224996834,14388.86309042634,2192.8293434577454,37,55,16.1,0,0.0,CRITICAL,4.396,12.459,4.803,3.448,NORMAL,MEDIUM,NORMAL,STRONG_GROWTH,PROFITABLE,INVENTORY_SHORTAGE,Stock is exhausted or expected to run out immediately.,PROTECT_INVENTORY,80,75
2026-09-16,UB-SACHET-CLASSIC,Instant Coffee Sachets,Instant,Classic,Carousel,2122.75,5.037,4.7131387261108735,10004.815230851857,1579.0316354151869,37,78,2.56,0,0.0,CRITICAL,4.032,13.403,5.432,10.227,HEALTHY_CONVERSION,CRITICAL,NORMAL,STABLE,PROFITABLE,INVENTORY_SHORTAGE,Stock is exhausted or expected to run out immediately.,PROTECT_INVENTORY,80,75
2026-09-17,UB-SACHET-CLASSIC,Instant Coffee Sachets,Instant,Classic,Image,2339.32,5.185,3.6009691113150546,8423.819061481534,777.4930527481674,37,84,18.1,0,0.0,CRITICAL,3.649,24.159,6.64,0.926,HEALTHY_CONVERSION,NORMAL,NORMAL,STRONG_GROWTH,PROFITABLE,INVENTORY_SHORTAGE,Stock is exhausted or expected to run out immediately.,PROTECT_INVENTORY,85,85
2026-09-18,UB-SACHET-CLASSIC,Instant Coffee Sachets,Instant,Classic,Image,2987.35,2.982,3.085812812910478,9218.402906648116,423.459075459803,37,60,-0.56,0,0.0,CRITICAL,4.316,13.425,2.999,6.25,CHECKOUT_CONVERSION,HIGH,CREATIVE_TO_CONVERSION_GAP,STABLE,PROFITABLE,INVENTORY_SHORTAGE,Stock is exhausted or expected to run out immediately.,PROTECT_INVENTORY,85,85
2026-09-19,UB-SACHET-CLASSIC,Instant Coffee Sachets,Instant,Classic,Video,3309.1,2.156,3.8296245482767106,12672.610592702462,1379.7659192999113,37,48,12.67,0,0.0,CRITICAL,3.573,20.37,3.909,2.0,NORMAL,MEDIUM,NORMAL,STRONG_GROWTH,PROFITABLE,INVENTORY_SHORTAGE,Stock is exhausted or expected to run out immediately.,PROTECT_INVENTORY,85,85
2026-09-20,UB-SACHET-CLASSIC,Instant Coffee Sachets,Instant,Classic,Image,2128.76,3.357,4.0782849772838965,8681.689928242868,1083.465273449861,37,50,-1.5,421,6.27,MEDIUM,3.86,12.945,5.537,3.846,HEALTHY_CONVERSION,MEDIUM,NORMAL,STABLE,PROFITABLE,NORMAL_PERFORMANCE,No major negative signal detected.,DECREASE_BUDGET,75,60
2026-09-21,UB-SACHET-CLASSIC,Instant Coffee Sachets,Instant,Classic,Influencer Video,2612.1,3.038,4.658158390903222,12167.575532878305,1889.9029471649733,37,54,9.88,371,5.39,MEDIUM,4.928,32.037,6.136,6.863,HEALTHY_CONVERSION,HIGH,NORMAL,STABLE,PROFITABLE,PAYMENT_FRICTION,Elevated payment failures may be reducing completed orders.,FIX_PAYMENT,80,70
2026-09-22,UB-SACHET-CLASSIC,Instant Coffee Sachets,Instant,Classic,Video,2324.96,4.036,3.796939355563197,8827.73212411021,941.3008859207775,37,52,3.64,312,4.68,MEDIUM,3.781,13.153,4.006,3.636,NORMAL,MEDIUM,NORMAL,STABLE,PROFITABLE,NORMAL_PERFORMANCE,No major negative signal detected.,DECREASE_BUDGET,80,70
2026-09-23,UB-SACHET-CLASSIC,Instant Coffee Sachets,Instant,Classic,Influencer Video,2327.94,2.719,4.826095566646444,11234.860913418923,1828.9585379650011,37,40,0.12,269,5.45,MEDIUM,3.522,15.773,4.237,2.439,NORMAL,MEDIUM,NORMAL,STABLE,PROFITABLE,NORMAL_PERFORMANCE,No major negative signal detected.,DECREASE_BUDGET,75,60
2026-09-24,UB-SACHET-CLASSIC,Instant Coffee Sachets,Instant,Classic,Carousel,2346.48,3.922,4.608545738113811,10813.860403569295,1654.6483493206392,37,67,5.91,198,2.04,HIGH,4.22,16.56,6.369,7.595,HEALTHY_CONVERSION,HIGH,NORMAL,STABLE,PROFITABLE,INVENTORY_RISK,Inventory is very low and scaling ads may cause stockout.,PROTECT_INVENTORY,80,70
2026-09-25,UB-SACHET-CLASSIC,Instant Coffee Sachets,Instant,Classic,Video,2637.23,2.119,4.824763790433487,12724.011811044904,2070.6543700866146,37,39,13.38,153,3.21,MEDIUM,4.893,11.265,2.955,4.878,CHECKOUT_CONVERSION,MEDIUM,CREATIVE_TO_CONVERSION_GAP,STRONG_GROWTH,PROFITABLE,FUNNEL_DROP_OFF,Users show purchase intent but conversion remains weak.,RETARGET,70,60
2026-09-26,UB-SACHET-CLASSIC,Instant Coffee Sachets,Instant,Classic,Image,3207.38,2.332,4.445265848915181,14257.656778493572,2067.953008042621,37,50,8.73,98,1.55,HIGH,4.955,14.963,3.381,7.407,NORMAL,HIGH,NORMAL,STABLE,PROFITABLE,INVENTORY_RISK,Inventory is very low and scaling ads may cause stockout.,PROTECT_INVENTORY,80,70
2026-09-27,UB-SACHET-CLASSIC,Instant Coffee Sachets,Instant,Classic,Image,2257.02,4.886,4.291831433429564,9686.749381879195,1327.0772712953021,37,80,3.67,28,0.34,HIGH,4.454,18.0,5.212,5.814,HEALTHY_CONVERSION,HIGH,NORMAL,STABLE,PROFITABLE,INVENTORY_RISK,Inventory is very low and scaling ads may cause stockout.,PROTECT_INVENTORY,80,70
2026-09-28,UB-SACHET-CLASSIC,Instant Coffee Sachets,Instant,Classic,Video,3414.86,2.785,4.451923642930563,15202.695971297862,2210.1375093802085,37,63,4.64,0,0.0,CRITICAL,4.637,14.706,5.272,3.03,HEALTHY_CONVERSION,MEDIUM,NORMAL,STABLE,PROFITABLE,INVENTORY_SHORTAGE,Stock is exhausted or expected to run out immediately.,PROTECT_INVENTORY,80,75
2026-09-01,UB-SACHET-MOCHA,Instant Coffee Sachets,Instant,Mocha,Carousel,1494.7,6.58,5.378154644994217,8038.727747872856,1077.6928793193135,32,41,-1.25,0,0.0,CRITICAL,3.345,12.247,3.516,8.889,NORMAL,HIGH,NORMAL,STABLE,PROFITABLE,INVENTORY_SHORTAGE,Stock is exhausted or expected to run out immediately.,PROTECT_INVENTORY,80,75
2026-09-02,UB-SACHET-MOCHA,Instant Coffee Sachets,Instant,Mocha,Image,1813.22,6.109,6.33275491786434,11482.677872169977,1861.236919094393,32,45,10.35,0,0.0,CRITICAL,3.693,13.292,3.383,13.725,NORMAL,CRITICAL,NORMAL,STRONG_GROWTH,PROFITABLE,INVENTORY_SHORTAGE,Stock is exhausted or expected to run out immediately.,PROTECT_INVENTORY,80,75
2026-09-03,UB-SACHET-MOCHA,Instant Coffee Sachets,Instant,Mocha,Influencer Video,1779.14,7.507,6.168992663271028,10975.501606932017,1733.0205142182456,32,56,8.91,0,0.0,CRITICAL,3.205,15.697,4.786,5.0,NORMAL,HIGH,NORMAL,STABLE,PROFITABLE,INVENTORY_SHORTAGE,Stock is exhausted or expected to run out immediately.,PROTECT_INVENTORY,80,75
2026-09-04,UB-SACHET-MOCHA,Instant Coffee Sachets,Instant,Mocha,Video,1599.0,6.062,5.190679824295524,8299.897039048543,1056.9670524955336,32,39,12.91,0,0.0,CRITICAL,2.685,10.328,3.128,7.143,NORMAL,HIGH,NORMAL,STRONG_GROWTH,PROFITABLE,INVENTORY_SHORTAGE,Stock is exhausted or expected to run out immediately.,PROTECT_INVENTORY,80,75
2026-09-05,UB-SACHET-MOCHA,Instant Coffee Sachets,Instant,Mocha,Video,1752.7,5.142,6.219813972746894,10901.46795003348,1735.7697440107138,32,33,10.16,0,0.0,CRITICAL,3.225,11.416,3.463,8.108,NORMAL,HIGH,NORMAL,STRONG_GROWTH,PROFITABLE,INVENTORY_SHORTAGE,Stock is exhausted or expected to run out immediately.,PROTECT_INVENTORY,80,75
2026-09-06,UB-SACHET-MOCHA,Instant Coffee Sachets,Instant,Mocha,Image,1968.85,6.732,5.5039635857970435,10836.478705896508,1498.8231858868826,32,55,8.71,0,0.0,CRITICAL,2.616,12.582,4.344,0.0,NORMAL,NORMAL,NORMAL,STABLE,PROFITABLE,INVENTORY_SHORTAGE,Stock is exhausted or expected to run out immediately.,PROTECT_INVENTORY,80,75
2026-09-07,UB-SACHET-MOCHA,Instant Coffee Sachets,Instant,Mocha,Video,1779.63,6.231,4.521434143108669,8046.479844100481,795.243550112154,32,44,-8.54,456,8.7,LOW,3.628,12.087,4.147,6.383,NORMAL,HIGH,NORMAL,STABLE,PROFITABLE,PAYMENT_FRICTION,Elevated payment failures may be reducing completed orders.,FIX_PAYMENT,80,70
2026-09-08,UB-SACHET-MOCHA,Instant Coffee Sachets,Instant,Mocha,Image,1353.35,4.078,4.302879819937657,5823.302404312628,510.106769380041,32,19,-6.73,443,19.0,HEALTHY,2.725,10.0,2.827,5.0,CHECKOUT_CONVERSION,HIGH,CREATIVE_TO_CONVERSION_GAP,STABLE,PROFITABLE,PAYMENT_FRICTION,Elevated payment failures may be reducing completed orders.,FIX_PAYMENT,80,70
2026-09-09,UB-SACHET-MOCHA,Instant Coffee Sachets,Instant,Mocha,Carousel,1538.11,3.666,4.445959045411202,6838.374067337424,650.1697015479756,32,23,3.44,428,14.77,LOW,3.481,10.641,2.214,11.538,CHECKOUT_CONVERSION,CRITICAL,CREATIVE_TO_CONVERSION_GAP,STABLE,PROFITABLE,PAYMENT_FAILURE,High payment failure rate is blocking completed purchases.,FIX_PAYMENT,80,70
2026-09-10,UB-SACHET-MOCHA,Instant Coffee Sachets,Instant,Mocha,Video,1765.96,3.25,6.466931879617691,11420.343022129658,1888.5497670814907,32,24,10.04,408,16.06,HEALTHY,3.935,9.244,2.328,4.0,CHECKOUT_CONVERSION,MEDIUM,CREATIVE_TO_CONVERSION_GAP,STRONG_GROWTH,PROFITABLE,FUNNEL_DROP_OFF,Users show purchase intent but conversion remains weak.,RETARGET,70,60
2026-09-11,UB-SACHET-MOCHA,Instant Coffee Sachets,Instant,Mocha,Image,1295.33,7.778,7.016899877328231,9089.200918099577,1613.2142937918647,32,41,-3.61,375,7.99,LOW,3.049,15.42,4.08,6.818,NORMAL,HIGH,NORMAL,STABLE,PROFITABLE,PAYMENT_FRICTION,Elevated payment failures may be reducing completed orders.,FIX_PAYMENT,80,70
2026-09-12,UB-SACHET-MOCHA,Instant Coffee Sachets,Instant,Mocha,Video,1267.37,7.033,5.530766909535851,7009.52805813845,975.6789786043041,32,34,5.45,350,9.02,LOW,2.951,12.259,3.333,8.108,NORMAL,HIGH,NORMAL,STABLE,PROFITABLE,PAYMENT_FRICTION,Elevated payment failures may be reducing completed orders.,FIX_PAYMENT,80,70
2026-09-13,UB-SACHET-MOCHA,Instant Coffee Sachets,Instant,Mocha,Carousel,2120.09,5.627,5.210287549048373,11046.278529861966,1414.7191295558287,32,41,2.53,313,6.36,MEDIUM,2.898,8.347,3.593,6.977,NORMAL,HIGH,NORMAL,STABLE,PROFITABLE,PAYMENT_FRICTION,Elevated payment failures may be reducing completed orders.,FIX_PAYMENT,80,70
2026-09-14,UB-SACHET-MOCHA,Instant Coffee Sachets,Instant,Mocha,Video,1707.97,5.589,5.700802189002015,9736.799114749772,1407.805716719927,32,33,-0.39,281,7.13,LOW,2.51,13.345,4.074,2.703,NORMAL,MEDIUM,NORMAL,STABLE,PROFITABLE,NORMAL_PERFORMANCE,No major negative signal detected.,MAINTAIN,50,60
2026-09-15,UB-SACHET-MOCHA,Instant Coffee Sachets,Instant,Mocha,Video,1716.62,6.178,4.114446013410799,7062.940315541245,543.5209009731984,32,40,-0.77,251,5.25,MEDIUM,5.015,9.579,3.06,2.381,NORMAL,MEDIUM,NORMAL,STABLE,PROFITABLE,NORMAL_PERFORMANCE,No major negative signal detected.,DECREASE_BUDGET,75,60
2026-09-16,UB-SACHET-MOCHA,Instant Coffee Sachets,Instant,Mocha,Video,1746.04,2.053,4.170074524207018,7281.116922246421,583.9174151188549,32,12,5.08,241,17.71,HEALTHY,2.644,7.361,1.56,0.0,CHECKOUT_CONVERSION,NORMAL,CREATIVE_TO_CONVERSION_GAP,STABLE,PROFITABLE,FUNNEL_DROP_OFF,Users show purchase intent but conversion remains weak.,RETARGET,70,60
2026-09-17,UB-SACHET-MOCHA,Instant Coffee Sachets,Instant,Mocha,Influencer Video,1770.77,3.57,5.670715612592396,10041.533085310237,1442.520587299276,32,25,7.43,220,6.83,MEDIUM,2.546,11.954,5.102,9.091,HEALTHY_CONVERSION,HIGH,STRONG_CREATIVE,STABLE,PROFITABLE,PAYMENT_FRICTION,Elevated payment failures may be reducing completed orders.,FIX_PAYMENT,80,70
2026-09-18,UB-SACHET-MOCHA,Instant Coffee Sachets,Instant,Mocha,Influencer Video,1658.87,6.168,4.816278975951246,7989.580704836242,897.7958255475978,32,41,14.54,187,3.65,MEDIUM,2.928,9.91,3.411,2.381,NORMAL,MEDIUM,NORMAL,STRONG_GROWTH,PROFITABLE,NORMAL_PERFORMANCE,No major negative signal detected.,DECREASE_BUDGET,75,60
2026-09-19,UB-SACHET-MOCHA,Instant Coffee Sachets,Instant,Mocha,Carousel,1564.42,4.035,5.091114705928924,7964.641668249328,984.265333839785,32,22,16.13,171,7.35,LOW,3.392,7.208,1.701,4.348,CHECKOUT_CONVERSION,MEDIUM,CREATIVE_TO_CONVERSION_GAP,STRONG_GROWTH,PROFITABLE,FUNNEL_DROP_OFF,Users show purchase intent but conversion remains weak.,RETARGET,70,60
2026-09-20,UB-SACHET-MOCHA,Instant Coffee Sachets,Instant,Mocha,Video,2034.92,5.142,5.2295396678054455,10641.694860810658,1370.4223554594105,32,41,1.18,142,2.83,HIGH,2.633,16.212,4.707,6.122,NORMAL,HIGH,NORMAL,STABLE,PROFITABLE,INVENTORY_RISK,Inventory is very low and scaling ads may cause stockout.,PROTECT_INVENTORY,80,70
2026-09-21,UB-SACHET-MOCHA,Instant Coffee Sachets,Instant,Mocha,Image,1615.99,4.782,6.468950916647854,10453.759991793766,1729.213197374005,32,25,9.87,123,4.44,MEDIUM,3.022,7.75,2.556,3.704,CHECKOUT_CONVERSION,MEDIUM,CREATIVE_TO_CONVERSION_GAP,STABLE,PROFITABLE,FUNNEL_DROP_OFF,Users show purchase intent but conversion remains weak.,RETARGET,70,60
2026-09-22,UB-SACHET-MOCHA,Instant Coffee Sachets,Instant,Mocha,Influencer Video,1417.0,7.177,5.319605889738216,7537.881545759052,995.1220946428966,32,33,2.25,100,2.18,HIGH,2.338,13.168,4.275,2.703,NORMAL,MEDIUM,NORMAL,STABLE,PROFITABLE,INVENTORY_RISK,Inventory is very low and scaling ads may cause stockout.,PROTECT_INVENTORY,80,70
2026-09-23,UB-SACHET-MOCHA,Instant Coffee Sachets,Instant,Mocha,Carousel,1176.98,5.508,5.708558232957674,6718.858869026522,973.054838088487,32,27,4.7,82,2.58,HIGH,2.124,12.755,3.885,0.0,NORMAL,NORMAL,NORMAL,STABLE,PROFITABLE,INVENTORY_RISK,Inventory is very low and scaling ads may cause stockout.,PROTECT_INVENTORY,80,70
2026-09-24,UB-SACHET-MOCHA,Instant Coffee Sachets,Instant,Mocha,Image,1567.93,3.707,5.075995731272632,7958.805986934298,978.8879158189754,32,23,18.21,60,2.21,HIGH,2.608,10.863,2.391,4.167,CHECKOUT_CONVERSION,MEDIUM,CREATIVE_TO_CONVERSION_GAP,STRONG_GROWTH,PROFITABLE,INVENTORY_RISK,Inventory is very low and scaling ads may cause stockout.,PROTECT_INVENTORY,80,70
2026-09-25,UB-SACHET-MOCHA,Instant Coffee Sachets,Instant,Mocha,Video,2036.27,3.647,5.4686871093013485,11135.723500057056,1527.1615200182582,32,30,3.62,27,0.73,HIGH,4.129,6.946,2.366,3.226,CHECKOUT_CONVERSION,MEDIUM,CREATIVE_TO_CONVERSION_GAP,STABLE,PROFITABLE,INVENTORY_RISK,Inventory is very low and scaling ads may cause stockout.,PROTECT_INVENTORY,80,70
2026-09-26,UB-SACHET-MOCHA,Instant Coffee Sachets,Instant,Mocha,Carousel,1751.18,7.157,5.031251454806389,8810.626922627853,1068.2206152409128,32,43,6.22,0,0.0,CRITICAL,2.083,10.703,4.526,8.511,NORMAL,HIGH,NORMAL,STABLE,PROFITABLE,INVENTORY_SHORTAGE,Stock is exhausted or expected to run out immediately.,PROTECT_INVENTORY,80,75
2026-09-27,UB-SACHET-MOCHA,Instant Coffee Sachets,Instant,Mocha,Influencer Video,1537.4,7.596,6.501191555772964,9994.931897845356,1660.9782073105139,32,49,7.78,0,0.0,CRITICAL,2.729,13.364,4.426,7.547,NORMAL,HIGH,NORMAL,STABLE,PROFITABLE,INVENTORY_SHORTAGE,Stock is exhausted or expected to run out immediately.,PROTECT_INVENTORY,80,75
2026-09-28,UB-SACHET-MOCHA,Instant Coffee Sachets,Instant,Mocha,Carousel,2024.26,7.491,6.468250458631217,13093.420673388828,2165.634615484425,32,54,13.53,0,0.0,CRITICAL,2.775,15.274,4.116,11.667,NORMAL,CRITICAL,NORMAL,STRONG_GROWTH,PROFITABLE,INVENTORY_SHORTAGE,Stock is exhausted or expected to run out immediately.,PROTECT_INVENTORY,80,75
2026-09-01,UB-CHAI-100G,Masala Chai Blend,Tea,100 g,Video,2661.56,7.434,5.538951916843727,14742.25286379459,3235.341145517837,40,20,8.72,187,8.02,LOW,3.691,10.518,1.854,13.636,CHECKOUT_CONVERSION,CRITICAL,CREATIVE_TO_CONVERSION_GAP,STABLE,PROFITABLE,PAYMENT_FAILURE,High payment failure rate is blocking completed purchases.,FIX_PAYMENT,80,70
2026-09-02,UB-CHAI-100G,Masala Chai Blend,Tea,100 g,Image,2932.35,5.28,5.994987868958534,17579.402677540555,4099.411071016222,40,17,7.15,169,7.79,LOW,4.322,5.676,1.441,21.053,CHECKOUT_CONVERSION,CRITICAL,CREATIVE_TO_CONVERSION_GAP,STABLE,PROFITABLE,PAYMENT_FAILURE,High payment failure rate is blocking completed purchases.,FIX_PAYMENT,80,70
2026-09-03,UB-CHAI-100G,Masala Chai Blend,Tea,100 g,Carousel,2830.26,6.902,3.788865218177444,10723.473672398894,1459.129468959557,40,17,2.44,155,7.53,LOW,2.883,7.642,2.086,10.0,CHECKOUT_CONVERSION,CRITICAL,CREATIVE_TO_CONVERSION_GAP,STABLE,PROFITABLE,PAYMENT_FAILURE,High payment failure rate is blocking completed purchases.,FIX_PAYMENT,85,80
2026-09-04,UB-CHAI-100G,Masala Chai Blend,Tea,100 g,Influencer Video,2898.05,2.18,7.925657566042537,22968.951909269574,6289.530763707829,40,6,9.1,149,19.2,HEALTHY,2.899,4.626,1.031,14.286,NORMAL,CRITICAL,CREATIVE_TO_CONVERSION_GAP,STABLE,PROFITABLE,PAYMENT_FAILURE,High payment failure rate is blocking completed purchases.,FIX_PAYMENT,80,70
2026-09-05,UB-CHAI-100G,Masala Chai Blend,Tea,100 g,Video,2660.41,9.324,5.323119458551245,14161.680238724317,3004.2620954897266,40,28,9.2,128,3.88,MEDIUM,3.956,7.897,2.496,13.514,CHECKOUT_CONVERSION,CRITICAL,CREATIVE_TO_CONVERSION_GAP,STABLE,PROFITABLE,PAYMENT_FAILURE,High payment failure rate is blocking completed purchases.,FIX_PAYMENT,80,70
2026-09-06,UB-CHAI-100G,Masala Chai Blend,Tea,100 g,Video,3695.89,3.979,3.7359956899360114,13807.829110477605,1827.2416441910423,40,14,3.92,112,5.86,MEDIUM,3.046,5.531,1.501,7.143,CHECKOUT_CONVERSION,HIGH,CREATIVE_TO_CONVERSION_GAP,STABLE,PROFITABLE,PAYMENT_FRICTION,Elevated payment failures may be reducing completed orders.,FIX_PAYMENT,85,80
2026-09-07,UB-CHAI-100G,Masala Chai Blend,Tea,100 g,Influencer Video,3111.13,2.378,3.866216321589903,12028.301584587995,1700.1906338351973,40,8,6.32,102,12.88,LOW,3.052,7.299,1.336,0.0,CHECKOUT_CONVERSION,NORMAL,CREATIVE_TO_CONVERSION_GAP,STABLE,PROFITABLE,FUNNEL_DROP_OFF,Users show purchase intent but conversion remains weak.,RETARGET,75,70
2026-09-08,UB-CHAI-100G,Masala Chai Blend,Tea,100 g,Carousel,3517.48,2.419,7.356426623830768,25876.08352079225,6832.9534083169,40,10,16.94,93,8.32,LOW,3.953,5.0,1.395,0.0,CHECKOUT_CONVERSION,NORMAL,CREATIVE_TO_CONVERSION_GAP,STRONG_GROWTH,PROFITABLE,FUNNEL_DROP_OFF,Users show purchase intent but conversion remains weak.,RETARGET,70,60
2026-09-09,UB-CHAI-100G,Masala Chai Blend,Tea,100 g,Image,1860.19,9.539,5.643019854462405,10497.089103072421,2338.6456412289685,40,20,21.17,75,2.96,HIGH,3.97,9.314,1.621,15.0,CHECKOUT_CONVERSION,CRITICAL,CREATIVE_TO_CONVERSION_GAP,STRONG_GROWTH,PROFITABLE,INVENTORY_RISK,Inventory is very low and scaling ads may cause stockout.,PROTECT_INVENTORY,80,70
2026-09-10,UB-CHAI-100G,Masala Chai Blend,Tea,100 g,Video,2469.75,3.901,3.58976191295139,8865.814484511695,1076.5757938046777,40,11,7.6,63,5.36,MEDIUM,3.149,4.874,1.261,0.0,NORMAL,NORMAL,CREATIVE_TO_CONVERSION_GAP,STABLE,PROFITABLE,CREATIVE_CONVERSION_GAP,Ads attract clicks but those clicks are not converting.,CHANGE_CREATIVE,75,70
2026-09-11,UB-CHAI-100G,Masala Chai Blend,Tea,100 g,Video,3144.37,2.059,4.837891174524892,15212.119872440835,2940.477948976334,40,7,10.85,54,5.96,MEDIUM,3.127,3.724,1.064,0.0,NORMAL,NORMAL,CREATIVE_TO_CONVERSION_GAP,STRONG_GROWTH,PROFITABLE,CREATIVE_CONVERSION_GAP,Ads attract clicks but those clicks are not converting.,CHANGE_CREATIVE,70,60
2026-09-12,UB-CHAI-100G,Masala Chai Blend,Tea,100 g,Image,2785.64,3.517,6.697398961539724,18656.542443223516,4676.976977289407,40,9,-2.65,488,49.39,HEALTHY,3.498,7.563,2.153,9.091,CHECKOUT_CONVERSION,HIGH,CREATIVE_TO_CONVERSION_GAP,STABLE,PROFITABLE,PAYMENT_FRICTION,Elevated payment failures may be reducing completed orders.,FIX_PAYMENT,80,70
2026-09-13,UB-CHAI-100G,Masala Chai Blend,Tea,100 g,Video,2923.4,7.824,5.38169597784114,15732.85002162079,3369.7400086483162,40,24,2.46,467,15.83,HEALTHY,4.071,7.824,1.518,10.811,CHECKOUT_CONVERSION,CRITICAL,CREATIVE_TO_CONVERSION_GAP,STABLE,PROFITABLE,PAYMENT_FAILURE,High payment failure rate is blocking completed purchases.,FIX_PAYMENT,80,70
2026-09-14,UB-CHAI-100G,Masala Chai Blend,Tea,100 g,Carousel,2231.07,4.335,5.055269409005039,11278.659920348873,2280.393968139549,40,11,-3.6,456,36.74,HEALTHY,2.984,4.866,1.461,0.0,NORMAL,NORMAL,CREATIVE_TO_CONVERSION_GAP,STABLE,PROFITABLE,CREATIVE_CONVERSION_GAP,Ads attract clicks but those clicks are not converting.,CHANGE_CREATIVE,70,60
2026-09-15,UB-CHAI-100G,Masala Chai Blend,Tea,100 g,Image,3388.63,5.23,5.454837893733673,18484.427331842737,4005.1409327370948,40,17,-1.31,438,21.91,HEALTHY,4.953,5.767,1.862,5.556,CHECKOUT_CONVERSION,HIGH,CREATIVE_TO_CONVERSION_GAP,STABLE,PROFITABLE,PAYMENT_FRICTION,Elevated payment failures may be reducing completed orders.,FIX_PAYMENT,80,70
2026-09-16,UB-CHAI-100G,Masala Chai Blend,Tea,100 g,Image,3331.5,4.578,6.259397078773309,20853.181367933277,5009.772547173312,40,18,7.12,423,18.99,HEALTHY,4.877,7.779,1.802,4.348,CHECKOUT_CONVERSION,MEDIUM,CREATIVE_TO_CONVERSION_GAP,STABLE,PROFITABLE,FUNNEL_DROP_OFF,Users show purchase intent but conversion remains weak.,RETARGET,70,60
2026-09-17,UB-CHAI-100G,Masala Chai Blend,Tea,100 g,Video,2457.17,6.784,4.476790343825079,11000.23492913667,1942.923971654668,40,18,4.63,407,18.7,HEALTHY,3.462,11.236,2.329,10.0,CHECKOUT_CONVERSION,CRITICAL,CREATIVE_TO_CONVERSION_GAP,STABLE,PROFITABLE,PAYMENT_FAILURE,High payment failure rate is blocking completed purchases.,FIX_PAYMENT,80,70
2026-09-18,UB-CHAI-100G,Masala Chai Blend,Tea,100 g,Video,2973.57,3.584,6.004724411854012,17855.468369356735,4168.617347742695,40,12,1.55,395,27.86,HEALTHY,3.028,4.647,1.855,0.0,NORMAL,NORMAL,CREATIVE_TO_CONVERSION_GAP,STABLE,PROFITABLE,CREATIVE_CONVERSION_GAP,Ads attract clicks but those clicks are not converting.,CHANGE_CREATIVE,70,60
2026-09-19,UB-CHAI-100G,Masala Chai Blend,Tea,100 g,Video,2844.15,7.257,5.388477062551672,15325.63703745634,3286.104814982535,40,24,6.08,371,10.77,LOW,3.642,8.93,2.043,2.857,CHECKOUT_CONVERSION,MEDIUM,CREATIVE_TO_CONVERSION_GAP,STABLE,PROFITABLE,FUNNEL_DROP_OFF,Users show purchase intent but conversion remains weak.,RETARGET,70,60
2026-09-20,UB-CHAI-100G,Masala Chai Blend,Tea,100 g,Video,2444.29,5.414,4.349497310276075,10631.432780534706,1808.2831122138823,40,13,14.31,360,22.68,HEALTHY,3.04,6.997,1.699,7.143,CHECKOUT_CONVERSION,HIGH,CREATIVE_TO_CONVERSION_GAP,STRONG_GROWTH,PROFITABLE,PAYMENT_FRICTION,Elevated payment failures may be reducing completed orders.,FIX_PAYMENT,80,70
2026-09-21,UB-CHAI-100G,Masala Chai Blend,Tea,100 g,Influencer Video,2735.25,4.212,5.383121703792116,14724.183640297386,3154.423456118954,40,13,4.29,342,23.42,HEALTHY,3.761,6.924,2.08,14.286,CHECKOUT_CONVERSION,CRITICAL,CREATIVE_TO_CONVERSION_GAP,STABLE,PROFITABLE,PAYMENT_FAILURE,High payment failure rate is blocking completed purchases.,FIX_PAYMENT,80,70
2026-09-22,UB-CHAI-100G,Masala Chai Blend,Tea,100 g,Image,2665.99,4.8,5.9126544491651405,15763.077634929772,3639.2410539719094,40,15,-0.82,324,16.46,HEALTHY,3.483,6.474,2.005,6.25,CHECKOUT_CONVERSION,HIGH,CREATIVE_TO_CONVERSION_GAP,STABLE,PROFITABLE,PAYMENT_FRICTION,Elevated payment failures may be reducing completed orders.,FIX_PAYMENT,80,70
2026-09-23,UB-CHAI-100G,Masala Chai Blend,Tea,100 g,Image,3032.66,5.692,4.600087704147965,13950.501976861367,2547.540790744548,40,20,12.5,305,11.71,LOW,3.663,10.919,1.821,11.765,CHECKOUT_CONVERSION,CRITICAL,CREATIVE_TO_CONVERSION_GAP,STRONG_GROWTH,PROFITABLE,PAYMENT_FAILURE,High payment failure rate is blocking completed purchases.,FIX_PAYMENT,80,70
2026-09-24,UB-CHAI-100G,Masala Chai Blend,Tea,100 g,Image,2637.28,9.42,5.812188003120582,15328.36717686985,3494.0668707479394,40,27,9.6,280,7.73,LOW,3.402,9.284,2.241,12.121,CHECKOUT_CONVERSION,CRITICAL,CREATIVE_TO_CONVERSION_GAP,STABLE,PROFITABLE,PAYMENT_FAILURE,High payment failure rate is blocking completed purchases.,FIX_PAYMENT,80,70
2026-09-25,UB-CHAI-100G,Masala Chai Blend,Tea,100 g,Influencer Video,2301.03,4.453,5.068332370662756,11662.384834866123,2363.92393394645,40,11,10.26,270,17.54,HEALTHY,3.798,5.66,1.341,0.0,CHECKOUT_CONVERSION,NORMAL,CREATIVE_TO_CONVERSION_GAP,STRONG_GROWTH,PROFITABLE,FUNNEL_DROP_OFF,Users show purchase intent but conversion remains weak.,RETARGET,70,60
2026-09-26,UB-CHAI-100G,Masala Chai Blend,Tea,100 g,Video,3244.1,5.373,5.032604397936832,16326.271927346876,3286.408770938751,40,17,23.56,250,13.06,LOW,3.624,5.928,1.647,0.0,CHECKOUT_CONVERSION,NORMAL,CREATIVE_TO_CONVERSION_GAP,STRONG_GROWTH,PROFITABLE,FUNNEL_DROP_OFF,Users show purchase intent but conversion remains weak.,RETARGET,70,60
2026-09-27,UB-CHAI-100G,Masala Chai Blend,Tea,100 g,Influencer Video,2706.77,6.867,6.071209093337924,16433.36663757429,3866.576655029716,40,20,3.38,232,8.75,LOW,4.13,7.61,2.759,4.762,CHECKOUT_CONVERSION,MEDIUM,CREATIVE_TO_CONVERSION_GAP,STABLE,PROFITABLE,FUNNEL_DROP_OFF,Users show purchase intent but conversion remains weak.,RETARGET,70,60
2026-09-28,UB-CHAI-100G,Masala Chai Blend,Tea,100 g,Video,3113.46,11.007,9.669481137364494,30105.542741938858,8928.757096775542,40,28,13.9,208,5.57,MEDIUM,4.312,5.646,1.531,3.448,CHECKOUT_CONVERSION,MEDIUM,CREATIVE_TO_CONVERSION_GAP,STRONG_GROWTH,HIGHLY_PROFITABLE,FUNNEL_DROP_OFF,Users show purchase intent but conversion remains weak.,RETARGET,70,75
2026-09-01,UB-CHAI-250G,Masala Chai Blend,Tea,250 g,Carousel,2701.82,5.58,5.955121097964986,16089.665284903758,4216.736072508616,43,43,0.41,506,9.55,LOW,4.303,12.933,5.45,2.222,HEALTHY_CONVERSION,MEDIUM,NORMAL,STABLE,PROFITABLE,NORMAL_PERFORMANCE,No major negative signal detected.,MAINTAIN,50,60
2026-09-02,UB-CHAI-250G,Masala Chai Blend,Tea,250 g,Video,2941.34,5.314,4.794508416114077,14102.27938465298,3122.640135400782,43,55,15.57,453,6.34,MEDIUM,4.771,16.067,4.561,5.172,NORMAL,HIGH,NORMAL,STRONG_GROWTH,PROFITABLE,PAYMENT_FRICTION,Elevated payment failures may be reducing completed orders.,FIX_PAYMENT,80,70
2026-09-03,UB-CHAI-250G,Masala Chai Blend,Tea,250 g,Influencer Video,3407.84,3.152,7.54962168960603,25727.902778707015,7655.158194844018,43,37,1.36,420,8.95,LOW,4.259,17.116,3.035,2.564,NORMAL,MEDIUM,NORMAL,STABLE,PROFITABLE,NORMAL_PERFORMANCE,No major negative signal detected.,MAINTAIN,50,60
2026-09-04,UB-CHAI-250G,Masala Chai Blend,Tea,250 g,Influencer Video,3215.79,8.512,4.852035070716324,15603.125860058848,3493.554119825305,43,92,6.41,355,3.08,MEDIUM,5.097,19.078,6.815,2.97,HEALTHY_CONVERSION,MEDIUM,NORMAL,STABLE,PROFITABLE,NORMAL_PERFORMANCE,No major negative signal detected.,DECREASE_BUDGET,75,60
2026-09-05,UB-CHAI-250G,Masala Chai Blend,Tea,250 g,Influencer Video,3323.58,2.2,6.171857192457321,20512.661127707303,5496.8642849141415,43,24,-1.37,337,10.89,LOW,4.838,8.69,2.402,0.0,CHECKOUT_CONVERSION,NORMAL,CREATIVE_TO_CONVERSION_GAP,STABLE,PROFITABLE,FUNNEL_DROP_OFF,Users show purchase intent but conversion remains weak.,RETARGET,70,60
2026-09-06,UB-CHAI-250G,Masala Chai Blend,Tea,250 g,Carousel,4024.56,5.292,7.5641080343683,30442.206630797285,9065.588851242834,43,63,15.14,289,3.69,MEDIUM,5.278,18.317,4.791,4.545,NORMAL,MEDIUM,NORMAL,STRONG_GROWTH,PROFITABLE,NORMAL_PERFORMANCE,No major negative signal detected.,MAINTAIN,50,60
2026-09-07,UB-CHAI-250G,Masala Chai Blend,Tea,250 g,Image,2676.74,9.331,9.855492274401872,26380.590390582463,8666.913867950461,43,74,-1.39,224,2.48,HIGH,5.723,16.58,4.024,3.896,NORMAL,MEDIUM,NORMAL,STABLE,HIGHLY_PROFITABLE,INVENTORY_RISK,Inventory is very low and scaling ads may cause stockout.,PROTECT_INVENTORY,80,85
2026-09-08,UB-CHAI-250G,Masala Chai Blend,Tea,250 g,Video,2755.97,11.095,8.657094374458156,23858.692383175443,7503.267724765441,43,99,-1.94,160,1.27,HIGH,4.435,21.308,8.128,6.897,HEALTHY_CONVERSION,HIGH,NORMAL,STABLE,HIGHLY_PROFITABLE,INVENTORY_RISK,Inventory is very low and scaling ads may cause stockout.,PROTECT_INVENTORY,80,85
2026-09-09,UB-CHAI-250G,Masala Chai Blend,Tea,250 g,Video,2683.08,7.448,5.724501016331044,15359.294186897498,3921.4165003659236,43,57,-0.96,103,1.72,HIGH,4.786,17.82,3.61,0.0,NORMAL,NORMAL,NORMAL,STABLE,PROFITABLE,INVENTORY_RISK,Inventory is very low and scaling ads may cause stockout.,PROTECT_INVENTORY,80,70
2026-09-10,UB-CHAI-250G,Masala Chai Blend,Tea,250 g,Carousel,3227.66,3.921,5.437739524316749,17551.174353056198,4319.344971814165,43,44,1.35,60,1.01,HIGH,3.663,13.883,4.255,2.222,NORMAL,MEDIUM,NORMAL,STABLE,PROFITABLE,INVENTORY_RISK,Inventory is very low and scaling ads may cause stockout.,PROTECT_INVENTORY,80,70
2026-09-11,UB-CHAI-250G,Masala Chai Blend,Tea,250 g,Video,2786.44,4.161,7.637941704115839,21282.66628201654,6365.1065012671115,43,39,4.96,21,0.49,HIGH,3.506,17.806,6.373,2.5,HEALTHY_CONVERSION,MEDIUM,NORMAL,STABLE,PROFITABLE,INVENTORY_RISK,Inventory is very low and scaling ads may cause stockout.,PROTECT_INVENTORY,80,70
2026-09-12,UB-CHAI-250G,Masala Chai Blend,Tea,250 g,Carousel,3206.41,8.774,6.567662075911499,21058.617356823386,5848.795463434057,43,78,1.37,0,0.0,CRITICAL,5.998,16.804,5.062,6.818,HEALTHY_CONVERSION,HIGH,NORMAL,STABLE,PROFITABLE,INVENTORY_SHORTAGE,Stock is exhausted or expected to run out immediately.,PROTECT_INVENTORY,80,75
2026-09-13,UB-CHAI-250G,Masala Chai Blend,Tea,250 g,Influencer Video,3367.08,4.567,6.512388498058681,21927.733064043423,6061.845217538672,43,46,9.63,0,0.0,CRITICAL,4.379,15.811,5.399,6.122,HEALTHY_CONVERSION,HIGH,NORMAL,STABLE,PROFITABLE,INVENTORY_SHORTAGE,Stock is exhausted or expected to run out immediately.,PROTECT_INVENTORY,80,75
2026-09-14,UB-CHAI-250G,Masala Chai Blend,Tea,250 g,Image,3390.44,6.541,5.696462430409246,19313.514082556725,4914.371055499392,43,62,-4.29,0,0.0,CRITICAL,4.409,13.09,4.397,4.615,NORMAL,MEDIUM,NORMAL,STABLE,PROFITABLE,INVENTORY_SHORTAGE,Stock is exhausted or expected to run out immediately.,PROTECT_INVENTORY,80,75
2026-09-15,UB-CHAI-250G,Masala Chai Blend,Tea,250 g,Carousel,2991.09,4.145,6.730238325329571,20130.748552510027,5665.131877579312,43,41,6.12,0,0.0,CRITICAL,3.836,20.45,5.679,2.326,HEALTHY_CONVERSION,MEDIUM,NORMAL,STABLE,PROFITABLE,INVENTORY_SHORTAGE,Stock is exhausted or expected to run out immediately.,PROTECT_INVENTORY,80,75
2026-09-16,UB-CHAI-250G,Masala Chai Blend,Tea,250 g,Image,2995.66,6.62,9.435075932944626,28264.279569284896,9157.980214792506,43,62,-0.53,0,0.0,CRITICAL,4.357,14.025,4.821,5.97,NORMAL,HIGH,NORMAL,STABLE,HIGHLY_PROFITABLE,INVENTORY_SHORTAGE,Stock is exhausted or expected to run out immediately.,PROTECT_INVENTORY,80,90
2026-09-17,UB-CHAI-250G,Masala Chai Blend,Tea,250 g,Image,2392.1,12.583,8.636503528167008,20659.3800897283,6491.433438583168,43,93,-1.76,0,0.0,CRITICAL,3.989,24.132,6.813,5.051,HEALTHY_CONVERSION,HIGH,NORMAL,STABLE,HIGHLY_PROFITABLE,INVENTORY_SHORTAGE,Stock is exhausted or expected to run out immediately.,PROTECT_INVENTORY,80,90
2026-09-18,UB-CHAI-250G,Masala Chai Blend,Tea,250 g,Carousel,2965.35,6.246,4.8684395085634335,14436.627096718577,3242.399651588989,43,65,-2.01,0,0.0,CRITICAL,5.247,12.631,3.911,8.333,NORMAL,HIGH,NORMAL,STABLE,PROFITABLE,INVENTORY_SHORTAGE,Stock is exhausted or expected to run out immediately.,PROTECT_INVENTORY,80,75
2026-09-19,UB-CHAI-250G,Masala Chai Blend,Tea,250 g,Video,2911.97,3.454,4.264618667018715,12418.441619798488,2427.9598965133505,43,35,16.54,0,0.0,CRITICAL,5.395,10.798,2.644,2.703,CHECKOUT_CONVERSION,MEDIUM,CREATIVE_TO_CONVERSION_GAP,STRONG_GROWTH,PROFITABLE,INVENTORY_SHORTAGE,Stock is exhausted or expected to run out immediately.,PROTECT_INVENTORY,80,75
2026-09-20,UB-CHAI-250G,Masala Chai Blend,Tea,250 g,Influencer Video,3068.57,2.037,9.440209730130297,28967.944371585927,9387.646079781949,43,22,0.31,0,0.0,CRITICAL,4.03,17.27,3.642,4.167,NORMAL,MEDIUM,NORMAL,STABLE,HIGHLY_PROFITABLE,INVENTORY_SHORTAGE,Stock is exhausted or expected to run out immediately.,PROTECT_INVENTORY,80,90
2026-09-21,UB-CHAI-250G,Masala Chai Blend,Tea,250 g,Video,3483.33,12.572,7.617675641895136,26534.878093682586,7926.6675802835125,43,133,8.86,0,0.0,CRITICAL,5.272,18.98,6.312,4.255,HEALTHY_CONVERSION,MEDIUM,NORMAL,STABLE,PROFITABLE,INVENTORY_SHORTAGE,Stock is exhausted or expected to run out immediately.,PROTECT_INVENTORY,80,75
2026-09-22,UB-CHAI-250G,Masala Chai Blend,Tea,250 g,Image,2308.6,4.541,6.670005380264213,15398.37442087796,4312.701000977522,43,34,8.76,0,0.0,CRITICAL,3.892,16.579,4.928,2.857,NORMAL,MEDIUM,NORMAL,STABLE,PROFITABLE,INVENTORY_SHORTAGE,Stock is exhausted or expected to run out immediately.,PROTECT_INVENTORY,80,75
2026-09-23,UB-CHAI-250G,Masala Chai Blend,Tea,250 g,Image,3139.84,9.497,7.341953369103218,23052.55886644505,6772.760312571372,43,100,2.5,775,6.21,MEDIUM,4.644,19.426,7.148,7.965,HEALTHY_CONVERSION,HIGH,NORMAL,STABLE,PROFITABLE,PAYMENT_FRICTION,Elevated payment failures may be reducing completed orders.,FIX_PAYMENT,80,70
2026-09-24,UB-CHAI-250G,Masala Chai Blend,Tea,250 g,Carousel,2833.81,5.646,7.537594283676438,21360.110057025126,6351.037324520805,43,53,4.08,733,12.93,LOW,5.074,19.048,5.532,1.818,HEALTHY_CONVERSION,NORMAL,NORMAL,STABLE,PROFITABLE,NORMAL_PERFORMANCE,No major negative signal detected.,MAINTAIN,50,60
2026-09-25,UB-CHAI-250G,Masala Chai Blend,Tea,250 g,Influencer Video,3286.48,4.216,6.925913421422567,22761.875941236838,6501.126654731841,43,37,7.38,696,15.88,HEALTHY,4.356,15.292,4.171,2.632,NORMAL,MEDIUM,NORMAL,STABLE,PROFITABLE,NORMAL_PERFORMANCE,No major negative signal detected.,MAINTAIN,50,60
2026-09-26,UB-CHAI-250G,Masala Chai Blend,Tea,250 g,Image,3491.53,2.809,7.702354323548372,26893.00119129885,8072.460512258505,43,31,-4.73,665,17.36,HEALTHY,5.054,14.647,3.762,3.125,NORMAL,MEDIUM,NORMAL,STABLE,PROFITABLE,NORMAL_PERFORMANCE,No major negative signal detected.,MAINTAIN,50,60
2026-09-27,UB-CHAI-250G,Masala Chai Blend,Tea,250 g,Influencer Video,3083.85,3.926,6.897682245350485,21271.417392324092,6062.85947869936,43,42,8.6,623,10.56,LOW,4.67,15.798,4.867,2.273,NORMAL,MEDIUM,NORMAL,STABLE,PROFITABLE,NORMAL_PERFORMANCE,No major negative signal detected.,MAINTAIN,50,60
2026-09-28,UB-CHAI-250G,Masala Chai Blend,Tea,250 g,Video,3465.36,6.356,6.009622122850767,20825.504119642133,5489.606771446117,43,76,0.13,543,5.65,MEDIUM,3.761,14.275,5.003,3.797,HEALTHY_CONVERSION,MEDIUM,NORMAL,STABLE,PROFITABLE,NORMAL_PERFORMANCE,No major negative signal detected.,MAINTAIN,50,60
2026-09-01,UB-POUROVER-SINGLE,Pour-Over Kit,Equipment,Single,Video,1465.99,6.705,5.134525862703126,7527.163569464155,1845.9619705642283,44,12,5.09,0,0.0,CRITICAL,3.616,8.046,2.01,7.692,CHECKOUT_CONVERSION,HIGH,CREATIVE_TO_CONVERSION_GAP,STABLE,PROFITABLE,INVENTORY_SHORTAGE,Stock is exhausted or expected to run out immediately.,PROTECT_INVENTORY,80,75
2026-09-02,UB-POUROVER-SINGLE,Pour-Over Kit,Equipment,Single,Image,1392.41,4.279,5.083985166639027,7078.991785879848,1722.3463857871327,44,7,3.71,0,0.0,CRITICAL,3.408,5.325,1.95,0.0,CHECKOUT_CONVERSION,NORMAL,CREATIVE_TO_CONVERSION_GAP,STABLE,PROFITABLE,INVENTORY_SHORTAGE,Stock is exhausted or expected to run out immediately.,PROTECT_INVENTORY,80,75
2026-09-03,UB-POUROVER-SINGLE,Pour-Over Kit,Equipment,Single,Influencer Video,1046.71,4.582,8.425627831846782,8819.188907872345,2833.7331194638323,44,6,12.29,0,0.0,CRITICAL,3.258,6.25,1.442,0.0,CHECKOUT_CONVERSION,NORMAL,CREATIVE_TO_CONVERSION_GAP,STRONG_GROWTH,HIGHLY_PROFITABLE,INVENTORY_SHORTAGE,Stock is exhausted or expected to run out immediately.,PROTECT_INVENTORY,80,90
2026-09-04,UB-POUROVER-SINGLE,Pour-Over Kit,Equipment,Single,Carousel,1135.21,9.48,7.546510326297174,8566.873987515815,2634.214554506959,44,12,8.65,0,0.0,CRITICAL,4.042,8.226,2.143,13.333,CHECKOUT_CONVERSION,CRITICAL,CREATIVE_TO_CONVERSION_GAP,STABLE,PROFITABLE,INVENTORY_SHORTAGE,Stock is exhausted or expected to run out immediately.,PROTECT_INVENTORY,80,75
2026-09-05,UB-POUROVER-SINGLE,Pour-Over Kit,Equipment,Single,Video,1561.59,6.603,4.5422863726808576,7093.1889767147,1559.413149754468,44,12,0.05,0,0.0,CRITICAL,2.819,5.996,2.321,8.333,CHECKOUT_CONVERSION,HIGH,CREATIVE_TO_CONVERSION_GAP,STABLE,PROFITABLE,INVENTORY_SHORTAGE,Stock is exhausted or expected to run out immediately.,PROTECT_INVENTORY,80,75
2026-09-06,UB-POUROVER-SINGLE,Pour-Over Kit,Equipment,Single,Influencer Video,1602.14,2.629,7.878897202921464,12623.096364688596,3952.0224004629818,44,5,22.0,0,0.0,CRITICAL,2.321,4.934,1.01,16.667,NORMAL,CRITICAL,NORMAL,STRONG_GROWTH,PROFITABLE,INVENTORY_SHORTAGE,Stock is exhausted or expected to run out immediately.,PROTECT_INVENTORY,80,75
2026-09-07,UB-POUROVER-SINGLE,Pour-Over Kit,Equipment,Single,Influencer Video,1391.99,8.442,6.545111815599132,9110.730196195835,2616.731286326167,44,12,9.96,0,0.0,CRITICAL,3.82,6.061,2.575,15.385,CHECKOUT_CONVERSION,CRITICAL,CREATIVE_TO_CONVERSION_GAP,STABLE,PROFITABLE,INVENTORY_SHORTAGE,Stock is exhausted or expected to run out immediately.,PROTECT_INVENTORY,80,75
2026-09-08,UB-POUROVER-SINGLE,Pour-Over Kit,Equipment,Single,Influencer Video,1467.9,5.684,8.337443548532292,12238.533384890552,3917.0546893518426,44,10,10.16,0,0.0,CRITICAL,3.481,8.029,1.957,13.333,CHECKOUT_CONVERSION,CRITICAL,CREATIVE_TO_CONVERSION_GAP,STRONG_GROWTH,HIGHLY_PROFITABLE,INVENTORY_SHORTAGE,Stock is exhausted or expected to run out immediately.,PROTECT_INVENTORY,80,90
2026-09-09,UB-POUROVER-SINGLE,Pour-Over Kit,Equipment,Single,Image,1909.75,10.539,7.205443369642379,13760.595475174532,4144.912009076794,44,19,8.27,0,0.0,CRITICAL,3.009,6.866,3.055,5.0,NORMAL,HIGH,NORMAL,STABLE,PROFITABLE,INVENTORY_SHORTAGE,Stock is exhausted or expected to run out immediately.,PROTECT_INVENTORY,80,75
2026-09-10,UB-POUROVER-SINGLE,Pour-Over Kit,Equipment,Single,Influencer Video,1639.16,3.979,5.3676616119631575,8798.456207865529,2232.1607314608327,44,8,1.18,0,0.0,CRITICAL,3.169,6.977,2.319,11.111,CHECKOUT_CONVERSION,CRITICAL,CREATIVE_TO_CONVERSION_GAP,STABLE,PROFITABLE,INVENTORY_SHORTAGE,Stock is exhausted or expected to run out immediately.,PROTECT_INVENTORY,80,75
2026-09-11,UB-POUROVER-SINGLE,Pour-Over Kit,Equipment,Single,Video,1063.43,4.886,8.345524634508369,8874.881262075234,2841.5177553131025,44,6,9.45,0,0.0,CRITICAL,4.259,5.105,1.63,0.0,CHECKOUT_CONVERSION,NORMAL,CREATIVE_TO_CONVERSION_GAP,STABLE,HIGHLY_PROFITABLE,INVENTORY_SHORTAGE,Stock is exhausted or expected to run out immediately.,PROTECT_INVENTORY,80,90
2026-09-12,UB-POUROVER-SINGLE,Pour-Over Kit,Equipment,Single,Video,1236.27,9.47,5.653788716127067,6989.609376086409,1839.1581254780199,44,14,2.71,168,10.44,LOW,3.104,7.182,2.422,13.333,CHECKOUT_CONVERSION,CRITICAL,CREATIVE_TO_CONVERSION_GAP,STABLE,PROFITABLE,PAYMENT_FAILURE,High payment failure rate is blocking completed purchases.,FIX_PAYMENT,80,70
2026-09-13,UB-POUROVER-SINGLE,Pour-Over Kit,Equipment,Single,Image,1494.54,3.943,4.628588809850945,6917.611119874631,1549.2088927448376,44,5,-2.93,161,31.63,HEALTHY,4.66,4.872,0.859,0.0,NORMAL,NORMAL,CREATIVE_TO_CONVERSION_GAP,STABLE,PROFITABLE,CREATIVE_CONVERSION_GAP,Ads attract clicks but those clicks are not converting.,CHANGE_CREATIVE,70,60
2026-09-14,UB-POUROVER-SINGLE,Pour-Over Kit,Equipment,Single,Video,1559.93,2.462,4.718619888036154,7360.716721944238,1678.7853576554646,44,4,-7.54,153,34.62,HEALTHY,3.412,3.436,1.254,0.0,NORMAL,NORMAL,CREATIVE_TO_CONVERSION_GAP,STABLE,PROFITABLE,CREATIVE_CONVERSION_GAP,Ads attract clicks but those clicks are not converting.,CHANGE_CREATIVE,70,60
2026-09-15,UB-POUROVER-SINGLE,Pour-Over Kit,Equipment,Single,Influencer Video,1282.25,3.872,5.406697988106142,6932.738495249101,1768.1549379096045,44,6,-3.86,143,18.52,HEALTHY,3.334,6.309,1.635,0.0,CHECKOUT_CONVERSION,NORMAL,CREATIVE_TO_CONVERSION_GAP,STABLE,PROFITABLE,FUNNEL_DROP_OFF,Users show purchase intent but conversion remains weak.,RETARGET,70,60
2026-09-16,UB-POUROVER-SINGLE,Pour-Over Kit,Equipment,Single,Influencer Video,1499.63,4.937,5.570135416623044,8353.142174830416,2175.7525569253835,44,8,-5.26,135,11.11,LOW,3.423,6.645,1.794,0.0,CHECKOUT_CONVERSION,NORMAL,CREATIVE_TO_CONVERSION_GAP,STABLE,PROFITABLE,FUNNEL_DROP_OFF,Users show purchase intent but conversion remains weak.,RETARGET,70,60
2026-09-17,UB-POUROVER-SINGLE,Pour-Over Kit,Equipment,Single,Image,1790.13,5.885,6.149566328797404,11008.523172170097,3053.620195754843,44,9,6.69,121,12.33,LOW,3.381,7.362,1.875,0.0,CHECKOUT_CONVERSION,NORMAL,CREATIVE_TO_CONVERSION_GAP,STABLE,PROFITABLE,FUNNEL_DROP_OFF,Users show purchase intent but conversion remains weak.,RETARGET,70,60
2026-09-18,UB-POUROVER-SINGLE,Pour-Over Kit,Equipment,Single,Influencer Video,1214.72,6.656,5.719682106056086,6947.812247868449,1842.3173890621176,44,8,6.13,109,12.26,LOW,3.811,5.449,2.254,0.0,CHECKOUT_CONVERSION,NORMAL,CREATIVE_TO_CONVERSION_GAP,STABLE,PROFITABLE,FUNNEL_DROP_OFF,Users show purchase intent but conversion remains weak.,RETARGET,70,60
2026-09-19,UB-POUROVER-SINGLE,Pour-Over Kit,Equipment,Single,Carousel,1668.49,5.069,6.275552917149643,10470.697286735007,2938.6168061634035,44,10,1.3,93,7.45,LOW,3.33,7.612,2.088,9.091,CHECKOUT_CONVERSION,HIGH,CREATIVE_TO_CONVERSION_GAP,STABLE,PROFITABLE,PAYMENT_FRICTION,Elevated payment failures may be reducing completed orders.,FIX_PAYMENT,80,70
2026-09-20,UB-POUROVER-SINGLE,Pour-Over Kit,Equipment,Single,Video,1285.17,6.524,6.402754615148769,8228.628148750744,2335.426385450327,44,10,9.03,76,6.02,MEDIUM,3.246,7.235,1.992,0.0,CHECKOUT_CONVERSION,NORMAL,CREATIVE_TO_CONVERSION_GAP,STABLE,PROFITABLE,FUNNEL_DROP_OFF,Users show purchase intent but conversion remains weak.,RETARGET,70,60
2026-09-21,UB-POUROVER-SINGLE,Pour-Over Kit,Equipment,Single,Image,1181.07,7.185,4.984005087997419,5886.458889281112,1408.971911283689,44,7,8.49,64,7.97,LOW,3.336,5.488,1.639,0.0,CHECKOUT_CONVERSION,NORMAL,CREATIVE_TO_CONVERSION_GAP,STABLE,PROFITABLE,FUNNEL_DROP_OFF,Users show purchase intent but conversion remains weak.,RETARGET,70,60
2026-09-22,UB-POUROVER-SINGLE,Pour-Over Kit,Equipment,Single,Image,1338.04,3.427,5.950376488566689,7961.841756761772,2165.1703729751794,44,5,11.41,55,9.0,LOW,3.416,7.87,1.543,0.0,CHECKOUT_CONVERSION,NORMAL,CREATIVE_TO_CONVERSION_GAP,STRONG_GROWTH,PROFITABLE,FUNNEL_DROP_OFF,Users show purchase intent but conversion remains weak.,RETARGET,70,60
2026-09-23,UB-POUROVER-SINGLE,Pour-Over Kit,Equipment,Single,Image,1446.77,5.857,5.63856913865672,8157.712672734383,2142.6235760031286,44,10,-6.97,43,4.08,MEDIUM,3.465,5.755,1.529,10.0,CHECKOUT_CONVERSION,CRITICAL,CREATIVE_TO_CONVERSION_GAP,STABLE,PROFITABLE,PAYMENT_FAILURE,High payment failure rate is blocking completed purchases.,FIX_PAYMENT,80,70
2026-09-24,UB-POUROVER-SINGLE,Pour-Over Kit,Equipment,Single,Image,1770.27,4.32,6.62861897785311,11734.445317924024,3392.88593988657,44,9,19.34,29,2.72,HIGH,3.771,4.277,1.826,0.0,NORMAL,NORMAL,CREATIVE_TO_CONVERSION_GAP,STRONG_GROWTH,PROFITABLE,INVENTORY_RISK,Inventory is very low and scaling ads may cause stockout.,PROTECT_INVENTORY,80,70
2026-09-25,UB-POUROVER-SINGLE,Pour-Over Kit,Equipment,Single,Image,1255.52,4.534,6.816425640199851,8558.158719783716,2510.0698367048353,44,7,2.68,17,1.86,HIGH,3.528,6.688,1.587,0.0,CHECKOUT_CONVERSION,NORMAL,CREATIVE_TO_CONVERSION_GAP,STABLE,PROFITABLE,INVENTORY_RISK,Inventory is very low and scaling ads may cause stockout.,PROTECT_INVENTORY,80,70
2026-09-26,UB-POUROVER-SINGLE,Pour-Over Kit,Equipment,Single,Image,1509.79,3.805,6.225698473047117,9399.497297621807,2625.988810953595,44,7,3.01,4,0.41,HIGH,3.103,9.009,1.972,12.5,CHECKOUT_CONVERSION,CRITICAL,CREATIVE_TO_CONVERSION_GAP,STABLE,PROFITABLE,INVENTORY_RISK,Inventory is very low and scaling ads may cause stockout.,PROTECT_INVENTORY,80,70
2026-09-27,UB-POUROVER-SINGLE,Pour-Over Kit,Equipment,Single,Influencer Video,1422.71,3.194,6.618553574894171,9416.282356537686,2720.4542368765815,44,5,2.26,0,0.0,CRITICAL,2.761,6.4,1.608,0.0,CHECKOUT_CONVERSION,NORMAL,CREATIVE_TO_CONVERSION_GAP,STABLE,PROFITABLE,INVENTORY_SHORTAGE,Stock is exhausted or expected to run out immediately.,PROTECT_INVENTORY,80,75
2026-09-28,UB-POUROVER-SINGLE,Pour-Over Kit,Equipment,Single,Image,1275.99,5.558,5.7082867914808455,7283.716863061644,1928.8454197471235,44,8,3.05,0,0.0,CRITICAL,3.055,8.71,2.439,0.0,CHECKOUT_CONVERSION,NORMAL,CREATIVE_TO_CONVERSION_GAP,STABLE,PROFITABLE,INVENTORY_SHORTAGE,Stock is exhausted or expected to run out immediately.,PROTECT_INVENTORY,80,75
2026-09-01,UB-POUROVER-DOUBLE,Pour-Over Kit,Equipment,Double,Image,1553.45,21.098,18.535960584869507,28794.687970565537,16011.309662044976,61,29,6.97,0,0.0,CRITICAL,6.626,8.341,2.28,5.0,CHECKOUT_CONVERSION,HIGH,CREATIVE_TO_CONVERSION_GAP,STABLE,HIGHLY_PROFITABLE,INVENTORY_SHORTAGE,Stock is exhausted or expected to run out immediately.,PROTECT_INVENTORY,90,90
2026-09-02,UB-POUROVER-DOUBLE,Pour-Over Kit,Equipment,Double,Influencer Video,1555.8,20.011,14.309491501513591,22262.706878054843,12024.451195613456,61,22,-1.12,0,0.0,CRITICAL,4.276,8.604,2.486,4.348,CHECKOUT_CONVERSION,MEDIUM,CREATIVE_TO_CONVERSION_GAP,STABLE,HIGHLY_PROFITABLE,INVENTORY_SHORTAGE,Stock is exhausted or expected to run out immediately.,PROTECT_INVENTORY,90,90
2026-09-03,UB-POUROVER-DOUBLE,Pour-Over Kit,Equipment,Double,Influencer Video,1538.46,12.816,16.14129788113483,24832.74113821069,13609.51209430852,61,14,10.65,0,0.0,CRITICAL,5.555,7.134,1.378,6.667,CHECKOUT_CONVERSION,HIGH,CREATIVE_TO_CONVERSION_GAP,STRONG_GROWTH,HIGHLY_PROFITABLE,INVENTORY_SHORTAGE,Stock is exhausted or expected to run out immediately.,PROTECT_INVENTORY,90,90
2026-09-04,UB-POUROVER-DOUBLE,Pour-Over Kit,Equipment,Double,Image,1471.88,15.164,22.307154615079366,32833.45473484302,18556.527388254242,61,19,8.16,0,0.0,CRITICAL,4.468,8.411,2.699,5.0,CHECKOUT_CONVERSION,HIGH,CREATIVE_TO_CONVERSION_GAP,STABLE,HIGHLY_PROFITABLE,INVENTORY_SHORTAGE,Stock is exhausted or expected to run out immediately.,PROTECT_INVENTORY,90,90
2026-09-05,UB-POUROVER-DOUBLE,Pour-Over Kit,Equipment,Double,Influencer Video,1231.09,23.574,15.039115666504058,18514.504905876478,10062.757992584651,61,26,13.23,0,0.0,CRITICAL,4.692,8.073,2.234,3.333,CHECKOUT_CONVERSION,MEDIUM,CREATIVE_TO_CONVERSION_GAP,STRONG_GROWTH,HIGHLY_PROFITABLE,INVENTORY_SHORTAGE,Stock is exhausted or expected to run out immediately.,PROTECT_INVENTORY,90,90
2026-09-06,UB-POUROVER-DOUBLE,Pour-Over Kit,Equipment,Double,Image,1506.53,12.431,21.243503940679716,32003.975991752213,18015.895354968852,61,16,-4.11,0,0.0,CRITICAL,3.94,7.033,2.092,6.25,CHECKOUT_CONVERSION,HIGH,CREATIVE_TO_CONVERSION_GAP,STABLE,HIGHLY_PROFITABLE,INVENTORY_SHORTAGE,Stock is exhausted or expected to run out immediately.,PROTECT_INVENTORY,90,90
2026-09-07,UB-POUROVER-DOUBLE,Pour-Over Kit,Equipment,Double,Influencer Video,1588.01,20.284,17.079689266414135,27122.717351958312,14956.847584694571,61,25,15.15,0,0.0,CRITICAL,4.383,8.401,2.599,6.061,CHECKOUT_CONVERSION,HIGH,CREATIVE_TO_CONVERSION_GAP,STRONG_GROWTH,HIGHLY_PROFITABLE,INVENTORY_SHORTAGE,Stock is exhausted or expected to run out immediately.,PROTECT_INVENTORY,90,90
2026-09-08,UB-POUROVER-DOUBLE,Pour-Over Kit,Equipment,Double,Carousel,1617.85,17.556,12.15990209679531,19672.897607300292,10382.617540453179,61,22,7.32,0,0.0,CRITICAL,6.551,7.159,1.893,4.348,CHECKOUT_CONVERSION,MEDIUM,CREATIVE_TO_CONVERSION_GAP,STABLE,HIGHLY_PROFITABLE,INVENTORY_SHORTAGE,Stock is exhausted or expected to run out immediately.,PROTECT_INVENTORY,90,90
2026-09-09,UB-POUROVER-DOUBLE,Pour-Over Kit,Equipment,Double,Video,1881.23,9.518,13.839996165540867,26036.215986500447,14000.861751765275,61,16,-4.74,0,0.0,CRITICAL,5.585,5.548,2.046,0.0,CHECKOUT_CONVERSION,NORMAL,CREATIVE_TO_CONVERSION_GAP,STABLE,HIGHLY_PROFITABLE,INVENTORY_SHORTAGE,Stock is exhausted or expected to run out immediately.,PROTECT_INVENTORY,90,90
2026-09-10,UB-POUROVER-DOUBLE,Pour-Over Kit,Equipment,Double,Carousel,1665.26,16.208,15.544410524259366,25885.48506962815,14124.88589247317,61,23,1.08,0,0.0,CRITICAL,5.314,6.363,2.136,11.538,CHECKOUT_CONVERSION,CRITICAL,CREATIVE_TO_CONVERSION_GAP,STABLE,HIGHLY_PROFITABLE,INVENTORY_SHORTAGE,Stock is exhausted or expected to run out immediately.,PROTECT_INVENTORY,90,90
2026-09-11,UB-POUROVER-DOUBLE,Pour-Over Kit,Equipment,Double,Video,1453.98,15.574,20.873802434615715,30350.091263882558,17059.57567096836,61,20,11.92,0,0.0,CRITICAL,5.611,10.866,1.84,8.824,CHECKOUT_CONVERSION,HIGH,CREATIVE_TO_CONVERSION_GAP,STRONG_GROWTH,HIGHLY_PROFITABLE,INVENTORY_SHORTAGE,Stock is exhausted or expected to run out immediately.,PROTECT_INVENTORY,90,90
2026-09-12,UB-POUROVER-DOUBLE,Pour-Over Kit,Equipment,Double,Carousel,1546.48,22.865,27.65956203449864,42774.95949511146,24546.24529201799,61,30,15.86,0,0.0,CRITICAL,4.165,6.129,2.092,3.333,CHECKOUT_CONVERSION,MEDIUM,CREATIVE_TO_CONVERSION_GAP,STRONG_GROWTH,HIGHLY_PROFITABLE,INVENTORY_SHORTAGE,Stock is exhausted or expected to run out immediately.,PROTECT_INVENTORY,90,90
2026-09-13,UB-POUROVER-DOUBLE,Pour-Over Kit,Equipment,Double,Video,1223.57,42.152,13.770708393248444,16849.425668727,9054.57965792347,61,41,-2.01,0,0.0,CRITICAL,5.707,8.078,2.791,6.122,CHECKOUT_CONVERSION,HIGH,CREATIVE_TO_CONVERSION_GAP,STABLE,HIGHLY_PROFITABLE,INVENTORY_SHORTAGE,Stock is exhausted or expected to run out immediately.,PROTECT_INVENTORY,90,90
2026-09-14,UB-POUROVER-DOUBLE,Pour-Over Kit,Equipment,Double,Video,1523.68,9.194,14.662182541828273,22340.474295332904,12104.009320153073,61,12,12.96,0,0.0,CRITICAL,4.371,6.48,2.08,0.0,CHECKOUT_CONVERSION,NORMAL,CREATIVE_TO_CONVERSION_GAP,STRONG_GROWTH,HIGHLY_PROFITABLE,INVENTORY_SHORTAGE,Stock is exhausted or expected to run out immediately.,PROTECT_INVENTORY,90,90
2026-09-15,UB-POUROVER-DOUBLE,Pour-Over Kit,Equipment,Double,Video,1404.36,17.537,17.814705243237665,25018.259455393247,13856.778267789881,61,21,11.14,125,4.41,MEDIUM,6.046,8.42,1.672,8.571,CHECKOUT_CONVERSION,HIGH,CREATIVE_TO_CONVERSION_GAP,STRONG_GROWTH,HIGHLY_PROFITABLE,PAYMENT_FRICTION,Elevated payment failures may be reducing completed orders.,FIX_PAYMENT,90,85
2026-09-16,UB-POUROVER-DOUBLE,Pour-Over Kit,Equipment,Double,Video,1467.6,18.561,15.010250153065751,22029.043124639295,11970.11630602997,61,18,9.27,100,5.15,MEDIUM,5.32,5.727,1.513,10.0,CHECKOUT_CONVERSION,CRITICAL,CREATIVE_TO_CONVERSION_GAP,STABLE,HIGHLY_PROFITABLE,PAYMENT_FAILURE,High payment failure rate is blocking completed purchases.,FIX_PAYMENT,90,85
2026-09-17,UB-POUROVER-DOUBLE,Pour-Over Kit,Equipment,Double,Influencer Video,1458.04,14.191,20.00796461666113,29172.412729676595,16337.131765102724,61,17,17.74,86,4.03,MEDIUM,4.936,7.364,2.029,0.0,CHECKOUT_CONVERSION,NORMAL,CREATIVE_TO_CONVERSION_GAP,STRONG_GROWTH,HIGHLY_PROFITABLE,FUNNEL_DROP_OFF,Users show purchase intent but conversion remains weak.,RETARGET,80,75
2026-09-18,UB-POUROVER-DOUBLE,Pour-Over Kit,Equipment,Double,Video,1767.93,21.124,18.695246903787243,33051.88785861258,18393.72159375367,61,31,11.19,57,1.55,HIGH,4.306,8.679,2.641,5.263,CHECKOUT_CONVERSION,HIGH,CREATIVE_TO_CONVERSION_GAP,STRONG_GROWTH,HIGHLY_PROFITABLE,INVENTORY_RISK,Inventory is very low and scaling ads may cause stockout.,PROTECT_INVENTORY,90,85
2026-09-19,UB-POUROVER-DOUBLE,Pour-Over Kit,Equipment,Double,Video,1663.7,19.685,15.444740017014059,25695.41396630629,14010.502519446836,61,28,-4.69,31,0.93,HIGH,4.661,6.884,2.703,3.448,CHECKOUT_CONVERSION,MEDIUM,CREATIVE_TO_CONVERSION_GAP,STABLE,HIGHLY_PROFITABLE,INVENTORY_RISK,Inventory is very low and scaling ads may cause stockout.,PROTECT_INVENTORY,90,85
2026-09-20,UB-POUROVER-DOUBLE,Pour-Over Kit,Equipment,Double,Carousel,1403.59,14.418,12.720856898330602,17854.86753392785,9487.879195695987,61,18,15.1,7,0.32,HIGH,5.417,5.125,1.554,0.0,CHECKOUT_CONVERSION,NORMAL,CREATIVE_TO_CONVERSION_GAP,STRONG_GROWTH,HIGHLY_PROFITABLE,INVENTORY_RISK,Inventory is very low and scaling ads may cause stockout.,PROTECT_INVENTORY,90,85
2026-09-21,UB-POUROVER-DOUBLE,Pour-Over Kit,Equipment,Double,Image,1732.75,7.192,11.130297433584326,19286.02287804324,10031.723955606376,61,11,-3.23,0,0.0,CRITICAL,4.78,5.285,1.89,0.0,CHECKOUT_CONVERSION,NORMAL,CREATIVE_TO_CONVERSION_GAP,STABLE,HIGHLY_PROFITABLE,INVENTORY_SHORTAGE,Stock is exhausted or expected to run out immediately.,PROTECT_INVENTORY,90,90
2026-09-22,UB-POUROVER-DOUBLE,Pour-Over Kit,Equipment,Double,Influencer Video,1860.18,10.625,13.08199296566537,24334.86167487141,12984.08562167156,61,17,4.67,0,0.0,CRITICAL,4.182,8.393,2.764,7.692,CHECKOUT_CONVERSION,HIGH,CREATIVE_TO_CONVERSION_GAP,STABLE,HIGHLY_PROFITABLE,INVENTORY_SHORTAGE,Stock is exhausted or expected to run out immediately.,PROTECT_INVENTORY,90,90
2026-09-23,UB-POUROVER-DOUBLE,Pour-Over Kit,Equipment,Double,Video,2027.02,10.806,13.830957699817697,28035.627876684466,15074.713004777524,61,19,2.68,0,0.0,CRITICAL,3.944,8.127,2.166,5.0,CHECKOUT_CONVERSION,HIGH,CREATIVE_TO_CONVERSION_GAP,STABLE,HIGHLY_PROFITABLE,INVENTORY_SHORTAGE,Stock is exhausted or expected to run out immediately.,PROTECT_INVENTORY,90,90
2026-09-24,UB-POUROVER-DOUBLE,Pour-Over Kit,Equipment,Double,Image,1251.8,28.874,18.325383008219454,22939.714449689112,12741.42581431036,61,22,8.9,0,0.0,CRITICAL,3.857,7.731,2.45,16.0,CHECKOUT_CONVERSION,CRITICAL,CREATIVE_TO_CONVERSION_GAP,STABLE,HIGHLY_PROFITABLE,INVENTORY_SHORTAGE,Stock is exhausted or expected to run out immediately.,PROTECT_INVENTORY,90,90
2026-09-25,UB-POUROVER-DOUBLE,Pour-Over Kit,Equipment,Double,Video,1986.86,18.469,14.96839637340182,29740.10801845714,16154.605891258856,61,21,7.92,0,0.0,CRITICAL,5.353,6.79,1.746,8.696,CHECKOUT_CONVERSION,HIGH,CREATIVE_TO_CONVERSION_GAP,STABLE,HIGHLY_PROFITABLE,INVENTORY_SHORTAGE,Stock is exhausted or expected to run out immediately.,PROTECT_INVENTORY,90,90
2026-09-26,UB-POUROVER-DOUBLE,Pour-Over Kit,Equipment,Double,Influencer Video,1725.48,11.93,16.85869703703704,29089.34456346667,16019.02018371467,61,17,3.04,0,0.0,CRITICAL,4.831,6.833,2.322,10.0,CHECKOUT_CONVERSION,CRITICAL,CREATIVE_TO_CONVERSION_GAP,STABLE,HIGHLY_PROFITABLE,INVENTORY_SHORTAGE,Stock is exhausted or expected to run out immediately.,PROTECT_INVENTORY,90,90
2026-09-27,UB-POUROVER-DOUBLE,Pour-Over Kit,Equipment,Double,Carousel,1701.18,13.243,14.90475619024824,25355.6731357265,13765.780612793167,61,20,3.89,0,0.0,CRITICAL,3.772,8.791,2.484,4.762,CHECKOUT_CONVERSION,MEDIUM,CREATIVE_TO_CONVERSION_GAP,STABLE,HIGHLY_PROFITABLE,INVENTORY_SHORTAGE,Stock is exhausted or expected to run out immediately.,PROTECT_INVENTORY,90,90
2026-09-28,UB-POUROVER-DOUBLE,Pour-Over Kit,Equipment,Double,Video,1628.52,18.88,15.452333561275346,25164.434251208124,13721.784893236956,61,23,6.1,0,0.0,CRITICAL,4.824,5.972,2.421,8.0,CHECKOUT_CONVERSION,HIGH,CREATIVE_TO_CONVERSION_GAP,STABLE,HIGHLY_PROFITABLE,INVENTORY_SHORTAGE,Stock is exhausted or expected to run out immediately.,PROTECT_INVENTORY,90,90
2026-09-01,UB-PRESS-350ML,French Press,Equipment,350 ml,Image,1105.88,4.686,6.3325470252963605,7003.0371043347395,574.8489050403373,24,17,4.76,1111,54.12,HEALTHY,2.813,12.821,3.981,0.0,NORMAL,NORMAL,NORMAL,STABLE,PROFITABLE,NORMAL_PERFORMANCE,No major negative signal detected.,MAINTAIN,50,60
2026-09-02,UB-PRESS-350ML,French Press,Equipment,350 ml,Image,999.34,7.457,4.75519666006912,4752.058230273475,141.1539752656339,24,17,7.12,1084,50.99,HEALTHY,3.226,12.784,3.736,5.0,NORMAL,HIGH,NORMAL,STABLE,PROFITABLE,PAYMENT_FRICTION,Elevated payment failures may be reducing completed orders.,FIX_PAYMENT,80,70
2026-09-03,UB-PRESS-350ML,French Press,Equipment,350 ml,Video,1410.92,2.94,2.957554680882182,4172.873050350288,-409.4304679159309,24,13,5.9,1058,65.51,HEALTHY,3.035,9.254,3.242,7.143,NORMAL,HIGH,NORMAL,STABLE,LOSS_RISK,PAYMENT_FRICTION,Elevated payment failures may be reducing completed orders.,FIX_PAYMENT,85,80
2026-09-04,UB-PRESS-350ML,French Press,Equipment,350 ml,Image,1172.87,1.089,4.540791869697444,5325.758560212041,105.31205445088972,24,4,7.85,1050,194.81,HEALTHY,3.565,8.824,3.101,0.0,NORMAL,NORMAL,NORMAL,STABLE,PROFITABLE,NORMAL_PERFORMANCE,No major negative signal detected.,DECREASE_BUDGET,75,60
2026-09-05,UB-PRESS-350ML,French Press,Equipment,350 ml,Image,1283.8,4.041,4.141719247348434,5317.139169745919,-7.686599260979165,24,13,-0.3,1029,64.31,HEALTHY,2.662,17.391,4.643,4.762,NORMAL,MEDIUM,NORMAL,STABLE,LOSS_RISK,PROFITABILITY_RISK,Predicted revenue does not generate positive advertising profit.,DECREASE_BUDGET,75,60
2026-09-06,UB-PRESS-350ML,French Press,Equipment,350 ml,Influencer Video,1208.22,3.862,5.365631146573796,6482.862863913392,347.66708733921405,24,9,-0.23,1013,105.63,HEALTHY,3.702,8.519,2.761,0.0,CHECKOUT_CONVERSION,NORMAL,CREATIVE_TO_CONVERSION_GAP,STABLE,PROFITABLE,FUNNEL_DROP_OFF,Users show purchase intent but conversion remains weak.,RETARGET,70,60
2026-09-07,UB-PRESS-350ML,French Press,Equipment,350 ml,Influencer Video,1245.16,6.001,5.03551531166253,6270.022245469716,259.64533891273186,24,24,1.02,966,33.97,HEALTHY,3.132,14.823,3.934,5.714,NORMAL,HIGH,NORMAL,STABLE,PROFITABLE,PAYMENT_FRICTION,Elevated payment failures may be reducing completed orders.,FIX_PAYMENT,80,70
2026-09-08,UB-PRESS-350ML,French Press,Equipment,350 ml,Image,1325.21,5.828,4.083316975851369,5411.2524895679935,-26.509402503681486,24,23,4.04,927,30.18,HEALTHY,3.535,12.791,4.021,2.941,NORMAL,MEDIUM,NORMAL,STABLE,LOSS_RISK,PROFITABILITY_RISK,Predicted revenue does not generate positive advertising profit.,DECREASE_BUDGET,75,60
2026-09-09,UB-PRESS-350ML,French Press,Equipment,350 ml,Video,1327.37,3.834,3.7289389179185046,4949.6816514774855,-139.44640364540328,24,16,1.03,901,44.49,HEALTHY,3.603,15.034,3.404,6.667,NORMAL,HIGH,NORMAL,STABLE,LOSS_RISK,PAYMENT_FRICTION,Elevated payment failures may be reducing completed orders.,FIX_PAYMENT,85,80
2026-09-10,UB-PRESS-350ML,French Press,Equipment,350 ml,Carousel,1417.88,3.509,3.086577728961711,4376.396830340232,-367.5447607183446,24,13,22.31,880,57.89,HEALTHY,3.403,10.511,3.266,0.0,NORMAL,NORMAL,NORMAL,STRONG_GROWTH,LOSS_RISK,PROFITABILITY_RISK,Predicted revenue does not generate positive advertising profit.,DECREASE_BUDGET,80,70
2026-09-11,UB-PRESS-350ML,French Press,Equipment,350 ml,Image,1352.93,2.111,3.828314807376729,5179.4419523441975,-109.8639314373927,24,9,5.99,862,75.42,HEALTHY,3.349,15.92,2.687,0.0,CHECKOUT_CONVERSION,NORMAL,CREATIVE_TO_CONVERSION_GAP,STABLE,LOSS_RISK,FUNNEL_DROP_OFF,Users show purchase intent but conversion remains weak.,RETARGET,75,70
2026-09-12,UB-PRESS-350ML,French Press,Equipment,350 ml,Video,1468.28,3.486,3.3547953832877813,4925.778965373784,-286.0930483102918,24,16,2.03,841,43.04,HEALTHY,3.027,11.307,3.433,0.0,NORMAL,NORMAL,NORMAL,STABLE,LOSS_RISK,PROFITABILITY_RISK,Predicted revenue does not generate positive advertising profit.,DECREASE_BUDGET,80,70
2026-09-13,UB-PRESS-350ML,French Press,Equipment,350 ml,Image,1424.47,2.377,4.546604902537468,6476.5022855175475,129.89054852421123,24,11,8.99,820,58.7,HEALTHY,2.811,10.791,3.216,8.333,NORMAL,HIGH,NORMAL,STABLE,PROFITABLE,PAYMENT_FRICTION,Elevated payment failures may be reducing completed orders.,FIX_PAYMENT,80,70
2026-09-14,UB-PRESS-350ML,French Press,Equipment,350 ml,Influencer Video,1327.67,5.021,3.6924968528114634,4902.417296572196,-151.08984882267282,24,17,12.69,794,44.28,HEALTHY,4.347,12.613,3.202,0.0,NORMAL,NORMAL,NORMAL,STRONG_GROWTH,LOSS_RISK,PROFITABILITY_RISK,Predicted revenue does not generate positive advertising profit.,DECREASE_BUDGET,80,70
2026-09-15,UB-PRESS-350ML,French Press,Equipment,350 ml,Video,1123.67,2.605,4.132812350402806,4643.917253777121,-9.12985909349095,24,9,7.2,778,77.03,HEALTHY,2.928,12.552,3.191,0.0,NORMAL,NORMAL,NORMAL,STABLE,LOSS_RISK,PROFITABILITY_RISK,Predicted revenue does not generate positive advertising profit.,DECREASE_BUDGET,75,60
2026-09-16,UB-PRESS-350ML,French Press,Equipment,350 ml,Video,1273.6,3.241,5.5811244412529515,7108.120088379758,432.3488212111422,24,11,10.26,762,54.31,HEALTHY,3.255,18.729,2.472,8.333,CHECKOUT_CONVERSION,HIGH,CREATIVE_TO_CONVERSION_GAP,STRONG_GROWTH,PROFITABLE,PAYMENT_FRICTION,Elevated payment failures may be reducing completed orders.,FIX_PAYMENT,80,70
2026-09-17,UB-PRESS-350ML,French Press,Equipment,350 ml,Image,1443.97,6.662,5.091977127881923,7352.66221334766,320.66893120343843,24,21,16.76,734,29.42,HEALTHY,3.242,14.645,4.605,0.0,NORMAL,NORMAL,NORMAL,STRONG_GROWTH,PROFITABLE,NORMAL_PERFORMANCE,No major negative signal detected.,MAINTAIN,50,60
2026-09-18,UB-PRESS-350ML,French Press,Equipment,350 ml,Image,1750.48,5.85,4.561437967767034,7984.705933816838,165.84942411604106,24,31,16.45,687,17.81,HEALTHY,3.758,15.994,3.969,0.0,NORMAL,NORMAL,NORMAL,STRONG_GROWTH,PROFITABLE,NORMAL_PERFORMANCE,No major negative signal detected.,DECREASE_BUDGET,75,60
2026-09-19,UB-PRESS-350ML,French Press,Equipment,350 ml,Image,1454.43,3.843,4.575949665113062,6655.3984714303915,142.86563314329396,24,17,4.07,1347,56.53,HEALTHY,2.931,19.703,4.038,3.846,NORMAL,MEDIUM,NORMAL,STABLE,PROFITABLE,NORMAL_PERFORMANCE,No major negative signal detected.,DECREASE_BUDGET,75,60
2026-09-20,UB-PRESS-350ML,French Press,Equipment,350 ml,Video,1277.6,4.251,5.091186329301465,6504.499654315551,283.47991703573234,24,17,-2.96,1317,65.69,HEALTHY,3.092,14.67,3.393,4.0,NORMAL,MEDIUM,NORMAL,STABLE,PROFITABLE,NORMAL_PERFORMANCE,No major negative signal detected.,MAINTAIN,50,60
2026-09-21,UB-PRESS-350ML,French Press,Equipment,350 ml,Image,1177.23,5.829,3.9698193284253134,4673.390408002132,-55.61630207948815,24,17,7.1,1294,61.71,HEALTHY,3.685,12.802,3.455,5.556,NORMAL,HIGH,NORMAL,STABLE,LOSS_RISK,PAYMENT_FRICTION,Elevated payment failures may be reducing completed orders.,FIX_PAYMENT,85,80
2026-09-22,UB-PRESS-350ML,French Press,Equipment,350 ml,Carousel,1174.05,3.418,4.740503408544112,5565.588026801214,161.6911264322914,24,13,4.9,1272,84.69,HEALTHY,3.724,17.028,2.814,5.263,CHECKOUT_CONVERSION,HIGH,CREATIVE_TO_CONVERSION_GAP,STABLE,PROFITABLE,PAYMENT_FRICTION,Elevated payment failures may be reducing completed orders.,FIX_PAYMENT,80,70
2026-09-23,UB-PRESS-350ML,French Press,Equipment,350 ml,Image,1296.67,4.042,4.115017290266041,5335.819469769268,-16.073327255375716,24,16,6.46,1243,67.63,HEALTHY,3.795,15.356,3.951,5.556,NORMAL,HIGH,NORMAL,STABLE,LOSS_RISK,PAYMENT_FRICTION,Elevated payment failures may be reducing completed orders.,FIX_PAYMENT,80,70
2026-09-24,UB-PRESS-350ML,French Press,Equipment,350 ml,Video,1133.99,3.328,5.1677865316121085,5860.218248982815,272.4623797558754,24,10,0.63,1222,101.58,HEALTHY,2.92,7.164,2.404,9.091,CHECKOUT_CONVERSION,HIGH,CREATIVE_TO_CONVERSION_GAP,STABLE,PROFITABLE,PAYMENT_FRICTION,Elevated payment failures may be reducing completed orders.,FIX_PAYMENT,80,70
2026-09-25,UB-PRESS-350ML,French Press,Equipment,350 ml,Image,1144.96,3.585,5.112110626432618,5853.16218284029,259.7989238816697,24,11,11.35,1205,102.55,HEALTHY,3.1,9.79,2.17,8.333,CHECKOUT_CONVERSION,HIGH,CREATIVE_TO_CONVERSION_GAP,STRONG_GROWTH,PROFITABLE,PAYMENT_FRICTION,Elevated payment failures may be reducing completed orders.,FIX_PAYMENT,80,70
2026-09-26,UB-PRESS-350ML,French Press,Equipment,350 ml,Influencer Video,1388.59,3.385,4.208376111427035,5843.708984566466,13.900156295951774,24,14,7.73,1182,84.07,HEALTHY,3.066,10.338,2.652,0.0,CHECKOUT_CONVERSION,NORMAL,CREATIVE_TO_CONVERSION_GAP,STABLE,PROFITABLE,FUNNEL_DROP_OFF,Users show purchase intent but conversion remains weak.,RETARGET,70,60
2026-09-27,UB-PRESS-350ML,French Press,Equipment,350 ml,Influencer Video,1328.03,2.478,4.222705605268521,5607.879724964754,17.86113399154101,24,10,3.28,1167,86.83,HEALTHY,3.348,16.822,2.604,0.0,CHECKOUT_CONVERSION,NORMAL,CREATIVE_TO_CONVERSION_GAP,STABLE,PROFITABLE,FUNNEL_DROP_OFF,Users show purchase intent but conversion remains weak.,RETARGET,70,60
2026-09-28,UB-PRESS-350ML,French Press,Equipment,350 ml,Carousel,1399.5,3.358,5.049193300725204,7066.346024364922,296.4230458475813,24,14,7.99,1140,67.86,HEALTHY,4.232,15.891,3.16,6.667,NORMAL,HIGH,NORMAL,STABLE,PROFITABLE,PAYMENT_FRICTION,Elevated payment failures may be reducing completed orders.,FIX_PAYMENT,80,70
2026-09-01,UB-PRESS-1L,French Press,Equipment,1 L,Video,2177.62,5.839,3.5346342244959716,7697.0901799469175,54.53615218460618,29,16,-0.02,910,48.17,HEALTHY,2.998,11.475,3.162,8.333,NORMAL,HIGH,NORMAL,STABLE,PROFITABLE,PAYMENT_FRICTION,Elevated payment failures may be reducing completed orders.,FIX_PAYMENT,85,80
2026-09-02,UB-PRESS-1L,French Press,Equipment,1 L,Carousel,1805.33,1.905,5.286922736985437,9544.640224761919,962.615665180957,29,4,4.39,621,135.0,HEALTHY,2.061,5.634,1.413,0.0,CHECKOUT_CONVERSION,NORMAL,NORMAL,STABLE,PROFITABLE,FUNNEL_DROP_OFF,Users show purchase intent but conversion remains weak.,RETARGET,70,60
2026-09-03,UB-PRESS-1L,French Press,Equipment,1 L,Image,2088.73,5.607,3.6142467964474836,7549.185711143752,100.53385623168788,29,16,-3.7,846,49.42,HEALTHY,2.14,12.017,2.925,4.545,CHECKOUT_CONVERSION,MEDIUM,NORMAL,STABLE,PROFITABLE,FUNNEL_DROP_OFF,Users show purchase intent but conversion remains weak.,RETARGET,75,70
2026-09-04,UB-PRESS-1L,French Press,Equipment,1 L,Image,2229.69,2.895,5.870374577803237,13089.1154923821,1566.1534927908087,29,9,1.86,691,70.3,HEALTHY,2.997,6.138,1.708,10.0,CHECKOUT_CONVERSION,CRITICAL,CREATIVE_TO_CONVERSION_GAP,STABLE,PROFITABLE,PAYMENT_FAILURE,High payment failure rate is blocking completed purchases.,FIX_PAYMENT,80,70
2026-09-05,UB-PRESS-1L,French Press,Equipment,1 L,Image,1430.79,7.205,4.136314594208991,5918.197558248282,285.48729189200185,29,11,8.9,728,58.71,HEALTHY,2.578,8.889,2.638,0.0,CHECKOUT_CONVERSION,NORMAL,CREATIVE_TO_CONVERSION_GAP,STABLE,PROFITABLE,FUNNEL_DROP_OFF,Users show purchase intent but conversion remains weak.,RETARGET,70,60
2026-09-06,UB-PRESS-1L,French Press,Equipment,1 L,Influencer Video,1920.24,3.204,4.093662433350982,7860.81435101789,359.39616179518794,29,7,15.18,650,72.46,HEALTHY,2.955,6.497,1.795,0.0,CHECKOUT_CONVERSION,NORMAL,CREATIVE_TO_CONVERSION_GAP,STRONG_GROWTH,PROFITABLE,FUNNEL_DROP_OFF,Users show purchase intent but conversion remains weak.,RETARGET,70,60
2026-09-07,UB-PRESS-1L,French Press,Equipment,1 L,Image,2141.42,2.641,4.968467955930693,10639.576650189105,944.0572285548405,29,7,7.85,623,75.98,HEALTHY,1.718,7.435,2.8,0.0,CHECKOUT_CONVERSION,NORMAL,NORMAL,STABLE,PROFITABLE,FUNNEL_DROP_OFF,Users show purchase intent but conversion remains weak.,RETARGET,70,60
2026-09-08,UB-PRESS-1L,French Press,Equipment,1 L,Influencer Video,1826.15,4.365,4.09590097978635,7479.729574236843,342.97157652868464,29,11,2.36,691,55.15,HEALTHY,2.872,10.312,2.644,8.333,CHECKOUT_CONVERSION,HIGH,CREATIVE_TO_CONVERSION_GAP,STABLE,PROFITABLE,PAYMENT_FRICTION,Elevated payment failures may be reducing completed orders.,FIX_PAYMENT,80,70
2026-09-09,UB-PRESS-1L,French Press,Equipment,1 L,Video,1805.25,3.344,4.396817538008266,7937.354860489422,496.5829095419326,29,8,0.92,635,61.89,HEALTHY,2.53,6.765,1.985,0.0,CHECKOUT_CONVERSION,NORMAL,CREATIVE_TO_CONVERSION_GAP,STABLE,PROFITABLE,FUNNEL_DROP_OFF,Users show purchase intent but conversion remains weak.,RETARGET,70,60
2026-09-10,UB-PRESS-1L,French Press,Equipment,1 L,Image,2332.74,3.757,4.722516853317027,11016.403964406762,862.0171496779612,29,12,8.16,717,46.92,HEALTHY,3.707,12.048,2.317,9.091,CHECKOUT_CONVERSION,HIGH,CREATIVE_TO_CONVERSION_GAP,STABLE,PROFITABLE,PAYMENT_FRICTION,Elevated payment failures may be reducing completed orders.,FIX_PAYMENT,80,70
2026-09-11,UB-PRESS-1L,French Press,Equipment,1 L,Video,2052.75,5.084,6.343114773371112,13020.82885103755,1723.2903668008894,29,14,1.19,713,44.34,HEALTHY,3.063,9.549,2.991,5.556,CHECKOUT_CONVERSION,HIGH,CREATIVE_TO_CONVERSION_GAP,STABLE,PROFITABLE,PAYMENT_FRICTION,Elevated payment failures may be reducing completed orders.,FIX_PAYMENT,80,70
2026-09-12,UB-PRESS-1L,French Press,Equipment,1 L,Video,1515.7,8.805,4.483741977778413,6796.007715718741,455.1422375584348,29,14,-4.09,699,43.02,HEALTHY,2.756,8.919,3.636,6.667,NORMAL,HIGH,NORMAL,STABLE,PROFITABLE,PAYMENT_FRICTION,Elevated payment failures may be reducing completed orders.,FIX_PAYMENT,80,70
2026-09-13,UB-PRESS-1L,French Press,Equipment,1 L,Influencer Video,2472.46,2.958,4.734580108418925,11706.059934861454,922.2973811098218,29,10,-1.52,619,48.25,HEALTHY,3.309,9.662,1.996,7.143,CHECKOUT_CONVERSION,HIGH,CREATIVE_TO_CONVERSION_GAP,STABLE,PROFITABLE,PAYMENT_FRICTION,Elevated payment failures may be reducing completed orders.,FIX_PAYMENT,80,70
2026-09-14,UB-PRESS-1L,French Press,Equipment,1 L,Video,2028.58,4.606,5.53393018913943,11226.020103084466,1226.965829894495,29,13,-1.89,671,41.14,HEALTHY,2.53,7.014,2.519,7.143,CHECKOUT_CONVERSION,HIGH,CREATIVE_TO_CONVERSION_GAP,STABLE,PROFITABLE,PAYMENT_FRICTION,Elevated payment failures may be reducing completed orders.,FIX_PAYMENT,80,70
2026-09-15,UB-PRESS-1L,French Press,Equipment,1 L,Video,1702.95,7.123,3.610871284709437,6149.133254295935,80.29864374582121,29,17,12.5,706,36.41,HEALTHY,3.923,11.574,2.872,4.762,CHECKOUT_CONVERSION,MEDIUM,CREATIVE_TO_CONVERSION_GAP,STRONG_GROWTH,PROFITABLE,FUNNEL_DROP_OFF,Users show purchase intent but conversion remains weak.,RETARGET,75,70
2026-09-16,UB-PRESS-1L,French Press,Equipment,1 L,Influencer Video,1956.47,2.594,4.849139035032717,9487.19504787046,794.8165638824337,29,7,11.77,488,56.09,HEALTHY,2.958,3.855,1.496,0.0,NORMAL,NORMAL,CREATIVE_TO_CONVERSION_GAP,STRONG_GROWTH,PROFITABLE,CREATIVE_CONVERSION_GAP,Ads attract clicks but those clicks are not converting.,CHANGE_CREATIVE,70,60
2026-09-17,UB-PRESS-1L,French Press,Equipment,1 L,Image,1629.46,4.605,4.10406283237703,6687.406222845076,309.8878046250718,29,10,5.0,540,44.37,HEALTHY,2.326,7.283,2.283,10.0,CHECKOUT_CONVERSION,CRITICAL,NORMAL,STABLE,PROFITABLE,PAYMENT_FAILURE,High payment failure rate is blocking completed purchases.,FIX_PAYMENT,80,70
2026-09-18,UB-PRESS-1L,French Press,Equipment,1 L,Image,2062.13,2.768,4.987183377359468,10284.22045795428,920.2939328067409,29,8,3.03,498,46.94,HEALTHY,2.611,8.099,2.241,0.0,CHECKOUT_CONVERSION,NORMAL,CREATIVE_TO_CONVERSION_GAP,STABLE,PROFITABLE,FUNNEL_DROP_OFF,Users show purchase intent but conversion remains weak.,RETARGET,70,60
2026-09-19,UB-PRESS-1L,French Press,Equipment,1 L,Video,1691.07,5.848,5.631261748251962,9522.857804616446,1070.5587633387693,29,10,17.75,501,44.06,HEALTHY,2.794,10.943,2.342,0.0,CHECKOUT_CONVERSION,NORMAL,CREATIVE_TO_CONVERSION_GAP,STRONG_GROWTH,PROFITABLE,FUNNEL_DROP_OFF,Users show purchase intent but conversion remains weak.,RETARGET,70,60
2026-09-20,UB-PRESS-1L,French Press,Equipment,1 L,Influencer Video,2045.6,6.263,4.032785105547344,8249.465211907645,346.74491145321736,29,12,-3.69,571,36.49,HEALTHY,2.812,9.677,2.429,0.0,CHECKOUT_CONVERSION,NORMAL,CREATIVE_TO_CONVERSION_GAP,STABLE,PROFITABLE,FUNNEL_DROP_OFF,Users show purchase intent but conversion remains weak.,RETARGET,70,60
2026-09-21,UB-PRESS-1L,French Press,Equipment,1 L,Video,2169.15,3.026,4.342863191465721,9420.32169176787,562.7432906126819,29,7,1.82,427,48.36,HEALTHY,2.506,10.36,2.341,0.0,CHECKOUT_CONVERSION,NORMAL,CREATIVE_TO_CONVERSION_GAP,STABLE,PROFITABLE,FUNNEL_DROP_OFF,Users show purchase intent but conversion remains weak.,RETARGET,70,60
2026-09-22,UB-PRESS-1L,French Press,Equipment,1 L,Influencer Video,1584.08,3.999,5.617384008692613,8898.385660489794,996.4518415420403,29,7,-2.49,398,50.57,HEALTHY,2.819,4.733,1.426,12.5,NORMAL,CRITICAL,CREATIVE_TO_CONVERSION_GAP,STABLE,PROFITABLE,PAYMENT_FAILURE,High payment failure rate is blocking completed purchases.,FIX_PAYMENT,80,70
2026-09-23,UB-PRESS-1L,French Press,Equipment,1 L,Video,2254.88,4.112,4.6094095362801895,10393.665375167475,759.282958798568,29,11,2.28,517,35.61,HEALTHY,2.633,6.954,2.268,0.0,CHECKOUT_CONVERSION,NORMAL,CREATIVE_TO_CONVERSION_GAP,STABLE,PROFITABLE,FUNNEL_DROP_OFF,Users show purchase intent but conversion remains weak.,RETARGET,70,60
2026-09-24,UB-PRESS-1L,French Press,Equipment,1 L,Video,2413.4,3.509,4.965999189872248,11984.942444837683,1062.2333090029279,29,11,-1.2,500,34.79,HEALTHY,2.874,6.173,2.015,0.0,CHECKOUT_CONVERSION,NORMAL,CREATIVE_TO_CONVERSION_GAP,STABLE,PROFITABLE,FUNNEL_DROP_OFF,Users show purchase intent but conversion remains weak.,RETARGET,70,60
2026-09-25,UB-PRESS-1L,French Press,Equipment,1 L,Image,1913.83,3.279,4.876259229178272,9332.331200578252,792.5460481676932,29,6,-3.81,729,110.96,HEALTHY,2.578,4.834,1.348,0.0,NORMAL,NORMAL,CREATIVE_TO_CONVERSION_GAP,STABLE,PROFITABLE,CREATIVE_CONVERSION_GAP,Ads attract clicks but those clicks are not converting.,CHANGE_CREATIVE,70,60
2026-09-26,UB-PRESS-1L,French Press,Equipment,1 L,Influencer Video,1347.82,4.836,4.516371550779474,6087.25590357159,417.4842120357612,29,9,5.76,837,66.01,HEALTHY,2.107,6.509,2.332,0.0,CHECKOUT_CONVERSION,NORMAL,NORMAL,STABLE,PROFITABLE,FUNNEL_DROP_OFF,Users show purchase intent but conversion remains weak.,RETARGET,70,60
2026-09-27,UB-PRESS-1L,French Press,Equipment,1 L,Video,1739.8,4.92,4.8096371655601615,8367.806740641568,686.863954786055,29,11,-8.74,816,66.78,HEALTHY,3.041,9.581,2.902,7.143,CHECKOUT_CONVERSION,HIGH,CREATIVE_TO_CONVERSION_GAP,STABLE,PROFITABLE,PAYMENT_FRICTION,Elevated payment failures may be reducing completed orders.,FIX_PAYMENT,80,70
2026-09-28,UB-PRESS-1L,French Press,Equipment,1 L,Video,1206.78,8.82,7.88015468422291,9509.613069826524,1551.007790249692,29,12,-3.5,828,60.93,HEALTHY,2.826,7.902,2.186,0.0,CHECKOUT_CONVERSION,NORMAL,CREATIVE_TO_CONVERSION_GAP,STABLE,PROFITABLE,FUNNEL_DROP_OFF,Users show purchase intent but conversion remains weak.,RETARGET,70,60
2026-09-01,UB-MUG-SETOF2,Ceramic Mug Set,Gifts,Set of 2,Image,2397.59,10.67,11.82090351759864,28341.680064759326,9222.498826551324,41,29,7.29,50,1.4,HIGH,3.554,8.057,2.69,2.703,CHECKOUT_CONVERSION,MEDIUM,CREATIVE_TO_CONVERSION_GAP,STABLE,HIGHLY_PROFITABLE,INVENTORY_RISK,Inventory is very low and scaling ads may cause stockout.,PROTECT_INVENTORY,90,85
2026-09-02,UB-MUG-SETOF2,Ceramic Mug Set,Gifts,Set of 2,Image,1898.67,13.579,8.231877561050062,15629.618968838922,4509.473777223958,41,32,12.85,21,0.49,HIGH,3.029,7.469,2.917,2.564,CHECKOUT_CONVERSION,MEDIUM,CREATIVE_TO_CONVERSION_GAP,STRONG_GROWTH,HIGHLY_PROFITABLE,INVENTORY_RISK,Inventory is very low and scaling ads may cause stockout.,PROTECT_INVENTORY,80,85
2026-09-03,UB-MUG-SETOF2,Ceramic Mug Set,Gifts,Set of 2,Influencer Video,2397.24,7.213,8.425446570489678,20197.817536640672,5883.865190022676,41,27,11.64,0,0.0,CRITICAL,4.53,8.375,1.773,0.0,CHECKOUT_CONVERSION,NORMAL,CREATIVE_TO_CONVERSION_GAP,STRONG_GROWTH,HIGHLY_PROFITABLE,INVENTORY_SHORTAGE,Stock is exhausted or expected to run out immediately.,PROTECT_INVENTORY,80,90
2026-09-04,UB-MUG-SETOF2,Ceramic Mug Set,Gifts,Set of 2,Video,1781.94,9.143,9.094128140265706,16205.190698265073,4862.18818628868,41,27,5.7,0,0.0,CRITICAL,6.551,7.518,2.574,2.941,CHECKOUT_CONVERSION,MEDIUM,CREATIVE_TO_CONVERSION_GAP,STABLE,HIGHLY_PROFITABLE,INVENTORY_SHORTAGE,Stock is exhausted or expected to run out immediately.,PROTECT_INVENTORY,80,90
2026-09-05,UB-MUG-SETOF2,Ceramic Mug Set,Gifts,Set of 2,Video,1926.68,9.191,7.504491668133718,14458.754007159872,4001.4091429355467,41,28,6.11,0,0.0,CRITICAL,3.968,11.88,2.697,7.895,CHECKOUT_CONVERSION,HIGH,CREATIVE_TO_CONVERSION_GAP,STABLE,PROFITABLE,INVENTORY_SHORTAGE,Stock is exhausted or expected to run out immediately.,PROTECT_INVENTORY,80,75
2026-09-06,UB-MUG-SETOF2,Ceramic Mug Set,Gifts,Set of 2,Video,2836.21,6.6,8.591000840485995,24365.882493794783,7153.801822455861,41,25,-3.03,0,0.0,CRITICAL,5.136,7.514,1.933,0.0,CHECKOUT_CONVERSION,NORMAL,CREATIVE_TO_CONVERSION_GAP,STABLE,HIGHLY_PROFITABLE,INVENTORY_SHORTAGE,Stock is exhausted or expected to run out immediately.,PROTECT_INVENTORY,80,90
2026-09-07,UB-MUG-SETOF2,Ceramic Mug Set,Gifts,Set of 2,Image,2004.04,9.087,9.184007871375886,18405.11913455213,5542.058845166373,41,29,10.73,0,0.0,CRITICAL,6.142,9.475,1.939,2.778,CHECKOUT_CONVERSION,MEDIUM,CREATIVE_TO_CONVERSION_GAP,STRONG_GROWTH,HIGHLY_PROFITABLE,INVENTORY_SHORTAGE,Stock is exhausted or expected to run out immediately.,PROTECT_INVENTORY,80,90
2026-09-08,UB-MUG-SETOF2,Ceramic Mug Set,Gifts,Set of 2,Carousel,1777.43,9.584,8.127327048171809,14445.754915232019,4145.329515245127,41,28,12.05,0,0.0,CRITICAL,4.735,6.68,1.9,3.448,CHECKOUT_CONVERSION,MEDIUM,CREATIVE_TO_CONVERSION_GAP,STRONG_GROWTH,HIGHLY_PROFITABLE,INVENTORY_SHORTAGE,Stock is exhausted or expected to run out immediately.,PROTECT_INVENTORY,80,90
2026-09-09,UB-MUG-SETOF2,Ceramic Mug Set,Gifts,Set of 2,Video,2480.01,7.725,8.294217234539907,20569.74168383132,5953.584090370841,41,31,10.0,0,0.0,CRITICAL,5.118,7.51,2.291,8.824,CHECKOUT_CONVERSION,HIGH,CREATIVE_TO_CONVERSION_GAP,STRONG_GROWTH,HIGHLY_PROFITABLE,INVENTORY_SHORTAGE,Stock is exhausted or expected to run out immediately.,PROTECT_INVENTORY,80,90
2026-09-10,UB-MUG-SETOF2,Ceramic Mug Set,Gifts,Set of 2,Video,2427.1,8.489,7.866033353700704,19091.64955276698,5400.476316634462,41,32,13.73,0,0.0,CRITICAL,4.915,10.054,2.181,3.03,CHECKOUT_CONVERSION,MEDIUM,CREATIVE_TO_CONVERSION_GAP,STRONG_GROWTH,PROFITABLE,INVENTORY_SHORTAGE,Stock is exhausted or expected to run out immediately.,PROTECT_INVENTORY,80,75
2026-09-11,UB-MUG-SETOF2,Ceramic Mug Set,Gifts,Set of 2,Video,2155.58,7.382,9.018507481319693,19440.114356583104,5814.866886199073,41,25,2.16,0,0.0,CRITICAL,4.492,9.236,2.778,8.571,CHECKOUT_CONVERSION,HIGH,CREATIVE_TO_CONVERSION_GAP,STABLE,HIGHLY_PROFITABLE,INVENTORY_SHORTAGE,Stock is exhausted or expected to run out immediately.,PROTECT_INVENTORY,80,90
2026-09-12,UB-MUG-SETOF2,Ceramic Mug Set,Gifts,Set of 2,Video,2268.21,9.967,11.668181962424507,26465.887008990892,8582.803673686267,41,36,8.63,0,0.0,CRITICAL,4.357,7.932,2.81,5.556,CHECKOUT_CONVERSION,HIGH,CREATIVE_TO_CONVERSION_GAP,STABLE,HIGHLY_PROFITABLE,INVENTORY_SHORTAGE,Stock is exhausted or expected to run out immediately.,PROTECT_INVENTORY,90,90
2026-09-13,UB-MUG-SETOF2,Ceramic Mug Set,Gifts,Set of 2,Image,2107.22,13.445,9.165861752666004,19314.487202452856,5811.719753005671,41,35,7.21,0,0.0,CRITICAL,7.189,10.057,2.522,8.108,CHECKOUT_CONVERSION,HIGH,CREATIVE_TO_CONVERSION_GAP,STABLE,HIGHLY_PROFITABLE,INVENTORY_SHORTAGE,Stock is exhausted or expected to run out immediately.,PROTECT_INVENTORY,80,90
2026-09-14,UB-MUG-SETOF2,Ceramic Mug Set,Gifts,Set of 2,Carousel,2210.02,7.926,10.273981291668301,22705.704134212778,7099.318695027239,41,16,21.47,0,0.0,CRITICAL,5.372,7.282,1.5,5.882,CHECKOUT_CONVERSION,HIGH,CREATIVE_TO_CONVERSION_GAP,STRONG_GROWTH,HIGHLY_PROFITABLE,INVENTORY_SHORTAGE,Stock is exhausted or expected to run out immediately.,PROTECT_INVENTORY,90,90
2026-09-15,UB-MUG-SETOF2,Ceramic Mug Set,Gifts,Set of 2,Carousel,2498.81,10.677,7.611420300725105,19019.4931616549,5299.182196278509,41,35,16.7,0,0.0,CRITICAL,6.094,10.243,2.495,7.143,CHECKOUT_CONVERSION,HIGH,CREATIVE_TO_CONVERSION_GAP,STRONG_GROWTH,PROFITABLE,INVENTORY_SHORTAGE,Stock is exhausted or expected to run out immediately.,PROTECT_INVENTORY,80,75
2026-09-16,UB-MUG-SETOF2,Ceramic Mug Set,Gifts,Set of 2,Video,2146.18,4.493,9.887043949329017,21219.37598317095,6553.764153100088,41,16,10.79,0,0.0,CRITICAL,5.263,6.031,1.798,5.882,CHECKOUT_CONVERSION,HIGH,CREATIVE_TO_CONVERSION_GAP,STRONG_GROWTH,HIGHLY_PROFITABLE,INVENTORY_SHORTAGE,Stock is exhausted or expected to run out immediately.,PROTECT_INVENTORY,80,90
2026-09-17,UB-MUG-SETOF2,Ceramic Mug Set,Gifts,Set of 2,Image,2288.09,11.221,13.05114187169312,29862.187205202314,9955.40675413295,41,33,10.5,0,0.0,CRITICAL,4.196,7.685,2.367,8.333,CHECKOUT_CONVERSION,HIGH,CREATIVE_TO_CONVERSION_GAP,STRONG_GROWTH,HIGHLY_PROFITABLE,INVENTORY_SHORTAGE,Stock is exhausted or expected to run out immediately.,PROTECT_INVENTORY,90,90
2026-09-18,UB-MUG-SETOF2,Ceramic Mug Set,Gifts,Set of 2,Video,1782.73,17.177,7.774503573633151,13859.840755823026,3899.804709887441,41,40,12.13,0,0.0,CRITICAL,5.283,9.497,2.764,6.818,CHECKOUT_CONVERSION,HIGH,CREATIVE_TO_CONVERSION_GAP,STRONG_GROWTH,PROFITABLE,INVENTORY_SHORTAGE,Stock is exhausted or expected to run out immediately.,PROTECT_INVENTORY,80,75
2026-09-19,UB-MUG-SETOF2,Ceramic Mug Set,Gifts,Set of 2,Video,3124.33,5.767,7.230455890075364,22590.330251039162,6137.705402926056,41,29,15.4,0,0.0,CRITICAL,5.151,11.823,2.153,3.226,CHECKOUT_CONVERSION,MEDIUM,CREATIVE_TO_CONVERSION_GAP,STRONG_GROWTH,PROFITABLE,INVENTORY_SHORTAGE,Stock is exhausted or expected to run out immediately.,PROTECT_INVENTORY,80,75
2026-09-20,UB-MUG-SETOF2,Ceramic Mug Set,Gifts,Set of 2,Influencer Video,1666.84,7.496,11.764345483529727,19609.28162576669,6372.965466564343,41,20,-0.21,253,9.61,LOW,3.438,8.967,2.681,0.0,CHECKOUT_CONVERSION,NORMAL,CREATIVE_TO_CONVERSION_GAP,STABLE,HIGHLY_PROFITABLE,FUNNEL_DROP_OFF,Users show purchase intent but conversion remains weak.,RETARGET,80,75
2026-09-21,UB-MUG-SETOF2,Ceramic Mug Set,Gifts,Set of 2,Influencer Video,1926.54,14.899,6.192209142515986,11929.538601422746,2964.5708265833264,41,39,1.88,224,4.01,MEDIUM,3.904,8.38,3.539,2.439,NORMAL,MEDIUM,NORMAL,STABLE,PROFITABLE,NORMAL_PERFORMANCE,No major negative signal detected.,MAINTAIN,50,60
2026-09-22,UB-MUG-SETOF2,Ceramic Mug Set,Gifts,Set of 2,Influencer Video,2152.98,2.831,8.592992999082439,18500.542067164508,5432.242247537448,41,10,3.4,211,16.33,HEALTHY,4.612,8.163,1.808,0.0,CHECKOUT_CONVERSION,NORMAL,CREATIVE_TO_CONVERSION_GAP,STABLE,HIGHLY_PROFITABLE,FUNNEL_DROP_OFF,Users show purchase intent but conversion remains weak.,RETARGET,70,75
2026-09-23,UB-MUG-SETOF2,Ceramic Mug Set,Gifts,Set of 2,Image,2269.64,10.286,9.804826844608774,22253.427199597856,6854.265151835121,41,38,2.0,176,3.53,MEDIUM,5.113,9.689,3.167,6.383,NORMAL,HIGH,NORMAL,STABLE,HIGHLY_PROFITABLE,PAYMENT_FRICTION,Elevated payment failures may be reducing completed orders.,FIX_PAYMENT,80,85
2026-09-24,UB-MUG-SETOF2,Ceramic Mug Set,Gifts,Set of 2,Video,2355.4,8.255,9.510960299234444,22402.11588881681,6829.467514414893,41,25,-0.19,152,4.79,MEDIUM,5.783,9.115,2.372,3.846,CHECKOUT_CONVERSION,MEDIUM,CREATIVE_TO_CONVERSION_GAP,STABLE,HIGHLY_PROFITABLE,FUNNEL_DROP_OFF,Users show purchase intent but conversion remains weak.,RETARGET,70,75
2026-09-25,UB-MUG-SETOF2,Ceramic Mug Set,Gifts,Set of 2,Video,2152.0,7.462,8.617041067551511,18543.87237737085,5450.987674722049,41,20,16.07,130,5.21,MEDIUM,4.289,5.778,1.99,12.5,CHECKOUT_CONVERSION,CRITICAL,CREATIVE_TO_CONVERSION_GAP,STRONG_GROWTH,HIGHLY_PROFITABLE,PAYMENT_FAILURE,High payment failure rate is blocking completed purchases.,FIX_PAYMENT,80,85
2026-09-26,UB-MUG-SETOF2,Ceramic Mug Set,Gifts,Set of 2,Influencer Video,2841.88,4.235,8.421367756044122,23932.51659854667,6970.4518054041355,41,20,7.69,113,4.52,MEDIUM,4.69,9.618,2.262,10.0,CHECKOUT_CONVERSION,CRITICAL,CREATIVE_TO_CONVERSION_GAP,STABLE,HIGHLY_PROFITABLE,PAYMENT_FAILURE,High payment failure rate is blocking completed purchases.,FIX_PAYMENT,80,85
2026-09-27,UB-MUG-SETOF2,Ceramic Mug Set,Gifts,Set of 2,Image,2141.67,5.136,8.837387402936166,18926.7674792463,5618.304666490983,41,14,-9.7,98,5.69,MEDIUM,4.292,6.604,1.703,6.667,CHECKOUT_CONVERSION,HIGH,CREATIVE_TO_CONVERSION_GAP,STABLE,HIGHLY_PROFITABLE,PAYMENT_FRICTION,Elevated payment failures may be reducing completed orders.,FIX_PAYMENT,80,85
2026-09-28,UB-MUG-SETOF2,Ceramic Mug Set,Gifts,Set of 2,Image,2108.43,10.325,9.56405191072321,20165.133970126135,6159.274927751714,41,27,-1.93,69,1.93,HIGH,5.702,10.337,2.457,2.564,CHECKOUT_CONVERSION,MEDIUM,CREATIVE_TO_CONVERSION_GAP,STABLE,HIGHLY_PROFITABLE,INVENTORY_RISK,Inventory is very low and scaling ads may cause stockout.,PROTECT_INVENTORY,80,85
2026-09-01,UB-MUG-SETOF4,Ceramic Mug Set,Gifts,Set of 4,Video,2071.35,8.547,6.293553617195409,13036.152284977708,3534.195482540415,43,25,-1.01,77,2.46,HIGH,3.811,9.107,2.372,11.111,CHECKOUT_CONVERSION,CRITICAL,CREATIVE_TO_CONVERSION_GAP,STABLE,PROFITABLE,INVENTORY_RISK,Inventory is very low and scaling ads may cause stockout.,PROTECT_INVENTORY,80,70
2026-09-02,UB-MUG-SETOF4,Ceramic Mug Set,Gifts,Set of 4,Carousel,2598.64,5.449,6.497045937565388,16883.48345519492,4661.257885733816,43,20,4.65,60,2.35,HIGH,4.18,6.471,2.07,0.0,CHECKOUT_CONVERSION,NORMAL,CREATIVE_TO_CONVERSION_GAP,STABLE,PROFITABLE,INVENTORY_RISK,Inventory is very low and scaling ads may cause stockout.,PROTECT_INVENTORY,80,70
2026-09-03,UB-MUG-SETOF4,Ceramic Mug Set,Gifts,Set of 4,Image,1950.62,7.047,5.826822780918061,11365.917052914387,2936.724332753187,43,21,9.56,44,1.64,HIGH,4.113,7.741,2.448,0.0,CHECKOUT_CONVERSION,NORMAL,CREATIVE_TO_CONVERSION_GAP,STABLE,PROFITABLE,INVENTORY_RISK,Inventory is very low and scaling ads may cause stockout.,PROTECT_INVENTORY,80,70
2026-09-04,UB-MUG-SETOF4,Ceramic Mug Set,Gifts,Set of 4,Video,2234.3,5.11,6.028904319186281,13470.380920357908,3557.9637957539,43,22,5.98,28,0.93,HIGH,2.991,9.919,2.588,4.348,CHECKOUT_CONVERSION,MEDIUM,CREATIVE_TO_CONVERSION_GAP,STABLE,PROFITABLE,INVENTORY_RISK,Inventory is very low and scaling ads may cause stockout.,PROTECT_INVENTORY,80,70
2026-09-05,UB-MUG-SETOF4,Ceramic Mug Set,Gifts,Set of 4,Video,2158.01,6.427,6.796134176694043,14666.125514647512,4148.42397129843,43,19,2.63,9,0.36,HIGH,3.764,6.41,1.507,0.0,CHECKOUT_CONVERSION,NORMAL,CREATIVE_TO_CONVERSION_GAP,STABLE,PROFITABLE,INVENTORY_RISK,Inventory is very low and scaling ads may cause stockout.,PROTECT_INVENTORY,80,70
2026-09-06,UB-MUG-SETOF4,Ceramic Mug Set,Gifts,Set of 4,Image,1876.83,7.664,5.978343203542173,11220.333874704056,2947.9135661227447,43,28,7.48,0,0.0,CRITICAL,4.168,8.447,2.564,0.0,CHECKOUT_CONVERSION,NORMAL,CREATIVE_TO_CONVERSION_GAP,STABLE,PROFITABLE,INVENTORY_SHORTAGE,Stock is exhausted or expected to run out immediately.,PROTECT_INVENTORY,80,75
2026-09-07,UB-MUG-SETOF4,Ceramic Mug Set,Gifts,Set of 4,Influencer Video,2223.99,4.261,7.5055966646590395,16692.371926235057,4953.7299282810745,43,14,8.07,0,0.0,CRITICAL,3.422,6.435,1.677,0.0,CHECKOUT_CONVERSION,NORMAL,CREATIVE_TO_CONVERSION_GAP,STABLE,PROFITABLE,INVENTORY_SHORTAGE,Stock is exhausted or expected to run out immediately.,PROTECT_INVENTORY,80,75
2026-09-08,UB-MUG-SETOF4,Ceramic Mug Set,Gifts,Set of 4,Image,1844.92,8.922,7.73261151042677,14266.049627816556,4289.481339961119,43,32,-8.76,0,0.0,CRITICAL,4.531,10.467,2.855,8.571,CHECKOUT_CONVERSION,HIGH,CREATIVE_TO_CONVERSION_GAP,STABLE,PROFITABLE,INVENTORY_SHORTAGE,Stock is exhausted or expected to run out immediately.,PROTECT_INVENTORY,80,75
2026-09-09,UB-MUG-SETOF4,Ceramic Mug Set,Gifts,Set of 4,Video,1957.99,7.998,6.500216033774808,12727.357991970735,3514.7739365474163,43,26,5.89,0,0.0,CRITICAL,2.904,11.273,3.807,3.571,NORMAL,MEDIUM,NORMAL,STABLE,PROFITABLE,INVENTORY_SHORTAGE,Stock is exhausted or expected to run out immediately.,PROTECT_INVENTORY,80,75
2026-09-10,UB-MUG-SETOF4,Ceramic Mug Set,Gifts,Set of 4,Influencer Video,2054.98,6.248,6.494292034741372,13345.640245552826,3683.645305587716,43,23,7.42,0,0.0,CRITICAL,5.075,8.307,2.662,4.167,CHECKOUT_CONVERSION,MEDIUM,CREATIVE_TO_CONVERSION_GAP,STABLE,PROFITABLE,INVENTORY_SHORTAGE,Stock is exhausted or expected to run out immediately.,PROTECT_INVENTORY,80,75
2026-09-11,UB-MUG-SETOF4,Ceramic Mug Set,Gifts,Set of 4,Video,2547.54,6.21,4.231350078970831,10779.53358018135,2087.6594394779813,43,27,15.35,0,0.0,CRITICAL,3.786,7.115,1.86,3.571,CHECKOUT_CONVERSION,MEDIUM,CREATIVE_TO_CONVERSION_GAP,STRONG_GROWTH,PROFITABLE,INVENTORY_SHORTAGE,Stock is exhausted or expected to run out immediately.,PROTECT_INVENTORY,80,75
2026-09-12,UB-MUG-SETOF4,Ceramic Mug Set,Gifts,Set of 4,Influencer Video,2692.07,3.014,5.153864663791558,13874.564445453341,3273.992711544937,43,15,6.26,0,0.0,CRITICAL,2.968,7.906,2.131,0.0,CHECKOUT_CONVERSION,NORMAL,CREATIVE_TO_CONVERSION_GAP,STABLE,PROFITABLE,INVENTORY_SHORTAGE,Stock is exhausted or expected to run out immediately.,PROTECT_INVENTORY,80,75
2026-09-13,UB-MUG-SETOF4,Ceramic Mug Set,Gifts,Set of 4,Influencer Video,2292.46,3.81,5.708495412564521,13086.497393487663,3334.7338791996954,43,15,5.45,0,0.0,CRITICAL,3.16,9.705,2.451,0.0,CHECKOUT_CONVERSION,NORMAL,CREATIVE_TO_CONVERSION_GAP,STABLE,PROFITABLE,INVENTORY_SHORTAGE,Stock is exhausted or expected to run out immediately.,PROTECT_INVENTORY,80,75
2026-09-14,UB-MUG-SETOF4,Ceramic Mug Set,Gifts,Set of 4,Influencer Video,2479.15,5.651,7.003976811105725,17363.909111252757,4987.330917838684,43,26,1.87,0,0.0,CRITICAL,3.446,8.308,1.986,10.714,CHECKOUT_CONVERSION,CRITICAL,CREATIVE_TO_CONVERSION_GAP,STABLE,PROFITABLE,INVENTORY_SHORTAGE,Stock is exhausted or expected to run out immediately.,PROTECT_INVENTORY,80,75
2026-09-15,UB-MUG-SETOF4,Ceramic Mug Set,Gifts,Set of 4,Influencer Video,2468.26,8.837,7.363140990879024,18174.14638214706,5346.622944323236,43,40,8.25,0,0.0,CRITICAL,2.785,11.646,5.277,9.302,HEALTHY_CONVERSION,HIGH,NORMAL,STABLE,PROFITABLE,INVENTORY_SHORTAGE,Stock is exhausted or expected to run out immediately.,PROTECT_INVENTORY,80,75
2026-09-16,UB-MUG-SETOF4,Ceramic Mug Set,Gifts,Set of 4,Carousel,2176.53,7.742,6.751023719519457,14693.805656245686,4141.806432185644,43,32,2.07,0,0.0,CRITICAL,4.367,9.832,2.504,8.824,CHECKOUT_CONVERSION,HIGH,CREATIVE_TO_CONVERSION_GAP,STABLE,PROFITABLE,INVENTORY_SHORTAGE,Stock is exhausted or expected to run out immediately.,PROTECT_INVENTORY,80,75
2026-09-17,UB-MUG-SETOF4,Ceramic Mug Set,Gifts,Set of 4,Carousel,2403.54,6.447,5.466636170988012,13139.278702416525,3246.349842039106,43,29,13.73,0,0.0,CRITICAL,3.92,7.378,2.824,3.333,CHECKOUT_CONVERSION,MEDIUM,CREATIVE_TO_CONVERSION_GAP,STRONG_GROWTH,PROFITABLE,INVENTORY_SHORTAGE,Stock is exhausted or expected to run out immediately.,PROTECT_INVENTORY,80,75
2026-09-18,UB-MUG-SETOF4,Ceramic Mug Set,Gifts,Set of 4,Influencer Video,2542.05,3.922,5.927762256195448,15068.66804336164,3937.4772586455056,43,14,0.92,0,0.0,CRITICAL,3.248,6.162,1.726,6.667,CHECKOUT_CONVERSION,HIGH,CREATIVE_TO_CONVERSION_GAP,STABLE,PROFITABLE,INVENTORY_SHORTAGE,Stock is exhausted or expected to run out immediately.,PROTECT_INVENTORY,80,75
2026-09-19,UB-MUG-SETOF4,Ceramic Mug Set,Gifts,Set of 4,Carousel,1916.18,5.568,6.651969478383549,12746.37087508899,3564.7594762882645,43,20,-2.09,0,0.0,CRITICAL,4.637,8.851,3.086,0.0,NORMAL,NORMAL,NORMAL,STABLE,PROFITABLE,INVENTORY_SHORTAGE,Stock is exhausted or expected to run out immediately.,PROTECT_INVENTORY,80,75
2026-09-20,UB-MUG-SETOF4,Ceramic Mug Set,Gifts,Set of 4,Video,2779.61,6.727,4.979880149379135,13842.12466201574,3172.503604666768,43,30,7.69,0,0.0,CRITICAL,3.627,9.358,2.183,9.375,CHECKOUT_CONVERSION,HIGH,CREATIVE_TO_CONVERSION_GAP,STABLE,PROFITABLE,INVENTORY_SHORTAGE,Stock is exhausted or expected to run out immediately.,PROTECT_INVENTORY,80,75
2026-09-21,UB-MUG-SETOF4,Ceramic Mug Set,Gifts,Set of 4,Carousel,2554.76,4.214,6.096587459070019,15575.317776933724,4142.626644081501,43,21,6.12,0,0.0,CRITICAL,3.18,6.75,2.043,4.545,CHECKOUT_CONVERSION,MEDIUM,CREATIVE_TO_CONVERSION_GAP,STABLE,PROFITABLE,INVENTORY_SHORTAGE,Stock is exhausted or expected to run out immediately.,PROTECT_INVENTORY,80,75
2026-09-22,UB-MUG-SETOF4,Ceramic Mug Set,Gifts,Set of 4,Video,2096.51,6.182,6.218054355967108,13036.213137828603,3509.0616492662994,43,26,11.42,0,0.0,CRITICAL,3.409,7.025,2.493,10.714,CHECKOUT_CONVERSION,CRITICAL,CREATIVE_TO_CONVERSION_GAP,STRONG_GROWTH,PROFITABLE,INVENTORY_SHORTAGE,Stock is exhausted or expected to run out immediately.,PROTECT_INVENTORY,80,75
2026-09-23,UB-MUG-SETOF4,Ceramic Mug Set,Gifts,Set of 4,Influencer Video,2356.74,3.611,6.547834613106286,15431.543746092106,4278.823810819606,43,11,-1.88,197,17.33,HEALTHY,3.746,2.983,1.218,0.0,LOW_PRODUCT_INTEREST,NORMAL,CREATIVE_TO_CONVERSION_GAP,STABLE,PROFITABLE,CREATIVE_CONVERSION_GAP,Ads attract clicks but those clicks are not converting.,CHANGE_CREATIVE,70,60
2026-09-24,UB-MUG-SETOF4,Ceramic Mug Set,Gifts,Set of 4,Image,2205.17,7.027,5.850069468287106,12900.397689382678,3342.0010064345515,43,29,10.63,165,5.19,MEDIUM,3.143,7.452,2.984,9.677,CHECKOUT_CONVERSION,HIGH,CREATIVE_TO_CONVERSION_GAP,STRONG_GROWTH,PROFITABLE,PAYMENT_FRICTION,Elevated payment failures may be reducing completed orders.,FIX_PAYMENT,80,70
2026-09-25,UB-MUG-SETOF4,Ceramic Mug Set,Gifts,Set of 4,Carousel,1604.99,4.232,5.80532108082432,9317.482281512224,2401.5273810502567,43,13,-6.82,153,10.17,LOW,3.173,3.486,1.34,0.0,NORMAL,NORMAL,CREATIVE_TO_CONVERSION_GAP,STABLE,PROFITABLE,CREATIVE_CONVERSION_GAP,Ads attract clicks but those clicks are not converting.,CHANGE_CREATIVE,70,60
2026-09-26,UB-MUG-SETOF4,Ceramic Mug Set,Gifts,Set of 4,Video,2441.19,2.333,6.26066754769386,15283.479010754774,4130.705974624552,43,11,-2.03,141,9.3,LOW,3.503,4.778,1.272,0.0,NORMAL,NORMAL,CREATIVE_TO_CONVERSION_GAP,STABLE,PROFITABLE,CREATIVE_CONVERSION_GAP,Ads attract clicks but those clicks are not converting.,CHANGE_CREATIVE,70,60
2026-09-27,UB-MUG-SETOF4,Ceramic Mug Set,Gifts,Set of 4,Image,2344.79,5.367,6.157498085664857,14438.039936286099,3863.567172603023,43,25,4.41,118,4.17,MEDIUM,4.42,8.122,1.595,3.846,CHECKOUT_CONVERSION,MEDIUM,CREATIVE_TO_CONVERSION_GAP,STABLE,PROFITABLE,FUNNEL_DROP_OFF,Users show purchase intent but conversion remains weak.,RETARGET,70,60
2026-09-28,UB-MUG-SETOF4,Ceramic Mug Set,Gifts,Set of 4,Influencer Video,2997.93,5.399,6.438953564384338,19303.532059274738,5302.588785488137,43,30,-8.79,98,2.76,HIGH,4.017,7.307,2.107,3.125,CHECKOUT_CONVERSION,MEDIUM,CREATIVE_TO_CONVERSION_GAP,STABLE,PROFITABLE,INVENTORY_RISK,Inventory is very low and scaling ads may cause stockout.,PROTECT_INVENTORY,80,70
2026-09-01,UB-ESPRESSO-250G,Espresso Roast Beans,Coffee,250 g,Influencer Video,1633.29,10.69,6.80345977830737,11112.022821311644,5256.164149213219,62,31,11.58,1031,28.99,HEALTHY,4.265,10.807,3.914,3.125,NORMAL,MEDIUM,NORMAL,STRONG_GROWTH,PROFITABLE,NORMAL_PERFORMANCE,No major negative signal detected.,MAINTAIN,50,60
2026-09-02,UB-ESPRESSO-250G,Espresso Roast Beans,Coffee,250 g,Image,1660.24,3.625,6.676373889405405,11084.38298614643,5212.077451410786,62,11,8.11,516,35.64,HEALTHY,5.136,8.289,2.004,8.333,CHECKOUT_CONVERSION,HIGH,CREATIVE_TO_CONVERSION_GAP,STABLE,PROFITABLE,PAYMENT_FRICTION,Elevated payment failures may be reducing completed orders.,FIX_PAYMENT,80,70
2026-09-03,UB-ESPRESSO-250G,Espresso Roast Beans,Coffee,250 g,Video,1583.68,5.453,6.729920557746216,10658.040588891528,5024.305165112747,62,16,8.28,599,31.08,HEALTHY,4.608,7.487,2.68,11.111,CHECKOUT_CONVERSION,CRITICAL,CREATIVE_TO_CONVERSION_GAP,STABLE,PROFITABLE,PAYMENT_FAILURE,High payment failure rate is blocking completed purchases.,FIX_PAYMENT,80,70
2026-09-04,UB-ESPRESSO-250G,Espresso Roast Beans,Coffee,250 g,Image,1494.07,6.522,6.630388157156211,9906.26403396238,4647.813701056675,62,19,4.87,622,28.51,HEALTHY,4.578,10.207,2.238,5.263,CHECKOUT_CONVERSION,HIGH,CREATIVE_TO_CONVERSION_GAP,STABLE,PROFITABLE,PAYMENT_FRICTION,Elevated payment failures may be reducing completed orders.,FIX_PAYMENT,80,70
2026-09-05,UB-ESPRESSO-250G,Espresso Roast Beans,Coffee,250 g,Influencer Video,1399.31,6.188,7.196985237894854,10070.813413238648,4844.594316207962,62,17,6.56,579,27.03,HEALTHY,4.967,9.865,2.815,10.526,CHECKOUT_CONVERSION,CRITICAL,CREATIVE_TO_CONVERSION_GAP,STABLE,PROFITABLE,PAYMENT_FAILURE,High payment failure rate is blocking completed purchases.,FIX_PAYMENT,80,70
2026-09-06,UB-ESPRESSO-250G,Espresso Roast Beans,Coffee,250 g,Influencer Video,1612.45,7.091,7.39186125969869,11919.006688201152,5777.334146684714,62,21,8.25,600,25.36,HEALTHY,5.12,13.625,3.804,4.545,NORMAL,MEDIUM,NORMAL,STABLE,PROFITABLE,NORMAL_PERFORMANCE,No major negative signal detected.,MAINTAIN,50,60
2026-09-07,UB-ESPRESSO-250G,Espresso Roast Beans,Coffee,250 g,Image,2072.86,6.69,6.650002608883802,13784.524407850879,6473.545132867544,62,27,8.96,676,23.59,HEALTHY,3.692,12.545,3.936,10.345,NORMAL,CRITICAL,NORMAL,STABLE,PROFITABLE,PAYMENT_FAILURE,High payment failure rate is blocking completed purchases.,FIX_PAYMENT,80,70
2026-09-08,UB-ESPRESSO-250G,Espresso Roast Beans,Coffee,250 g,Influencer Video,1406.72,6.456,6.816135284927995,9588.39382801391,4538.084173368624,62,18,10.75,571,23.58,HEALTHY,4.791,9.398,2.51,10.0,CHECKOUT_CONVERSION,CRITICAL,CREATIVE_TO_CONVERSION_GAP,STRONG_GROWTH,PROFITABLE,PAYMENT_FAILURE,High payment failure rate is blocking completed purchases.,FIX_PAYMENT,80,70
2026-09-09,UB-ESPRESSO-250G,Espresso Roast Beans,Coffee,250 g,Video,1516.24,6.546,7.885762200052468,11956.708078207554,5896.919008488683,62,19,0.43,464,23.57,HEALTHY,4.258,10.451,4.0,0.0,NORMAL,NORMAL,NORMAL,STABLE,PROFITABLE,NORMAL_PERFORMANCE,No major negative signal detected.,MAINTAIN,50,60
2026-09-10,UB-ESPRESSO-250G,Espresso Roast Beans,Coffee,250 g,Image,1954.97,8.107,9.863131311276916,19282.125819607034,9999.948008156362,62,27,6.81,809,23.58,HEALTHY,4.57,10.642,3.863,3.704,NORMAL,MEDIUM,NORMAL,STABLE,HIGHLY_PROFITABLE,HIGH_PERFORMER,Strong predicted ROAS and healthy business signals indicate a scaling opportunity.,INCREASE_BUDGET,85,75
2026-09-11,UB-ESPRESSO-250G,Espresso Roast Beans,Coffee,250 g,Video,1510.08,11.264,10.578359802101044,15974.169569956744,8393.905133373182,62,27,4.44,679,23.58,HEALTHY,5.13,10.769,3.0,10.0,NORMAL,CRITICAL,NORMAL,STABLE,HIGHLY_PROFITABLE,PAYMENT_FAILURE,High payment failure rate is blocking completed purchases.,FIX_PAYMENT,90,85
2026-09-12,UB-ESPRESSO-250G,Espresso Roast Beans,Coffee,250 g,Influencer Video,1133.11,8.599,8.5460429592356,9683.606737539449,4870.726177274458,62,19,4.23,544,23.58,HEALTHY,5.43,11.53,2.738,14.286,CHECKOUT_CONVERSION,CRITICAL,CREATIVE_TO_CONVERSION_GAP,STABLE,HIGHLY_PROFITABLE,PAYMENT_FAILURE,High payment failure rate is blocking completed purchases.,FIX_PAYMENT,80,85
2026-09-13,UB-ESPRESSO-250G,Espresso Roast Beans,Coffee,250 g,Influencer Video,1701.52,7.073,6.591882808116023,11216.220435665575,5252.536670112657,62,25,5.22,706,23.58,HEALTHY,4.314,9.292,3.516,3.226,NORMAL,MEDIUM,NORMAL,STABLE,PROFITABLE,NORMAL_PERFORMANCE,No major negative signal detected.,MAINTAIN,50,60
2026-09-14,UB-ESPRESSO-250G,Espresso Roast Beans,Coffee,250 g,Influencer Video,1887.93,6.493,6.844062982270251,12921.111826117476,6123.159332192834,62,25,12.13,692,23.59,HEALTHY,5.854,16.314,3.268,7.143,NORMAL,HIGH,NORMAL,STRONG_GROWTH,PROFITABLE,PAYMENT_FRICTION,Elevated payment failures may be reducing completed orders.,FIX_PAYMENT,80,70
2026-09-15,UB-ESPRESSO-250G,Espresso Roast Beans,Coffee,250 g,Video,1576.61,6.065,9.9974832334181,15762.13204063931,8195.911865196373,62,18,11.82,425,23.58,HEALTHY,4.437,12.76,4.027,4.545,NORMAL,MEDIUM,NORMAL,STRONG_GROWTH,HIGHLY_PROFITABLE,HIGH_PERFORMER,Strong predicted ROAS and healthy business signals indicate a scaling opportunity.,INCREASE_BUDGET,85,75
2026-09-16,UB-ESPRESSO-250G,Espresso Roast Beans,Coffee,250 g,Carousel,1582.65,11.555,10.08799234349655,15965.761082434816,8316.121871109586,62,35,7.49,1719,40.71,HEALTHY,6.71,10.88,3.425,5.263,NORMAL,HIGH,NORMAL,STABLE,HIGHLY_PROFITABLE,PAYMENT_FRICTION,Elevated payment failures may be reducing completed orders.,FIX_PAYMENT,90,85
2026-09-17,UB-ESPRESSO-250G,Espresso Roast Beans,Coffee,250 g,Video,1560.44,7.928,7.641453248904231,11924.029307720119,5832.458170786473,62,22,-2.83,1310,49.06,HEALTHY,5.484,9.414,2.22,4.348,CHECKOUT_CONVERSION,MEDIUM,CREATIVE_TO_CONVERSION_GAP,STABLE,PROFITABLE,FUNNEL_DROP_OFF,Users show purchase intent but conversion remains weak.,RETARGET,70,60
2026-09-18,UB-ESPRESSO-250G,Espresso Roast Beans,Coffee,250 g,Carousel,1504.34,7.204,6.007597667487154,9037.469475107624,4098.891074566727,62,22,-1.3,1218,49.05,HEALTHY,4.755,6.55,3.125,8.696,NORMAL,HIGH,NORMAL,STABLE,PROFITABLE,PAYMENT_FRICTION,Elevated payment failures may be reducing completed orders.,FIX_PAYMENT,80,70
2026-09-19,UB-ESPRESSO-250G,Espresso Roast Beans,Coffee,250 g,Influencer Video,1440.28,4.692,8.717118883038616,12555.091984862856,6343.877030614971,62,12,-2.71,949,65.31,HEALTHY,5.171,8.877,2.264,7.692,CHECKOUT_CONVERSION,HIGH,CREATIVE_TO_CONVERSION_GAP,STABLE,HIGHLY_PROFITABLE,PAYMENT_FRICTION,Elevated payment failures may be reducing completed orders.,FIX_PAYMENT,80,85
2026-09-20,UB-ESPRESSO-250G,Espresso Roast Beans,Coffee,250 g,Video,1397.8,9.691,7.025559217268253,9820.326673897564,4690.802537816489,62,28,1.27,1431,38.85,HEALTHY,4.843,8.971,2.778,10.0,CHECKOUT_CONVERSION,CRITICAL,CREATIVE_TO_CONVERSION_GAP,STABLE,PROFITABLE,PAYMENT_FAILURE,High payment failure rate is blocking completed purchases.,FIX_PAYMENT,80,70
2026-09-21,UB-ESPRESSO-250G,Espresso Roast Beans,Coffee,250 g,Carousel,1369.75,5.345,8.412000982307033,11522.338345515058,5774.099774219336,62,14,0.93,910,56.7,HEALTHY,4.55,13.165,3.627,12.5,NORMAL,CRITICAL,NORMAL,STABLE,HIGHLY_PROFITABLE,PAYMENT_FAILURE,High payment failure rate is blocking completed purchases.,FIX_PAYMENT,80,85
2026-09-22,UB-ESPRESSO-250G,Espresso Roast Beans,Coffee,250 g,Image,1989.59,8.116,8.713239207293949,17335.77359443997,8758.58962855278,62,30,4.78,1352,36.27,HEALTHY,4.304,13.968,4.071,3.226,NORMAL,MEDIUM,NORMAL,STABLE,HIGHLY_PROFITABLE,HIGH_PERFORMER,Strong predicted ROAS and healthy business signals indicate a scaling opportunity.,INCREASE_BUDGET,85,75
2026-09-23,UB-ESPRESSO-250G,Espresso Roast Beans,Coffee,250 g,Video,1622.65,6.493,9.123906074278002,14804.9061914272,7556.391838684865,62,21,5.39,983,42.41,HEALTHY,4.375,13.777,3.371,13.043,NORMAL,CRITICAL,NORMAL,STABLE,HIGHLY_PROFITABLE,PAYMENT_FAILURE,High payment failure rate is blocking completed purchases.,FIX_PAYMENT,80,85
2026-09-24,UB-ESPRESSO-250G,Espresso Roast Beans,Coffee,250 g,Carousel,1912.6,9.07,7.491532413713016,14328.304894467514,6970.949034569858,62,33,8.02,1351,32.62,HEALTHY,4.536,11.262,4.314,8.571,NORMAL,HIGH,NORMAL,STABLE,PROFITABLE,PAYMENT_FRICTION,Elevated payment failures may be reducing completed orders.,FIX_PAYMENT,80,70
2026-09-25,UB-ESPRESSO-250G,Espresso Roast Beans,Coffee,250 g,Video,1854.85,8.221,8.544083517786307,15847.993312965931,7970.905854038878,62,25,1.71,1092,34.11,HEALTHY,4.555,12.111,3.497,7.407,NORMAL,HIGH,NORMAL,STABLE,HIGHLY_PROFITABLE,PAYMENT_FRICTION,Elevated payment failures may be reducing completed orders.,FIX_PAYMENT,80,85
2026-09-26,UB-ESPRESSO-250G,Espresso Roast Beans,Coffee,250 g,Influencer Video,1340.87,7.312,8.687710721736567,11649.090675454909,5881.566218782043,62,16,7.74,862,36.84,HEALTHY,3.267,7.889,3.448,5.882,NORMAL,HIGH,NORMAL,STABLE,HIGHLY_PROFITABLE,PAYMENT_FRICTION,Elevated payment failures may be reducing completed orders.,FIX_PAYMENT,80,85
2026-09-27,UB-ESPRESSO-250G,Espresso Roast Beans,Coffee,250 g,Video,1755.12,6.654,7.3993868299679875,12986.811813013413,6296.703324068317,62,23,9.33,980,32.6,HEALTHY,5.869,10.428,2.795,12.0,CHECKOUT_CONVERSION,CRITICAL,CREATIVE_TO_CONVERSION_GAP,STABLE,PROFITABLE,PAYMENT_FAILURE,High payment failure rate is blocking completed purchases.,FIX_PAYMENT,80,70
2026-09-28,UB-ESPRESSO-250G,Espresso Roast Beans,Coffee,250 g,Video,1241.17,5.332,8.688776682841556,10784.248955442456,5445.064352374322,62,13,0.4,633,38.64,HEALTHY,3.534,9.917,2.385,7.143,CHECKOUT_CONVERSION,HIGH,CREATIVE_TO_CONVERSION_GAP,STABLE,HIGHLY_PROFITABLE,PAYMENT_FRICTION,Elevated payment failures may be reducing completed orders.,FIX_PAYMENT,80,85
2026-09-01,UB-ESPRESSO-1KG,Espresso Roast Beans,Coffee,1 kg,Influencer Video,639.77,41.882,41.22740422089944,26376.05639840483,14394.582147090754,57,28,5.91,952,25.01,HEALTHY,2.729,14.198,5.556,6.667,HEALTHY_CONVERSION,HIGH,NORMAL,STABLE,HIGHLY_PROFITABLE,PAYMENT_FRICTION,Elevated payment failures may be reducing completed orders.,FIX_PAYMENT,90,85
2026-09-02,UB-ESPRESSO-1KG,Espresso Roast Beans,Coffee,1 kg,Video,691.68,40.206,46.11734450529106,31898.444847419716,17490.433563029237,57,23,12.14,919,28.36,HEALTHY,3.679,12.45,3.972,4.167,NORMAL,MEDIUM,NORMAL,STRONG_GROWTH,HIGHLY_PROFITABLE,HIGH_PERFORMER,Strong predicted ROAS and healthy business signals indicate a scaling opportunity.,INCREASE_BUDGET,95,75
2026-09-03,UB-ESPRESSO-1KG,Espresso Roast Beans,Coffee,1 kg,Image,715.44,49.02,47.45709152910053,33952.701563579685,18637.59989124042,57,36,10.18,868,19.77,HEALTHY,3.254,18.777,5.357,5.263,HEALTHY_CONVERSION,HIGH,NORMAL,STRONG_GROWTH,HIGHLY_PROFITABLE,PAYMENT_FRICTION,Elevated payment failures may be reducing completed orders.,FIX_PAYMENT,90,85
2026-09-04,UB-ESPRESSO-1KG,Espresso Roast Beans,Coffee,1 kg,Video,542.35,57.576,43.72013657936509,23711.616073818655,12973.271162076633,57,28,11.77,831,23.13,HEALTHY,4.024,15.608,3.83,4.762,NORMAL,MEDIUM,NORMAL,STRONG_GROWTH,HIGHLY_PROFITABLE,HIGH_PERFORMER,Strong predicted ROAS and healthy business signals indicate a scaling opportunity.,INCREASE_BUDGET,95,75
2026-09-05,UB-ESPRESSO-1KG,Espresso Roast Beans,Coffee,1 kg,Image,720.04,45.469,37.11186061772489,26722.02411918663,14511.51374793638,57,32,8.14,780,17.8,HEALTHY,3.312,17.691,5.031,4.651,HEALTHY_CONVERSION,MEDIUM,NORMAL,STABLE,HIGHLY_PROFITABLE,HIGH_PERFORMER,Strong predicted ROAS and healthy business signals indicate a scaling opportunity.,INCREASE_BUDGET,95,75
2026-09-06,UB-ESPRESSO-1KG,Espresso Roast Beans,Coffee,1 kg,Video,679.63,31.425,32.387707035714264,22011.657332682484,11867.014679629017,57,27,-0.43,746,23.05,HEALTHY,4.132,11.532,3.729,6.897,NORMAL,HIGH,NORMAL,STABLE,HIGHLY_PROFITABLE,PAYMENT_FRICTION,Elevated payment failures may be reducing completed orders.,FIX_PAYMENT,90,85
2026-09-07,UB-ESPRESSO-1KG,Espresso Roast Beans,Coffee,1 kg,Video,786.47,31.398,39.744742097402586,31258.04731734421,17030.6169708862,57,25,3.4,708,24.94,HEALTHY,2.505,13.915,5.0,0.0,HEALTHY_CONVERSION,NORMAL,NORMAL,STABLE,HIGHLY_PROFITABLE,HIGH_PERFORMER,Strong predicted ROAS and healthy business signals indicate a scaling opportunity.,INCREASE_BUDGET,95,75
2026-09-08,UB-ESPRESSO-1KG,Espresso Roast Beans,Coffee,1 kg,Image,414.66,38.018,25.182555747354485,10442.19856619801,5537.393182732866,57,20,-4.72,672,25.21,HEALTHY,3.343,12.0,2.946,4.762,CHECKOUT_CONVERSION,MEDIUM,CREATIVE_TO_CONVERSION_GAP,STABLE,HIGHLY_PROFITABLE,FUNNEL_DROP_OFF,Users show purchase intent but conversion remains weak.,RETARGET,80,75
2026-09-09,UB-ESPRESSO-1KG,Espresso Roast Beans,Coffee,1 kg,Carousel,768.31,16.315,33.85297282671959,26009.57755249693,14057.149204923251,57,15,1.16,651,33.92,HEALTHY,3.123,14.072,3.546,6.25,NORMAL,HIGH,NORMAL,STABLE,HIGHLY_PROFITABLE,PAYMENT_FRICTION,Elevated payment failures may be reducing completed orders.,FIX_PAYMENT,90,85
2026-09-10,UB-ESPRESSO-1KG,Espresso Roast Beans,Coffee,1 kg,Image,622.6,40.694,40.29566315873014,25088.07988262539,13677.605533096472,57,27,0.23,601,18.42,HEALTHY,3.513,12.821,3.709,6.897,NORMAL,HIGH,NORMAL,STABLE,HIGHLY_PROFITABLE,PAYMENT_FRICTION,Elevated payment failures may be reducing completed orders.,FIX_PAYMENT,90,85
2026-09-11,UB-ESPRESSO-1KG,Espresso Roast Beans,Coffee,1 kg,Carousel,671.9,45.904,30.580160891534355,20546.810103021933,11039.781758722502,57,32,4.66,1697,38.57,HEALTHY,3.583,18.886,5.289,5.714,HEALTHY_CONVERSION,HIGH,NORMAL,STABLE,HIGHLY_PROFITABLE,PAYMENT_FRICTION,Elevated payment failures may be reducing completed orders.,FIX_PAYMENT,90,85
2026-09-12,UB-ESPRESSO-1KG,Espresso Roast Beans,Coffee,1 kg,Video,891.31,25.315,52.911773817460336,47160.79312124057,25990.342079107122,57,29,11.61,1643,45.22,HEALTHY,2.885,21.287,5.882,5.263,HEALTHY_CONVERSION,HIGH,NORMAL,STRONG_GROWTH,HIGHLY_PROFITABLE,PAYMENT_FRICTION,Elevated payment failures may be reducing completed orders.,FIX_PAYMENT,90,85
2026-09-13,UB-ESPRESSO-1KG,Espresso Roast Beans,Coffee,1 kg,Image,593.0,58.153,37.09047599603175,21994.652265646826,11943.95179141869,57,44,-1.44,1587,34.31,HEALTHY,2.73,23.044,8.118,4.348,HEALTHY_CONVERSION,MEDIUM,NORMAL,STABLE,HIGHLY_PROFITABLE,HIGH_PERFORMER,Strong predicted ROAS and healthy business signals indicate a scaling opportunity.,INCREASE_BUDGET,95,75
2026-09-14,UB-ESPRESSO-1KG,Espresso Roast Beans,Coffee,1 kg,Video,745.21,34.74,41.24105705242901,30733.24812604062,16772.741431843155,57,28,4.11,1545,43.67,HEALTHY,3.153,15.561,5.253,3.448,HEALTHY_CONVERSION,MEDIUM,NORMAL,STABLE,HIGHLY_PROFITABLE,HIGH_PERFORMER,Strong predicted ROAS and healthy business signals indicate a scaling opportunity.,INCREASE_BUDGET,95,75
2026-09-15,UB-ESPRESSO-1KG,Espresso Roast Beans,Coffee,1 kg,Video,697.13,40.321,37.97106059211158,26470.765470578743,14391.206318229884,57,33,0.82,1499,37.14,HEALTHY,3.609,14.552,4.615,5.556,NORMAL,HIGH,NORMAL,STABLE,HIGHLY_PROFITABLE,PAYMENT_FRICTION,Elevated payment failures may be reducing completed orders.,FIX_PAYMENT,90,85
2026-09-16,UB-ESPRESSO-1KG,Espresso Roast Beans,Coffee,1 kg,Influencer Video,858.59,38.448,25.697416205026425,22063.54457947364,11717.630410299975,57,31,1.68,1455,33.12,HEALTHY,3.838,15.296,4.026,6.061,NORMAL,HIGH,NORMAL,STABLE,HIGHLY_PROFITABLE,PAYMENT_FRICTION,Elevated payment failures may be reducing completed orders.,FIX_PAYMENT,90,85
2026-09-17,UB-ESPRESSO-1KG,Espresso Roast Beans,Coffee,1 kg,Image,752.07,6.551,33.11855920767197,24907.47482331386,13445.1906492889,57,6,2.07,1443,196.06,HEALTHY,4.3,6.667,0.993,0.0,CHECKOUT_CONVERSION,NORMAL,CREATIVE_TO_CONVERSION_GAP,STABLE,HIGHLY_PROFITABLE,FUNNEL_DROP_OFF,Users show purchase intent but conversion remains weak.,RETARGET,80,75
2026-09-18,UB-ESPRESSO-1KG,Espresso Roast Beans,Coffee,1 kg,Carousel,863.83,34.436,52.338727376984124,45211.7628700602,24906.87483593431,57,35,2.92,1400,33.1,HEALTHY,3.246,17.043,5.591,0.0,HEALTHY_CONVERSION,NORMAL,NORMAL,STABLE,HIGHLY_PROFITABLE,HIGH_PERFORMER,Strong predicted ROAS and healthy business signals indicate a scaling opportunity.,INCREASE_BUDGET,95,75
2026-09-19,UB-ESPRESSO-1KG,Espresso Roast Beans,Coffee,1 kg,Image,534.67,65.597,35.6302706177249,19050.43679117897,10324.078970972014,57,37,3.87,1348,28.63,HEALTHY,3.651,22.973,5.481,1.818,HEALTHY_CONVERSION,NORMAL,NORMAL,STABLE,HIGHLY_PROFITABLE,HIGH_PERFORMER,Strong predicted ROAS and healthy business signals indicate a scaling opportunity.,INCREASE_BUDGET,95,75
2026-09-20,UB-ESPRESSO-1KG,Espresso Roast Beans,Coffee,1 kg,Video,812.6,37.32,51.548129928571456,41888.010379957166,23063.565916575586,57,33,13.04,1296,31.33,HEALTHY,2.453,17.143,6.522,5.714,HEALTHY_CONVERSION,HIGH,NORMAL,STRONG_GROWTH,HIGHLY_PROFITABLE,PAYMENT_FRICTION,Elevated payment failures may be reducing completed orders.,FIX_PAYMENT,90,85
2026-09-21,UB-ESPRESSO-1KG,Espresso Roast Beans,Coffee,1 kg,Video,599.51,55.014,28.52448210978837,17100.712269639225,9147.895993694357,57,43,-7.11,1231,26.3,HEALTHY,4.123,15.909,4.309,4.167,NORMAL,MEDIUM,NORMAL,STABLE,HIGHLY_PROFITABLE,HIGH_PERFORMER,Strong predicted ROAS and healthy business signals indicate a scaling opportunity.,INCREASE_BUDGET,95,75
2026-09-22,UB-ESPRESSO-1KG,Espresso Roast Beans,Coffee,1 kg,Video,820.63,27.275,45.56777576936029,37394.28382961013,20494.111782877775,57,29,13.49,1197,33.26,HEALTHY,3.081,15.402,4.374,6.452,NORMAL,HIGH,NORMAL,STRONG_GROWTH,HIGHLY_PROFITABLE,PAYMENT_FRICTION,Elevated payment failures may be reducing completed orders.,FIX_PAYMENT,90,85
2026-09-23,UB-ESPRESSO-1KG,Espresso Roast Beans,Coffee,1 kg,Image,486.56,50.195,37.6765048994709,18331.88022388656,9962.61172761534,57,30,0.9,1152,32.1,HEALTHY,4.04,13.993,4.348,3.226,NORMAL,MEDIUM,NORMAL,STABLE,HIGHLY_PROFITABLE,HIGH_PERFORMER,Strong predicted ROAS and healthy business signals indicate a scaling opportunity.,INCREASE_BUDGET,95,75
2026-09-24,UB-ESPRESSO-1KG,Espresso Roast Beans,Coffee,1 kg,Video,702.83,47.425,35.16795670899472,24717.095013782764,13385.914157856178,57,43,0.82,1099,18.66,HEALTHY,3.632,20.374,6.065,6.383,HEALTHY_CONVERSION,HIGH,NORMAL,STABLE,HIGHLY_PROFITABLE,PAYMENT_FRICTION,Elevated payment failures may be reducing completed orders.,FIX_PAYMENT,90,85
2026-09-25,UB-ESPRESSO-1KG,Espresso Roast Beans,Coffee,1 kg,Carousel,705.57,25.412,36.69521849735451,25891.045315178424,14052.325829651703,57,20,6.98,1064,36.22,HEALTHY,3.588,9.689,2.433,4.762,CHECKOUT_CONVERSION,MEDIUM,CREATIVE_TO_CONVERSION_GAP,STABLE,HIGHLY_PROFITABLE,FUNNEL_DROP_OFF,Users show purchase intent but conversion remains weak.,RETARGET,80,75
2026-09-26,UB-ESPRESSO-1KG,Espresso Roast Beans,Coffee,1 kg,Influencer Video,650.89,29.389,40.766225646825404,26534.328611262186,14473.677308419448,57,24,16.99,1032,38.48,HEALTHY,3.612,13.216,4.174,7.692,NORMAL,HIGH,STRONG_CREATIVE,STRONG_GROWTH,HIGHLY_PROFITABLE,PAYMENT_FRICTION,Elevated payment failures may be reducing completed orders.,FIX_PAYMENT,90,85
2026-09-27,UB-ESPRESSO-1KG,Espresso Roast Beans,Coffee,1 kg,Influencer Video,726.34,26.554,42.03552573629149,30532.083763297964,16676.947745079837,57,18,27.13,1001,49.09,HEALTHY,3.496,14.894,3.502,5.263,NORMAL,HIGH,NORMAL,STRONG_GROWTH,HIGHLY_PROFITABLE,PAYMENT_FRICTION,Elevated payment failures may be reducing completed orders.,FIX_PAYMENT,90,85
2026-09-28,UB-ESPRESSO-1KG,Espresso Roast Beans,Coffee,1 kg,Carousel,593.53,16.423,40.13282775264551,23820.03725602769,12983.89123593578,57,11,4.22,986,78.32,HEALTHY,2.714,14.894,4.167,0.0,NORMAL,NORMAL,NORMAL,STABLE,HIGHLY_PROFITABLE,HIGH_PERFORMER,Strong predicted ROAS and healthy business signals indicate a scaling opportunity.,INCREASE_BUDGET,95,75
