date,sku,product_code,product,category,variant,ad_type,impressions,clicks,click_rate_pct,product_page_views_from_ads,ad_spend_inr,conversions,roas,sales_volume,sales_growth_pct,repeat_purchaser_count,product_sales_trend,stock_on_hand,days_of_inventory_remaining,stockout_frequency_30d,inventory_velocity_units_per_day,revenue_inr,profit_inr,affiliate_link_interactions,video_3sec_views,video_25pct_watched,video_50pct_watched,video_75pct_watched,video_100pct_watched,engagement_rate_pct,likes,comments,shares,saves,product_clicks,add_to_cart,add_to_cart_rate_pct,checkout_started,payment_initiated,payment_failed,payment_failed_rate_pct,purchase_rate_pct,return_rate_pct,refund_rate_pct,margin_pct,recommended_action,budget_before_inr,budget_after_inr,budget_change_pct,next_day_roas,next_day_profit_inr,next_day_revenue_inr,next_day_sales_volume,next_day_inventory_days,next_day_stockout,baseline_roas,baseline_profit_inr,roas_change_pct,profit_change_pct,action_success,decision_confidence_pct,opportunity_score,decision_reason
2026-09-01,UB-COLDBREW-500ML,UB-COLDBREW,Cold Brew Concentrate,Coffee,500 ml,Video,20048,722,3.601,580,2550.71,26,8.518,26,4.08,1,Stable,0,0.0,1,30.42,21726.39,6249.38,95,9535,5719,4701,3344,1839,3.123,432,63,75,56,722,91,15.69,38,28,1,3.571,3.601,5.198,5.192,41%,PROTECT_INVENTORY,2550.71,1657.96,-35.0,9.302,5759.57,19357.37,30.0,20.64,0.0,8.518,6249.38,9.2,-7.84,1.0,82,56.53,Inventory is close to stockout; protect availability before scaling ads.
2026-09-02,UB-COLDBREW-500ML,UB-COLDBREW,Cold Brew Concentrate,Coffee,500 ml,Image,20736,948,4.572,699,2080.97,30,9.302,30,-0.17,5,Stable,727,20.64,0,35.22,19357.37,5759.57,0,0,0,0,0,0,2.44,345,50,61,50,948,66,9.442,40,32,1,3.125,3.165,7.021,8.153,41%,MAINTAIN,2080.97,2080.97,0.0,9.584,5760.85,19158.22,26.0,22.03,0.0,9.302,5759.57,3.03,0.02,1.0,82,65.01,Signals are within normal range; maintain current strategy.
2026-09-03,UB-COLDBREW-500ML,UB-COLDBREW,Cold Brew Concentrate,Coffee,500 ml,Image,19767,688,3.481,571,1999.02,26,9.584,26,-0.79,3,Stable,696,22.03,0,31.59,19158.22,5760.85,73,0,0,0,0,0,3.46,464,76,86,58,688,78,13.66,34,27,1,3.704,3.779,1.864,1.876,41%,MAINTAIN,1999.02,1999.02,0.0,7.348,4208.45,15647.52,23.0,24.93,0.0,9.584,5760.85,-23.33,-26.95,0.0,82,67.2,Signals are within normal range; maintain current strategy.
2026-09-04,UB-COLDBREW-500ML,UB-COLDBREW,Cold Brew Concentrate,Coffee,500 ml,Influencer Video,16840,710,4.216,442,2129.44,23,7.348,23,11.64,3,Rising,669,24.93,0,26.83,15647.52,4208.45,0,6518,5146,3507,2406,1094,3.836,457,63,72,54,710,59,13.348,31,23,0,0.0,3.239,5.88,6.86,41%,INCREASE_BUDGET,2129.44,2555.33,20.0,9.867,5320.46,17519.29,22.0,25.74,0.0,7.348,4208.45,34.28,26.42,1.0,90,65.16,"Strong ROAS, positive profit, rising sales and sufficient inventory."
2026-09-05,UB-COLDBREW-500ML,UB-COLDBREW,Cold Brew Concentrate,Coffee,500 ml,Video,15230,621,4.077,479,1775.58,22,9.867,22,-1.47,4,Stable,644,25.74,0,25.02,17519.29,5320.46,51,5857,4200,2882,2016,960,2.469,269,35,44,28,621,85,17.745,51,41,1,2.439,3.543,3.709,4.151,41%,MAINTAIN,1775.58,1775.58,0.0,10.442,7452.32,24096.1,28.0,18.34,0.0,9.867,5320.46,5.83,40.07,1.0,82,71.05,Signals are within normal range; maintain current strategy.
2026-09-06,UB-COLDBREW-500ML,UB-COLDBREW,Cold Brew Concentrate,Coffee,500 ml,Video,14718,541,3.676,475,2307.6,28,10.442,28,-13.49,1,Falling,611,18.34,0,33.31,24096.1,7452.32,86,6244,3819,2864,1414,1075,2.161,227,27,37,27,541,71,14.947,40,34,1,2.941,5.176,5.932,6.792,41%,MAINTAIN,2307.6,2307.6,0.0,10.723,9973.39,31988.21,46.0,11.03,0.0,10.442,7452.32,2.69,33.83,1.0,82,65.36,Signals are within normal range; maintain current strategy.
2026-09-07,UB-COLDBREW-500ML,UB-COLDBREW,Cold Brew Concentrate,Coffee,500 ml,Image,21085,831,3.941,767,2983.16,46,10.723,46,-0.08,5,Stable,567,11.03,0,51.4,31988.21,9973.39,41,0,0,0,0,0,2.371,336,54,63,47,831,108,14.081,58,48,1,2.083,5.535,8.033,8.702,41%,MAINTAIN,2983.16,2983.16,0.0,6.476,4910.69,19593.72,30.0,16.25,0.0,10.723,9973.39,-39.61,-50.76,0.0,82,63.56,Signals are within normal range; maintain current strategy.
2026-09-08,UB-COLDBREW-500ML,UB-COLDBREW,Cold Brew Concentrate,Coffee,500 ml,Video,22975,829,3.608,549,3025.58,30,6.476,30,6.11,4,Rising,532,16.25,0,32.73,19593.72,4910.69,0,10903,7017,4547,2669,1525,2.363,361,61,67,54,829,87,15.847,42,31,1,3.226,3.619,9.138,10.648,41%,INCREASE_BUDGET,3025.58,3630.7,20.0,8.259,6071.73,21382.55,32.0,12.78,0.0,6.476,4910.69,27.53,23.64,1.0,90,57.8,"Strong ROAS, positive profit, rising sales and sufficient inventory."
2026-09-09,UB-COLDBREW-500ML,UB-COLDBREW,Cold Brew Concentrate,Coffee,500 ml,Influencer Video,19345,757,3.913,597,2589.09,32,8.259,32,-2.32,7,Stable,497,12.78,0,38.89,21382.55,6071.73,0,12721,9818,6717,4068,1921,4.549,609,91,111,69,757,91,15.243,50,41,2,4.878,4.227,7.65,8.83,41%,MAINTAIN,2589.09,2589.09,0.0,8.977,6005.21,20450.54,31.0,11.46,0.0,8.259,6071.73,8.69,-1.1,1.0,82,63.48,Signals are within normal range; maintain current strategy.
2026-09-10,UB-COLDBREW-500ML,UB-COLDBREW,Cold Brew Concentrate,Coffee,500 ml,Video,18021,651,3.612,576,2278.11,31,8.977,31,8.32,4,Rising,465,11.46,0,40.56,20450.54,6005.21,0,8786,7236,5501,3375,1734,2.375,286,45,61,36,651,79,13.715,41,33,1,3.03,4.762,7.765,8.334,41%,INCREASE_BUDGET,2278.11,2733.73,20.0,5.17,2850.93,13472.28,21.0,19.77,0.0,8.977,6005.21,-42.41,-52.53,0.0,90,66.91,"Strong ROAS, positive profit, rising sales and sufficient inventory."
2026-09-11,UB-COLDBREW-500ML,UB-COLDBREW,Cold Brew Concentrate,Coffee,500 ml,Video,20879,752,3.602,464,2605.9,21,5.17,21,10.71,1,Rising,443,19.77,0,22.41,13472.28,2850.93,0,9845,6984,5102,4082,2160,2.419,359,48,58,40,752,52,11.207,28,23,1,4.348,2.793,5.991,7.723,41%,MAINTAIN,2605.9,2605.9,0.0,5.956,3697.97,15593.8,24.0,14.27,0.0,5.17,2850.93,15.2,29.71,1.0,90,52.44,Signals are within normal range; maintain current strategy.
2026-09-12,UB-COLDBREW-500ML,UB-COLDBREW,Cold Brew Concentrate,Coffee,500 ml,Image,13440,621,4.621,401,2618.17,24,5.956,24,-8.74,3,Falling,418,14.27,0,29.29,15593.8,3697.97,0,0,0,0,0,0,3.043,273,45,52,39,621,62,15.461,37,29,1,3.448,3.865,4.687,5.519,41%,MAINTAIN,2618.17,2618.17,0.0,9.944,5592.84,18368.45,25.0,13.33,0.0,5.956,3697.97,66.96,51.24,1.0,82,53.15,Signals are within normal range; maintain current strategy.
2026-09-13,UB-COLDBREW-500ML,UB-COLDBREW,Cold Brew Concentrate,Coffee,500 ml,Image,20207,764,3.781,592,1847.14,25,9.944,25,14.91,1,Rising,385,13.33,0,28.88,18368.45,5592.84,101,0,0,0,0,0,3.791,527,75,98,66,764,56,9.459,30,25,0,0.0,3.272,7.797,8.379,41%,INCREASE_BUDGET,1847.14,2216.57,20.0,5.573,3004.35,13316.61,20.0,16.21,0.0,9.944,5592.84,-43.96,-46.28,0.0,90,64.16,"Strong ROAS, positive profit, rising sales and sufficient inventory."
2026-09-14,UB-COLDBREW-500ML,UB-COLDBREW,Cold Brew Concentrate,Coffee,500 ml,Influencer Video,18422,850,4.614,681,2389.43,20,5.573,20,-1.58,3,Stable,364,16.21,0,22.45,13316.61,3004.35,0,9867,8220,4757,2693,1566,4.766,605,86,109,78,850,59,8.664,29,20,0,0.0,2.353,4.908,5.368,41%,MAINTAIN,2389.43,2389.43,0.0,12.878,8603.7,26279.74,39.0,6.44,0.0,5.573,3004.35,131.08,186.37,1.0,74,49.88,Signals are within normal range; maintain current strategy.
2026-09-15,UB-COLDBREW-500ML,UB-COLDBREW,Cold Brew Concentrate,Coffee,500 ml,Image,15578,737,4.731,642,2040.68,39,12.878,39,16.3,7,Rising,328,6.44,0,50.91,26279.74,8603.7,0,0,0,0,0,0,3.755,392,63,73,57,737,111,17.29,53,40,1,2.5,5.292,8.003,9.409,41%,MAINTAIN,2040.68,2040.68,0.0,4.195,1681.45,10090.45,15.0,17.81,0.0,12.878,8603.7,-67.43,-80.46,0.0,90,67.06,Signals are within normal range; maintain current strategy.
2026-09-16,UB-COLDBREW-500ML,UB-COLDBREW,Cold Brew Concentrate,Coffee,500 ml,Image,12638,505,3.996,452,2405.6,15,4.195,15,12.41,1,Rising,312,17.81,0,17.52,10090.45,1681.45,0,0,0,0,0,0,3.972,354,51,58,39,505,51,11.283,20,15,0,0.0,2.97,3.701,4.135,41%,MAINTAIN,2405.6,2405.6,0.0,5.059,3530.48,17024.58,25.0,8.35,0.0,4.195,1681.45,20.6,109.97,1.0,74,50.88,Signals are within normal range; maintain current strategy.
2026-09-17,UB-COLDBREW-500ML,UB-COLDBREW,Cold Brew Concentrate,Coffee,500 ml,Video,20072,928,4.623,678,3365.18,25,5.059,25,6.05,4,Rising,286,8.35,0,34.25,17024.58,3530.48,0,9445,8938,5499,3699,2958,3.846,538,73,101,60,928,67,9.882,31,27,1,3.704,2.694,3.583,3.961,41%,MAINTAIN,3365.18,3365.18,0.0,7.002,4249.55,16205.98,25.0,9.0,0.0,5.059,3530.48,38.41,20.37,1.0,90,50.79,Signals are within normal range; maintain current strategy.
2026-09-18,UB-COLDBREW-500ML,UB-COLDBREW,Cold Brew Concentrate,Coffee,500 ml,Influencer Video,17334,805,4.644,533,2314.54,25,7.002,25,9.06,1,Rising,257,9.0,0,28.55,16205.98,4249.55,0,9757,7012,2598,1741,1085,4.921,581,87,107,78,805,63,11.82,30,25,0,0.0,3.106,6.233,6.858,41%,MAINTAIN,2314.54,2314.54,0.0,3.814,1207.47,8453.57,13.0,14.73,0.0,7.002,4249.55,-45.53,-71.59,0.0,90,58.82,Signals are within normal range; maintain current strategy.
2026-09-19,UB-COLDBREW-500ML,UB-COLDBREW,Cold Brew Concentrate,Coffee,500 ml,Video,12559,446,3.551,432,2216.58,13,3.814,13,-4.4,1,Stable,241,14.73,0,16.36,8453.57,1207.47,0,6485,3290,2422,979,514,2.301,204,27,34,24,446,29,6.713,15,13,0,0.0,2.915,3.823,4.439,41%,MAINTAIN,2216.58,2216.58,0.0,11.465,10644.5,33491.97,50.0,3.31,0.0,3.814,1207.47,200.6,781.55,1.0,74,43.88,Signals are within normal range; maintain current strategy.
2026-09-20,UB-COLDBREW-500ML,UB-COLDBREW,Cold Brew Concentrate,Coffee,500 ml,Carousel,17902,806,4.502,621,2921.14,50,11.465,50,7.48,7,Rising,198,3.31,0,59.86,33491.97,10644.5,32,0,0,0,0,0,2.335,295,39,47,37,806,125,20.129,76,53,2,3.774,6.203,6.386,6.78,41%,MAINTAIN,2921.14,2921.14,0.0,3.52,1122.59,9279.11,14.0,11.36,0.0,11.465,10644.5,-69.3,-89.45,0.0,82,62.14,Signals are within normal range; maintain current strategy.
2026-09-21,UB-COLDBREW-500ML,UB-COLDBREW,Cold Brew Concentrate,Coffee,500 ml,Image,16854,574,3.406,362,2635.83,14,3.52,14,0.34,1,Stable,182,11.36,0,16.02,9279.11,1122.59,0,0,0,0,0,0,3.518,365,75,86,67,574,48,13.26,18,14,0,0.0,2.439,6.118,7.029,41%,DECREASE_BUDGET,2635.83,1845.08,-30.0,11.867,6293.15,19618.51,24.0,5.12,0.0,3.52,1122.59,237.13,460.59,1.0,66,44.31,Low ROAS or negative profit indicates weak marginal ad return.
2026-09-22,UB-COLDBREW-500ML,UB-COLDBREW,Cold Brew Concentrate,Coffee,500 ml,Video,13199,563,4.265,394,1653.16,24,11.867,24,12.84,1,Rising,157,5.12,0,30.69,19618.51,6293.15,78,7527,4014,2882,1409,594,1.993,184,27,29,23,563,79,20.051,33,24,0,0.0,4.263,4.328,6.016,41%,MAINTAIN,1653.16,1653.16,0.0,6.184,3646.11,14983.49,15.0,7.58,0.0,11.867,6293.15,-47.89,-42.06,0.0,82,65.39,Signals are within normal range; maintain current strategy.
2026-09-23,UB-COLDBREW-500ML,UB-COLDBREW,Cold Brew Concentrate,Coffee,500 ml,Video,17772,844,4.749,651,2422.82,15,6.184,15,10.69,1,Rising,137,7.58,0,18.07,14983.49,3646.11,87,8138,6197,3597,1925,884,3.629,449,65,74,57,844,44,6.759,19,15,0,0.0,1.777,4.676,5.387,41%,CHANGE_CREATIVE,2422.82,2422.82,0.0,2.911,429.43,6985.46,11.0,8.81,0.0,6.184,3646.11,-52.93,-88.22,0.0,74,49.34,High ad engagement but weak purchase conversion suggests creative-to-product mismatch.
2026-09-24,UB-COLDBREW-500ML,UB-COLDBREW,Cold Brew Concentrate,Coffee,500 ml,Image,16237,612,3.769,427,2399.97,11,2.911,11,26.85,1,Rising,124,8.81,0,14.08,6985.46,429.43,0,0,0,0,0,0,2.993,337,46,67,36,612,28,6.557,12,11,0,0.0,1.797,3.146,3.941,41%,DECREASE_BUDGET,2399.97,1679.98,-30.0,9.031,6040.06,20523.06,28.0,2.59,0.0,2.911,429.43,210.24,1306.53,1.0,66,41.53,Low ROAS or negative profit indicates weak marginal ad return.
2026-09-25,UB-COLDBREW-500ML,UB-COLDBREW,Cold Brew Concentrate,Coffee,500 ml,Video,19312,773,4.003,490,2272.63,28,9.031,28,10.23,7,Rising,88,2.59,0,34.03,20523.06,6040.06,74,9588,8987,5833,3564,2419,1.616,212,31,39,30,773,74,15.102,38,31,2,6.452,3.622,6.424,6.247,41%,PROTECT_INVENTORY,2272.63,1477.21,-35.0,5.124,2496.99,11897.91,18.0,3.45,0.0,9.031,6040.06,-43.26,-58.66,0.0,82,61.57,Inventory is close to stockout; protect availability before scaling ads.
2026-09-26,UB-COLDBREW-500ML,UB-COLDBREW,Cold Brew Concentrate,Coffee,500 ml,Video,19001,716,3.768,482,2322.16,18,5.124,18,12.02,1,Rising,69,3.45,0,20.01,11897.91,2496.99,0,10945,7031,5552,2696,1508,3.958,516,76,104,56,716,59,12.241,22,18,0,0.0,2.514,3.943,5.331,41%,PROTECT_INVENTORY,2322.16,1509.4,-35.0,6.959,4180.76,15997.32,21.0,1.77,0.0,5.124,2496.99,35.81,67.43,1.0,82,49.29,Inventory is close to stockout; protect availability before scaling ads.
2026-09-27,UB-COLDBREW-500ML,UB-COLDBREW,Cold Brew Concentrate,Coffee,500 ml,Video,22170,759,3.424,526,2298.82,21,6.959,21,7.1,4,Rising,45,1.77,0,25.41,15997.32,4180.76,55,10166,8774,5901,2481,1377,4.592,690,108,142,78,759,61,11.597,28,23,1,4.348,2.767,5.141,5.956,41%,PROTECT_INVENTORY,2298.82,1494.23,-35.0,5.876,3620.74,15416.21,17.0,1.01,0.0,6.959,4180.76,-15.56,-13.4,0.0,74,49.35,Inventory is close to stockout; protect availability before scaling ads.
2026-09-28,UB-COLDBREW-500ML,UB-COLDBREW,Cold Brew Concentrate,Coffee,500 ml,Image,14896,746,5.008,636,2623.46,17,5.876,17,8.02,1,Rising,21,1.01,0,20.83,15416.21,3620.74,72,0,0,0,0,0,1.974,209,26,34,25,746,55,8.648,23,18,1,5.556,2.279,8.637,9.382,41%,PROTECT_INVENTORY,2623.46,1705.25,-35.0,,,,,,,5.876,3620.74,,,,74,48.99,Inventory is close to stockout; protect availability before scaling ads.
2026-09-01,UB-COLDBREW-1L,UB-COLDBREW,Cold Brew Concentrate,Coffee,1 L,Carousel,14948,583,3.9,345,1021.96,30,32.115,30,6.59,4,Rising,149,3.84,0,38.83,32820.0,14385.64,0,0,0,0,0,0,4.215,448,53,78,51,583,66,19.13,38,31,1,3.226,5.146,4.767,5.885,47%,PROTECT_INVENTORY,1021.96,664.27,-35.0,20.203,8944.21,21297.78,17.0,6.3,0.0,32.115,14385.64,-37.09,-37.83,0.0,82,62.28,Inventory is close to stockout; protect availability before scaling ads.
2026-09-02,UB-COLDBREW-1L,UB-COLDBREW,Cold Brew Concentrate,Coffee,1 L,Video,17912,414,2.311,386,1054.2,17,20.203,17,3.12,3,Stable,126,6.3,0,20.0,21297.78,8944.21,19,7778,7344,5229,2958,1974,2.942,367,55,65,40,414,75,19.43,39,32,1,3.125,4.106,6.391,8.193,47%,MAINTAIN,1054.2,1054.2,0.0,20.093,10815.46,25770.15,16.0,5.55,0.0,20.203,8944.21,-0.54,20.92,0.0,82,64.15,Signals are within normal range; maintain current strategy.
2026-09-03,UB-COLDBREW-1L,UB-COLDBREW,Cold Brew Concentrate,Coffee,1 L,Image,17018,401,2.356,319,1282.54,16,20.093,16,6.75,1,Rising,111,5.55,0,20.01,25770.15,10815.46,44,0,0,0,0,0,2.386,257,49,60,40,401,41,12.853,20,16,0,0.0,3.99,4.85,5.668,47%,MAINTAIN,1282.54,1282.54,0.0,7.785,2887.67,8468.15,8.0,9.85,0.0,20.093,10815.46,-61.26,-73.3,0.0,90,61.01,Signals are within normal range; maintain current strategy.
2026-09-04,UB-COLDBREW-1L,UB-COLDBREW,Cold Brew Concentrate,Coffee,1 L,Influencer Video,12218,307,2.513,223,1087.77,8,7.785,8,5.05,1,Rising,94,9.85,0,9.54,8468.15,2887.67,0,5464,4143,3320,2062,1243,4.264,364,59,54,44,307,29,13.004,10,8,0,0.0,2.606,5.214,6.576,47%,MAINTAIN,1087.77,1087.77,0.0,15.98,5924.55,14561.0,12.0,5.35,0.0,7.785,2887.67,105.27,105.17,1.0,82,56.91,Signals are within normal range; maintain current strategy.
2026-09-05,UB-COLDBREW-1L,UB-COLDBREW,Cold Brew Concentrate,Coffee,1 L,Carousel,15917,576,3.619,405,911.22,12,15.98,12,5.15,1,Rising,79,5.35,0,14.78,14561.0,5924.55,13,0,0,0,0,0,2.708,289,49,53,40,576,38,9.383,18,12,0,0.0,2.083,2.768,3.037,47%,MAINTAIN,911.22,911.22,0.0,27.078,10386.62,24013.8,21.0,1.78,0.0,15.98,5924.55,69.45,75.31,1.0,74,58.31,Signals are within normal range; maintain current strategy.
2026-09-06,UB-COLDBREW-1L,UB-COLDBREW,Cold Brew Concentrate,Coffee,1 L,Carousel,18755,455,2.426,426,886.84,21,27.078,21,20.39,4,Rising,45,1.78,0,25.34,24013.8,10386.62,16,0,0,0,0,0,3.562,455,72,81,60,455,53,12.441,29,22,1,4.545,4.615,5.628,6.358,47%,PROTECT_INVENTORY,886.84,576.45,-35.0,19.751,7615.51,18182.98,14.0,1.74,0.0,27.078,10386.62,-27.06,-26.68,0.0,82,61.33,Inventory is close to stockout; protect availability before scaling ads.
2026-09-07,UB-COLDBREW-1L,UB-COLDBREW,Cold Brew Concentrate,Coffee,1 L,Video,16332,510,3.123,340,920.63,14,19.751,14,18.99,1,Rising,27,1.74,0,15.48,18182.98,7615.51,44,8876,5624,3453,2308,953,4.182,461,66,92,64,510,33,9.706,20,15,1,6.667,2.745,4.666,5.365,47%,PROTECT_INVENTORY,920.63,598.41,-35.0,23.173,9931.05,23295.69,22.0,0.11,0.0,19.751,7615.51,17.33,30.41,1.0,82,60.23,Inventory is close to stockout; protect availability before scaling ads.
2026-09-08,UB-COLDBREW-1L,UB-COLDBREW,Cold Brew Concentrate,Coffee,1 L,Video,17862,402,2.251,353,1005.29,22,23.173,22,9.86,1,Rising,3,0.11,0,26.79,23295.69,9931.05,0,9744,6460,5094,3518,1498,2.911,349,58,68,45,402,69,19.547,40,32,1,3.125,5.473,2.433,2.447,47%,PROTECT_INVENTORY,1005.29,653.44,-35.0,40.874,10280.08,23101.71,22.0,21.2,0.0,23.173,9931.05,76.39,3.51,1.0,82,61.15,Inventory is close to stockout; protect availability before scaling ads.
2026-09-09,UB-COLDBREW-1L,UB-COLDBREW,Cold Brew Concentrate,Coffee,1 L,Video,21298,668,3.136,508,565.2,22,40.874,22,-2.1,4,Stable,610,21.2,0,28.77,23101.71,10280.08,0,12311,7371,5363,3375,2133,2.874,384,68,95,65,668,92,18.11,49,38,1,2.632,3.293,4.455,5.495,47%,MAINTAIN,565.2,565.2,0.0,6.243,1871.01,6049.65,6.0,88.58,0.0,40.874,10280.08,-84.73,-81.8,0.0,82,69.67,Signals are within normal range; maintain current strategy.
2026-09-10,UB-COLDBREW-1L,UB-COLDBREW,Cold Brew Concentrate,Coffee,1 L,Image,12308,308,2.502,256,969.05,6,6.243,6,-8.21,0,Falling,597,88.58,0,6.74,6049.65,1871.01,0,0,0,0,0,0,3.534,312,41,45,37,308,18,7.031,7,6,0,0.0,1.948,4.145,4.757,47%,MAINTAIN,969.05,969.05,0.0,17.89,5931.02,14341.31,13.0,37.23,0.0,6.243,1871.01,186.56,217.0,1.0,74,58.83,Signals are within normal range; maintain current strategy.
2026-09-11,UB-COLDBREW-1L,UB-COLDBREW,Cold Brew Concentrate,Coffee,1 L,Image,15710,449,2.858,342,801.62,13,17.89,13,1.88,1,Stable,579,37.23,0,15.55,14341.31,5931.02,0,0,0,0,0,0,2.852,309,42,58,39,449,43,12.573,18,13,0,0.0,2.895,4.932,5.333,47%,MAINTAIN,801.62,801.62,0.0,16.331,5840.55,14307.14,11.0,39.79,0.0,17.89,5931.02,-8.71,-1.53,0.0,90,71.99,Signals are within normal range; maintain current strategy.
2026-09-12,UB-COLDBREW-1L,UB-COLDBREW,Cold Brew Concentrate,Coffee,1 L,Image,10240,279,2.725,247,876.05,11,16.331,11,2.77,1,Stable,563,39.79,0,14.15,14307.14,5840.55,25,0,0,0,0,0,2.148,155,21,25,19,279,41,16.599,22,19,1,5.263,3.943,5.05,5.91,47%,MAINTAIN,876.05,876.05,0.0,33.487,11819.14,26886.42,25.0,18.97,0.0,16.331,5840.55,105.05,102.36,1.0,90,73.87,Signals are within normal range; maintain current strategy.
2026-09-13,UB-COLDBREW-1L,UB-COLDBREW,Cold Brew Concentrate,Coffee,1 L,Influencer Video,19796,610,3.081,554,802.9,25,33.487,25,-0.49,4,Stable,528,18.97,0,27.83,26886.42,11819.14,0,9350,7128,4543,2867,1662,2.389,347,42,51,33,610,69,12.455,38,26,1,3.846,4.098,5.057,5.899,47%,MAINTAIN,802.9,802.9,0.0,22.962,7521.29,17659.41,16.0,25.44,0.0,33.487,11819.14,-31.43,-36.36,0.0,82,63.72,Signals are within normal range; maintain current strategy.
2026-09-14,UB-COLDBREW-1L,UB-COLDBREW,Cold Brew Concentrate,Coffee,1 L,Influencer Video,12145,429,3.532,334,769.06,16,22.962,16,-1.85,1,Stable,504,25.44,0,19.81,17659.41,7521.29,0,6366,3501,3033,1653,1126,4.084,341,49,64,42,429,47,14.072,28,24,2,8.333,3.73,3.394,4.189,47%,MAINTAIN,769.06,769.06,0.0,18.618,6419.36,15440.6,13.0,33.15,0.0,22.962,7521.29,-18.92,-14.65,0.0,82,67.57,Signals are within normal range; maintain current strategy.
2026-09-15,UB-COLDBREW-1L,UB-COLDBREW,Cold Brew Concentrate,Coffee,1 L,Video,12762,433,3.393,336,829.35,13,18.618,13,5.28,4,Rising,480,33.15,0,14.48,15440.6,6419.36,31,5400,3883,2444,1081,517,1.128,97,15,18,14,433,45,13.393,27,22,1,4.545,3.002,1.187,1.188,47%,INCREASE_BUDGET,829.35,995.22,20.0,10.258,3567.23,9590.03,9.0,38.67,0.0,18.618,6419.36,-44.9,-44.43,0.0,90,70.06,"Strong ROAS, positive profit, rising sales and sufficient inventory."
2026-09-16,UB-COLDBREW-1L,UB-COLDBREW,Cold Brew Concentrate,Coffee,1 L,Video,11201,368,3.285,320,934.88,9,10.258,9,2.43,1,Stable,464,38.67,0,12.0,9590.03,3567.23,0,7052,4447,2888,1665,581,3.526,273,41,44,37,368,25,7.812,13,9,0,0.0,2.446,5.565,6.042,47%,MAINTAIN,934.88,934.88,0.0,20.822,8628.7,20474.69,20.0,15.09,0.0,10.258,3567.23,102.98,141.89,1.0,82,69.72,Signals are within normal range; maintain current strategy.
2026-09-17,UB-COLDBREW-1L,UB-COLDBREW,Cold Brew Concentrate,Coffee,1 L,Carousel,19290,441,2.286,385,983.3,20,20.822,20,3.59,1,Stable,438,15.09,0,29.03,20474.69,8628.7,0,0,0,0,0,0,1.949,250,47,48,31,441,66,17.143,39,30,1,3.333,4.535,4.951,5.756,47%,INCREASE_BUDGET,983.3,1179.96,20.0,18.542,7131.21,17161.82,17.0,17.2,0.0,20.822,8628.7,-10.95,-17.35,0.0,90,67.59,"Strong ROAS, positive profit, rising sales and sufficient inventory."
2026-09-18,UB-COLDBREW-1L,UB-COLDBREW,Cold Brew Concentrate,Coffee,1 L,Image,16370,446,2.724,362,925.54,17,18.542,17,-3.99,3,Stable,416,17.2,0,24.18,17161.82,7131.21,0,0,0,0,0,0,2.749,307,46,51,46,446,42,11.602,25,17,0,0.0,3.812,5.7,6.94,47%,MAINTAIN,925.54,925.54,0.0,12.47,4793.62,12314.63,12.0,27.61,0.0,18.542,7131.21,-32.75,-32.78,0.0,82,65.04,Signals are within normal range; maintain current strategy.
2026-09-19,UB-COLDBREW-1L,UB-COLDBREW,Cold Brew Concentrate,Coffee,1 L,Image,11859,312,2.631,216,987.58,12,12.47,12,21.99,1,Rising,397,27.61,0,14.38,12314.63,4793.62,0,0,0,0,0,0,1.686,140,19,24,17,312,43,19.907,21,17,0,0.0,3.846,4.962,5.405,47%,INCREASE_BUDGET,987.58,1185.1,20.0,18.036,7744.88,18706.8,17.0,17.18,0.0,12.47,4793.62,44.64,61.57,1.0,90,73.51,"Strong ROAS, positive profit, rising sales and sufficient inventory."
2026-09-20,UB-COLDBREW-1L,UB-COLDBREW,Cold Brew Concentrate,Coffee,1 L,Carousel,21238,732,3.447,540,1037.17,17,18.036,17,2.93,3,Stable,378,17.18,0,22.0,18706.8,7744.88,0,0,0,0,0,0,1.898,262,47,58,36,732,57,10.556,23,17,0,0.0,2.322,5.544,6.461,47%,MAINTAIN,1037.17,1037.17,0.0,18.825,9606.27,23073.26,18.0,16.05,0.0,18.036,7744.88,4.37,24.03,1.0,82,65.84,Signals are within normal range; maintain current strategy.
2026-09-21,UB-COLDBREW-1L,UB-COLDBREW,Cold Brew Concentrate,Coffee,1 L,Carousel,16845,486,2.885,382,1225.65,18,18.825,18,11.24,3,Rising,356,16.05,0,22.18,23073.26,9606.27,27,0,0,0,0,0,2.612,306,46,55,33,486,42,10.995,23,18,0,0.0,3.704,2.453,2.381,47%,INCREASE_BUDGET,1225.65,1470.78,20.0,19.429,7148.09,17101.14,15.0,18.21,0.0,18.825,9606.27,3.21,-25.59,1.0,90,66.12,"Strong ROAS, positive profit, rising sales and sufficient inventory."
2026-09-22,UB-COLDBREW-1L,UB-COLDBREW,Cold Brew Concentrate,Coffee,1 L,Video,14270,390,2.733,230,880.17,15,19.429,15,4.49,3,Stable,336,18.21,0,18.45,17101.14,7148.09,20,8231,5492,2245,1621,896,2.446,230,34,53,32,390,46,20.0,24,19,0,0.0,3.846,6.093,6.453,47%,INCREASE_BUDGET,880.17,1056.2,20.0,19.727,7214.72,17228.54,17.0,13.52,0.0,19.429,7148.09,1.53,0.93,1.0,90,69.56,"Strong ROAS, positive profit, rising sales and sufficient inventory."
2026-09-23,UB-COLDBREW-1L,UB-COLDBREW,Cold Brew Concentrate,Coffee,1 L,Image,19043,343,1.801,287,873.35,17,19.727,17,7.91,4,Rising,316,13.52,0,23.37,17228.54,7214.72,0,0,0,0,0,0,1.98,264,36,45,32,343,45,15.679,22,18,0,0.0,4.956,3.921,3.859,47%,INCREASE_BUDGET,873.35,1048.02,20.0,28.143,11715.13,26998.05,24.0,10.88,0.0,19.727,7214.72,42.66,62.38,1.0,90,68.2,"Strong ROAS, positive profit, rising sales and sufficient inventory."
2026-09-24,UB-COLDBREW-1L,UB-COLDBREW,Cold Brew Concentrate,Coffee,1 L,Video,15441,541,3.504,439,959.31,24,28.143,24,12.81,3,Rising,284,10.88,0,26.11,26998.05,11715.13,21,8576,6227,3461,1970,1537,3.594,386,61,62,46,541,63,14.351,29,25,1,4.0,4.436,3.851,4.377,47%,MAINTAIN,959.31,959.31,0.0,21.042,9948.77,23578.98,18.0,11.06,0.0,28.143,11715.13,-25.23,-15.08,0.0,90,63.92,Signals are within normal range; maintain current strategy.
2026-09-25,UB-COLDBREW-1L,UB-COLDBREW,Cold Brew Concentrate,Coffee,1 L,Video,19380,568,2.931,410,1120.57,18,21.042,18,5.67,4,Rising,264,11.06,0,23.86,23578.98,9948.77,51,9661,7016,4434,2927,1307,3.137,417,64,73,54,568,50,12.195,23,18,0,0.0,3.169,4.282,4.43,47%,INCREASE_BUDGET,1120.57,1344.68,20.0,8.896,3319.63,9297.38,9.0,22.85,0.0,21.042,9948.77,-57.72,-66.63,0.0,90,63.84,"Strong ROAS, positive profit, rising sales and sufficient inventory."
2026-09-26,UB-COLDBREW-1L,UB-COLDBREW,Cold Brew Concentrate,Coffee,1 L,Carousel,9581,329,3.434,236,1045.1,9,8.896,9,-5.13,0,Falling,250,22.85,0,10.94,9297.38,3319.63,0,0,0,0,0,0,3.549,237,34,40,29,329,20,8.475,10,9,0,0.0,2.736,3.661,4.384,47%,MAINTAIN,1045.1,1045.1,0.0,53.725,20132.06,44654.11,35.0,4.39,0.0,8.896,3319.63,503.92,506.45,1.0,82,59.53,Signals are within normal range; maintain current strategy.
2026-09-27,UB-COLDBREW-1L,UB-COLDBREW,Cold Brew Concentrate,Coffee,1 L,Video,24661,1025,4.156,717,831.16,35,53.725,35,4.92,3,Stable,209,4.39,0,47.63,44654.11,20132.06,51,9442,7978,4934,3059,1756,2.814,469,80,80,65,1025,108,15.063,58,50,2,4.0,3.415,4.152,3.71,47%,MAINTAIN,831.16,831.16,0.0,22.091,7487.78,17651.93,16.0,9.49,0.0,53.725,20132.06,-58.88,-62.81,0.0,82,61.68,Signals are within normal range; maintain current strategy.
2026-09-28,UB-COLDBREW-1L,UB-COLDBREW,Cold Brew Concentrate,Coffee,1 L,Video,14866,393,2.644,269,799.06,16,22.091,16,3.64,3,Stable,188,9.49,0,19.82,17651.93,7487.78,0,5914,4134,2372,964,556,2.442,247,36,49,31,393,43,15.985,23,18,1,5.556,4.071,6.497,7.859,47%,MAINTAIN,799.06,799.06,0.0,,,,,,,22.091,7487.78,,,,90,62.19,Signals are within normal range; maintain current strategy.
2026-09-01,UB-KIT-MINIKIT,UB-KIT,Brew Starter Kit,Gifts,Mini kit,Carousel,39048,2161,5.534,1671,2677.62,47,8.559,47,9.81,7,Rising,0,0.0,1,51.28,22919.0,6929.5,0,0,0,0,0,0,2.056,558,75,103,67,2161,127,7.6,70,53,7,13.208,2.175,5.838,7.042,42%,PROTECT_INVENTORY,2677.62,1740.45,-35.0,14.759,13231.82,37652.21,74.0,0.0,1.0,8.559,6929.5,72.44,90.95,1.0,82,58.53,Inventory is close to stockout; protect availability before scaling ads.
2026-09-02,UB-KIT-MINIKIT,UB-KIT,Brew Starter Kit,Gifts,Mini kit,Image,46194,2762,5.979,2104,2551.12,74,14.759,74,15.83,5,Rising,0,0.0,1,90.73,37652.21,13231.82,108,0,0,0,0,0,3.195,991,148,188,149,2762,202,9.601,99,79,4,5.063,2.679,5.772,7.97,42%,PROTECT_INVENTORY,2551.12,1658.23,-35.0,14.158,16192.63,46457.41,81.0,0.0,1.0,14.759,13231.82,-4.07,22.38,0.0,82,59.49,Inventory is close to stockout; protect availability before scaling ads.
2026-09-03,UB-KIT-MINIKIT,UB-KIT,Brew Starter Kit,Gifts,Mini kit,Video,36296,1995,5.496,1707,3281.25,81,14.158,81,23.69,7,Rising,0,0.0,1,93.07,46457.41,16192.63,171,22588,15348,11981,5537,3937,3.229,767,125,170,110,1995,184,10.779,106,90,7,7.778,4.06,3.173,3.731,42%,PROTECT_INVENTORY,3281.25,2132.81,-35.0,13.39,13617.29,39528.2,55.0,0.0,1.0,14.158,16192.63,-5.42,-15.9,0.0,82,63.63,Inventory is close to stockout; protect availability before scaling ads.
2026-09-04,UB-KIT-MINIKIT,UB-KIT,Brew Starter Kit,Gifts,Mini kit,Influencer Video,29416,1953,6.639,1356,2952.02,55,13.39,55,5.02,4,Rising,0,0.0,1,59.91,39528.2,13617.29,187,10325,7170,6639,4159,1827,2.424,476,73,104,60,1953,151,11.136,75,58,3,5.172,2.816,4.019,5.038,42%,PROTECT_INVENTORY,2952.02,1918.81,-35.0,19.229,17859.03,48639.35,87.0,0.0,1.0,13.39,13617.29,43.61,31.15,1.0,82,58.54,Inventory is close to stockout; protect availability before scaling ads.
2026-09-05,UB-KIT-MINIKIT,UB-KIT,Brew Starter Kit,Gifts,Mini kit,Video,43279,2030,4.69,1316,2529.47,87,19.229,87,17.22,14,Rising,0,0.0,1,95.13,48639.35,17859.03,55,24492,16665,9945,5826,3497,3.461,1069,118,189,122,2030,193,14.666,124,101,9,8.911,4.286,5.497,7.155,42%,PROTECT_INVENTORY,2529.47,1644.16,-35.0,14.666,10413.32,29668.24,33.0,0.0,1.0,19.229,17859.03,-23.73,-41.69,0.0,82,63.65,Inventory is close to stockout; protect availability before scaling ads.
2026-09-06,UB-KIT-MINIKIT,UB-KIT,Brew Starter Kit,Gifts,Mini kit,Video,41693,2532,6.073,1331,2022.92,33,14.666,33,9.36,5,Rising,0,0.0,1,38.64,29668.24,10413.32,224,17470,12873,9510,6136,3838,3.816,1019,166,245,161,2532,126,9.467,44,34,1,2.941,1.303,3.336,3.843,42%,PROTECT_INVENTORY,2022.92,1314.9,-35.0,8.356,6308.88,21064.38,44.0,0.0,1.0,14.666,10413.32,-43.02,-39.42,0.0,74,59.91,Inventory is close to stockout; protect availability before scaling ads.
2026-09-07,UB-KIT-MINIKIT,UB-KIT,Brew Starter Kit,Gifts,Mini kit,Influencer Video,33600,1629,4.848,1083,2520.82,44,8.356,44,11.19,7,Rising,0,0.0,1,45.53,21064.38,6308.88,0,17030,14184,10174,6212,2970,3.705,842,126,173,104,1629,132,12.188,52,46,3,6.522,2.701,4.559,5.388,42%,PROTECT_INVENTORY,2520.82,1638.53,-35.0,7.61,5609.4,19492.24,40.0,0.0,1.0,8.356,6308.88,-8.93,-11.09,0.0,82,62.12,Inventory is close to stockout; protect availability before scaling ads.
2026-09-08,UB-KIT-MINIKIT,UB-KIT,Brew Starter Kit,Gifts,Mini kit,Video,19602,1021,5.209,814,2561.3,40,7.61,40,-1.36,5,Stable,0,0.0,1,43.41,19492.24,5609.4,0,9460,6473,5205,3413,2102,1.153,154,23,29,20,1021,117,14.373,66,59,3,5.085,3.918,4.262,4.917,42%,PROTECT_INVENTORY,2561.3,1664.85,-35.0,14.02,16976.25,48803.6,99.0,0.0,1.0,7.61,5609.4,84.23,202.64,1.0,74,60.86,Inventory is close to stockout; protect availability before scaling ads.
2026-09-09,UB-KIT-MINIKIT,UB-KIT,Brew Starter Kit,Gifts,Mini kit,Image,58427,3366,5.761,2214,3481.1,99,14.02,99,8.93,6,Rising,0,0.0,1,104.59,48803.6,16976.25,0,0,0,0,0,0,1.729,697,112,114,87,3366,293,13.234,156,117,9,7.692,2.941,6.557,7.965,42%,PROTECT_INVENTORY,3481.1,2262.72,-35.0,13.468,11531.14,33430.69,50.0,0.0,1.0,14.02,16976.25,-3.94,-32.07,0.0,82,61.52,Inventory is close to stockout; protect availability before scaling ads.
2026-09-10,UB-KIT-MINIKIT,UB-KIT,Brew Starter Kit,Gifts,Mini kit,Video,24801,1501,6.052,1170,2482.24,50,13.468,50,11.8,7,Rising,0,0.0,1,61.91,33430.69,11531.14,126,13091,11444,8841,4214,1981,3.145,530,82,102,66,1501,139,11.88,59,52,1,1.923,3.331,3.447,4.765,42%,PROTECT_INVENTORY,2482.24,1613.46,-35.0,11.569,11206.19,33678.88,46.0,0.0,1.0,13.468,11531.14,-14.1,-2.82,0.0,82,61.17,Inventory is close to stockout; protect availability before scaling ads.
2026-09-11,UB-KIT-MINIKIT,UB-KIT,Brew Starter Kit,Gifts,Mini kit,Influencer Video,32623,1543,4.73,1187,2911.22,46,11.569,46,-1.27,4,Stable,0,0.0,1,58.0,33678.88,11206.19,145,16891,12999,9040,3459,2192,2.838,634,91,119,82,1543,213,17.944,117,101,7,6.931,2.981,6.14,7.98,42%,PROTECT_INVENTORY,2911.22,1892.29,-35.0,9.421,7062.59,22561.62,33.0,14.91,0.0,11.569,11206.19,-18.57,-36.98,0.0,74,64.19,Inventory is close to stockout; protect availability before scaling ads.
2026-09-12,UB-KIT-MINIKIT,UB-KIT,Brew Starter Kit,Gifts,Mini kit,Video,23825,1306,5.482,1028,2394.72,33,9.421,33,-8.05,6,Falling,699,14.91,0,46.88,22561.62,7062.59,104,11380,9592,6137,4215,2754,2.241,371,50,64,49,1306,103,10.019,48,35,1,2.857,2.527,3.639,4.661,42%,MAINTAIN,2394.72,2394.72,0.0,13.921,14904.51,42910.12,82.0,7.35,0.0,9.421,7062.59,47.77,111.03,1.0,82,68.03,Signals are within normal range; maintain current strategy.
2026-09-13,UB-KIT-MINIKIT,UB-KIT,Brew Starter Kit,Gifts,Mini kit,Video,30915,2144,6.935,1498,3082.43,82,13.921,82,1.31,9,Stable,645,7.35,0,87.76,42910.12,14904.51,0,20734,17511,9421,5077,3494,3.468,731,110,143,88,2144,213,14.219,100,92,9,9.783,3.825,4.827,6.139,42%,MAINTAIN,3082.43,3082.43,0.0,14.929,11881.01,33734.32,60.0,8.74,0.0,13.921,14904.51,7.24,-20.29,1.0,90,65.83,Signals are within normal range; maintain current strategy.
2026-09-14,UB-KIT-MINIKIT,UB-KIT,Brew Starter Kit,Gifts,Mini kit,Influencer Video,39128,2157,5.513,1404,2259.64,60,14.929,60,-0.14,4,Stable,604,8.74,0,69.12,33734.32,11881.01,133,16875,12530,7411,4021,1771,2.852,731,122,152,111,2157,194,13.818,76,63,3,4.762,2.782,3.271,3.766,42%,MAINTAIN,2259.64,2259.64,0.0,8.614,7392.55,24390.7,47.0,9.2,0.0,14.929,11881.01,-42.3,-37.78,0.0,82,67.0,Signals are within normal range; maintain current strategy.
2026-09-15,UB-KIT-MINIKIT,UB-KIT,Brew Starter Kit,Gifts,Mini kit,Video,33873,1674,4.942,1405,2831.47,47,8.614,47,7.49,5,Rising,567,9.2,0,61.63,24390.7,7392.55,0,13311,9177,8816,4163,2114,1.795,420,64,71,53,1674,128,9.11,57,49,3,6.122,2.808,5.283,6.328,42%,INCREASE_BUDGET,2831.47,3397.76,20.0,18.062,17941.73,49315.85,87.0,4.69,0.0,8.614,7392.55,109.68,142.7,1.0,90,66.76,"Strong ROAS, positive profit, rising sales and sufficient inventory."
2026-09-16,UB-KIT-MINIKIT,UB-KIT,Brew Starter Kit,Gifts,Mini kit,Influencer Video,48578,2504,5.155,2080,2730.34,87,18.062,87,4.04,12,Stable,489,4.69,0,104.25,49315.85,17941.73,215,28271,20292,19002,12888,6004,4.871,1515,269,329,253,2504,231,11.106,107,91,4,4.396,3.474,5.632,6.946,42%,MAINTAIN,2730.34,2730.34,0.0,13.449,11448.1,33200.02,69.0,5.29,0.0,18.062,17941.73,-25.54,-36.19,0.0,82,62.33,Signals are within normal range; maintain current strategy.
2026-09-17,UB-KIT-MINIKIT,UB-KIT,Brew Starter Kit,Gifts,Mini kit,Image,42794,2160,5.047,1543,2468.59,69,13.449,69,1.95,11,Stable,433,5.29,0,81.92,33200.02,11448.1,0,0,0,0,0,0,3.496,1014,153,202,127,2160,172,11.147,102,73,4,5.479,3.194,4.028,5.151,42%,MAINTAIN,2468.59,2468.59,0.0,15.403,12376.58,34936.9,67.0,4.2,0.0,13.449,11448.1,14.53,8.11,1.0,90,63.89,Signals are within normal range; maintain current strategy.
2026-09-18,UB-KIT-MINIKIT,UB-KIT,Brew Starter Kit,Gifts,Mini kit,Influencer Video,41367,2173,5.253,1608,2268.17,67,15.403,67,3.74,4,Stable,391,4.2,0,93.19,34936.9,12376.58,0,16775,12404,8343,4294,3156,1.743,500,62,90,69,2173,183,11.381,81,70,3,4.286,3.083,3.847,5.05,42%,MAINTAIN,2268.17,2268.17,0.0,17.987,13620.6,37462.32,79.0,3.56,0.0,15.403,12376.58,16.78,10.05,1.0,90,63.44,Signals are within normal range; maintain current strategy.
2026-09-19,UB-KIT-MINIKIT,UB-KIT,Brew Starter Kit,Gifts,Mini kit,Image,44262,2100,4.744,1478,2082.74,79,17.987,79,1.17,9,Stable,334,3.56,0,93.71,37462.32,13620.6,0,0,0,0,0,0,3.319,1026,132,189,122,2100,168,11.367,108,83,3,3.614,3.762,3.89,4.37,42%,MAINTAIN,2082.74,2082.74,0.0,8.504,7748.82,25693.5,51.0,5.24,0.0,17.987,13620.6,-52.72,-43.11,0.0,82,60.38,Signals are within normal range; maintain current strategy.
2026-09-20,UB-KIT-MINIKIT,UB-KIT,Brew Starter Kit,Gifts,Mini kit,Carousel,27056,1305,4.823,1064,3021.3,51,8.504,51,6.0,7,Rising,295,5.24,0,56.32,25693.5,7748.82,0,0,0,0,0,0,3.936,751,89,138,87,1305,147,13.816,78,61,4,6.557,3.908,4.185,5.949,42%,MAINTAIN,3021.3,3021.3,0.0,9.892,9011.06,28328.67,54.0,4.41,0.0,8.504,7748.82,16.32,16.29,1.0,90,64.26,Signals are within normal range; maintain current strategy.
2026-09-21,UB-KIT-MINIKIT,UB-KIT,Brew Starter Kit,Gifts,Mini kit,Influencer Video,29395,1634,5.559,1362,2863.67,54,9.892,54,0.63,3,Stable,259,4.41,0,58.77,28328.67,9011.06,0,12630,7853,7343,4054,1961,3.453,691,94,134,96,1634,187,13.73,105,73,6,8.219,3.305,4.591,5.668,42%,MAINTAIN,2863.67,2863.67,0.0,15.287,11152.87,31526.43,65.0,2.6,0.0,9.892,9011.06,54.54,23.77,1.0,90,63.99,Signals are within normal range; maintain current strategy.
2026-09-22,UB-KIT-MINIKIT,UB-KIT,Brew Starter Kit,Gifts,Mini kit,Image,39545,2172,5.492,1561,2062.29,65,15.287,65,10.54,4,Rising,212,2.6,0,81.48,31526.43,11152.87,0,0,0,0,0,0,3.126,877,131,118,110,2172,182,11.659,74,68,3,4.412,2.993,2.078,2.437,42%,MAINTAIN,2062.29,2062.29,0.0,12.179,9728.07,28860.56,60.0,2.07,0.0,15.287,11152.87,-20.33,-12.78,0.0,82,62.6,Signals are within normal range; maintain current strategy.
2026-09-23,UB-KIT-MINIKIT,UB-KIT,Brew Starter Kit,Gifts,Mini kit,Video,30924,1656,5.355,1475,2369.61,60,12.179,60,10.58,8,Rising,155,2.07,0,75.03,28860.56,9728.07,0,12007,8864,5921,4629,2021,2.477,541,72,85,68,1656,200,13.559,95,80,4,5.0,3.623,3.471,4.072,42%,PROTECT_INVENTORY,2369.61,1540.25,-35.0,14.885,11177.59,31754.98,63.0,1.64,0.0,12.179,9728.07,22.22,14.9,1.0,82,65.12,Inventory is close to stockout; protect availability before scaling ads.
2026-09-24,UB-KIT-MINIKIT,UB-KIT,Brew Starter Kit,Gifts,Mini kit,Influencer Video,41144,1802,4.38,1161,2133.37,63,14.885,63,6.49,7,Rising,112,1.64,0,68.22,31754.98,11177.59,0,18240,11307,4915,2882,1712,3.109,916,107,146,110,1802,154,13.264,90,71,4,5.634,3.496,3.298,3.54,42%,PROTECT_INVENTORY,2133.37,1386.69,-35.0,8.049,6211.17,21059.5,31.0,2.3,0.0,14.885,11177.59,-45.93,-44.43,0.0,82,61.18,Inventory is close to stockout; protect availability before scaling ads.
2026-09-25,UB-KIT-MINIKIT,UB-KIT,Brew Starter Kit,Gifts,Mini kit,Influencer Video,26735,1035,3.871,1002,2616.49,31,8.049,31,7.31,5,Rising,80,2.3,0,34.77,21059.5,6211.17,94,10923,7968,5673,3402,1889,2.428,466,64,69,50,1035,78,7.784,38,34,3,8.824,2.995,2.549,2.224,42%,PROTECT_INVENTORY,2616.49,1700.72,-35.0,14.565,13622.37,38863.55,76.0,0.32,0.0,8.049,6211.17,80.95,119.32,1.0,82,59.58,Inventory is close to stockout; protect availability before scaling ads.
2026-09-26,UB-KIT-MINIKIT,UB-KIT,Brew Starter Kit,Gifts,Mini kit,Video,41600,2223,5.344,1793,2668.34,76,14.565,76,15.1,11,Rising,31,0.32,0,96.78,38863.55,13622.37,0,20547,15854,10236,7797,4669,2.647,750,121,139,91,2223,242,13.497,135,105,9,8.571,3.419,5.233,7.023,42%,PROTECT_INVENTORY,2668.34,1734.42,-35.0,11.895,9733.42,29045.33,56.0,0.0,1.0,14.565,13622.37,-18.33,-28.55,0.0,82,64.13,Inventory is close to stockout; protect availability before scaling ads.
2026-09-27,UB-KIT-MINIKIT,UB-KIT,Brew Starter Kit,Gifts,Mini kit,Image,27244,1324,4.86,1068,2441.72,56,11.895,56,13.64,4,Rising,0,0.0,1,71.55,29045.33,9733.42,0,0,0,0,0,0,3.23,596,84,120,80,1324,182,17.041,84,65,1,1.538,4.23,5.315,6.097,42%,PROTECT_INVENTORY,2441.72,1587.12,-35.0,14.848,10423.81,29627.66,59.0,0.0,1.0,11.895,9733.42,24.83,7.09,1.0,82,64.99,Inventory is close to stockout; protect availability before scaling ads.
2026-09-28,UB-KIT-MINIKIT,UB-KIT,Brew Starter Kit,Gifts,Mini kit,Influencer Video,42107,2462,5.847,1894,1995.42,59,14.848,59,13.2,4,Rising,0,0.0,1,68.18,29627.66,10423.81,0,18505,11494,8915,5259,3232,3.662,1089,139,178,136,2462,227,11.985,76,64,4,6.25,2.396,4.758,6.075,42%,PROTECT_INVENTORY,1995.42,1297.02,-35.0,,,,,,,14.848,10423.81,,,,82,62.55,Inventory is close to stockout; protect availability before scaling ads.
2026-09-01,UB-KIT-FULLKIT,UB-KIT,Brew Starter Kit,Gifts,Full kit,Carousel,17604,694,3.942,581,1665.11,18,8.667,18,0.48,2,Stable,1369,59.06,0,23.18,14431.06,5825.42,0,0,0,0,0,0,3.749,461,65,78,56,694,53,9.122,25,20,1,5.0,2.594,5.683,5.548,52%,MAINTAIN,1665.11,1665.11,0.0,12.071,7424.05,17019.25,16.0,64.18,0.0,8.667,5825.42,39.28,27.44,1.0,82,65.8,Signals are within normal range; maintain current strategy.
2026-09-02,UB-KIT-FULLKIT,UB-KIT,Brew Starter Kit,Gifts,Full kit,Influencer Video,14659,526,3.588,376,1409.9,16,12.071,16,3.83,1,Stable,1245,64.18,0,19.4,17019.25,7424.05,43,6685,4079,2477,1111,670,2.947,290,43,56,43,526,51,13.564,22,16,0,0.0,3.042,3.16,3.41,52%,INCREASE_BUDGET,1409.9,1691.88,20.0,15.137,7971.01,17596.33,19.0,61.2,0.0,12.071,7424.05,25.4,7.37,1.0,90,72.45,"Strong ROAS, positive profit, rising sales and sufficient inventory."
2026-09-03,UB-KIT-FULLKIT,UB-KIT,Brew Starter Kit,Gifts,Full kit,Video,20168,572,2.836,426,1162.47,19,15.137,19,-0.03,2,Stable,1240,61.2,0,20.26,17596.33,7971.01,20,8289,6325,4910,3451,2342,2.568,370,44,56,48,572,76,17.84,45,35,4,11.429,3.322,6.438,6.899,52%,FIX_PAYMENT,1162.47,1162.47,0.0,18.554,14153.67,30427.53,30.0,41.75,0.0,15.137,7971.01,22.57,77.56,1.0,82,72.84,Payment failure rate is unusually high; conversion is leaking at payment.
2026-09-04,UB-KIT-FULLKIT,UB-KIT,Brew Starter Kit,Gifts,Full kit,Image,24112,864,3.583,556,1639.92,30,18.554,30,3.07,9,Stable,1759,41.75,0,42.13,30427.53,14153.67,75,0,0,0,0,0,2.721,434,73,89,60,864,76,13.669,39,30,0,0.0,3.472,3.658,3.909,52%,INCREASE_BUDGET,1639.92,1967.9,20.0,11.44,10592.74,24540.33,30.0,43.92,0.0,18.554,14153.67,-38.34,-25.16,0.0,90,64.7,"Strong ROAS, positive profit, rising sales and sufficient inventory."
2026-09-05,UB-KIT-FULLKIT,UB-KIT,Brew Starter Kit,Gifts,Full kit,Video,20753,836,4.028,533,2145.07,30,11.44,30,7.56,5,Rising,1494,43.92,0,34.02,24540.33,10592.74,0,5834,4443,2886,1614,831,4.038,595,82,93,68,836,97,18.199,42,35,2,5.714,3.589,4.438,5.492,52%,INCREASE_BUDGET,2145.07,2574.08,20.0,13.62,9409.14,21114.06,20.0,49.26,0.0,11.44,10592.74,19.06,-11.17,1.0,90,65.82,"Strong ROAS, positive profit, rising sales and sufficient inventory."
2026-09-06,UB-KIT-FULLKIT,UB-KIT,Brew Starter Kit,Gifts,Full kit,Carousel,21584,476,2.205,409,1550.24,20,13.62,20,9.27,5,Rising,1226,49.26,0,24.89,21114.06,9409.14,29,0,0,0,0,0,2.354,361,47,58,42,476,66,16.137,28,23,1,4.348,4.202,5.361,5.283,52%,INCREASE_BUDGET,1550.24,1860.29,20.0,8.412,5242.8,13100.98,16.0,53.83,0.0,13.62,9409.14,-38.24,-44.28,0.0,90,68.52,"Strong ROAS, positive profit, rising sales and sufficient inventory."
2026-09-07,UB-KIT-FULLKIT,UB-KIT,Brew Starter Kit,Gifts,Full kit,Video,12455,500,4.014,265,1557.34,16,8.412,16,-6.4,1,Falling,1068,53.83,0,19.84,13100.98,5242.8,0,6224,4436,2853,1667,920,2.601,219,33,41,31,500,36,13.585,19,16,0,0.0,3.2,5.064,4.889,52%,MAINTAIN,1557.34,1557.34,0.0,8.091,5209.65,13173.34,15.0,51.76,0.0,8.412,5242.8,-3.82,-0.63,0.0,82,60.01,Signals are within normal range; maintain current strategy.
2026-09-08,UB-KIT-FULLKIT,UB-KIT,Brew Starter Kit,Gifts,Full kit,Image,10659,281,2.636,251,1628.05,15,8.091,15,-12.06,4,Falling,1057,51.76,0,20.42,13173.34,5209.65,9,0,0,0,0,0,1.351,101,14,17,12,281,51,20.319,29,21,1,4.762,5.338,6.066,6.191,52%,MAINTAIN,1628.05,1628.05,0.0,11.801,9909.89,22817.1,29.0,40.02,0.0,8.091,5209.65,45.85,90.22,1.0,82,66.02,Signals are within normal range; maintain current strategy.
2026-09-09,UB-KIT-FULLKIT,UB-KIT,Brew Starter Kit,Gifts,Full kit,Video,18581,560,3.014,415,1933.46,29,11.801,29,1.71,7,Stable,1363,40.02,0,34.06,22817.1,9909.89,0,8630,6165,3480,2063,1137,3.579,473,64,70,58,560,77,18.554,35,29,0,0.0,5.179,2.957,2.973,52%,MAINTAIN,1933.46,1933.46,0.0,12.629,8231.46,18713.27,24.0,40.03,0.0,11.801,9909.89,7.02,-16.94,1.0,90,64.04,Signals are within normal range; maintain current strategy.
2026-09-10,UB-KIT-FULLKIT,UB-KIT,Brew Starter Kit,Gifts,Full kit,Video,21569,746,3.459,516,1481.78,24,12.629,24,2.65,2,Stable,1269,40.03,0,31.7,18713.27,8231.46,0,7980,6641,3372,2414,1075,2.318,346,47,60,47,746,60,11.628,32,26,1,3.846,3.217,7.143,7.862,52%,MAINTAIN,1481.78,1481.78,0.0,10.962,9214.47,21537.79,26.0,39.78,0.0,12.629,8231.46,-13.2,11.94,0.0,90,63.9,Signals are within normal range; maintain current strategy.
2026-09-11,UB-KIT-FULLKIT,UB-KIT,Brew Starter Kit,Gifts,Full kit,Video,30063,752,2.501,742,1964.85,26,10.962,26,5.06,7,Rising,1185,39.78,0,29.79,21537.79,9214.47,0,15061,9122,6582,4687,2933,3.296,689,91,123,88,752,83,11.186,41,28,2,7.143,3.457,2.894,3.355,52%,INCREASE_BUDGET,1964.85,2357.82,20.0,16.033,10693.32,23415.08,30.0,35.3,0.0,10.962,9214.47,46.26,16.05,1.0,90,62.46,"Strong ROAS, positive profit, rising sales and sufficient inventory."
2026-09-12,UB-KIT-FULLKIT,UB-KIT,Brew Starter Kit,Gifts,Full kit,Video,16459,623,3.785,467,1460.42,30,16.033,30,5.15,6,Rising,1411,35.3,0,39.97,23415.08,10693.32,0,8130,6679,4429,2057,855,3.876,430,70,89,49,623,93,19.914,54,45,2,4.444,4.815,6.638,7.065,52%,INCREASE_BUDGET,1460.42,1752.5,20.0,13.406,8923.47,20076.9,22.0,39.43,0.0,16.033,10693.32,-16.38,-16.55,0.0,90,64.64,"Strong ROAS, positive profit, rising sales and sufficient inventory."
2026-09-13,UB-KIT-FULLKIT,UB-KIT,Brew Starter Kit,Gifts,Full kit,Image,15846,464,2.928,410,1497.57,22,13.406,22,10.65,5,Rising,992,39.43,0,25.16,20076.9,8923.47,19,0,0,0,0,0,3.345,355,56,72,47,464,80,19.512,44,35,2,5.714,4.741,5.833,5.846,52%,MAINTAIN,1497.57,1497.57,0.0,16.878,11844.49,25759.74,22.0,37.79,0.0,13.406,8923.47,25.9,32.73,1.0,90,66.03,Signals are within normal range; maintain current strategy.
2026-09-14,UB-KIT-FULLKIT,UB-KIT,Brew Starter Kit,Gifts,Full kit,Carousel,21311,616,2.891,436,1526.26,22,16.878,22,2.5,2,Stable,984,37.79,0,26.04,25759.74,11844.49,58,0,0,0,0,0,2.553,373,54,65,52,616,63,14.45,28,23,1,4.348,3.571,6.863,7.065,52%,MAINTAIN,1526.26,1526.26,0.0,8.009,3913.26,9927.32,12.0,42.91,0.0,16.878,11844.49,-52.55,-66.96,0.0,90,61.59,Signals are within normal range; maintain current strategy.
2026-09-15,UB-KIT-FULLKIT,UB-KIT,Brew Starter Kit,Gifts,Full kit,Image,11465,499,4.352,339,1239.58,12,8.009,12,14.89,1,Rising,726,42.91,0,16.92,9927.32,3913.26,0,0,0,0,0,0,3.149,265,31,38,27,499,56,16.519,17,13,1,7.692,2.405,3.897,4.721,52%,INCREASE_BUDGET,1239.58,1487.5,20.0,14.802,10768.31,23850.08,28.0,32.81,0.0,8.009,3913.26,84.82,175.17,1.0,90,63.78,"Strong ROAS, positive profit, rising sales and sufficient inventory."
2026-09-16,UB-KIT-FULLKIT,UB-KIT,Brew Starter Kit,Gifts,Full kit,Image,27911,669,2.397,574,1611.22,28,14.802,28,11.47,5,Rising,1150,32.81,0,35.05,23850.08,10768.31,0,0,0,0,0,0,2.719,526,73,91,69,669,89,15.505,45,36,2,5.556,4.185,1.353,1.204,52%,MAINTAIN,1611.22,1611.22,0.0,15.508,10528.41,23161.17,30.0,31.22,0.0,14.802,10768.31,4.77,-2.23,1.0,82,65.21,Signals are within normal range; maintain current strategy.
2026-09-17,UB-KIT-FULLKIT,UB-KIT,Brew Starter Kit,Gifts,Full kit,Video,22826,773,3.386,595,1493.54,30,15.508,30,13.95,2,Rising,1153,31.22,0,36.93,23161.17,10528.41,0,11571,8734,4961,3067,1488,2.668,419,63,82,45,773,98,16.471,58,45,2,4.444,3.881,4.96,6.051,52%,MAINTAIN,1493.54,1493.54,0.0,8.736,5616.66,13882.23,17.0,32.63,0.0,15.508,10528.41,-43.67,-46.65,0.0,82,63.58,Signals are within normal range; maintain current strategy.
2026-09-18,UB-KIT-FULLKIT,UB-KIT,Brew Starter Kit,Gifts,Full kit,Image,23218,589,2.537,456,1589.0,17,8.736,17,25.92,2,Rising,801,32.63,0,24.55,13882.23,5616.66,0,0,0,0,0,0,1.464,233,38,37,32,589,54,11.842,23,18,1,5.556,2.886,5.816,6.14,52%,MAINTAIN,1589.0,1589.0,0.0,9.65,5216.65,12557.13,13.0,34.54,0.0,8.736,5616.66,10.46,-7.12,1.0,82,64.08,Signals are within normal range; maintain current strategy.
2026-09-19,UB-KIT-FULLKIT,UB-KIT,Brew Starter Kit,Gifts,Full kit,Influencer Video,11499,368,3.2,350,1301.2,13,9.65,13,0.3,1,Stable,564,34.54,0,16.33,12557.13,5216.65,24,6082,4064,2358,1563,526,3.192,252,33,51,31,368,32,9.143,17,13,0,0.0,3.533,6.036,5.599,52%,MAINTAIN,1301.2,1301.2,0.0,12.802,7982.14,18102.47,22.0,30.35,0.0,9.65,5216.65,32.66,53.01,1.0,82,59.1,Signals are within normal range; maintain current strategy.
2026-09-20,UB-KIT-FULLKIT,UB-KIT,Brew Starter Kit,Gifts,Full kit,Video,17486,448,2.562,368,1414.06,22,12.802,22,4.42,5,Stable,760,30.35,0,25.04,18102.47,7982.14,0,8119,4935,2950,2107,839,2.797,338,52,56,43,448,71,19.293,36,32,2,6.25,4.911,7.896,9.07,52%,PROTECT_INVENTORY,1414.06,919.14,-35.0,22.935,12363.45,26003.46,26.0,27.95,0.0,12.802,7982.14,79.15,54.89,1.0,82,60.85,Inventory is close to stockout; protect availability before scaling ads.
2026-09-21,UB-KIT-FULLKIT,UB-KIT,Brew Starter Kit,Gifts,Full kit,Influencer Video,29503,1044,3.539,870,1133.8,26,22.935,26,2.08,6,Stable,940,27.95,0,33.63,26003.46,12363.45,80,10843,10365,8285,4837,2813,2.661,550,84,92,59,1044,137,15.747,85,72,4,5.556,2.49,5.136,5.449,52%,PROTECT_INVENTORY,1133.8,736.97,-35.0,13.372,9627.62,21670.63,25.0,27.08,0.0,22.935,12363.45,-41.7,-22.13,0.0,82,61.24,Inventory is close to stockout; protect availability before scaling ads.
2026-09-22,UB-KIT-FULLKIT,UB-KIT,Brew Starter Kit,Gifts,Full kit,Video,25894,830,3.205,516,1620.65,25,13.372,25,18.85,4,Rising,746,27.08,0,27.55,21670.63,9627.62,40,10818,8280,5279,2874,1312,3.719,690,83,110,80,830,56,10.853,34,26,1,3.846,3.012,5.89,5.876,52%,PROTECT_INVENTORY,1620.65,1053.42,-35.0,9.268,7112.28,17298.37,20.0,25.92,0.0,13.372,9627.62,-30.69,-26.13,0.0,82,59.2,Inventory is close to stockout; protect availability before scaling ads.
2026-09-23,UB-KIT-FULLKIT,UB-KIT,Brew Starter Kit,Gifts,Full kit,Video,15445,568,3.678,339,1866.54,20,9.268,20,15.54,2,Rising,691,25.92,0,26.66,17298.37,7112.28,21,11675,6998,5653,2715,1470,3.179,335,51,64,41,568,85,25.074,46,38,1,2.632,3.521,6.487,7.112,52%,PROTECT_INVENTORY,1866.54,1213.25,-35.0,9.124,6479.51,15824.73,19.0,25.83,0.0,9.268,7112.28,-1.55,-8.9,0.0,82,64.99,Inventory is close to stockout; protect availability before scaling ads.
2026-09-24,UB-KIT-FULLKIT,UB-KIT,Brew Starter Kit,Gifts,Full kit,Image,17787,599,3.368,613,1734.41,19,9.124,19,7.78,4,Rising,658,25.83,0,25.47,15824.73,6479.51,0,0,0,0,0,0,1.282,163,19,27,19,599,68,11.093,30,25,1,4.0,3.172,5.881,6.616,52%,PROTECT_INVENTORY,1734.41,1127.37,-35.0,17.226,13077.7,28367.87,34.0,25.83,0.0,9.124,6479.51,88.8,101.83,1.0,82,59.29,Inventory is close to stockout; protect availability before scaling ads.
2026-09-25,UB-KIT-FULLKIT,UB-KIT,Brew Starter Kit,Gifts,Full kit,Image,22490,925,4.113,737,1646.82,34,17.226,34,7.17,6,Rising,1021,25.83,0,39.53,28367.87,13077.7,0,0,0,0,0,0,3.259,513,63,98,59,925,111,15.061,58,49,3,6.122,3.676,6.468,7.473,52%,PROTECT_INVENTORY,1646.82,1070.43,-35.0,15.505,14204.7,31249.31,36.0,25.83,0.0,17.226,13077.7,-9.99,8.62,0.0,82,61.37,Inventory is close to stockout; protect availability before scaling ads.
2026-09-26,UB-KIT-FULLKIT,UB-KIT,Brew Starter Kit,Gifts,Full kit,Video,24347,999,4.103,730,2015.44,36,15.505,36,-3.78,10,Stable,1076,25.83,0,41.66,31249.31,14204.7,38,17473,10538,5463,4145,1913,3.795,654,81,114,75,999,121,16.575,56,38,2,5.263,3.604,4.066,3.876,52%,PROTECT_INVENTORY,2015.44,1310.04,-35.0,10.786,8948.34,20988.48,25.0,25.82,0.0,15.505,14204.7,-30.44,-37.0,0.0,74,57.32,Inventory is close to stockout; protect availability before scaling ads.
2026-09-27,UB-KIT-FULLKIT,UB-KIT,Brew Starter Kit,Gifts,Full kit,Image,18961,697,3.676,485,1945.86,25,10.786,25,7.2,2,Rising,799,25.82,0,30.94,20988.48,8948.34,0,0,0,0,0,0,3.307,404,64,91,68,697,54,11.134,31,26,1,3.846,3.587,4.053,4.478,52%,PROTECT_INVENTORY,1945.86,1264.81,-35.0,10.826,6948.55,16284.91,18.0,61.89,0.0,10.786,8948.34,0.37,-22.35,1.0,82,56.65,Inventory is close to stockout; protect availability before scaling ads.
2026-09-28,UB-KIT-FULLKIT,UB-KIT,Brew Starter Kit,Gifts,Full kit,Image,19723,623,3.159,450,1504.23,18,10.826,18,11.04,2,Rising,1361,61.89,0,21.99,16284.91,6948.55,47,0,0,0,0,0,2.221,299,43,60,36,623,79,17.556,50,39,2,5.128,2.889,3.758,3.874,52%,INCREASE_BUDGET,1504.23,1805.08,20.0,,,,,,,10.826,6948.55,,,,90,75.54,"Strong ROAS, positive profit, rising sales and sufficient inventory."
2026-09-01,UB-ARABICA-250G,UB-ARABICA,Arabica Whole Beans,Coffee,250 g,Video,19893,1289,6.48,1160,1648.05,90,16.965,90,13.92,13,Rising,4779,46.45,0,102.89,27958.81,7017.31,80,7512,5544,2436,2046,1087,2.599,370,48,60,39,1289,192,16.552,107,96,5,5.208,6.982,6.245,4.516,31%,INCREASE_BUDGET,1648.05,1977.66,20.0,19.544,8419.5,32537.01,119.0,43.15,0.0,16.965,7017.31,15.2,19.98,1.0,90,66.22,"Strong ROAS, positive profit, rising sales and sufficient inventory."
2026-09-02,UB-ARABICA-250G,UB-ARABICA,Arabica Whole Beans,Coffee,250 g,Influencer Video,34853,2138,6.134,1513,1664.8,119,19.544,119,-0.23,23,Stable,6317,43.15,0,146.4,32537.01,8419.5,0,18241,14846,11284,6436,2845,2.244,535,86,94,67,2138,258,17.052,154,127,7,5.512,5.566,6.815,4.504,31%,MAINTAIN,1664.8,1664.8,0.0,10.059,3546.38,16845.53,66.0,46.57,0.0,19.544,8419.5,-48.53,-57.88,0.0,74,62.66,Signals are within normal range; maintain current strategy.
2026-09-03,UB-ARABICA-250G,UB-ARABICA,Arabica Whole Beans,Coffee,250 g,Video,21214,1149,5.416,1077,1674.61,66,10.059,66,14.24,13,Rising,3684,46.57,0,79.11,16845.53,3546.38,0,9342,6482,4524,2654,2191,2.824,422,60,69,48,1149,176,16.342,91,72,0,0.0,5.744,8.36,5.796,31%,INCREASE_BUDGET,1674.61,2009.53,20.0,15.157,6794.14,27849.74,93.0,43.66,0.0,10.059,3546.38,50.68,91.58,1.0,90,67.31,"Strong ROAS, positive profit, rising sales and sufficient inventory."
2026-09-04,UB-ARABICA-250G,UB-ARABICA,Arabica Whole Beans,Coffee,250 g,Image,24286,1216,5.007,1004,1837.42,93,15.157,93,-0.59,6,Stable,4553,43.66,0,104.28,27849.74,6794.14,58,0,0,0,0,0,3.339,543,94,105,69,1216,181,18.028,108,95,1,1.053,7.648,3.923,2.066,31%,MAINTAIN,1837.42,1837.42,0.0,10.548,5359.01,24911.01,84.0,43.79,0.0,15.157,6794.14,-30.41,-21.12,0.0,74,60.53,Signals are within normal range; maintain current strategy.
2026-09-05,UB-ARABICA-250G,UB-ARABICA,Arabica Whole Beans,Coffee,250 g,Video,20759,1465,7.057,1069,2361.74,84,10.548,84,11.6,10,Rising,3900,43.79,0,89.06,24911.01,5359.01,72,12985,9064,6039,4366,2692,3.719,561,66,87,58,1465,183,17.119,101,88,4,4.545,5.734,3.023,0.904,31%,MAINTAIN,2361.74,2361.74,0.0,6.946,2442.26,14715.96,42.0,47.95,0.0,10.548,5359.01,-34.15,-54.43,0.0,82,65.34,Signals are within normal range; maintain current strategy.
2026-09-06,UB-ARABICA-250G,UB-ARABICA,Arabica Whole Beans,Coffee,250 g,Image,22985,1303,5.669,923,2118.7,42,6.946,42,-5.83,6,Falling,2267,47.95,0,47.28,14715.96,2442.26,86,0,0,0,0,0,2.245,345,53,72,46,1303,127,13.759,51,43,1,2.326,3.223,3.508,2.855,31%,MAINTAIN,2118.7,2118.7,0.0,6.646,2380.71,14929.21,48.0,44.42,0.0,6.946,2442.26,-4.32,-2.52,0.0,82,59.28,Signals are within normal range; maintain current strategy.
2026-09-07,UB-ARABICA-250G,UB-ARABICA,Arabica Whole Beans,Coffee,250 g,Carousel,25173,1168,4.64,929,2246.35,48,6.646,48,5.51,5,Rising,2911,44.42,0,65.53,14929.21,2380.71,44,0,0,0,0,0,1.589,267,41,52,40,1168,116,12.487,58,50,2,4.0,4.11,10.588,6.739,31%,MAINTAIN,2246.35,2246.35,0.0,12.777,5989.67,25854.76,90.0,40.66,0.0,6.646,2380.71,92.25,151.59,1.0,90,61.58,Signals are within normal range; maintain current strategy.
2026-09-08,UB-ARABICA-250G,UB-ARABICA,Arabica Whole Beans,Coffee,250 g,Video,20435,1323,6.474,1177,2023.57,90,12.777,90,14.9,9,Rising,5182,40.66,0,127.46,25854.76,5989.67,57,8195,5546,3776,2979,1875,2.559,359,55,68,41,1323,212,18.012,127,96,5,5.208,6.803,4.15,2.271,31%,PROTECT_INVENTORY,2023.57,1315.32,-35.0,13.027,5132.18,22010.28,85.0,40.3,0.0,12.777,5989.67,1.96,-14.32,1.0,82,63.45,Inventory is close to stockout; protect availability before scaling ads.
2026-09-09,UB-ARABICA-250G,UB-ARABICA,Arabica Whole Beans,Coffee,250 g,Image,31443,1626,5.171,1423,1689.53,85,13.027,85,11.61,15,Rising,4402,40.3,0,109.23,22010.28,5132.18,0,0,0,0,0,0,2.745,589,87,113,74,1626,264,18.552,110,93,6,6.452,5.228,2.55,1.46,31%,PROTECT_INVENTORY,1689.53,1098.19,-35.0,8.967,4012.2,20221.53,62.0,40.17,0.0,13.027,5132.18,-31.17,-21.82,0.0,82,62.63,Inventory is close to stockout; protect availability before scaling ads.
2026-09-10,UB-ARABICA-250G,UB-ARABICA,Arabica Whole Beans,Coffee,250 g,Video,31027,1817,5.856,1236,2255.12,62,8.967,62,-8.68,6,Falling,3334,40.17,0,82.99,20221.53,4012.2,89,16988,11518,6876,3786,1791,3.5,783,95,128,80,1817,146,11.812,86,67,4,5.97,3.412,5.579,4.218,31%,PROTECT_INVENTORY,2255.12,1465.83,-35.0,10.532,4821.97,22429.78,83.0,39.2,0.0,8.967,4012.2,17.45,20.18,1.0,74,55.65,Inventory is close to stockout; protect availability before scaling ads.
2026-09-11,UB-ARABICA-250G,UB-ARABICA,Arabica Whole Beans,Coffee,250 g,Image,30589,1256,4.106,964,2129.76,83,10.532,83,0.31,16,Stable,3801,39.2,0,96.97,22429.78,4821.97,43,0,0,0,0,0,2.344,482,79,93,63,1256,168,17.427,96,86,2,2.326,6.608,5.559,3.289,31%,PROTECT_INVENTORY,2129.76,1384.34,-35.0,12.423,5919.83,25801.55,99.0,38.24,0.0,10.532,4821.97,17.95,22.77,1.0,82,59.9,Inventory is close to stockout; protect availability before scaling ads.
2026-09-12,UB-ARABICA-250G,UB-ARABICA,Arabica Whole Beans,Coffee,250 g,Carousel,28004,1360,4.856,1032,2076.92,99,12.423,99,6.01,8,Rising,4590,38.24,0,120.02,25801.55,5919.83,0,0,0,0,0,0,3.207,598,92,121,87,1360,224,21.705,132,105,4,3.81,7.279,5.849,4.496,31%,PROTECT_INVENTORY,2076.92,1350.0,-35.0,6.704,2825.75,17576.05,67.0,38.18,0.0,12.423,5919.83,-46.04,-52.27,0.0,82,60.3,Inventory is close to stockout; protect availability before scaling ads.
2026-09-13,UB-ARABICA-250G,UB-ARABICA,Arabica Whole Beans,Coffee,250 g,Influencer Video,21369,929,4.347,791,2621.65,67,6.704,67,8.98,9,Rising,3193,38.18,0,83.63,17576.05,2825.75,0,13208,8785,4563,3429,1780,3.669,555,60,99,70,929,142,17.952,89,69,2,2.899,7.212,5.942,4.109,31%,PROTECT_INVENTORY,2621.65,1704.07,-35.0,6.781,2108.0,12974.75,50.0,38.17,0.0,6.704,2825.75,1.15,-25.4,1.0,82,61.32,Inventory is close to stockout; protect availability before scaling ads.
2026-09-14,UB-ARABICA-250G,UB-ARABICA,Arabica Whole Beans,Coffee,250 g,Influencer Video,33310,1957,5.875,1326,1913.3,50,6.781,50,7.39,4,Rising,2122,38.17,0,55.59,12974.75,2108.0,0,14330,12147,9014,4512,2539,2.306,546,70,93,59,1957,131,9.879,70,56,5,8.929,2.555,7.745,5.639,31%,PROTECT_INVENTORY,1913.3,1243.64,-35.0,7.882,2419.43,13216.79,48.0,38.17,0.0,6.781,2108.0,16.24,14.77,1.0,82,53.5,Inventory is close to stockout; protect availability before scaling ads.
2026-09-15,UB-ARABICA-250G,UB-ARABICA,Arabica Whole Beans,Coffee,250 g,Image,28386,1560,5.496,945,1676.89,48,7.882,48,1.31,5,Stable,2054,38.17,0,53.81,13216.79,2419.43,0,0,0,0,0,0,2.79,554,71,105,62,1560,170,17.989,69,51,2,3.922,3.077,4.178,2.998,31%,PROTECT_INVENTORY,1676.89,1089.98,-35.0,6.39,1893.38,12339.88,48.0,38.18,0.0,7.882,2419.43,-18.93,-21.74,0.0,82,58.87,Inventory is close to stockout; protect availability before scaling ads.
2026-09-16,UB-ARABICA-250G,UB-ARABICA,Arabica Whole Beans,Coffee,250 g,Image,16500,1084,6.57,770,1931.16,48,6.39,48,9.72,5,Rising,2254,38.18,0,59.03,12339.88,1893.38,0,0,0,0,0,0,1.836,211,30,40,22,1084,137,17.792,64,53,4,7.547,4.428,5.873,3.548,31%,PROTECT_INVENTORY,1931.16,1255.25,-35.0,9.617,3075.1,14931.35,53.0,38.18,0.0,6.39,1893.38,50.5,62.41,1.0,82,55.34,Inventory is close to stockout; protect availability before scaling ads.
2026-09-17,UB-ARABICA-250G,UB-ARABICA,Arabica Whole Beans,Coffee,250 g,Image,29224,1208,4.134,1009,1552.62,53,9.617,53,3.75,8,Stable,2404,38.18,0,62.96,14931.35,3075.1,52,0,0,0,0,0,2.806,578,97,85,60,1208,135,13.38,75,55,1,1.818,4.387,6.029,4.277,31%,PROTECT_INVENTORY,1552.62,1009.2,-35.0,5.757,1773.45,13018.87,51.0,38.19,0.0,9.617,3075.1,-40.14,-42.33,0.0,82,55.55,Inventory is close to stockout; protect availability before scaling ads.
2026-09-18,UB-ARABICA-250G,UB-ARABICA,Arabica Whole Beans,Coffee,250 g,Video,18279,1105,6.045,749,2261.53,51,5.757,51,2.18,9,Stable,2169,38.19,0,56.8,13018.87,1773.45,0,7304,5486,3891,2851,1467,2.445,301,43,62,41,1105,142,18.959,71,58,5,8.621,4.615,6.888,4.102,31%,PROTECT_INVENTORY,2261.53,1469.99,-35.0,5.609,1796.2,13642.47,38.0,38.18,0.0,5.757,1773.45,-2.57,1.28,0.0,82,53.82,Inventory is close to stockout; protect availability before scaling ads.
2026-09-19,UB-ARABICA-250G,UB-ARABICA,Arabica Whole Beans,Coffee,250 g,Carousel,24062,1165,4.842,824,2432.05,38,5.609,38,11.61,6,Rising,1826,38.18,0,47.83,13642.47,1796.2,54,0,0,0,0,0,3.138,525,76,92,62,1165,99,12.015,50,41,2,4.878,3.262,4.68,2.773,31%,PROTECT_INVENTORY,2432.05,1580.83,-35.0,5.322,1335.03,10938.49,41.0,38.17,0.0,5.609,1796.2,-5.12,-25.67,0.0,82,55.85,Inventory is close to stockout; protect availability before scaling ads.
2026-09-20,UB-ARABICA-250G,UB-ARABICA,Arabica Whole Beans,Coffee,250 g,Video,30738,1476,4.802,1141,2055.17,41,5.322,41,7.35,3,Rising,1868,38.17,0,48.94,10938.49,1335.03,0,15977,12408,9195,4320,2507,3.026,644,91,114,81,1476,133,11.656,51,44,2,4.545,2.778,7.263,4.726,31%,PROTECT_INVENTORY,2055.17,1335.86,-35.0,15.607,7868.32,32003.21,116.0,38.18,0.0,5.322,1335.03,193.25,489.37,1.0,82,50.51,Inventory is close to stockout; protect availability before scaling ads.
2026-09-21,UB-ARABICA-250G,UB-ARABICA,Arabica Whole Beans,Coffee,250 g,Influencer Video,37398,2017,5.393,1905,2050.53,116,15.607,116,3.47,8,Stable,5855,38.18,0,153.37,32003.21,7868.32,42,12933,7787,6981,3715,1570,3.3,839,135,151,109,2017,359,18.845,158,126,7,5.556,5.751,5.978,3.97,31%,PROTECT_INVENTORY,2050.53,1332.84,-35.0,9.101,3598.88,17989.65,49.0,38.18,0.0,15.607,7868.32,-41.69,-54.26,0.0,82,60.66,Inventory is close to stockout; protect availability before scaling ads.
2026-09-22,UB-ARABICA-250G,UB-ARABICA,Arabica Whole Beans,Coffee,250 g,Video,30176,1444,4.785,1117,1976.71,49,9.101,49,11.78,6,Rising,2281,38.18,0,59.75,17989.65,3598.88,85,14462,10538,7829,5763,3150,2.376,514,71,72,60,1444,148,13.25,70,54,4,7.407,3.393,4.518,2.856,31%,PROTECT_INVENTORY,1976.71,1284.86,-35.0,10.213,3545.05,16720.71,63.0,38.18,0.0,9.101,3598.88,12.22,-1.5,1.0,82,59.77,Inventory is close to stockout; protect availability before scaling ads.
2026-09-23,UB-ARABICA-250G,UB-ARABICA,Arabica Whole Beans,Coffee,250 g,Image,30667,1394,4.546,1310,1637.25,63,10.213,63,7.68,5,Rising,2862,38.18,0,74.97,16720.71,3545.05,0,0,0,0,0,0,3.075,614,110,122,97,1394,178,13.588,84,65,1,1.538,4.519,8.102,5.667,31%,PROTECT_INVENTORY,1637.25,1064.21,-35.0,10.35,4626.77,21690.0,79.0,38.18,0.0,10.213,3545.05,1.34,30.51,1.0,82,57.05,Inventory is close to stockout; protect availability before scaling ads.
2026-09-24,UB-ARABICA-250G,UB-ARABICA,Arabica Whole Beans,Coffee,250 g,Video,21470,1245,5.799,922,2095.68,79,10.35,79,5.24,8,Rising,3718,38.18,0,97.39,21690.0,4626.77,0,10050,6952,4630,3397,1677,2.599,403,49,63,43,1245,159,17.245,96,84,4,4.762,6.345,3.83,1.989,31%,PROTECT_INVENTORY,2095.68,1362.19,-35.0,6.382,2098.0,13690.56,54.0,38.18,0.0,10.35,4626.77,-38.34,-54.66,0.0,82,58.2,Inventory is close to stockout; protect availability before scaling ads.
2026-09-25,UB-ARABICA-250G,UB-ARABICA,Arabica Whole Beans,Coffee,250 g,Carousel,20415,1004,4.918,903,2145.16,54,6.382,54,2.99,6,Stable,2480,38.18,0,64.95,13690.56,2098.0,0,0,0,0,0,0,3.017,429,64,75,48,1004,136,15.061,69,57,2,3.509,5.378,8.047,5.795,31%,PROTECT_INVENTORY,2145.16,1394.35,-35.0,12.038,6000.3,26448.68,91.0,38.17,0.0,6.382,2098.0,88.62,186.0,1.0,82,59.02,Inventory is close to stockout; protect availability before scaling ads.
2026-09-26,UB-ARABICA-250G,UB-ARABICA,Arabica Whole Beans,Coffee,250 g,Influencer Video,32698,1539,4.707,1218,2197.02,91,12.038,91,13.45,6,Rising,4006,38.17,0,104.94,26448.68,6000.3,93,19939,16230,12302,10090,5691,3.416,789,107,127,94,1539,246,20.197,124,101,7,6.931,5.913,2.929,2.047,31%,PROTECT_INVENTORY,2197.02,1428.06,-35.0,9.32,3885.42,19173.93,58.0,52.59,0.0,12.038,6000.3,-22.58,-35.25,0.0,82,62.38,Inventory is close to stockout; protect availability before scaling ads.
2026-09-27,UB-ARABICA-250G,UB-ARABICA,Arabica Whole Beans,Coffee,250 g,Influencer Video,13916,787,5.655,765,2057.21,58,9.32,58,-11.45,6,Falling,3599,52.59,0,68.43,19173.93,3885.42,60,5784,4877,2626,1400,969,3.399,312,50,66,45,787,138,18.039,70,61,2,3.279,7.37,4.375,2.954,31%,MAINTAIN,2057.21,2057.21,0.0,9.658,3948.16,19129.24,69.0,48.6,0.0,9.32,3885.42,3.63,1.61,1.0,82,64.74,Signals are within normal range; maintain current strategy.
2026-09-28,UB-ARABICA-250G,UB-ARABICA,Arabica Whole Beans,Coffee,250 g,Image,36530,1494,4.09,1075,1980.62,69,9.658,69,0.63,10,Stable,4342,48.6,0,89.35,19129.24,3948.16,30,0,0,0,0,0,3.392,844,136,159,100,1494,173,16.093,85,76,5,6.579,4.618,8.467,6.05,31%,MAINTAIN,1980.62,1980.62,0.0,,,,,,,9.658,3948.16,,,,90,65.07,Signals are within normal range; maintain current strategy.
2026-09-01,UB-ARABICA-500G,UB-ARABICA,Arabica Whole Beans,Coffee,500 g,Image,22615,1156,5.112,965,832.22,41,14.605,41,7.88,5,Rising,844,18.54,0,45.53,12154.56,4763.03,131,0,0,0,0,0,3.184,509,69,89,53,1156,96,9.948,54,43,3,6.977,3.547,6.973,5.975,46%,INCREASE_BUDGET,832.22,998.66,20.0,21.37,7872.97,19037.66,66.0,9.39,0.0,14.605,4763.03,46.32,65.29,1.0,90,70.95,"Strong ROAS, positive profit, rising sales and sufficient inventory."
2026-09-02,UB-ARABICA-500G,UB-ARABICA,Arabica Whole Beans,Coffee,500 g,Video,29404,1502,5.108,1231,890.86,66,21.37,66,-2.06,11,Stable,794,9.39,0,84.52,19037.66,7872.97,0,13352,11786,7332,4419,3207,2.302,478,60,88,51,1502,150,12.185,86,68,3,4.412,4.394,3.989,2.654,46%,MAINTAIN,890.86,890.86,0.0,9.311,3917.38,11099.19,29.0,24.11,0.0,21.37,7872.97,-56.43,-50.24,0.0,82,65.46,Signals are within normal range; maintain current strategy.
2026-09-03,UB-ARABICA-500G,UB-ARABICA,Arabica Whole Beans,Coffee,500 g,Video,22898,901,3.935,653,1192.04,29,9.311,29,0.9,5,Stable,769,24.11,0,31.9,11099.19,3917.38,115,10459,9359,5512,3144,1264,2.843,449,71,73,58,901,99,15.161,40,33,4,12.121,3.219,5.088,3.714,46%,MAINTAIN,1192.04,1192.04,0.0,10.335,4526.35,12449.3,21.0,32.59,0.0,9.311,3917.38,11.0,15.55,1.0,90,75.11,Signals are within normal range; maintain current strategy.
2026-09-04,UB-ARABICA-500G,UB-ARABICA,Arabica Whole Beans,Coffee,500 g,Carousel,32830,1790,5.452,1086,1204.58,21,10.335,21,2.24,2,Stable,743,32.59,0,22.8,12449.3,4526.35,191,0,0,0,0,0,2.364,518,81,102,75,1790,93,8.564,29,22,1,4.545,1.173,1.783,1.429,46%,CHANGE_CREATIVE,1204.58,1204.58,0.0,29.277,10837.98,25430.23,91.0,5.99,0.0,10.335,4526.35,183.28,139.44,1.0,82,69.94,High ad engagement but weak purchase conversion suggests creative-to-product mismatch.
2026-09-05,UB-ARABICA-500G,UB-ARABICA,Arabica Whole Beans,Coffee,500 g,Video,30464,1659,5.446,1212,868.61,91,29.277,91,10.35,10,Rising,674,5.99,0,112.47,25430.23,10837.98,0,17333,10811,5128,3266,1440,3.962,821,115,150,121,1659,194,16.007,117,93,1,1.075,5.485,4.761,4.239,46%,MAINTAIN,868.61,868.61,0.0,13.205,4717.18,12264.75,43.0,11.45,0.0,29.277,10837.98,-54.9,-56.48,0.0,90,66.53,Signals are within normal range; maintain current strategy.
2026-09-06,UB-ARABICA-500G,UB-ARABICA,Arabica Whole Beans,Coffee,500 g,Influencer Video,19037,987,5.185,612,928.8,43,13.205,43,15.27,2,Rising,634,11.45,0,55.37,12264.75,4717.18,0,9040,7517,4779,3959,2012,3.294,429,50,87,61,987,109,17.81,60,46,3,6.522,4.357,8.242,6.362,46%,INCREASE_BUDGET,928.8,1114.56,20.0,20.685,9003.39,21853.06,63.0,8.51,0.0,13.205,4717.18,56.65,90.86,1.0,90,71.02,"Strong ROAS, positive profit, rising sales and sufficient inventory."
2026-09-07,UB-ARABICA-500G,UB-ARABICA,Arabica Whole Beans,Coffee,500 g,Video,32623,1501,4.601,1128,1056.48,63,20.685,63,16.92,6,Rising,586,8.51,0,68.83,21853.06,9003.39,106,14211,11620,7236,5166,2408,2.127,488,73,79,54,1501,154,13.652,79,69,5,7.246,4.197,4.888,3.916,46%,INCREASE_BUDGET,1056.48,1267.78,20.0,28.515,12278.63,28872.38,91.0,4.24,0.0,20.685,9003.39,37.85,36.38,1.0,90,68.19,"Strong ROAS, positive profit, rising sales and sufficient inventory."
2026-09-08,UB-ARABICA-500G,UB-ARABICA,Arabica Whole Beans,Coffee,500 g,Image,35473,1888,5.322,1712,1012.53,91,28.515,91,2.15,12,Stable,517,4.24,0,121.8,28872.38,12278.63,95,0,0,0,0,0,3.372,820,127,137,112,1888,222,12.967,127,102,5,4.902,4.82,4.81,3.399,46%,MAINTAIN,1012.53,1012.53,0.0,7.503,2262.32,6917.04,24.0,18.09,0.0,28.515,12278.63,-73.69,-81.58,0.0,90,62.26,Signals are within normal range; maintain current strategy.
2026-09-09,UB-ARABICA-500G,UB-ARABICA,Arabica Whole Beans,Coffee,500 g,Video,20870,937,4.49,819,921.88,24,7.503,24,0.66,2,Stable,495,18.09,0,27.37,6917.04,2262.32,0,12095,11308,7037,3712,2532,3.69,514,84,107,65,937,59,7.204,29,24,0,0.0,2.561,4.669,4.31,46%,MAINTAIN,921.88,921.88,0.0,16.073,6651.21,16706.35,58.0,6.39,0.0,7.503,2262.32,114.22,194.0,1.0,90,67.23,Signals are within normal range; maintain current strategy.
2026-09-10,UB-ARABICA-500G,UB-ARABICA,Arabica Whole Beans,Coffee,500 g,Video,28235,1320,4.675,1106,1039.42,58,16.073,58,-7.71,7,Falling,457,6.39,0,71.52,16706.35,6651.21,0,12271,8487,5543,3424,1885,3.188,628,91,116,65,1320,139,12.568,73,62,1,1.613,4.394,5.588,5.032,46%,MAINTAIN,1039.42,1039.42,0.0,11.211,4011.21,10807.66,40.0,8.21,0.0,16.073,6651.21,-30.25,-39.69,0.0,82,62.41,Signals are within normal range; maintain current strategy.
2026-09-11,UB-ARABICA-500G,UB-ARABICA,Arabica Whole Beans,Coffee,500 g,Image,34353,1603,4.666,1025,964.01,40,11.211,40,1.44,5,Stable,413,8.21,0,50.32,10807.66,4011.21,0,0,0,0,0,0,3.141,731,113,129,106,1603,117,11.415,50,41,1,2.439,2.495,5.014,3.253,46%,MAINTAIN,964.01,964.01,0.0,17.996,7165.58,17702.63,65.0,4.35,0.0,11.211,4011.21,60.52,78.64,1.0,90,62.61,Signals are within normal range; maintain current strategy.
2026-09-12,UB-ARABICA-500G,UB-ARABICA,Arabica Whole Beans,Coffee,500 g,Influencer Video,39189,2214,5.65,1488,983.68,65,17.996,65,3.01,9,Stable,362,4.35,0,83.17,17702.63,7165.58,0,22039,19000,9115,4554,2123,4.083,1089,165,197,149,2214,179,12.03,93,70,4,5.714,2.936,5.328,3.983,46%,MAINTAIN,983.68,983.68,0.0,9.543,3510.38,9873.15,29.0,11.2,0.0,17.996,7165.58,-46.97,-51.01,0.0,90,59.66,Signals are within normal range; maintain current strategy.
2026-09-13,UB-ARABICA-500G,UB-ARABICA,Arabica Whole Beans,Coffee,500 g,Influencer Video,20175,952,4.719,495,1034.64,29,9.543,29,13.41,2,Rising,338,11.2,0,30.17,9873.15,3510.38,119,9359,5917,4004,2122,1576,4.154,585,82,100,71,952,59,11.919,38,30,1,3.333,3.046,5.048,3.803,46%,INCREASE_BUDGET,1034.64,1241.57,20.0,12.853,6163.48,16111.95,58.0,3.67,0.0,9.543,3510.38,34.69,75.58,1.0,90,64.37,"Strong ROAS, positive profit, rising sales and sufficient inventory."
2026-09-14,UB-ARABICA-500G,UB-ARABICA,Arabica Whole Beans,Coffee,500 g,Image,32277,1515,4.694,1149,1253.52,58,12.853,58,12.48,6,Rising,294,3.67,0,80.15,16111.95,6163.48,0,0,0,0,0,0,3.052,674,94,126,91,1515,127,11.053,74,61,3,4.918,3.828,5.975,5.167,46%,MAINTAIN,1253.52,1253.52,0.0,25.852,8314.85,19719.34,67.0,2.81,0.0,12.853,6163.48,101.14,34.91,1.0,82,62.27,Signals are within normal range; maintain current strategy.
2026-09-15,UB-ARABICA-500G,UB-ARABICA,Arabica Whole Beans,Coffee,500 g,Video,34194,2140,6.258,1338,762.78,67,25.852,67,9.56,10,Rising,240,2.81,0,85.5,19719.34,8314.85,0,16943,12304,7633,6121,3232,2.278,523,76,103,77,2140,221,16.517,104,75,8,10.667,3.131,4.169,3.416,46%,MAINTAIN,762.78,762.78,0.0,14.779,4841.23,12328.71,44.0,3.84,0.0,25.852,8314.85,-42.83,-41.78,0.0,82,65.87,Signals are within normal range; maintain current strategy.
2026-09-16,UB-ARABICA-500G,UB-ARABICA,Arabica Whole Beans,Coffee,500 g,Carousel,25532,1244,4.872,1158,834.19,44,14.779,44,14.08,6,Rising,199,3.84,0,51.81,12328.71,4841.23,0,0,0,0,0,0,2.174,384,60,62,49,1244,139,12.003,64,47,3,6.383,3.537,8.63,7.5,46%,MAINTAIN,834.19,834.19,0.0,34.194,11218.25,26022.56,95.0,1.15,0.0,14.779,4841.23,131.37,131.72,1.0,82,63.05,Signals are within normal range; maintain current strategy.
2026-09-17,UB-ARABICA-500G,UB-ARABICA,Arabica Whole Beans,Coffee,500 g,Video,41601,2024,4.865,1687,761.02,95,34.194,95,16.47,9,Rising,122,1.15,0,106.17,26022.56,11218.25,0,24539,15287,9696,5316,1775,2.993,830,132,161,122,2024,221,13.1,139,101,7,6.931,4.694,7.052,5.676,46%,PROTECT_INVENTORY,761.02,494.66,-35.0,19.692,8258.44,20164.25,74.0,0.63,0.0,34.194,11218.25,-42.41,-26.38,0.0,82,64.52,Inventory is close to stockout; protect availability before scaling ads.
2026-09-18,UB-ARABICA-500G,UB-ARABICA,Arabica Whole Beans,Coffee,500 g,Video,35036,1532,4.373,1082,1024.0,74,19.692,74,3.67,11,Stable,49,0.63,0,77.74,20164.25,8258.44,0,16052,13518,9141,6997,2501,3.351,815,109,151,99,1532,182,16.821,97,78,3,3.846,4.83,6.174,4.41,46%,PROTECT_INVENTORY,1024.0,665.6,-35.0,19.691,9070.07,22146.01,77.0,0.0,1.0,19.692,8258.44,-0.01,9.83,0.0,82,63.43,Inventory is close to stockout; protect availability before scaling ads.
2026-09-19,UB-ARABICA-500G,UB-ARABICA,Arabica Whole Beans,Coffee,500 g,Influencer Video,29697,1582,5.327,1288,1124.66,77,19.691,77,10.22,12,Rising,0,0.0,1,83.46,22146.01,9070.07,0,15385,11540,8444,3444,1795,2.627,545,82,91,62,1582,188,14.596,93,80,3,3.75,4.867,6.734,5.623,46%,PROTECT_INVENTORY,1124.66,731.03,-35.0,12.351,5180.31,13654.81,51.0,0.0,1.0,19.691,9070.07,-37.28,-42.89,0.0,82,60.91,Inventory is close to stockout; protect availability before scaling ads.
2026-09-20,UB-ARABICA-500G,UB-ARABICA,Arabica Whole Beans,Coffee,500 g,Influencer Video,25155,1490,5.923,1099,1105.57,51,12.351,51,14.8,3,Rising,0,0.0,1,65.0,13654.81,5180.31,0,18370,15806,10694,9248,5138,4.21,747,95,123,94,1490,128,11.647,71,53,1,1.887,3.423,3.0,2.367,46%,PROTECT_INVENTORY,1105.57,718.62,-35.0,27.585,12001.11,28298.52,82.0,0.0,1.0,12.351,5180.31,123.34,131.67,1.0,82,60.44,Inventory is close to stockout; protect availability before scaling ads.
2026-09-21,UB-ARABICA-500G,UB-ARABICA,Arabica Whole Beans,Coffee,500 g,Video,36056,1708,4.737,1645,1025.88,82,27.585,82,10.79,8,Rising,0,0.0,1,97.24,28298.52,12001.11,181,20251,13602,13290,5964,2685,2.116,542,65,88,68,1708,169,10.274,105,87,5,5.747,4.801,7.102,5.783,46%,PROTECT_INVENTORY,1025.88,666.82,-35.0,22.191,9738.11,23449.65,86.0,0.0,1.0,27.585,12001.11,-19.55,-18.86,0.0,82,59.51,Inventory is close to stockout; protect availability before scaling ads.
2026-09-22,UB-ARABICA-500G,UB-ARABICA,Arabica Whole Beans,Coffee,500 g,Image,31299,2089,6.674,1289,1056.74,86,22.191,86,13.06,14,Rising,0,0.0,1,95.19,23449.65,9738.11,0,0,0,0,0,0,2.115,451,70,81,60,2089,200,15.516,114,92,5,5.435,4.117,6.696,5.9,46%,PROTECT_INVENTORY,1056.74,686.88,-35.0,12.794,4234.65,11080.25,40.0,0.0,1.0,22.191,9738.11,-42.35,-56.51,0.0,82,60.87,Inventory is close to stockout; protect availability before scaling ads.
2026-09-23,UB-ARABICA-500G,UB-ARABICA,Arabica Whole Beans,Coffee,500 g,Influencer Video,36529,1863,5.1,1423,866.05,40,12.794,40,5.26,5,Rising,0,0.0,1,46.69,11080.25,4234.65,0,17479,12514,8677,5457,2904,2.064,537,66,89,62,1863,118,8.292,53,40,0,0.0,2.147,6.834,5.498,46%,PROTECT_INVENTORY,866.05,562.93,-35.0,19.228,7050.06,17265.41,59.0,13.27,0.0,12.794,4234.65,50.29,66.49,1.0,82,56.0,Inventory is close to stockout; protect availability before scaling ads.
2026-09-24,UB-ARABICA-500G,UB-ARABICA,Arabica Whole Beans,Coffee,500 g,Image,35560,1390,3.909,978,897.93,59,19.228,59,-17.0,7,Falling,1078,13.27,0,81.21,17265.41,7050.06,43,0,0,0,0,0,2.913,731,93,118,94,1390,178,18.2,92,73,5,6.849,4.245,5.833,4.311,46%,MAINTAIN,897.93,897.93,0.0,17.276,6153.16,15288.94,57.0,15.27,0.0,19.228,7050.06,-10.15,-12.72,0.0,82,68.94,Signals are within normal range; maintain current strategy.
2026-09-25,UB-ARABICA-500G,UB-ARABICA,Arabica Whole Beans,Coffee,500 g,Video,28670,1376,4.799,1260,884.98,57,17.276,57,9.69,4,Rising,1033,15.27,0,67.66,15288.94,6153.16,0,16257,12569,7610,4280,2847,3.802,769,98,134,89,1376,156,12.381,74,64,7,10.938,4.142,7.492,5.768,46%,INCREASE_BUDGET,884.98,1061.98,20.0,25.526,7759.99,18425.03,68.0,12.28,0.0,17.276,6153.16,47.75,26.11,1.0,90,72.95,"Strong ROAS, positive profit, rising sales and sufficient inventory."
2026-09-26,UB-ARABICA-500G,UB-ARABICA,Arabica Whole Beans,Coffee,500 g,Video,31437,1451,4.616,1424,721.82,68,25.526,68,-1.11,6,Stable,970,12.28,0,78.99,18425.03,7759.99,0,12862,10407,6875,3437,2320,3.095,665,103,117,88,1451,167,11.728,91,73,5,6.849,4.686,4.352,3.183,46%,MAINTAIN,721.82,721.82,0.0,24.636,8337.55,19863.13,70.0,9.66,0.0,25.526,7759.99,-3.49,7.44,0.0,82,66.22,Signals are within normal range; maintain current strategy.
2026-09-27,UB-ARABICA-500G,UB-ARABICA,Arabica Whole Beans,Coffee,500 g,Image,28106,1190,4.234,1114,806.28,70,24.636,70,5.23,7,Rising,916,9.66,0,94.85,19863.13,8337.55,0,0,0,0,0,0,2.298,451,56,81,58,1190,164,14.722,87,71,1,1.408,5.882,2.716,2.861,46%,INCREASE_BUDGET,806.28,967.54,20.0,20.157,7605.95,18518.03,47.0,14.74,0.0,24.636,8337.55,-18.18,-8.77,0.0,90,69.04,"Strong ROAS, positive profit, rising sales and sufficient inventory."
2026-09-28,UB-ARABICA-500G,UB-ARABICA,Arabica Whole Beans,Coffee,500 g,Influencer Video,30834,1502,4.871,999,918.67,47,20.157,47,4.79,6,Stable,877,14.74,0,59.51,18518.03,7605.95,163,10513,9359,6891,4410,1799,3.986,880,108,145,96,1502,109,10.911,57,49,3,6.122,3.129,5.861,5.146,46%,INCREASE_BUDGET,918.67,1102.4,20.0,,,,,,,20.157,7605.95,,,,90,68.52,"Strong ROAS, positive profit, rising sales and sufficient inventory."
2026-09-01,UB-FILTER-250G,UB-FILTER,South Indian Filter Coffee,Coffee,250 g,Influencer Video,28858,1404,4.865,861,811.23,104,27.87,104,3.84,22,Stable,3541,29.63,0,119.51,22608.82,9430.27,0,17756,14190,10786,5882,2926,4.557,880,141,159,135,1404,226,26.249,136,108,3,2.778,7.407,8.4,8.197,45%,PROTECT_INVENTORY,811.23,527.3,-35.0,24.408,8608.5,20893.6,83.0,29.51,0.0,27.87,9430.27,-12.42,-8.71,0.0,82,63.5,Inventory is close to stockout; protect availability before scaling ads.
2026-09-02,UB-FILTER-250G,UB-FILTER,South Indian Filter Coffee,Coffee,250 g,Video,27315,1260,4.613,1113,856.03,83,24.408,83,16.99,10,Rising,3091,29.51,0,104.73,20893.6,8608.5,141,12253,8135,4259,2457,1800,3.068,568,82,103,85,1260,185,16.622,108,86,2,2.326,6.587,5.344,5.497,45%,PROTECT_INVENTORY,856.03,556.42,-35.0,13.024,4248.2,11292.32,40.0,29.52,0.0,24.408,8608.5,-46.64,-50.65,0.0,82,61.4,Inventory is close to stockout; protect availability before scaling ads.
2026-09-03,UB-FILTER-250G,UB-FILTER,South Indian Filter Coffee,Coffee,250 g,Video,24106,1137,4.717,941,867.07,40,13.024,40,5.61,5,Rising,1443,29.52,0,48.88,11292.32,4248.2,79,11588,7973,7858,4420,1897,2.875,494,66,73,60,1137,178,18.916,65,43,2,4.651,3.518,3.968,3.652,45%,PROTECT_INVENTORY,867.07,563.6,-35.0,15.846,5817.34,14920.9,66.0,45.35,0.0,13.024,4248.2,21.67,36.94,1.0,82,60.95,Inventory is close to stockout; protect availability before scaling ads.
2026-09-04,UB-FILTER-250G,UB-FILTER,South Indian Filter Coffee,Coffee,250 g,Video,23550,1170,4.968,749,941.63,66,15.846,66,-0.77,12,Stable,4149,45.35,0,91.49,14920.9,5817.34,0,13684,9197,6956,4517,3000,2.437,381,58,86,49,1170,158,21.095,90,71,3,4.225,5.641,6.66,6.8,45%,MAINTAIN,941.63,941.63,0.0,15.494,4761.83,12258.69,52.0,50.54,0.0,15.846,5817.34,-2.22,-18.14,0.0,82,71.92,Signals are within normal range; maintain current strategy.
2026-09-05,UB-FILTER-250G,UB-FILTER,South Indian Filter Coffee,Coffee,250 g,Video,14301,740,5.174,405,791.2,52,15.494,52,3.39,7,Stable,3366,50.54,0,66.6,12258.69,4761.83,0,6073,6539,3436,1669,1225,2.762,270,45,51,29,740,110,27.16,69,56,2,3.571,7.027,9.243,9.238,45%,INCREASE_BUDGET,791.2,949.44,20.0,20.452,7234.44,17902.91,69.0,44.65,0.0,15.494,4761.83,32.0,51.93,1.0,90,75.65,"Strong ROAS, positive profit, rising sales and sufficient inventory."
2026-09-06,UB-FILTER-250G,UB-FILTER,South Indian Filter Coffee,Coffee,250 g,Video,24512,1082,4.414,750,875.35,69,20.452,69,6.59,10,Rising,3924,44.65,0,87.89,17902.91,7234.44,105,16461,9921,8825,6140,3565,3.203,521,80,116,68,1082,175,23.333,100,71,1,1.408,6.377,6.393,5.505,45%,INCREASE_BUDGET,875.35,1050.42,20.0,5.348,1743.49,6554.32,24.0,74.92,0.0,20.452,7234.44,-73.85,-75.9,0.0,90,71.57,"Strong ROAS, positive profit, rising sales and sufficient inventory."
2026-09-07,UB-FILTER-250G,UB-FILTER,South Indian Filter Coffee,Coffee,250 g,Video,21094,1027,4.869,657,1225.53,24,5.348,24,0.88,3,Stable,2154,74.92,0,28.75,6554.32,1743.49,107,8676,9091,5369,3430,1476,3.688,528,81,100,69,1027,85,12.938,32,26,1,3.846,2.337,3.535,3.502,45%,MAINTAIN,1225.53,1225.53,0.0,21.11,7015.45,17295.78,76.0,44.52,0.0,5.348,1743.49,294.73,302.38,1.0,82,70.46,Signals are within normal range; maintain current strategy.
2026-09-08,UB-FILTER-250G,UB-FILTER,South Indian Filter Coffee,Coffee,250 g,Image,27145,1205,4.439,1026,819.31,76,21.11,76,12.26,14,Rising,3649,44.52,0,81.97,17295.78,7015.45,0,0,0,0,0,0,0.958,180,24,31,25,1205,215,20.955,99,81,3,3.704,6.307,5.422,5.344,45%,INCREASE_BUDGET,819.31,983.17,20.0,13.237,4068.48,10779.12,45.0,51.17,0.0,21.11,7015.45,-37.3,-42.01,0.0,90,70.06,"Strong ROAS, positive profit, rising sales and sufficient inventory."
2026-09-09,UB-FILTER-250G,UB-FILTER,South Indian Filter Coffee,Coffee,250 g,Carousel,26115,1113,4.262,782,814.32,45,13.237,45,-5.08,7,Falling,2789,51.17,0,54.5,10779.12,4068.48,0,0,0,0,0,0,3.856,707,97,127,76,1113,122,15.601,59,48,2,4.167,4.043,3.574,3.303,45%,MAINTAIN,814.32,814.32,0.0,19.657,5535.53,13766.05,61.0,45.72,0.0,13.237,4068.48,48.5,36.06,1.0,82,68.98,Signals are within normal range; maintain current strategy.
2026-09-10,UB-FILTER-250G,UB-FILTER,South Indian Filter Coffee,Coffee,250 g,Video,18116,799,4.41,580,700.31,61,19.657,61,15.8,4,Rising,3165,45.72,0,69.23,13766.05,5535.53,0,7542,6112,3335,2021,1553,3.494,430,59,82,62,799,120,20.69,73,65,3,4.615,7.635,3.415,2.991,45%,INCREASE_BUDGET,700.31,840.37,20.0,17.895,5487.74,13819.38,58.0,43.38,0.0,19.657,5535.53,-8.96,-0.86,0.0,90,72.59,"Strong ROAS, positive profit, rising sales and sufficient inventory."
2026-09-11,UB-FILTER-250G,UB-FILTER,South Indian Filter Coffee,Coffee,250 g,Video,25135,1517,6.035,1006,772.26,58,17.895,58,8.7,8,Rising,3309,43.38,0,76.28,13819.38,5487.74,0,11776,8606,6359,4949,3130,2.725,480,61,89,55,1517,192,19.085,81,63,3,4.762,3.823,5.664,5.439,45%,INCREASE_BUDGET,772.26,926.71,20.0,20.043,7295.36,18098.44,72.0,40.65,0.0,17.895,5487.74,12.0,32.94,1.0,90,69.15,"Strong ROAS, positive profit, rising sales and sufficient inventory."
2026-09-12,UB-FILTER-250G,UB-FILTER,South Indian Filter Coffee,Coffee,250 g,Image,28733,1567,5.454,1251,903.0,72,20.043,72,-3.24,11,Stable,3562,40.65,0,87.62,18098.44,7295.36,154,0,0,0,0,0,3.202,630,89,117,84,1567,199,15.907,86,75,2,2.667,4.595,5.632,5.362,45%,MAINTAIN,903.0,903.0,0.0,13.669,5067.71,13342.02,48.0,43.22,0.0,20.043,7295.36,-31.8,-30.54,0.0,82,64.33,Signals are within normal range; maintain current strategy.
2026-09-13,UB-FILTER-250G,UB-FILTER,South Indian Filter Coffee,Coffee,250 g,Influencer Video,23339,990,4.242,659,976.05,48,13.669,48,-0.64,8,Stable,2877,43.22,0,66.56,13342.02,5067.71,63,12920,8258,6803,3522,2549,3.428,572,76,98,54,990,123,18.665,64,52,3,5.769,4.848,7.258,7.108,45%,MAINTAIN,976.05,976.05,0.0,12.366,3264.54,8772.85,39.0,46.82,0.0,13.669,5067.71,-9.53,-35.58,0.0,82,66.54,Signals are within normal range; maintain current strategy.
2026-09-14,UB-FILTER-250G,UB-FILTER,South Indian Filter Coffee,Coffee,250 g,Image,17674,602,3.406,552,709.45,39,12.366,39,2.7,7,Stable,2362,46.82,0,50.45,8772.85,3264.54,0,0,0,0,0,0,2.908,344,50,71,49,602,105,19.022,67,42,2,4.762,6.478,6.031,4.584,45%,MAINTAIN,709.45,709.45,0.0,20.465,6408.64,15858.15,67.0,38.69,0.0,12.366,3264.54,65.49,96.31,1.0,90,70.24,Signals are within normal range; maintain current strategy.
2026-09-15,UB-FILTER-250G,UB-FILTER,South Indian Filter Coffee,Coffee,250 g,Carousel,35755,1270,3.552,879,774.9,67,20.465,67,3.87,8,Stable,3379,38.69,0,87.34,15858.15,6408.64,66,0,0,0,0,0,2.221,510,95,118,71,1270,172,19.568,85,72,3,4.167,5.276,5.543,4.439,45%,INCREASE_BUDGET,774.9,929.88,20.0,23.314,7335.27,17886.82,80.0,36.74,0.0,20.465,6408.64,13.92,14.46,1.0,90,65.16,"Strong ROAS, positive profit, rising sales and sufficient inventory."
2026-09-16,UB-FILTER-250G,UB-FILTER,South Indian Filter Coffee,Coffee,250 g,Influencer Video,26681,1085,4.067,1149,767.23,80,23.314,80,7.05,10,Rising,3654,36.74,0,99.45,17886.82,7335.27,0,11936,7010,3877,2412,1448,3.227,598,80,108,75,1085,248,21.584,106,87,5,5.747,7.373,10.113,9.848,45%,MAINTAIN,767.23,767.23,0.0,14.262,5163.35,13485.87,60.0,38.31,0.0,23.314,7335.27,-38.83,-29.61,0.0,90,67.6,Signals are within normal range; maintain current strategy.
2026-09-17,UB-FILTER-250G,UB-FILTER,South Indian Filter Coffee,Coffee,250 g,Influencer Video,23742,885,3.728,908,945.57,60,14.262,60,14.4,5,Rising,2852,38.31,0,74.45,13485.87,5163.35,0,12773,10263,6259,4053,2187,3.475,559,81,105,80,885,184,20.264,84,65,3,4.615,6.78,6.055,5.725,45%,INCREASE_BUDGET,945.57,1134.68,20.0,11.47,4069.49,11124.77,40.0,41.45,0.0,14.262,5163.35,-19.58,-21.19,0.0,90,68.87,"Strong ROAS, positive profit, rising sales and sufficient inventory."
2026-09-18,UB-FILTER-250G,UB-FILTER,South Indian Filter Coffee,Coffee,250 g,Image,19734,791,4.008,599,969.89,40,11.47,40,-1.07,4,Stable,2131,41.45,0,51.41,11124.77,4069.49,80,0,0,0,0,0,2.042,278,44,48,33,791,104,17.362,51,41,1,2.439,5.057,5.682,5.003,45%,MAINTAIN,969.89,969.89,0.0,18.797,4125.0,10318.03,46.0,38.95,0.0,11.47,4069.49,63.88,1.36,1.0,82,64.53,Signals are within normal range; maintain current strategy.
2026-09-19,UB-FILTER-250G,UB-FILTER,South Indian Filter Coffee,Coffee,250 g,Video,23746,934,3.933,628,548.93,46,18.797,46,9.99,5,Rising,2351,38.95,0,60.36,10318.03,4125.0,0,12924,7892,6481,3323,1832,3.318,539,74,101,74,934,112,17.834,58,53,5,9.434,4.925,6.283,6.219,45%,FIX_PAYMENT,548.93,548.93,0.0,11.367,4874.68,13354.83,58.0,37.17,0.0,18.797,4125.0,-39.53,18.17,0.0,90,65.39,Payment failure rate is unusually high; conversion is leaking at payment.
2026-09-20,UB-FILTER-250G,UB-FILTER,South Indian Filter Coffee,Coffee,250 g,Video,19940,874,4.383,713,1174.89,58,11.367,58,2.02,5,Stable,2477,37.17,0,66.64,13354.83,4874.68,0,9870,7075,4715,2757,1388,2.874,388,61,70,54,874,163,22.861,80,68,1,1.471,6.636,6.271,5.846,45%,MAINTAIN,1174.89,1174.89,0.0,12.931,4031.42,10731.82,45.0,37.62,0.0,11.367,4874.68,13.76,-17.3,1.0,90,65.02,Signals are within normal range; maintain current strategy.
2026-09-21,UB-FILTER-250G,UB-FILTER,South Indian Filter Coffee,Coffee,250 g,Image,27899,1022,3.663,636,829.96,45,12.931,45,3.45,5,Stable,2149,37.62,0,57.12,10731.82,4031.42,0,0,0,0,0,0,1.846,351,53,63,48,1022,108,16.981,63,48,2,4.167,4.403,4.661,4.637,45%,MAINTAIN,829.96,829.96,0.0,14.378,3960.36,10328.59,46.0,35.6,0.0,12.931,4031.42,11.19,-1.76,1.0,90,63.07,Signals are within normal range; maintain current strategy.
2026-09-22,UB-FILTER-250G,UB-FILTER,South Indian Filter Coffee,Coffee,250 g,Video,18714,660,3.527,435,718.36,46,14.378,46,7.38,7,Rising,2427,35.6,0,68.18,10328.59,3960.36,0,8241,5774,3136,1889,880,2.816,375,50,56,46,660,96,22.069,53,47,1,2.128,6.97,3.162,3.625,45%,MAINTAIN,718.36,718.36,0.0,17.727,5604.26,14131.67,65.0,33.99,0.0,14.378,3960.36,23.29,41.51,1.0,90,66.44,Signals are within normal range; maintain current strategy.
2026-09-23,UB-FILTER-250G,UB-FILTER,South Indian Filter Coffee,Coffee,250 g,Video,23923,1019,4.259,718,797.2,65,17.727,65,5.03,11,Rising,2676,33.99,0,78.72,14131.67,5604.26,0,10312,8422,4150,2409,1493,1.359,206,38,45,36,1019,137,19.081,86,68,2,2.941,6.379,9.233,9.215,45%,MAINTAIN,797.2,797.2,0.0,8.713,2475.3,7318.67,33.0,37.44,0.0,17.727,5604.26,-50.85,-55.83,0.0,82,62.52,Signals are within normal range; maintain current strategy.
2026-09-24,UB-FILTER-250G,UB-FILTER,South Indian Filter Coffee,Coffee,250 g,Influencer Video,22278,917,4.116,730,839.96,33,8.713,33,7.74,5,Rising,1476,37.44,0,39.42,7318.67,2475.3,0,16415,11918,8628,5921,3957,3.865,605,79,106,71,917,94,12.877,47,35,2,5.714,3.599,10.211,10.208,45%,MAINTAIN,839.96,839.96,0.0,7.964,2163.16,6606.71,29.0,37.91,0.0,8.713,2475.3,-8.6,-12.61,0.0,90,62.67,Signals are within normal range; maintain current strategy.
2026-09-25,UB-FILTER-250G,UB-FILTER,South Indian Filter Coffee,Coffee,250 g,Video,20281,749,3.693,547,829.59,29,7.964,29,-3.66,4,Stable,1265,37.91,0,33.37,6606.71,2163.16,0,8165,5371,3418,1901,710,3.614,530,65,88,50,749,86,15.722,34,29,0,0.0,3.872,8.781,8.464,45%,MAINTAIN,829.59,829.59,0.0,18.516,5245.16,13146.46,55.0,33.43,0.0,7.964,2163.16,132.5,142.48,1.0,82,60.72,Signals are within normal range; maintain current strategy.
2026-09-26,UB-FILTER-250G,UB-FILTER,South Indian Filter Coffee,Coffee,250 g,Video,19677,821,4.172,633,710.02,55,18.516,55,14.43,7,Rising,1977,33.43,0,59.13,13146.46,5245.16,0,10145,8257,7434,5756,2437,2.185,295,49,53,33,821,145,22.907,87,60,3,5.0,6.699,5.021,4.409,45%,MAINTAIN,710.02,710.02,0.0,13.018,3162.02,8405.8,36.0,33.63,0.0,18.516,5245.16,-29.69,-39.72,0.0,82,65.21,Signals are within normal range; maintain current strategy.
2026-09-27,UB-FILTER-250G,UB-FILTER,South Indian Filter Coffee,Coffee,250 g,Video,17274,809,4.683,516,645.7,36,13.018,36,9.16,3,Rising,1621,33.63,0,48.2,8405.8,3162.02,0,7982,4664,3908,2442,1314,3.937,463,55,97,65,809,110,21.318,50,38,2,5.263,4.45,5.518,6.17,45%,MAINTAIN,645.7,645.7,0.0,20.176,6810.19,16880.99,73.0,30.9,0.0,13.018,3162.02,54.99,115.37,1.0,82,64.59,Signals are within normal range; maintain current strategy.
2026-09-28,UB-FILTER-250G,UB-FILTER,South Indian Filter Coffee,Coffee,250 g,Image,25992,1060,4.078,738,836.68,73,20.176,73,6.34,12,Rising,2766,30.9,0,89.51,16880.99,6810.19,0,0,0,0,0,0,2.501,454,62,77,57,1060,184,24.932,89,77,2,2.597,6.887,6.918,7.254,45%,PROTECT_INVENTORY,836.68,543.84,-35.0,,,,,,,20.176,6810.19,,,,82,61.81,Inventory is close to stockout; protect availability before scaling ads.
2026-09-01,UB-FILTER-500G,UB-FILTER,South Indian Filter Coffee,Coffee,500 g,Video,21515,739,3.435,555,1572.19,32,20.693,32,7.55,5,Rising,22,0.57,0,38.42,32533.62,12101.73,73,12409,9056,6213,3423,2136,2.7,407,50,70,54,739,100,18.018,45,35,2,5.714,4.33,5.056,3.205,42%,PROTECT_INVENTORY,1572.19,1021.92,-35.0,11.61,5655.52,16924.16,18.0,0.0,1.0,20.693,12101.73,-43.89,-53.27,0.0,82,61.63,Inventory is close to stockout; protect availability before scaling ads.
2026-09-02,UB-FILTER-500G,UB-FILTER,South Indian Filter Coffee,Coffee,500 g,Video,20997,878,4.182,528,1457.73,18,11.61,18,13.22,2,Rising,0,0.0,1,21.5,16924.16,5655.52,32,7823,5335,3663,2171,1175,3.424,498,67,96,58,878,71,13.447,26,19,1,5.263,2.05,8.551,6.26,42%,PROTECT_INVENTORY,1457.73,947.52,-35.0,18.944,10017.44,27257.38,28.0,0.0,1.0,11.61,5655.52,63.17,77.13,1.0,74,60.18,Inventory is close to stockout; protect availability before scaling ads.
2026-09-03,UB-FILTER-500G,UB-FILTER,South Indian Filter Coffee,Coffee,500 g,Video,18420,688,3.735,496,1438.87,28,18.944,28,-0.38,2,Stable,0,0.0,1,35.09,27257.38,10017.44,37,7828,4804,2993,1433,1140,2.883,394,44,56,37,688,60,12.097,35,29,1,3.448,4.07,7.724,5.553,42%,PROTECT_INVENTORY,1438.87,935.27,-35.0,35.259,19602.12,50013.13,54.0,0.0,1.0,18.944,10017.44,86.12,95.68,1.0,74,57.43,Inventory is close to stockout; protect availability before scaling ads.
2026-09-04,UB-FILTER-500G,UB-FILTER,South Indian Filter Coffee,Coffee,500 g,Image,29681,818,2.756,777,1418.47,54,35.259,54,8.74,7,Rising,0,0.0,1,59.1,50013.13,19602.12,123,0,0,0,0,0,2.392,494,72,84,60,818,129,16.602,69,57,2,3.509,6.601,5.461,3.245,42%,PROTECT_INVENTORY,1418.47,922.01,-35.0,20.381,17019.04,45844.28,56.0,0.0,1.0,35.259,19602.12,-42.2,-13.18,0.0,82,61.98,Inventory is close to stockout; protect availability before scaling ads.
2026-09-05,UB-FILTER-500G,UB-FILTER,South Indian Filter Coffee,Coffee,500 g,Video,28530,1059,3.712,816,2249.37,56,20.381,56,15.46,9,Rising,0,0.0,1,72.65,45844.28,17019.04,0,13165,10932,6637,3711,2281,2.001,384,56,81,50,1059,142,17.402,75,58,2,3.448,5.288,10.098,5.877,42%,PROTECT_INVENTORY,2249.37,1462.09,-35.0,12.582,6651.03,19514.63,25.0,0.0,1.0,20.381,17019.04,-38.27,-60.92,0.0,82,63.01,Inventory is close to stockout; protect availability before scaling ads.
2026-09-06,UB-FILTER-500G,UB-FILTER,South Indian Filter Coffee,Coffee,500 g,Video,13129,411,3.13,328,1550.99,25,12.582,25,5.95,4,Rising,0,0.0,1,30.55,19514.63,6651.03,0,7460,4736,3508,2469,1658,2.529,231,34,40,27,411,60,18.293,31,25,0,0.0,6.083,6.944,4.023,42%,PROTECT_INVENTORY,1550.99,1008.14,-35.0,25.751,15209.9,39872.1,37.0,0.0,1.0,12.582,6651.03,104.67,128.68,1.0,82,61.32,Inventory is close to stockout; protect availability before scaling ads.
2026-09-07,UB-FILTER-500G,UB-FILTER,South Indian Filter Coffee,Coffee,500 g,Image,27409,954,3.481,846,1548.4,37,25.751,37,3.71,7,Stable,0,0.0,1,46.91,39872.1,15209.9,116,0,0,0,0,0,1.733,330,47,60,38,954,115,13.593,49,40,3,7.5,3.878,3.038,1.671,42%,PROTECT_INVENTORY,1548.4,1006.46,-35.0,32.31,21184.91,54410.76,51.0,0.0,1.0,25.751,15209.9,25.47,39.28,1.0,82,60.47,Inventory is close to stockout; protect availability before scaling ads.
2026-09-08,UB-FILTER-500G,UB-FILTER,South Indian Filter Coffee,Coffee,500 g,Influencer Video,35153,952,2.708,912,1684.0,51,32.31,51,-2.26,6,Stable,0,0.0,1,58.8,54410.76,21184.91,95,16619,15756,8670,4713,3801,4.569,1146,145,189,126,952,118,12.939,68,53,2,3.774,5.357,5.458,3.728,42%,PROTECT_INVENTORY,1684.0,1094.6,-35.0,13.526,8496.4,24529.74,31.0,0.0,1.0,32.31,21184.91,-58.14,-59.89,0.0,74,58.21,Inventory is close to stockout; protect availability before scaling ads.
2026-09-09,UB-FILTER-500G,UB-FILTER,South Indian Filter Coffee,Coffee,500 g,Influencer Video,23694,894,3.773,802,1813.48,31,13.526,31,17.6,4,Rising,0,0.0,1,39.41,24529.74,8496.4,0,13060,9334,7342,3603,1696,3.085,512,73,80,66,894,80,9.975,41,32,1,3.125,3.468,7.171,4.931,42%,PROTECT_INVENTORY,1813.48,1178.76,-35.0,31.355,18656.08,48032.11,55.0,0.0,1.0,13.526,8496.4,131.81,119.58,1.0,82,59.68,Inventory is close to stockout; protect availability before scaling ads.
2026-09-10,UB-FILTER-500G,UB-FILTER,South Indian Filter Coffee,Coffee,500 g,Influencer Video,25250,884,3.501,599,1531.88,55,31.355,55,16.07,7,Rising,0,0.0,1,63.22,48032.11,18656.08,104,8042,5212,4082,2993,1623,4.329,786,97,124,86,884,146,24.374,76,61,5,8.197,6.222,4.746,2.532,42%,PROTECT_INVENTORY,1531.88,995.72,-35.0,12.184,7041.69,20819.54,21.0,0.0,1.0,31.355,18656.08,-61.14,-62.26,0.0,82,65.44,Inventory is close to stockout; protect availability before scaling ads.
2026-09-11,UB-FILTER-500G,UB-FILTER,South Indian Filter Coffee,Coffee,500 g,Image,17925,507,2.828,383,1708.79,21,12.184,21,2.93,4,Stable,0,0.0,1,27.62,20819.54,7041.69,34,0,0,0,0,0,1.579,199,27,34,23,507,50,13.055,27,23,1,4.348,4.142,4.989,3.352,42%,PROTECT_INVENTORY,1708.79,1110.71,-35.0,25.755,11526.6,30216.02,27.0,19.7,0.0,12.184,7041.69,111.38,63.69,1.0,82,58.54,Inventory is close to stockout; protect availability before scaling ads.
2026-09-12,UB-FILTER-500G,UB-FILTER,South Indian Filter Coffee,Coffee,500 g,Influencer Video,15376,506,3.291,432,1173.23,27,25.755,27,-2.23,4,Stable,709,19.7,0,35.99,30216.02,11526.6,62,5568,4894,4119,2482,1063,3.304,356,52,59,41,506,72,16.667,38,32,1,3.125,5.336,6.189,3.84,42%,MAINTAIN,1173.23,1173.23,0.0,32.964,16704.8,42836.59,50.0,9.85,0.0,25.755,11526.6,27.99,44.92,1.0,82,70.28,Signals are within normal range; maintain current strategy.
2026-09-13,UB-FILTER-500G,UB-FILTER,South Indian Filter Coffee,Coffee,500 g,Video,25615,883,3.447,728,1299.48,50,32.964,50,0.36,11,Stable,646,9.85,0,65.56,42836.59,16704.8,0,10994,9720,6394,3471,2115,2.163,381,53,73,47,883,156,21.429,66,53,2,3.774,5.663,8.379,5.209,42%,MAINTAIN,1299.48,1299.48,0.0,13.913,9242.32,26525.96,28.0,17.02,0.0,32.964,16704.8,-57.79,-44.67,0.0,90,67.57,Signals are within normal range; maintain current strategy.
2026-09-14,UB-FILTER-500G,UB-FILTER,South Indian Filter Coffee,Coffee,500 g,Video,18868,611,3.238,652,1906.58,28,13.913,28,7.62,4,Rising,606,17.02,0,35.61,26525.96,9242.32,54,8695,7398,4521,2805,1511,2.952,387,52,72,46,611,65,9.969,37,30,2,6.667,4.583,5.192,2.863,42%,INCREASE_BUDGET,1906.58,2287.9,20.0,14.095,7679.12,21980.83,24.0,18.64,0.0,13.913,9242.32,1.31,-16.91,1.0,90,66.04,"Strong ROAS, positive profit, rising sales and sufficient inventory."
2026-09-15,UB-FILTER-500G,UB-FILTER,South Indian Filter Coffee,Coffee,500 g,Influencer Video,14899,517,3.47,372,1559.45,24,14.095,24,-14.51,5,Falling,574,18.64,0,30.8,21980.83,7679.12,34,6132,4771,3823,2223,1156,4.309,446,62,84,50,517,69,18.548,33,27,2,7.407,4.642,4.369,1.927,42%,MAINTAIN,1559.45,1559.45,0.0,10.326,5091.07,15739.47,18.0,32.11,0.0,14.095,7679.12,-26.74,-33.7,0.0,82,65.81,Signals are within normal range; maintain current strategy.
2026-09-16,UB-FILTER-500G,UB-FILTER,South Indian Filter Coffee,Coffee,500 g,Image,16779,642,3.826,509,1524.25,18,10.326,18,0.31,4,Stable,549,32.11,0,17.1,15739.47,5091.07,63,0,0,0,0,0,3.385,401,57,64,46,642,56,11.002,24,18,0,0.0,2.804,6.366,3.775,42%,MAINTAIN,1524.25,1524.25,0.0,11.312,6806.03,20506.26,26.0,15.4,0.0,10.326,5091.07,9.55,33.69,1.0,90,68.17,Signals are within normal range; maintain current strategy.
2026-09-17,UB-FILTER-500G,UB-FILTER,South Indian Filter Coffee,Coffee,500 g,Image,23093,873,3.78,636,1812.78,26,11.312,26,4.8,2,Stable,522,15.4,0,33.89,20506.26,6806.03,0,0,0,0,0,0,3.663,563,99,106,78,873,97,15.252,36,26,0,0.0,2.978,9.426,5.117,42%,INCREASE_BUDGET,1812.78,2175.34,20.0,18.685,13306.3,36278.44,36.0,10.88,0.0,11.312,6806.03,65.18,95.51,1.0,90,68.95,"Strong ROAS, positive profit, rising sales and sufficient inventory."
2026-09-18,UB-FILTER-500G,UB-FILTER,South Indian Filter Coffee,Coffee,500 g,Carousel,24427,874,3.578,680,1941.58,36,18.685,36,5.69,5,Rising,467,10.88,0,42.93,36278.44,13306.3,85,0,0,0,0,0,2.096,333,64,61,54,874,84,12.353,50,37,1,2.703,4.119,7.531,4.879,42%,MAINTAIN,1941.58,1941.58,0.0,7.276,3728.45,13181.1,16.0,22.88,0.0,18.685,13306.3,-61.06,-71.98,0.0,90,65.26,Signals are within normal range; maintain current strategy.
2026-09-19,UB-FILTER-500G,UB-FILTER,South Indian Filter Coffee,Coffee,500 g,Influencer Video,10410,487,4.678,404,1811.58,16,7.276,16,-4.05,1,Stable,450,22.88,0,19.67,13181.1,3728.45,0,5856,6068,3952,1583,744,2.939,211,29,40,26,487,58,14.356,24,17,1,5.882,3.285,9.059,5.905,42%,MAINTAIN,1811.58,1811.58,0.0,16.238,9810.55,27348.91,30.0,11.47,0.0,7.276,3728.45,123.17,163.13,1.0,82,65.44,Signals are within normal range; maintain current strategy.
2026-09-20,UB-FILTER-500G,UB-FILTER,South Indian Filter Coffee,Coffee,500 g,Influencer Video,19503,637,3.266,568,1684.23,30,16.238,30,-3.58,4,Stable,410,11.47,0,35.75,27348.91,9810.55,22,13294,9426,4416,3860,2500,3.235,438,57,78,58,637,75,13.204,42,32,2,6.25,4.71,9.576,6.144,42%,MAINTAIN,1684.23,1684.23,0.0,16.61,10619.07,29489.52,37.0,8.93,0.0,16.238,9810.55,2.29,8.24,1.0,82,63.9,Signals are within normal range; maintain current strategy.
2026-09-21,UB-FILTER-500G,UB-FILTER,South Indian Filter Coffee,Coffee,500 g,Video,22047,668,3.03,469,1775.41,37,16.61,37,7.42,5,Rising,357,8.93,0,39.99,29489.52,10619.07,0,11189,7893,5213,3184,1570,3.275,512,57,92,61,668,79,16.844,42,38,1,2.632,5.539,6.628,3.881,42%,MAINTAIN,1775.41,1775.41,0.0,9.98,5469.5,17086.82,20.0,14.32,0.0,16.61,10619.07,-39.92,-48.49,0.0,82,64.44,Signals are within normal range; maintain current strategy.
2026-09-22,UB-FILTER-500G,UB-FILTER,South Indian Filter Coffee,Coffee,500 g,Video,14988,507,3.383,352,1712.11,20,9.98,20,-4.29,4,Stable,334,14.32,0,23.32,17086.82,5469.5,0,6502,5074,2832,2115,746,2.088,211,33,40,29,507,68,19.318,29,22,1,4.545,3.945,3.809,1.468,42%,MAINTAIN,1712.11,1712.11,0.0,13.331,9532.17,27606.48,34.0,6.66,0.0,9.98,5469.5,33.58,74.28,1.0,82,65.26,Signals are within normal range; maintain current strategy.
2026-09-23,UB-FILTER-500G,UB-FILTER,South Indian Filter Coffee,Coffee,500 g,Image,17471,636,3.64,515,2070.87,34,13.331,34,2.6,4,Stable,291,6.66,0,43.72,27606.48,9532.17,0,0,0,0,0,0,3.761,475,61,72,49,636,88,17.087,46,39,4,10.256,5.346,2.535,1.058,42%,FIX_PAYMENT,2070.87,2070.87,0.0,29.19,18859.04,48852.17,49.0,3.6,0.0,13.331,9532.17,118.96,97.85,1.0,90,63.49,Payment failure rate is unusually high; conversion is leaking at payment.
2026-09-24,UB-FILTER-500G,UB-FILTER,South Indian Filter Coffee,Coffee,500 g,Image,23664,786,3.322,568,1673.59,49,29.19,49,0.21,7,Stable,240,3.6,0,66.73,48852.17,18859.04,82,0,0,0,0,0,2.13,349,44,67,44,786,133,23.415,79,64,3,4.688,6.234,10.819,6.844,42%,MAINTAIN,1673.59,1673.59,0.0,20.895,10061.7,27015.38,33.0,5.24,0.0,29.19,18859.04,-28.42,-46.65,0.0,82,65.15,Signals are within normal range; maintain current strategy.
2026-09-25,UB-FILTER-500G,UB-FILTER,South Indian Filter Coffee,Coffee,500 g,Influencer Video,17779,677,3.808,510,1292.9,33,20.895,33,-1.11,7,Stable,200,5.24,0,38.2,27015.38,10061.7,0,6809,6022,3081,2253,1057,2.942,359,51,64,49,677,69,13.529,43,36,2,5.556,4.874,6.459,4.19,42%,MAINTAIN,1292.9,1292.9,0.0,32.403,22047.27,56612.77,69.0,1.66,0.0,20.895,10061.7,55.08,119.12,1.0,74,59.86,Signals are within normal range; maintain current strategy.
2026-09-26,UB-FILTER-500G,UB-FILTER,South Indian Filter Coffee,Coffee,500 g,Influencer Video,24616,930,3.778,937,1747.15,69,32.403,69,-0.58,5,Stable,129,1.66,0,77.94,56612.77,22047.27,0,15526,9120,4727,3712,1878,3.924,673,98,110,85,930,182,19.424,122,96,5,5.208,7.419,7.448,5.159,42%,PROTECT_INVENTORY,1747.15,1135.65,-35.0,17.314,8752.52,24141.85,29.0,2.5,0.0,32.403,22047.27,-46.57,-60.3,0.0,74,61.46,Inventory is close to stockout; protect availability before scaling ads.
2026-09-27,UB-FILTER-500G,UB-FILTER,South Indian Filter Coffee,Coffee,500 g,Image,15477,524,3.386,535,1394.33,29,17.314,29,-0.37,4,Stable,99,2.5,0,39.59,24141.85,8752.52,0,0,0,0,0,0,3.198,334,49,65,47,524,74,13.832,37,30,1,3.333,5.534,6.682,3.692,42%,PROTECT_INVENTORY,1394.33,906.31,-35.0,17.328,11997.84,33089.08,42.0,1.09,0.0,17.314,8752.52,0.08,37.08,1.0,74,59.78,Inventory is close to stockout; protect availability before scaling ads.
2026-09-28,UB-FILTER-500G,UB-FILTER,South Indian Filter Coffee,Coffee,500 g,Video,20677,647,3.129,506,1909.54,42,17.328,42,4.62,6,Stable,52,1.09,0,47.53,33089.08,11997.84,0,10305,6281,3583,2639,1452,2.471,344,50,69,48,647,110,21.739,65,53,1,1.887,6.491,1.652,0.935,42%,PROTECT_INVENTORY,1909.54,1241.2,-35.0,,,,,,,17.328,11997.84,,,,82,63.29,Inventory is close to stockout; protect availability before scaling ads.
2026-09-01,UB-SACHET-HAZELNUT,UB-SACHET,Instant Coffee Sachets,Instant,Hazelnut,Influencer Video,25798,1351,5.237,974,818.99,69,18.216,69,0.86,21,Stable,0,0.0,1,84.09,14918.36,4001.98,103,11277,9004,7145,3768,2179,2.407,429,60,71,61,1351,159,16.324,92,74,3,4.054,5.107,1.768,2.188,32%,PROTECT_INVENTORY,818.99,532.34,-35.0,7.576,1159.32,6064.76,25.0,0.0,1.0,18.216,4001.98,-58.41,-71.03,0.0,82,54.93,Inventory is close to stockout; protect availability before scaling ads.
2026-09-02,UB-SACHET-HAZELNUT,UB-SACHET,Instant Coffee Sachets,Instant,Hazelnut,Video,14554,499,3.429,426,800.55,25,7.576,25,5.64,8,Rising,0,0.0,1,27.56,6064.76,1159.32,80,7574,4960,3454,1897,946,2.151,224,30,35,24,499,73,17.136,34,27,1,3.704,5.01,2.775,2.771,32%,PROTECT_INVENTORY,800.55,520.36,-35.0,5.452,651.04,4659.39,20.0,0.0,1.0,7.576,1159.32,-28.04,-43.84,0.0,82,58.66,Inventory is close to stockout; protect availability before scaling ads.
2026-09-03,UB-SACHET-HAZELNUT,UB-SACHET,Instant Coffee Sachets,Instant,Hazelnut,Video,10814,512,4.735,388,854.68,20,5.452,20,11.87,3,Rising,0,0.0,1,25.47,4659.39,651.04,27,5167,3090,1834,1318,576,2.885,206,34,42,30,512,49,12.629,30,23,2,8.696,3.906,2.913,4.265,32%,PROTECT_INVENTORY,854.68,555.54,-35.0,6.676,1279.98,7382.83,36.0,0.0,1.0,5.452,651.04,22.45,96.61,1.0,82,49.93,Inventory is close to stockout; protect availability before scaling ads.
2026-09-04,UB-SACHET-HAZELNUT,UB-SACHET,Instant Coffee Sachets,Instant,Hazelnut,Influencer Video,14627,780,5.333,665,1105.83,36,6.676,36,4.67,5,Stable,0,0.0,1,45.3,7382.83,1279.98,0,8557,7504,5287,2158,1692,4.218,437,60,70,50,780,94,14.135,45,37,1,2.703,4.615,3.811,5.046,32%,PROTECT_INVENTORY,1105.83,718.79,-35.0,14.491,3556.38,13993.37,55.0,0.0,1.0,6.676,1279.98,117.06,177.85,1.0,82,55.32,Inventory is close to stockout; protect availability before scaling ads.
2026-09-05,UB-SACHET-HAZELNUT,UB-SACHET,Instant Coffee Sachets,Instant,Hazelnut,Carousel,14616,853,5.836,603,965.68,55,14.491,55,3.31,15,Stable,0,0.0,1,71.12,13993.37,3556.38,143,0,0,0,0,0,4.392,432,68,89,53,853,139,23.051,85,71,5,7.042,6.448,4.365,5.923,32%,PROTECT_INVENTORY,965.68,627.69,-35.0,8.835,1511.71,7199.58,25.0,0.0,1.0,14.491,3556.38,-39.03,-57.49,0.0,82,58.3,Inventory is close to stockout; protect availability before scaling ads.
2026-09-06,UB-SACHET-HAZELNUT,UB-SACHET,Instant Coffee Sachets,Instant,Hazelnut,Image,19612,959,4.89,828,814.89,25,8.835,25,9.64,5,Rising,0,0.0,1,36.92,7199.58,1511.71,120,0,0,0,0,0,2.83,395,50,66,44,959,78,9.42,34,27,1,3.704,2.607,2.63,2.971,32%,PROTECT_INVENTORY,814.89,529.68,-35.0,14.071,3253.58,12906.42,54.0,0.0,1.0,8.835,1511.71,59.26,115.23,1.0,74,54.51,Inventory is close to stockout; protect availability before scaling ads.
2026-09-07,UB-SACHET-HAZELNUT,UB-SACHET,Instant Coffee Sachets,Instant,Hazelnut,Video,24142,1267,5.248,969,917.22,54,14.071,54,7.23,17,Rising,0,0.0,1,69.81,12906.42,3253.58,209,10100,9357,6374,5003,2942,2.096,361,48,61,36,1267,184,18.989,89,66,1,1.515,4.262,2.55,1.741,32%,PROTECT_INVENTORY,917.22,596.19,-35.0,7.904,1542.26,7843.14,39.0,0.0,1.0,14.071,3253.58,-43.83,-52.6,0.0,82,57.71,Inventory is close to stockout; protect availability before scaling ads.
2026-09-08,UB-SACHET-HAZELNUT,UB-SACHET,Instant Coffee Sachets,Instant,Hazelnut,Video,21049,751,3.568,672,992.31,39,7.904,39,9.22,9,Rising,0,0.0,1,49.24,7843.14,1542.26,66,8025,5904,4431,2163,1317,2.204,314,47,62,41,751,128,19.048,65,52,4,7.692,5.193,2.712,2.668,32%,PROTECT_INVENTORY,992.31,645.0,-35.0,15.06,2966.13,11552.25,57.0,0.0,1.0,7.904,1542.26,90.54,92.32,1.0,82,62.36,Inventory is close to stockout; protect availability before scaling ads.
2026-09-09,UB-SACHET-HAZELNUT,UB-SACHET,Instant Coffee Sachets,Instant,Hazelnut,Carousel,22565,962,4.263,812,767.06,57,15.06,57,4.94,11,Stable,0,0.0,1,78.44,11552.25,2966.13,0,0,0,0,0,0,2.943,446,73,86,59,962,217,26.724,119,89,6,6.742,5.925,5.826,7.547,32%,PROTECT_INVENTORY,767.06,498.59,-35.0,8.813,1661.37,7923.1,33.0,0.0,1.0,15.06,2966.13,-41.48,-43.99,0.0,82,59.92,Inventory is close to stockout; protect availability before scaling ads.
2026-09-10,UB-SACHET-HAZELNUT,UB-SACHET,Instant Coffee Sachets,Instant,Hazelnut,Image,13279,616,4.639,436,899.04,33,8.813,33,8.35,4,Rising,0,0.0,1,35.82,7923.1,1661.37,67,0,0,0,0,0,1.551,139,23,25,19,616,92,21.101,49,43,0,0.0,5.357,4.972,5.841,32%,PROTECT_INVENTORY,899.04,584.38,-35.0,7.505,1451.73,7644.09,35.0,0.0,1.0,8.813,1661.37,-14.84,-12.62,0.0,82,58.31,Inventory is close to stockout; protect availability before scaling ads.
2026-09-11,UB-SACHET-HAZELNUT,UB-SACHET,Instant Coffee Sachets,Instant,Hazelnut,Carousel,13595,631,4.641,573,1018.51,35,7.505,35,15.44,9,Rising,0,0.0,1,38.7,7644.09,1451.73,49,0,0,0,0,0,2.869,270,38,47,35,631,152,26.527,73,60,4,6.667,5.547,4.055,4.54,32%,PROTECT_INVENTORY,1018.51,662.03,-35.0,5.722,866.65,5840.8,31.0,0.0,1.0,7.505,1451.73,-23.76,-40.3,0.0,82,64.78,Inventory is close to stockout; protect availability before scaling ads.
2026-09-12,UB-SACHET-HAZELNUT,UB-SACHET,Instant Coffee Sachets,Instant,Hazelnut,Video,17824,898,5.038,540,1020.85,31,5.722,31,9.82,4,Rising,0,0.0,1,36.66,5840.8,866.65,0,9717,6643,4945,3188,1838,2.255,284,30,56,32,898,119,22.037,49,34,2,5.882,3.452,3.588,4.038,32%,PROTECT_INVENTORY,1020.85,663.55,-35.0,9.866,1754.32,7909.69,34.0,0.0,1.0,5.722,866.65,72.42,102.43,1.0,82,55.24,Inventory is close to stockout; protect availability before scaling ads.
2026-09-13,UB-SACHET-HAZELNUT,UB-SACHET,Instant Coffee Sachets,Instant,Hazelnut,Image,12090,695,5.749,506,801.75,34,9.866,34,9.08,9,Rising,0,0.0,1,39.25,7909.69,1754.32,80,0,0,0,0,0,2.73,220,38,41,31,695,88,17.391,54,41,3,7.317,4.892,3.812,4.396,32%,PROTECT_INVENTORY,801.75,521.14,-35.0,4.862,652.02,5549.94,23.0,0.0,1.0,9.866,1754.32,-50.72,-62.83,0.0,82,59.27,Inventory is close to stockout; protect availability before scaling ads.
2026-09-14,UB-SACHET-HAZELNUT,UB-SACHET,Instant Coffee Sachets,Instant,Hazelnut,Image,13655,664,4.863,449,1141.48,23,4.862,23,6.66,7,Rising,0,0.0,1,29.66,5549.94,652.02,45,0,0,0,0,0,3.295,319,46,52,33,664,58,12.918,31,25,1,4.0,3.464,2.844,3.093,32%,PROTECT_INVENTORY,1141.48,741.96,-35.0,8.57,2082.41,10085.41,53.0,0.0,1.0,4.862,652.02,76.26,219.38,1.0,82,46.9,Inventory is close to stockout; protect availability before scaling ads.
2026-09-15,UB-SACHET-HAZELNUT,UB-SACHET,Instant Coffee Sachets,Instant,Hazelnut,Carousel,17975,1166,6.487,624,1176.76,53,8.57,53,2.44,16,Stable,0,0.0,1,62.98,10085.41,2082.41,0,0,0,0,0,0,2.025,241,36,53,34,1166,168,26.923,71,59,1,1.695,4.545,4.361,5.319,32%,PROTECT_INVENTORY,1176.76,764.89,-35.0,13.241,3049.11,12312.89,47.0,0.0,1.0,8.57,2082.41,54.5,46.42,1.0,82,60.85,Inventory is close to stockout; protect availability before scaling ads.
2026-09-16,UB-SACHET-HAZELNUT,UB-SACHET,Instant Coffee Sachets,Instant,Hazelnut,Video,18613,917,4.927,708,929.89,47,13.241,47,23.46,16,Rising,0,0.0,1,65.52,12312.89,3049.11,123,9067,6514,4606,3043,1163,2.009,259,33,49,33,917,163,23.023,90,77,4,5.195,5.125,5.103,6.994,32%,PROTECT_INVENTORY,929.89,604.43,-35.0,8.362,1371.49,6737.34,33.0,8.52,0.0,13.241,3049.11,-36.85,-55.02,0.0,82,64.16,Inventory is close to stockout; protect availability before scaling ads.
2026-09-17,UB-SACHET-HAZELNUT,UB-SACHET,Instant Coffee Sachets,Instant,Hazelnut,Influencer Video,13290,682,5.132,534,805.73,33,8.362,33,-5.62,4,Falling,386,8.52,0,45.28,6737.34,1371.49,0,6077,3169,2027,1446,808,2.46,219,34,43,31,682,80,14.981,43,34,1,2.941,4.839,2.626,3.169,32%,MAINTAIN,805.73,805.73,0.0,4.842,713.47,6116.57,31.0,8.43,0.0,8.362,1371.49,-42.1,-47.98,0.0,74,58.32,Signals are within normal range; maintain current strategy.
2026-09-18,UB-SACHET-HAZELNUT,UB-SACHET,Instant Coffee Sachets,Instant,Hazelnut,Influencer Video,12674,508,4.008,430,1263.14,31,4.842,31,8.19,4,Rising,339,8.43,0,40.21,6116.57,713.47,0,5670,3168,2465,1252,539,3.448,317,42,44,34,508,81,18.837,44,35,1,2.857,6.102,4.144,5.012,32%,MAINTAIN,1263.14,1263.14,0.0,12.712,2427.91,9930.35,43.0,5.51,0.0,4.842,713.47,162.54,240.3,1.0,90,54.59,Signals are within normal range; maintain current strategy.
2026-09-19,UB-SACHET-HAZELNUT,UB-SACHET,Instant Coffee Sachets,Instant,Hazelnut,Influencer Video,17210,725,4.213,684,781.15,43,12.712,43,-2.98,11,Stable,280,5.51,0,50.8,9930.35,2427.91,70,8287,4636,3129,2305,1330,2.464,293,38,55,38,725,108,15.789,58,48,2,4.167,5.931,4.416,4.818,32%,MAINTAIN,781.15,781.15,0.0,6.626,1062.87,6171.0,30.0,5.9,0.0,12.712,2427.91,-47.88,-56.22,0.0,74,57.14,Signals are within normal range; maintain current strategy.
2026-09-20,UB-SACHET-HAZELNUT,UB-SACHET,Instant Coffee Sachets,Instant,Hazelnut,Video,14708,914,6.214,606,931.33,30,6.626,30,-3.28,7,Stable,227,5.9,0,38.45,6171.0,1062.87,0,6469,4265,2187,1298,698,2.883,295,40,57,32,914,115,18.977,55,42,1,2.381,3.282,5.679,6.408,32%,MAINTAIN,931.33,931.33,0.0,11.032,2561.01,11014.63,54.0,2.08,0.0,6.626,1062.87,66.5,140.95,1.0,74,60.27,Signals are within normal range; maintain current strategy.
2026-09-21,UB-SACHET-HAZELNUT,UB-SACHET,Instant Coffee Sachets,Instant,Hazelnut,Influencer Video,21114,1171,5.546,737,998.45,54,11.032,54,-2.39,8,Stable,146,2.08,0,70.26,11014.63,2561.01,0,13952,11654,5480,2695,1440,3.301,469,73,100,55,1171,137,18.589,65,56,1,1.786,4.611,3.968,5.233,32%,PROTECT_INVENTORY,998.45,648.99,-35.0,6.837,1169.22,6610.1,32.0,2.33,0.0,11.032,2561.01,-38.03,-54.35,0.0,74,56.8,Inventory is close to stockout; protect availability before scaling ads.
2026-09-22,UB-SACHET-HAZELNUT,UB-SACHET,Instant Coffee Sachets,Instant,Hazelnut,Image,19898,1041,5.232,728,966.88,32,6.837,32,2.15,5,Stable,83,2.33,0,35.63,6610.1,1169.22,0,0,0,0,0,0,1.563,218,32,37,24,1041,118,16.209,50,37,3,8.108,3.074,3.847,4.572,32%,PROTECT_INVENTORY,966.88,628.47,-35.0,6.511,1161.78,6851.21,34.0,0.56,0.0,6.837,1169.22,-4.77,-0.64,0.0,82,56.84,Inventory is close to stockout; protect availability before scaling ads.
2026-09-23,UB-SACHET-HAZELNUT,UB-SACHET,Instant Coffee Sachets,Instant,Hazelnut,Carousel,10573,778,7.358,492,1052.24,34,6.511,34,-0.72,5,Stable,24,0.56,0,42.67,6851.21,1161.78,85,0,0,0,0,0,2.582,175,30,41,27,778,104,21.138,51,43,3,6.977,4.37,2.604,3.004,32%,PROTECT_INVENTORY,1052.24,683.96,-35.0,8.121,1837.53,9187.0,45.0,0.0,1.0,6.511,1161.78,24.73,58.17,1.0,74,59.7,Inventory is close to stockout; protect availability before scaling ads.
2026-09-24,UB-SACHET-HAZELNUT,UB-SACHET,Instant Coffee Sachets,Instant,Hazelnut,Video,14174,882,6.223,742,1131.31,45,8.121,45,6.1,12,Rising,0,0.0,1,58.08,9187.0,1837.53,0,10248,7326,5469,2750,1706,3.062,302,43,50,39,882,116,15.633,71,60,4,6.667,5.102,3.207,4.08,32%,PROTECT_INVENTORY,1131.31,735.35,-35.0,7.228,1526.51,8259.96,40.0,0.0,1.0,8.121,1837.53,-11.0,-16.93,0.0,82,59.12,Inventory is close to stockout; protect availability before scaling ads.
2026-09-25,UB-SACHET-HAZELNUT,UB-SACHET,Instant Coffee Sachets,Instant,Hazelnut,Influencer Video,21856,836,3.825,506,1142.76,40,7.228,40,4.66,8,Stable,0,0.0,1,49.67,8259.96,1526.51,0,12357,7825,5790,3483,1679,3.198,503,59,79,58,836,126,24.901,66,55,2,3.636,4.785,2.294,2.809,32%,PROTECT_INVENTORY,1142.76,742.79,-35.0,7.326,1414.44,7577.68,36.0,0.0,1.0,7.228,1526.51,1.36,-7.34,1.0,82,60.39,Inventory is close to stockout; protect availability before scaling ads.
2026-09-26,UB-SACHET-HAZELNUT,UB-SACHET,Instant Coffee Sachets,Instant,Hazelnut,Image,18121,729,4.023,561,1034.34,36,7.326,36,-3.91,7,Stable,0,0.0,1,49.58,7577.68,1414.44,53,0,0,0,0,0,2.296,280,47,49,40,729,87,15.508,54,40,1,2.5,4.938,4.018,4.654,32%,PROTECT_INVENTORY,1034.34,672.32,-35.0,7.271,1454.19,7834.37,41.0,0.0,1.0,7.326,1414.44,-0.75,2.81,0.0,74,54.72,Inventory is close to stockout; protect availability before scaling ads.
2026-09-27,UB-SACHET-HAZELNUT,UB-SACHET,Instant Coffee Sachets,Instant,Hazelnut,Influencer Video,16816,934,5.554,851,1077.54,41,7.271,41,16.78,16,Rising,0,0.0,1,55.0,7834.37,1454.19,0,7431,7368,5781,3805,2068,2.813,321,51,59,42,934,145,17.039,82,71,4,5.634,4.39,4.324,4.992,32%,PROTECT_INVENTORY,1077.54,700.4,-35.0,7.205,1508.2,8180.11,41.0,0.0,1.0,7.271,1454.19,-0.91,3.71,0.0,82,62.04,Inventory is close to stockout; protect availability before scaling ads.
2026-09-28,UB-SACHET-HAZELNUT,UB-SACHET,Instant Coffee Sachets,Instant,Hazelnut,Image,21457,939,4.376,565,1135.26,41,7.205,41,11.77,12,Rising,0,0.0,1,46.64,8180.11,1508.2,0,0,0,0,0,0,2.834,422,58,77,51,939,110,19.469,52,42,1,2.381,4.366,3.901,5.116,32%,PROTECT_INVENTORY,1135.26,737.92,-35.0,,,,,,,7.205,1508.2,,,,82,57.26,Inventory is close to stockout; protect availability before scaling ads.
2026-09-01,UB-SACHET-CLASSIC,UB-SACHET,Instant Coffee Sachets,Instant,Classic,Image,27158,1274,4.691,884,3037.78,46,2.848,46,-10.91,7,Falling,0,0.0,1,54.56,8652.02,147.54,82,0,0,0,0,0,3.572,650,105,132,83,1274,102,11.538,55,46,0,0.0,3.611,2.721,3.112,37%,PROTECT_INVENTORY,3037.78,1974.56,-35.0,3.397,534.25,7243.05,51.0,0.0,1.0,2.848,147.54,19.28,262.11,1.0,74,44.64,Inventory is close to stockout; protect availability before scaling ads.
2026-09-02,UB-SACHET-CLASSIC,UB-SACHET,Instant Coffee Sachets,Instant,Classic,Video,23702,984,4.152,919,2132.35,51,3.397,51,9.71,4,Rising,0,0.0,1,64.62,7243.05,534.25,0,7301,6670,3784,1651,977,4.055,674,83,121,83,984,131,14.255,62,54,2,3.704,5.183,2.494,2.465,37%,PROTECT_INVENTORY,2132.35,1386.03,-35.0,3.156,368.62,7188.06,52.0,0.0,1.0,3.397,534.25,-7.09,-31.0,0.0,82,51.18,Inventory is close to stockout; protect availability before scaling ads.
2026-09-03,UB-SACHET-CLASSIC,UB-SACHET,Instant Coffee Sachets,Instant,Classic,Image,26124,1320,5.053,1164,2277.73,52,3.156,52,5.75,6,Rising,0,0.0,1,66.78,7188.06,368.62,0,0,0,0,0,0,2.879,516,71,104,61,1320,114,9.794,69,53,1,1.887,3.939,1.726,1.882,37%,PROTECT_INVENTORY,2277.73,1480.52,-35.0,3.865,1005.15,9188.05,51.0,0.0,1.0,3.156,368.62,22.47,172.68,1.0,82,54.07,Inventory is close to stockout; protect availability before scaling ads.
2026-09-04,UB-SACHET-CLASSIC,UB-SACHET,Instant Coffee Sachets,Instant,Classic,Video,27231,1020,3.746,758,2377.52,51,3.865,51,8.12,5,Rising,0,0.0,1,57.99,9188.05,1005.15,54,13018,8379,6099,3670,1997,2.332,444,61,83,47,1020,112,14.776,68,54,2,3.704,5.0,4.12,4.542,37%,PROTECT_INVENTORY,2377.52,1545.39,-35.0,2.863,123.73,6565.18,43.0,0.0,1.0,3.865,1005.15,-25.92,-87.69,0.0,82,50.35,Inventory is close to stockout; protect availability before scaling ads.
2026-09-05,UB-SACHET-CLASSIC,UB-SACHET,Instant Coffee Sachets,Instant,Classic,Image,21032,888,4.222,650,2293.3,43,2.863,43,7.05,8,Rising,0,0.0,1,56.15,6565.18,123.73,37,0,0,0,0,0,2.724,406,56,68,43,888,115,17.692,67,48,4,8.333,4.842,4.677,4.981,37%,PROTECT_INVENTORY,2293.3,1490.65,-35.0,6.521,3148.67,14657.92,98.0,0.0,1.0,2.863,123.73,127.77,2444.79,1.0,82,47.44,Inventory is close to stockout; protect availability before scaling ads.
2026-09-06,UB-SACHET-CLASSIC,UB-SACHET,Instant Coffee Sachets,Instant,Classic,Video,49901,1815,3.637,1303,2247.78,98,6.521,98,-3.53,11,Stable,0,0.0,1,137.35,14657.92,3148.67,0,15658,12335,10377,8581,4782,2.517,888,128,136,104,1815,232,17.805,136,106,6,5.66,5.399,3.126,3.35,37%,PROTECT_INVENTORY,2247.78,1461.06,-35.0,2.337,-390.42,6543.68,45.0,0.0,1.0,6.521,3148.67,-64.16,-112.4,0.0,74,56.7,Inventory is close to stockout; protect availability before scaling ads.
2026-09-07,UB-SACHET-CLASSIC,UB-SACHET,Instant Coffee Sachets,Instant,Classic,Image,22017,714,3.243,730,2799.54,45,2.337,45,1.32,5,Stable,0,0.0,1,52.73,6543.68,-390.42,0,0,0,0,0,0,3.402,511,63,102,73,714,105,14.384,59,49,4,8.163,6.303,3.913,3.722,37%,PROTECT_INVENTORY,2799.54,1819.7,-35.0,3.881,1038.98,9402.38,68.0,0.0,1.0,2.337,-390.42,66.07,366.12,1.0,66,42.84,Inventory is close to stockout; protect availability before scaling ads.
2026-09-08,UB-SACHET-CLASSIC,UB-SACHET,Instant Coffee Sachets,Instant,Classic,Carousel,39757,1320,3.32,1254,2422.6,68,3.881,68,8.26,5,Rising,0,0.0,1,87.63,9402.38,1038.98,0,0,0,0,0,0,3.443,928,146,166,129,1320,183,14.593,91,75,6,8.0,5.152,4.653,4.86,37%,PROTECT_INVENTORY,2422.6,1574.69,-35.0,3.343,613.85,8894.71,53.0,0.0,1.0,3.881,1038.98,-13.86,-40.92,0.0,82,55.81,Inventory is close to stockout; protect availability before scaling ads.
2026-09-09,UB-SACHET-CLASSIC,UB-SACHET,Instant Coffee Sachets,Instant,Classic,Video,29660,978,3.297,1041,2660.82,53,3.343,53,9.58,5,Rising,0,0.0,1,56.12,8894.71,613.85,50,13150,10392,7357,3445,1907,2.846,591,74,107,72,978,129,12.392,73,56,2,3.571,5.419,3.535,4.419,37%,PROTECT_INVENTORY,2660.82,1729.53,-35.0,6.516,2821.84,13143.19,83.0,0.0,1.0,3.343,613.85,94.91,359.7,1.0,82,57.75,Inventory is close to stockout; protect availability before scaling ads.
2026-09-10,UB-SACHET-CLASSIC,UB-SACHET,Instant Coffee Sachets,Instant,Classic,Carousel,39945,1496,3.745,1379,2016.95,83,6.516,83,5.03,6,Rising,0,0.0,1,84.53,13143.19,2821.84,60,0,0,0,0,0,1.755,471,72,103,55,1496,236,17.114,100,92,7,7.609,5.548,4.152,4.224,37%,PROTECT_INVENTORY,2016.95,1311.02,-35.0,3.485,891.23,10976.82,62.0,0.0,1.0,6.516,2821.84,-46.52,-68.42,0.0,82,60.19,Inventory is close to stockout; protect availability before scaling ads.
2026-09-11,UB-SACHET-CLASSIC,UB-SACHET,Instant Coffee Sachets,Instant,Classic,Video,32107,1411,4.395,1008,3149.99,62,3.485,62,8.75,9,Rising,0,0.0,1,79.1,10976.82,891.23,79,11848,10221,7972,4932,3091,3.164,693,109,122,92,1411,147,14.583,94,66,4,6.061,4.394,3.129,3.211,37%,PROTECT_INVENTORY,3149.99,2047.49,-35.0,1.881,-955.03,5841.73,41.0,0.0,1.0,3.485,891.23,-46.03,-207.16,0.0,82,52.19,Inventory is close to stockout; protect availability before scaling ads.
2026-09-12,UB-SACHET-CLASSIC,UB-SACHET,Instant Coffee Sachets,Instant,Classic,Influencer Video,26992,1297,4.805,1146,3105.72,41,1.881,41,-1.91,7,Stable,0,0.0,1,49.98,5841.73,-955.03,0,12240,10355,7707,3991,1900,4.898,941,129,156,96,1297,140,12.216,59,46,4,8.696,3.161,5.625,6.42,37%,PROTECT_INVENTORY,3105.72,2018.72,-35.0,2.975,264.17,8249.9,51.0,0.0,1.0,1.881,-955.03,58.16,127.66,1.0,66,40.71,Inventory is close to stockout; protect availability before scaling ads.
2026-09-13,UB-SACHET-CLASSIC,UB-SACHET,Instant Coffee Sachets,Instant,Classic,Image,31639,1500,4.741,1047,2773.11,51,2.975,51,4.62,4,Stable,0,0.0,1,62.97,8249.9,264.17,44,0,0,0,0,0,2.617,582,76,96,74,1500,188,17.956,61,52,1,1.923,3.4,3.092,4.133,37%,PROTECT_INVENTORY,2773.11,1802.52,-35.0,4.446,1749.69,12217.4,78.0,0.0,1.0,2.975,264.17,49.45,562.33,1.0,82,58.02,Inventory is close to stockout; protect availability before scaling ads.
2026-09-14,UB-SACHET-CLASSIC,UB-SACHET,Instant Coffee Sachets,Instant,Classic,Carousel,31483,1266,4.021,1127,2748.26,78,4.446,78,22.76,11,Rising,0,0.0,1,90.2,12217.4,1749.69,80,0,0,0,0,0,1.556,339,48,62,41,1266,283,25.111,126,110,4,3.636,6.161,4.085,4.813,37%,PROTECT_INVENTORY,2748.26,1786.37,-35.0,2.569,-169.87,8043.21,55.0,0.0,1.0,4.446,1749.69,-42.22,-109.71,0.0,82,67.04,Inventory is close to stockout; protect availability before scaling ads.
2026-09-15,UB-SACHET-CLASSIC,UB-SACHET,Instant Coffee Sachets,Instant,Classic,Carousel,26049,1145,4.396,923,3131.05,55,2.569,55,16.1,5,Rising,0,0.0,1,65.19,8043.21,-169.87,0,0,0,0,0,0,3.543,650,81,114,78,1145,115,12.459,73,58,2,3.448,4.803,3.686,4.129,37%,PROTECT_INVENTORY,3131.05,2035.18,-35.0,5.037,1813.35,10691.3,78.0,0.0,1.0,2.569,-169.87,96.07,1167.49,1.0,82,44.36,Inventory is close to stockout; protect availability before scaling ads.
2026-09-16,UB-SACHET-CLASSIC,UB-SACHET,Instant Coffee Sachets,Instant,Classic,Carousel,35615,1436,4.032,1440,2122.75,78,5.037,78,2.56,15,Stable,0,0.0,1,101.07,10691.3,1813.35,0,0,0,0,0,0,2.092,521,63,101,60,1436,193,13.403,98,88,9,10.227,5.432,3.626,3.521,37%,PROTECT_INVENTORY,2122.75,1379.79,-35.0,5.185,2125.94,12128.59,84.0,0.0,1.0,5.037,1813.35,2.94,17.24,1.0,82,58.12,Inventory is close to stockout; protect availability before scaling ads.
2026-09-17,UB-SACHET-CLASSIC,UB-SACHET,Instant Coffee Sachets,Instant,Classic,Image,34664,1265,3.649,981,2339.32,84,5.185,84,18.1,11,Rising,0,0.0,1,116.47,12128.59,2125.94,0,0,0,0,0,0,2.859,653,111,139,88,1265,237,24.159,127,108,1,0.926,6.64,3.726,3.683,37%,PROTECT_INVENTORY,2339.32,1520.56,-35.0,2.982,292.33,8908.32,60.0,0.0,1.0,5.185,2125.94,-42.49,-86.25,0.0,82,65.34,Inventory is close to stockout; protect availability before scaling ads.
2026-09-18,UB-SACHET-CLASSIC,UB-SACHET,Instant Coffee Sachets,Instant,Classic,Image,46364,2001,4.316,1378,2987.35,60,2.982,60,-0.56,5,Stable,0,0.0,1,71.59,8908.32,292.33,0,0,0,0,0,0,2.901,934,136,170,105,2001,185,13.425,84,64,4,6.25,2.999,3.248,3.733,37%,PROTECT_INVENTORY,2987.35,1941.78,-35.0,2.156,-681.91,7136.0,48.0,0.0,1.0,2.982,292.33,-27.7,-333.27,0.0,74,45.97,Inventory is close to stockout; protect availability before scaling ads.
2026-09-19,UB-SACHET-CLASSIC,UB-SACHET,Instant Coffee Sachets,Instant,Classic,Video,34369,1228,3.573,864,3309.1,48,2.156,48,12.67,4,Rising,0,0.0,1,50.38,7136.0,-681.91,0,16724,11323,9117,4580,2841,4.143,947,131,207,139,1228,176,20.37,65,50,1,2.0,3.909,3.733,3.873,37%,PROTECT_INVENTORY,3309.1,2150.92,-35.0,3.357,502.44,7146.91,50.0,6.27,0.0,2.156,-681.91,55.71,173.68,1.0,66,45.29,Inventory is close to stockout; protect availability before scaling ads.
2026-09-20,UB-SACHET-CLASSIC,UB-SACHET,Instant Coffee Sachets,Instant,Classic,Image,23395,903,3.86,842,2128.76,50,3.357,50,-1.5,6,Stable,421,6.27,0,67.11,7146.91,502.44,0,0,0,0,0,0,2.646,436,58,76,49,903,109,12.945,60,52,2,3.846,5.537,5.926,6.595,37%,MAINTAIN,2128.76,2128.76,0.0,3.038,309.87,7936.7,54.0,5.39,0.0,3.357,502.44,-9.5,-38.33,0.0,82,51.25,Signals are within normal range; maintain current strategy.
2026-09-21,UB-SACHET-CLASSIC,UB-SACHET,Instant Coffee Sachets,Instant,Classic,Influencer Video,17856,880,4.928,643,2612.1,54,3.038,54,9.88,9,Rising,371,5.39,0,68.85,7936.7,309.87,0,10315,6101,4188,1642,742,3.954,484,74,90,58,880,206,32.037,133,102,7,6.863,6.136,3.326,3.999,37%,MAINTAIN,2612.1,2612.1,0.0,4.036,1129.98,9384.35,52.0,4.68,0.0,3.038,309.87,32.85,264.66,1.0,90,56.06,Signals are within normal range; maintain current strategy.
2026-09-22,UB-SACHET-CLASSIC,UB-SACHET,Instant Coffee Sachets,Instant,Classic,Video,34329,1298,3.781,1034,2324.96,52,4.036,52,3.64,8,Stable,312,4.68,0,66.72,9384.35,1129.98,52,14595,9604,6314,4018,2301,3.679,870,127,168,98,1298,136,13.153,67,55,2,3.636,4.006,4.503,4.653,37%,MAINTAIN,2324.96,2324.96,0.0,2.719,2.77,6330.71,40.0,5.45,0.0,4.036,1129.98,-32.63,-99.75,0.0,82,58.47,Signals are within normal range; maintain current strategy.
2026-09-23,UB-SACHET-CLASSIC,UB-SACHET,Instant Coffee Sachets,Instant,Classic,Influencer Video,26805,944,3.522,634,2327.94,40,2.719,40,0.12,4,Stable,269,5.45,0,49.32,6330.71,2.77,23,8937,7778,5595,3864,1811,3.033,569,86,92,66,944,100,15.773,50,41,1,2.439,4.237,5.439,6.595,37%,MAINTAIN,2327.94,2327.94,0.0,3.922,1041.63,9202.84,67.0,2.04,0.0,2.719,2.77,44.24,37503.97,1.0,82,47.05,Signals are within normal range; maintain current strategy.
2026-09-24,UB-SACHET-CLASSIC,UB-SACHET,Instant Coffee Sachets,Instant,Classic,Carousel,24928,1052,4.22,779,2346.48,67,3.922,67,5.91,7,Rising,198,2.04,0,96.96,9202.84,1041.63,0,0,0,0,0,0,2.547,427,70,80,58,1052,129,16.56,90,79,6,7.595,6.369,3.117,3.262,37%,PROTECT_INVENTORY,2346.48,1525.21,-35.0,2.119,-579.84,5588.32,39.0,3.21,0.0,3.922,1041.63,-45.97,-155.67,0.0,82,57.54,Inventory is close to stockout; protect availability before scaling ads.
2026-09-25,UB-SACHET-CLASSIC,UB-SACHET,Instant Coffee Sachets,Instant,Classic,Video,26976,1320,4.893,1012,2637.23,39,2.119,39,13.38,7,Rising,153,3.21,0,47.67,5588.32,-579.84,0,13098,8638,5850,4129,2598,2.576,482,59,88,66,1320,114,11.265,51,41,2,4.878,2.955,4.125,5.164,37%,PROTECT_INVENTORY,2637.23,1714.2,-35.0,2.332,-453.39,7480.43,50.0,1.55,0.0,2.119,-579.84,10.05,21.81,1.0,82,52.17,Inventory is close to stockout; protect availability before scaling ads.
2026-09-26,UB-SACHET-CLASSIC,UB-SACHET,Instant Coffee Sachets,Instant,Classic,Image,29850,1479,4.955,1203,3207.38,50,2.332,50,8.73,8,Rising,98,1.55,0,63.31,7480.43,-453.39,0,0,0,0,0,0,2.436,490,77,90,70,1479,180,14.963,73,54,4,7.407,3.381,3.728,4.279,37%,PROTECT_INVENTORY,3207.38,2084.8,-35.0,4.886,1802.91,11027.65,80.0,0.34,0.0,2.332,-453.39,109.52,497.65,1.0,82,50.11,Inventory is close to stockout; protect availability before scaling ads.
2026-09-27,UB-SACHET-CLASSIC,UB-SACHET,Instant Coffee Sachets,Instant,Classic,Image,34464,1535,4.454,1300,2257.02,80,4.886,80,3.67,14,Stable,28,0.34,0,82.36,11027.65,1802.91,0,0,0,0,0,0,3.229,780,116,117,100,1535,234,18.0,109,86,5,5.814,5.212,3.68,3.915,37%,PROTECT_INVENTORY,2257.02,1467.06,-35.0,2.785,86.23,9509.7,63.0,0.0,1.0,4.886,1802.91,-43.0,-95.22,0.0,82,59.66,Inventory is close to stockout; protect availability before scaling ads.
2026-09-28,UB-SACHET-CLASSIC,UB-SACHET,Instant Coffee Sachets,Instant,Classic,Video,25771,1195,4.637,952,3414.86,63,2.785,63,4.64,5,Stable,0,0.0,1,72.89,9509.7,86.23,0,18671,10322,5581,3113,2125,3.391,602,85,114,73,1195,140,14.706,89,66,2,3.03,5.272,3.069,3.349,37%,PROTECT_INVENTORY,3414.86,2219.66,-35.0,,,,,,,2.785,86.23,,,,82,49.42,Inventory is close to stockout; protect availability before scaling ads.
2026-09-01,UB-SACHET-MOCHA,UB-SACHET,Instant Coffee Sachets,Instant,Mocha,Carousel,34853,1166,3.345,841,1494.7,41,6.58,41,-1.25,5,Stable,0,0.0,1,48.98,9834.85,1696.65,0,0,0,0,0,0,2.643,615,102,120,84,1166,103,12.247,61,45,4,8.889,3.516,2.361,1.054,32%,PROTECT_INVENTORY,1494.7,971.56,-35.0,6.109,1781.43,11077.73,45.0,0.0,1.0,6.58,1696.65,-7.16,5.0,0.0,74,57.11,Inventory is close to stockout; protect availability before scaling ads.
2026-09-02,UB-SACHET-MOCHA,UB-SACHET,Instant Coffee Sachets,Instant,Mocha,Image,36016,1330,3.693,978,1813.22,45,6.109,45,10.35,5,Rising,0,0.0,1,52.63,11077.73,1781.43,0,0,0,0,0,0,2.366,572,84,114,82,1330,130,13.292,64,51,7,13.725,3.383,5.712,4.095,32%,PROTECT_INVENTORY,1813.22,1178.59,-35.0,7.507,2554.59,13355.35,56.0,0.0,1.0,6.109,1781.43,22.88,43.4,1.0,82,60.91,Inventory is close to stockout; protect availability before scaling ads.
2026-09-03,UB-SACHET-MOCHA,UB-SACHET,Instant Coffee Sachets,Instant,Mocha,Influencer Video,36501,1170,3.205,1083,1779.14,56,7.507,56,8.91,8,Rising,0,0.0,1,66.93,13355.35,2554.59,0,18527,11855,6135,3451,2477,2.786,698,104,128,87,1170,170,15.697,67,60,3,5.0,4.786,7.212,5.617,32%,PROTECT_INVENTORY,1779.14,1156.44,-35.0,6.062,1546.33,9693.04,39.0,0.0,1.0,7.507,2554.59,-19.25,-39.47,0.0,82,62.25,Inventory is close to stockout; protect availability before scaling ads.
2026-09-04,UB-SACHET-MOCHA,UB-SACHET,Instant Coffee Sachets,Instant,Mocha,Video,46451,1247,2.685,823,1599.0,39,6.062,39,12.91,3,Rising,0,0.0,1,47.86,9693.04,1546.33,50,19714,13091,9539,4838,2464,2.398,763,117,140,94,1247,85,10.328,56,42,3,7.143,3.128,6.461,4.622,32%,PROTECT_INVENTORY,1599.0,1039.35,-35.0,5.142,1171.63,9011.97,33.0,0.0,1.0,6.062,1546.33,-15.18,-24.23,0.0,82,58.34,Inventory is close to stockout; protect availability before scaling ads.
2026-09-05,UB-SACHET-MOCHA,UB-SACHET,Instant Coffee Sachets,Instant,Mocha,Video,29552,953,3.225,692,1752.7,33,5.142,33,10.16,2,Rising,0,0.0,1,42.02,9011.97,1171.63,38,15834,11665,5807,4429,3354,1.973,404,56,71,52,953,79,11.416,42,37,3,8.108,3.463,6.865,4.877,32%,PROTECT_INVENTORY,1752.7,1139.26,-35.0,6.732,2331.94,13253.86,55.0,0.0,1.0,5.142,1171.63,30.92,99.03,1.0,82,49.97,Inventory is close to stockout; protect availability before scaling ads.
2026-09-06,UB-SACHET-MOCHA,UB-SACHET,Instant Coffee Sachets,Instant,Mocha,Image,48390,1266,2.616,914,1968.85,55,6.732,55,8.71,6,Rising,0,0.0,1,69.46,13253.86,2331.94,0,0,0,0,0,0,2.25,723,123,144,99,1266,115,12.582,74,55,0,0.0,4.344,4.557,3.09,32%,PROTECT_INVENTORY,1968.85,1279.75,-35.0,6.231,1818.73,11089.14,44.0,8.7,0.0,6.732,2331.94,-7.44,-22.01,0.0,82,57.53,Inventory is close to stockout; protect availability before scaling ads.
2026-09-07,UB-SACHET-MOCHA,UB-SACHET,Instant Coffee Sachets,Instant,Mocha,Video,29241,1061,3.628,786,1779.63,44,6.231,44,-8.54,4,Falling,456,8.7,0,52.4,11089.14,1818.73,36,21458,16658,9157,5945,2612,2.496,503,78,91,58,1061,95,12.087,52,47,3,6.383,4.147,3.677,2.022,32%,MAINTAIN,1779.63,1779.63,0.0,4.078,437.68,5519.45,19.0,19.0,0.0,6.231,1818.73,-34.55,-75.93,0.0,82,61.23,Signals are within normal range; maintain current strategy.
2026-09-08,UB-SACHET-MOCHA,UB-SACHET,Instant Coffee Sachets,Instant,Mocha,Image,24664,672,2.725,620,1353.35,19,4.078,19,-6.73,2,Falling,443,19.0,0,23.32,5519.45,437.68,43,0,0,0,0,0,2.408,386,68,86,54,672,62,10.0,24,20,1,5.0,2.827,4.846,3.544,32%,MAINTAIN,1353.35,1353.35,0.0,3.666,291.73,5639.07,23.0,14.77,0.0,4.078,437.68,-10.1,-33.35,0.0,82,58.72,Signals are within normal range; maintain current strategy.
2026-09-09,UB-SACHET-MOCHA,UB-SACHET,Instant Coffee Sachets,Instant,Mocha,Carousel,29850,1039,3.481,733,1538.11,23,3.666,23,3.44,1,Stable,428,14.77,0,28.98,5639.07,291.73,0,0,0,0,0,0,3.806,806,111,114,105,1039,78,10.641,32,26,3,11.538,2.214,6.194,4.265,32%,MAINTAIN,1538.11,1538.11,0.0,3.25,96.5,5739.6,24.0,16.06,0.0,3.666,291.73,-11.35,-66.92,0.0,90,61.83,Signals are within normal range; maintain current strategy.
2026-09-10,UB-SACHET-MOCHA,UB-SACHET,Instant Coffee Sachets,Instant,Mocha,Video,26199,1031,3.935,714,1765.96,24,3.25,24,10.04,3,Rising,408,16.06,0,25.41,5739.6,96.5,0,17166,12609,10230,7281,4018,1.878,339,55,58,40,1031,66,9.244,31,25,1,4.0,2.328,6.533,4.824,32%,MAINTAIN,1765.96,1765.96,0.0,7.778,1973.81,10074.6,41.0,7.99,0.0,3.25,96.5,139.32,1945.4,1.0,90,53.08,Signals are within normal range; maintain current strategy.
2026-09-11,UB-SACHET-MOCHA,UB-SACHET,Instant Coffee Sachets,Instant,Mocha,Image,32964,1005,3.049,869,1295.33,41,7.778,41,-3.61,3,Stable,375,7.99,0,46.92,10074.6,1973.81,0,0,0,0,0,0,2.806,635,97,116,77,1005,134,15.42,57,44,3,6.818,4.08,7.823,5.629,32%,MAINTAIN,1295.33,1295.33,0.0,7.033,1625.13,8913.88,34.0,9.02,0.0,7.778,1973.81,-9.58,-17.67,0.0,82,65.0,Signals are within normal range; maintain current strategy.
2026-09-12,UB-SACHET-MOCHA,UB-SACHET,Instant Coffee Sachets,Instant,Mocha,Video,34562,1020,2.951,571,1267.37,34,7.033,34,5.45,4,Rising,350,9.02,0,38.8,8913.88,1625.13,51,19035,13551,11182,5100,2776,3.2,761,105,134,106,1020,70,12.259,47,37,3,8.108,3.333,7.085,4.584,32%,INCREASE_BUDGET,1267.37,1520.84,20.0,5.627,1750.93,11929.43,41.0,6.36,0.0,7.033,1625.13,-19.99,7.74,0.0,90,64.76,"Strong ROAS, positive profit, rising sales and sufficient inventory."
2026-09-13,UB-SACHET-MOCHA,UB-SACHET,Instant Coffee Sachets,Instant,Mocha,Carousel,39376,1141,2.898,1186,2120.09,41,5.627,41,2.53,4,Stable,313,6.36,0,49.23,11929.43,1750.93,109,0,0,0,0,0,2.466,657,101,128,85,1141,99,8.347,58,43,3,6.977,3.593,6.801,4.697,32%,MAINTAIN,2120.09,2120.09,0.0,5.589,1389.65,9546.0,33.0,7.13,0.0,5.627,1750.93,-0.68,-20.63,0.0,90,58.95,Signals are within normal range; maintain current strategy.
2026-09-14,UB-SACHET-MOCHA,UB-SACHET,Instant Coffee Sachets,Instant,Mocha,Video,32265,810,2.51,592,1707.97,33,5.589,33,-0.39,4,Stable,281,7.13,0,39.39,9546.0,1389.65,57,12977,7610,5603,3746,1699,2.21,478,71,100,64,810,79,13.345,46,37,1,2.703,4.074,5.34,3.446,32%,MAINTAIN,1707.97,1707.97,0.0,6.178,1724.91,10605.86,40.0,5.25,0.0,5.589,1389.65,10.54,24.13,1.0,82,62.95,Signals are within normal range; maintain current strategy.
2026-09-15,UB-SACHET-MOCHA,UB-SACHET,Instant Coffee Sachets,Instant,Mocha,Video,26064,1307,5.015,950,1716.62,40,6.178,40,-0.77,4,Stable,251,5.25,0,47.82,10605.86,1724.91,58,11746,8209,7998,4414,2180,3.541,653,90,108,72,1307,91,9.579,55,42,1,2.381,3.06,5.791,4.316,32%,MAINTAIN,1716.62,1716.62,0.0,2.053,-582.88,3584.53,12.0,17.71,0.0,6.178,1724.91,-66.77,-133.79,0.0,82,59.65,Signals are within normal range; maintain current strategy.
2026-09-16,UB-SACHET-MOCHA,UB-SACHET,Instant Coffee Sachets,Instant,Mocha,Video,29086,769,2.644,557,1746.04,12,2.053,12,5.08,1,Rising,241,17.71,0,13.61,3584.53,-582.88,48,11416,8473,5549,2889,1376,3.252,660,96,112,78,769,41,7.361,16,12,0,0.0,1.56,3.998,2.551,32%,DECREASE_BUDGET,1746.04,1222.23,-30.0,3.57,280.39,6321.11,25.0,6.83,0.0,2.053,-582.88,73.89,148.1,1.0,66,45.52,Low ROAS or negative profit indicates weak marginal ad return.
2026-09-17,UB-SACHET-MOCHA,UB-SACHET,Instant Coffee Sachets,Instant,Mocha,Influencer Video,19245,490,2.546,435,1770.77,25,3.57,25,7.43,4,Rising,220,6.83,0,32.22,6321.11,280.39,0,9148,6445,4058,2572,1111,5.965,805,116,134,93,490,52,11.954,35,33,3,9.091,5.102,5.091,3.483,32%,MAINTAIN,1770.77,1770.77,0.0,6.168,1661.33,10231.94,41.0,3.65,0.0,3.57,280.39,72.77,492.51,1.0,90,52.8,Signals are within normal range; maintain current strategy.
2026-09-18,UB-SACHET-MOCHA,UB-SACHET,Instant Coffee Sachets,Instant,Mocha,Influencer Video,41056,1202,2.928,888,1658.87,41,6.168,41,14.54,5,Rising,187,3.65,0,51.21,10231.94,1661.33,0,17282,12621,8379,4531,1779,2.277,630,96,129,80,1202,88,9.91,51,42,1,2.381,3.411,5.493,3.957,32%,MAINTAIN,1658.87,1658.87,0.0,4.035,483.76,6311.93,22.0,7.35,0.0,6.168,1661.33,-34.58,-70.88,0.0,82,61.72,Signals are within normal range; maintain current strategy.
2026-09-19,UB-SACHET-MOCHA,UB-SACHET,Instant Coffee Sachets,Instant,Mocha,Carousel,38119,1293,3.392,874,1564.42,22,4.035,22,16.13,1,Rising,171,7.35,0,23.26,6311.93,483.76,104,0,0,0,0,0,1.611,440,56,70,48,1293,63,7.208,31,23,1,4.348,1.701,5.383,3.945,32%,INCREASE_BUDGET,1564.42,1877.3,20.0,5.142,1360.76,10464.56,41.0,2.83,0.0,4.035,483.76,27.43,181.29,1.0,90,53.33,"Strong ROAS, positive profit, rising sales and sufficient inventory."
2026-09-20,UB-SACHET-MOCHA,UB-SACHET,Instant Coffee Sachets,Instant,Mocha,Video,33085,871,2.633,697,2034.92,41,5.142,41,1.18,4,Stable,142,2.83,0,50.13,10464.56,1360.76,47,21715,16731,11911,7545,4462,3.316,762,103,134,98,871,113,16.212,57,49,3,6.122,4.707,6.613,4.462,32%,MAINTAIN,2034.92,2034.92,0.0,4.782,891.59,7727.68,25.0,4.44,0.0,5.142,1360.76,-7.0,-34.48,0.0,82,61.79,Signals are within normal range; maintain current strategy.
2026-09-21,UB-SACHET-MOCHA,UB-SACHET,Instant Coffee Sachets,Instant,Mocha,Image,32366,978,3.022,800,1615.99,25,4.782,25,9.87,3,Rising,123,4.44,0,27.72,7727.68,891.59,79,0,0,0,0,0,3.828,863,121,160,95,978,62,7.75,32,27,1,3.704,2.556,1.928,0.812,32%,MAINTAIN,1615.99,1615.99,0.0,7.177,1882.99,10169.67,33.0,2.18,0.0,4.782,891.59,50.08,111.19,1.0,82,56.49,Signals are within normal range; maintain current strategy.
2026-09-22,UB-SACHET-MOCHA,UB-SACHET,Instant Coffee Sachets,Instant,Mocha,Influencer Video,33017,772,2.338,767,1417.0,33,7.177,33,2.25,4,Stable,100,2.18,0,45.93,10169.67,1882.99,78,8801,6898,5633,3365,1334,3.171,755,88,118,86,772,101,13.168,52,37,1,2.703,4.275,2.693,1.943,32%,MAINTAIN,1417.0,1417.0,0.0,5.508,926.78,6483.21,27.0,2.58,0.0,7.177,1882.99,-23.25,-50.78,0.0,82,63.68,Signals are within normal range; maintain current strategy.
2026-09-23,UB-SACHET-MOCHA,UB-SACHET,Instant Coffee Sachets,Instant,Mocha,Carousel,32726,695,2.124,588,1176.98,27,5.508,27,4.7,2,Stable,82,2.58,0,31.75,6483.21,926.78,0,0,0,0,0,0,2.839,643,116,100,70,695,75,12.755,35,27,0,0.0,3.885,5.232,3.783,32%,MAINTAIN,1176.98,1176.98,0.0,3.707,318.04,5812.04,23.0,2.21,0.0,5.508,926.78,-32.7,-65.68,0.0,82,58.4,Signals are within normal range; maintain current strategy.
2026-09-24,UB-SACHET-MOCHA,UB-SACHET,Instant Coffee Sachets,Instant,Mocha,Image,36892,962,2.608,626,1567.93,23,3.707,23,18.21,3,Rising,60,2.21,0,27.19,5812.04,318.04,0,0,0,0,0,0,3.47,892,124,163,101,962,68,10.863,29,24,1,4.167,2.391,5.854,4.521,32%,PROTECT_INVENTORY,1567.93,1019.15,-35.0,3.647,373.36,7425.83,30.0,0.73,0.0,3.707,318.04,-1.62,17.39,0.0,82,49.04,Inventory is close to stockout; protect availability before scaling ads.
2026-09-25,UB-SACHET-MOCHA,UB-SACHET,Instant Coffee Sachets,Instant,Mocha,Video,30708,1268,4.129,1051,2036.27,30,3.647,30,3.62,2,Stable,27,0.73,0,36.9,7425.83,373.36,0,26768,17380,10662,6255,3391,4.145,875,122,155,121,1268,73,6.946,40,31,1,3.226,2.366,6.387,4.702,32%,PROTECT_INVENTORY,2036.27,1323.58,-35.0,7.157,2315.96,12533.82,43.0,0.0,1.0,3.647,373.36,96.24,520.3,1.0,82,46.17,Inventory is close to stockout; protect availability before scaling ads.
2026-09-26,UB-SACHET-MOCHA,UB-SACHET,Instant Coffee Sachets,Instant,Mocha,Carousel,45600,950,2.083,925,1751.18,43,7.157,43,6.22,5,Rising,0,0.0,1,51.67,12533.82,2315.96,73,0,0,0,0,0,2.932,827,174,198,138,950,99,10.703,52,47,4,8.511,4.526,5.01,3.633,32%,PROTECT_INVENTORY,1751.18,1138.27,-35.0,7.596,2252.03,11677.98,49.0,0.0,1.0,7.157,2315.96,6.13,-2.76,1.0,82,57.9,Inventory is close to stockout; protect availability before scaling ads.
2026-09-27,UB-SACHET-MOCHA,UB-SACHET,Instant Coffee Sachets,Instant,Mocha,Influencer Video,40569,1107,2.729,868,1537.4,49,7.596,49,7.78,4,Rising,0,0.0,1,59.57,11677.98,2252.03,0,16162,10602,5807,3941,1475,2.191,582,100,129,78,1107,116,13.364,59,53,4,7.547,4.426,6.68,5.474,32%,PROTECT_INVENTORY,1537.4,999.31,-35.0,7.491,2896.01,15162.91,54.0,0.0,1.0,7.596,2252.03,-1.38,28.6,0.0,82,57.54,Inventory is close to stockout; protect availability before scaling ads.
2026-09-28,UB-SACHET-MOCHA,UB-SACHET,Instant Coffee Sachets,Instant,Mocha,Carousel,47281,1312,2.775,1041,2024.26,54,7.491,54,13.53,4,Rising,0,0.0,1,74.32,15162.91,2896.01,65,0,0,0,0,0,1.753,568,81,107,73,1312,159,15.274,78,60,7,11.667,4.116,4.68,3.124,32%,PROTECT_INVENTORY,2024.26,1315.77,-35.0,,,,,,,7.491,2896.01,,,,82,61.98,Inventory is close to stockout; protect availability before scaling ads.
2026-09-01,UB-CHAI-100G,UB-CHAI,Masala Chai Blend,Tea,100 g,Video,29236,1079,3.691,656,2661.56,20,7.434,20,8.72,2,Rising,187,8.02,0,23.33,19785.56,5197.63,79,12652,11410,6437,4219,1849,2.62,523,70,105,68,1079,69,10.518,30,22,3,13.636,1.854,7.042,8.059,40%,MAINTAIN,2661.56,2661.56,0.0,5.28,3217.69,15482.75,17.0,7.79,0.0,7.434,5197.63,-28.97,-38.09,0.0,90,66.3,Signals are within normal range; maintain current strategy.
2026-09-02,UB-CHAI-100G,UB-CHAI,Masala Chai Blend,Tea,100 g,Image,27302,1180,4.322,740,2932.35,17,5.28,17,7.15,3,Rising,169,7.79,0,21.7,15482.75,3217.69,0,0,0,0,0,0,2.652,497,71,90,66,1180,42,5.676,24,19,4,21.053,1.441,4.393,5.474,40%,MAINTAIN,2932.35,2932.35,0.0,6.902,4929.59,19535.46,17.0,7.53,0.0,5.28,3217.69,30.72,53.2,1.0,90,63.38,Signals are within normal range; maintain current strategy.
2026-09-03,UB-CHAI-100G,UB-CHAI,Masala Chai Blend,Tea,100 g,Carousel,28269,815,2.883,759,2830.26,17,6.902,17,2.44,3,Stable,155,7.53,0,20.59,19535.46,4929.59,62,0,0,0,0,0,3.23,617,88,117,91,815,58,7.642,38,30,3,10.0,2.086,4.404,5.212,40%,MAINTAIN,2830.26,2830.26,0.0,2.18,-387.95,6319.18,6.0,19.2,0.0,6.902,4929.59,-68.41,-107.87,0.0,90,64.78,Signals are within normal range; maintain current strategy.
2026-09-04,UB-CHAI-100G,UB-CHAI,Masala Chai Blend,Tea,100 g,Influencer Video,20077,582,2.899,454,2898.05,6,2.18,6,9.1,1,Rising,149,19.2,0,7.76,6319.18,-387.95,16,8983,6606,4300,2701,1939,2.102,294,37,54,37,582,21,4.626,9,7,1,14.286,1.031,5.882,6.752,40%,MAINTAIN,2898.05,2898.05,0.0,9.324,7192.63,24805.08,28.0,3.88,0.0,2.18,-387.95,327.71,1954.01,1.0,82,53.72,Signals are within normal range; maintain current strategy.
2026-09-05,UB-CHAI-100G,UB-CHAI,Masala Chai Blend,Tea,100 g,Video,28362,1122,3.956,1051,2660.41,28,9.324,28,9.2,4,Rising,128,3.88,0,32.95,24805.08,7192.63,0,14264,8209,5852,4183,2451,2.743,542,75,96,65,1122,83,7.897,46,37,5,13.514,2.496,4.856,6.019,40%,MAINTAIN,2660.41,2660.41,0.0,3.979,2145.39,14705.46,14.0,5.86,0.0,9.324,7192.63,-57.33,-70.17,0.0,82,63.5,Signals are within normal range; maintain current strategy.
2026-09-06,UB-CHAI-100G,UB-CHAI,Masala Chai Blend,Tea,100 g,Video,30629,933,3.046,687,3695.89,14,3.979,14,3.92,2,Stable,112,5.86,0,19.1,14705.46,2145.39,46,12452,7072,4283,2630,1221,2.321,484,80,89,58,933,38,5.531,17,14,1,7.143,1.501,2.642,3.009,40%,MAINTAIN,3695.89,3695.89,0.0,2.378,-172.61,7397.73,8.0,12.88,0.0,3.979,2145.39,-40.24,-108.05,0.0,82,62.05,Signals are within normal range; maintain current strategy.
2026-09-07,UB-CHAI-100G,UB-CHAI,Masala Chai Blend,Tea,100 g,Influencer Video,19628,599,3.052,411,3111.13,8,2.378,8,6.32,0,Rising,102,12.88,0,7.92,7397.73,-172.61,0,8953,5585,3187,1780,827,2.344,324,40,57,39,599,30,7.299,10,8,0,0.0,1.336,4.118,5.11,40%,RETARGET,3111.13,2800.02,-10.0,2.419,-137.32,8509.56,10.0,8.32,0.0,2.378,-172.61,1.72,20.44,1.0,90,55.59,Strong cart intent but weak purchase conversion suggests recoverable demand.
2026-09-08,UB-CHAI-100G,UB-CHAI,Masala Chai Blend,Tea,100 g,Carousel,18136,717,3.953,520,3517.48,10,2.419,10,16.94,1,Rising,93,8.32,0,11.18,8509.56,-137.32,0,0,0,0,0,0,4.88,635,75,99,76,717,26,5.0,13,10,0,0.0,1.395,5.705,6.873,40%,MAINTAIN,3517.48,3517.48,0.0,9.539,5188.42,17744.91,20.0,2.96,0.0,2.419,-137.32,294.34,3878.34,1.0,90,51.75,Signals are within normal range; maintain current strategy.
2026-09-09,UB-CHAI-100G,UB-CHAI,Masala Chai Blend,Tea,100 g,Image,31082,1234,3.97,816,1860.19,20,9.539,20,21.17,3,Rising,75,2.96,0,25.38,17744.91,5188.42,0,0,0,0,0,0,2.127,470,67,73,51,1234,76,9.314,44,40,6,15.0,1.621,2.524,2.607,40%,MAINTAIN,1860.19,1860.19,0.0,3.901,1357.3,9634.61,11.0,5.36,0.0,9.539,5188.42,-59.1,-73.84,0.0,82,65.54,Signals are within normal range; maintain current strategy.
2026-09-10,UB-CHAI-100G,UB-CHAI,Masala Chai Blend,Tea,100 g,Video,27694,872,3.149,636,2469.75,11,3.901,11,7.6,1,Rising,63,5.36,0,11.76,9634.61,1357.3,0,14649,10834,4828,2374,1158,3.434,657,95,116,83,872,31,4.874,13,11,0,0.0,1.261,4.692,5.841,40%,MAINTAIN,2469.75,2469.75,0.0,2.059,-572.5,6474.69,7.0,5.96,0.0,3.901,1357.3,-47.22,-142.18,0.0,82,53.12,Signals are within normal range; maintain current strategy.
2026-09-11,UB-CHAI-100G,UB-CHAI,Masala Chai Blend,Tea,100 g,Video,21045,658,3.127,537,3144.37,7,2.059,7,10.85,1,Rising,54,5.96,0,9.06,6474.69,-572.5,0,9566,7639,4395,2576,1113,2.447,349,47,71,48,658,20,3.724,9,7,0,0.0,1.064,6.514,7.646,40%,MAINTAIN,3144.37,3144.37,0.0,3.517,1106.34,9798.08,9.0,49.39,0.0,2.059,-572.5,70.81,293.25,1.0,74,46.6,Signals are within normal range; maintain current strategy.
2026-09-12,UB-CHAI-100G,UB-CHAI,Masala Chai Blend,Tea,100 g,Image,11951,418,3.498,357,2785.64,9,3.517,9,-2.65,1,Stable,488,49.39,0,9.88,9798.08,1106.34,24,0,0,0,0,0,2.251,192,21,32,24,418,27,7.563,13,11,1,9.091,2.153,5.889,6.755,40%,MAINTAIN,2785.64,2785.64,0.0,7.824,6161.6,22871.53,24.0,15.83,0.0,3.517,1106.34,122.46,456.94,1.0,82,61.58,Signals are within normal range; maintain current strategy.
2026-09-13,UB-CHAI-100G,UB-CHAI,Masala Chai Blend,Tea,100 g,Video,38838,1581,4.071,1227,2923.4,24,7.824,24,2.46,2,Stable,467,15.83,0,29.5,22871.53,6161.6,48,17888,10855,8298,4634,2819,2.109,559,89,94,77,1581,96,7.824,48,37,4,10.811,1.518,4.273,5.236,40%,MAINTAIN,2923.4,2923.4,0.0,4.335,1611.09,9672.65,11.0,36.74,0.0,7.824,6161.6,-44.59,-73.85,0.0,90,72.7,Signals are within normal range; maintain current strategy.
2026-09-14,UB-CHAI-100G,UB-CHAI,Masala Chai Blend,Tea,100 g,Carousel,25238,753,2.984,596,2231.07,11,4.335,11,-3.6,1,Stable,456,36.74,0,12.41,9672.65,1611.09,0,0,0,0,0,0,1.977,346,46,66,41,753,29,4.866,14,11,0,0.0,1.461,3.724,4.846,40%,MAINTAIN,2231.07,2231.07,0.0,5.23,3651.56,17723.72,17.0,21.91,0.0,4.335,1611.09,20.65,126.65,1.0,82,65.5,Signals are within normal range; maintain current strategy.
2026-09-15,UB-CHAI-100G,UB-CHAI,Masala Chai Blend,Tea,100 g,Image,18433,913,4.953,763,3388.63,17,5.23,17,-1.31,1,Stable,438,21.91,0,19.99,17723.72,3651.56,48,0,0,0,0,0,1.649,221,27,33,23,913,44,5.767,20,18,1,5.556,1.862,4.602,4.987,40%,MAINTAIN,3388.63,3388.63,0.0,4.578,2727.1,15252.56,18.0,18.99,0.0,5.23,3651.56,-12.47,-25.32,0.0,82,69.73,Signals are within normal range; maintain current strategy.
2026-09-16,UB-CHAI-100G,UB-CHAI,Masala Chai Blend,Tea,100 g,Image,20486,999,4.877,797,3331.5,18,4.578,18,7.12,3,Rising,423,18.99,0,22.27,15252.56,2727.1,0,0,0,0,0,0,1.928,272,41,50,32,999,62,7.779,28,23,1,4.348,1.802,5.437,6.987,40%,INCREASE_BUDGET,3331.5,3997.8,20.0,6.784,4164.34,16669.69,18.0,18.7,0.0,4.578,2727.1,48.19,52.7,1.0,90,74.89,"Strong ROAS, positive profit, rising sales and sufficient inventory."
2026-09-17,UB-CHAI-100G,UB-CHAI,Masala Chai Blend,Tea,100 g,Video,22325,773,3.462,623,2457.17,18,6.784,18,4.63,3,Stable,407,18.7,0,21.77,16669.69,4164.34,0,11146,8509,5748,4133,2173,3.032,482,69,77,49,773,70,11.236,35,30,3,10.0,2.329,4.694,5.445,40%,INCREASE_BUDGET,2457.17,2948.6,20.0,3.584,1259.88,10657.73,12.0,27.86,0.0,6.784,4164.34,-47.17,-69.75,0.0,90,74.77,"Strong ROAS, positive profit, rising sales and sufficient inventory."
2026-09-18,UB-CHAI-100G,UB-CHAI,Masala Chai Blend,Tea,100 g,Video,21364,647,3.028,581,2973.57,12,3.584,12,1.55,1,Stable,395,27.86,0,14.18,10657.73,1259.88,0,11641,8915,7244,4653,3196,2.771,414,46,80,52,647,27,4.647,15,12,0,0.0,1.855,5.507,5.951,40%,MAINTAIN,2973.57,2973.57,0.0,7.257,5353.93,20638.71,24.0,10.77,0.0,3.584,1259.88,102.48,324.96,1.0,90,65.38,Signals are within normal range; maintain current strategy.
2026-09-19,UB-CHAI-100G,UB-CHAI,Masala Chai Blend,Tea,100 g,Video,32263,1175,3.642,963,2844.15,24,7.257,24,6.08,4,Rising,371,10.77,0,34.45,20638.71,5353.93,0,10624,7559,6912,3039,2230,1.373,306,36,59,42,1175,86,8.93,49,35,1,2.857,2.043,4.824,5.154,40%,INCREASE_BUDGET,2844.15,3412.98,20.0,5.414,2812.74,13234.59,13.0,22.68,0.0,7.257,5353.93,-25.4,-47.46,0.0,90,69.15,"Strong ROAS, positive profit, rising sales and sufficient inventory."
2026-09-20,UB-CHAI-100G,UB-CHAI,Masala Chai Blend,Tea,100 g,Video,25161,765,3.04,586,2444.29,13,5.414,13,14.31,2,Rising,360,22.68,0,15.87,13234.59,2812.74,44,10342,7537,4809,2767,2367,2.913,494,70,91,78,765,41,6.997,19,14,1,7.143,1.699,3.979,5.279,40%,INCREASE_BUDGET,2444.29,2933.15,20.0,4.212,1841.57,11522.16,13.0,23.42,0.0,5.414,2812.74,-22.2,-34.53,0.0,90,74.24,"Strong ROAS, positive profit, rising sales and sufficient inventory."
2026-09-21,UB-CHAI-100G,UB-CHAI,Masala Chai Blend,Tea,100 g,Influencer Video,16619,625,3.761,621,2735.25,13,4.212,13,4.29,2,Stable,342,23.42,0,14.6,11522.16,1841.57,0,6105,5661,4004,2301,1355,4.164,484,72,77,59,625,43,6.924,26,21,3,14.286,2.08,3.034,3.565,40%,INCREASE_BUDGET,2735.25,3282.3,20.0,4.8,2416.72,12795.75,15.0,16.46,0.0,4.212,1841.57,13.96,31.23,1.0,90,70.7,"Strong ROAS, positive profit, rising sales and sufficient inventory."
2026-09-22,UB-CHAI-100G,UB-CHAI,Masala Chai Blend,Tea,100 g,Image,21476,748,3.483,587,2665.99,15,4.8,15,-0.82,2,Stable,324,16.46,0,19.69,12795.75,2416.72,0,0,0,0,0,0,3.278,481,71,90,62,748,38,6.474,21,16,1,6.25,2.005,1.411,1.647,40%,MAINTAIN,2665.99,2665.99,0.0,5.692,3824.2,17262.19,20.0,11.71,0.0,4.8,2416.72,18.58,58.24,1.0,82,67.34,Signals are within normal range; maintain current strategy.
2026-09-23,UB-CHAI-100G,UB-CHAI,Masala Chai Blend,Tea,100 g,Image,29972,1098,3.663,751,3032.66,20,5.692,20,12.5,1,Rising,305,11.71,0,26.04,17262.19,3824.2,0,0,0,0,0,0,3.46,750,86,121,80,1098,82,10.919,42,34,4,11.765,1.821,4.189,4.849,40%,INCREASE_BUDGET,3032.66,3639.19,20.0,9.42,7231.2,24843.95,27.0,7.73,0.0,5.692,3824.2,65.5,89.09,1.0,90,73.33,"Strong ROAS, positive profit, rising sales and sufficient inventory."
2026-09-24,UB-CHAI-100G,UB-CHAI,Masala Chai Blend,Tea,100 g,Image,35421,1205,3.402,894,2637.28,27,9.42,27,9.6,2,Rising,280,7.73,0,36.24,24843.95,7231.2,0,0,0,0,0,0,3.529,863,118,161,108,1205,83,9.284,42,33,4,12.121,2.241,3.897,4.154,40%,INCREASE_BUDGET,2637.28,3164.74,20.0,4.453,1768.79,10245.8,11.0,17.54,0.0,9.42,7231.2,-52.73,-75.54,0.0,90,67.71,"Strong ROAS, positive profit, rising sales and sufficient inventory."
2026-09-25,UB-CHAI-100G,UB-CHAI,Masala Chai Blend,Tea,100 g,Influencer Video,21591,820,3.798,530,2301.03,11,4.453,11,10.26,1,Rising,270,17.54,0,15.39,10245.8,1768.79,0,10326,8896,5469,3352,1756,1.95,283,48,50,40,820,30,5.66,15,11,0,0.0,1.341,3.533,4.244,40%,INCREASE_BUDGET,2301.03,2761.24,20.0,5.373,3679.81,17430.99,17.0,13.06,0.0,4.453,1768.79,20.66,108.04,1.0,82,67.02,"Strong ROAS, positive profit, rising sales and sufficient inventory."
2026-09-26,UB-CHAI-100G,UB-CHAI,Masala Chai Blend,Tea,100 g,Video,28480,1032,3.624,894,3244.1,17,5.373,17,23.56,3,Rising,250,13.06,0,19.14,17430.99,3679.81,69,18636,15701,12659,6697,3801,1.443,287,42,46,36,1032,53,5.928,20,17,0,0.0,1.647,4.785,5.781,40%,INCREASE_BUDGET,3244.1,3892.92,20.0,6.867,4676.44,18587.26,20.0,8.75,0.0,5.373,3679.81,27.81,27.08,1.0,90,69.18,"Strong ROAS, positive profit, rising sales and sufficient inventory."
2026-09-27,UB-CHAI-100G,UB-CHAI,Masala Chai Blend,Tea,100 g,Influencer Video,17554,725,4.13,657,2706.77,20,6.867,20,3.38,3,Stable,232,8.75,0,26.52,18587.26,4676.44,0,11403,7465,4236,1821,1415,4.045,485,70,88,67,725,50,7.61,25,21,1,4.762,2.759,5.842,6.071,40%,INCREASE_BUDGET,2706.77,3248.12,20.0,11.007,10498.89,34269.16,28.0,5.57,0.0,6.867,4676.44,60.29,124.51,1.0,90,65.08,"Strong ROAS, positive profit, rising sales and sufficient inventory."
2026-09-28,UB-CHAI-100G,UB-CHAI,Masala Chai Blend,Tea,100 g,Video,42420,1829,4.312,1293,3113.46,28,11.007,28,13.9,2,Rising,208,5.57,0,37.35,34269.16,10498.89,104,20334,16610,11412,4654,3019,2.723,764,127,153,111,1829,73,5.646,40,29,1,3.448,1.531,4.976,6.293,40%,MAINTAIN,3113.46,3113.46,0.0,,,,,,,11.007,10498.89,,,,90,63.02,Signals are within normal range; maintain current strategy.
2026-09-01,UB-CHAI-250G,UB-CHAI,Masala Chai Blend,Tea,250 g,Carousel,18335,789,4.303,750,2701.82,43,5.58,43,0.41,5,Stable,506,9.55,0,52.97,15075.32,3749.9,55,0,0,0,0,0,2.891,370,58,58,44,789,97,12.933,53,45,1,2.222,5.45,9.489,8.008,43%,MAINTAIN,2701.82,2701.82,0.0,5.314,3747.91,15630.33,55.0,6.34,0.0,5.58,3749.9,-4.77,-0.05,0.0,90,64.36,Signals are within normal range; maintain current strategy.
2026-09-02,UB-CHAI-250G,UB-CHAI,Masala Chai Blend,Tea,250 g,Video,25279,1206,4.771,890,2941.34,55,5.314,55,15.57,9,Rising,453,6.34,0,71.44,15630.33,3747.91,0,7916,7771,7121,3531,2032,2.405,433,55,73,47,1206,143,16.067,71,58,3,5.172,4.561,8.681,7.844,43%,MAINTAIN,2941.34,2941.34,0.0,3.152,1188.93,10740.97,37.0,8.95,0.0,5.314,3747.91,-40.68,-68.28,0.0,90,68.23,Signals are within normal range; maintain current strategy.
2026-09-03,UB-CHAI-250G,UB-CHAI,Masala Chai Blend,Tea,250 g,Influencer Video,28624,1219,4.259,631,3407.84,37,3.152,37,1.36,7,Stable,420,8.95,0,46.91,10740.97,1188.93,0,11087,7600,4587,2308,2032,2.386,501,70,65,47,1219,108,17.116,48,39,1,2.564,3.035,6.669,4.842,43%,MAINTAIN,3407.84,3407.84,0.0,8.512,8498.81,27372.74,92.0,3.08,0.0,3.152,1188.93,170.05,614.83,1.0,90,54.63,Signals are within normal range; maintain current strategy.
2026-09-04,UB-CHAI-250G,UB-CHAI,Masala Chai Blend,Tea,250 g,Influencer Video,26486,1350,5.097,1258,3215.79,92,8.512,92,6.41,9,Rising,355,3.08,0,115.18,27372.74,8498.81,0,14168,9954,8235,4055,2722,3.534,648,98,104,86,1350,240,19.078,108,101,3,2.97,6.815,6.445,4.711,43%,MAINTAIN,3215.79,3215.79,0.0,2.2,-194.88,7310.64,24.0,10.89,0.0,8.512,8498.81,-74.15,-102.29,0.0,82,63.99,Signals are within normal range; maintain current strategy.
2026-09-05,UB-CHAI-250G,UB-CHAI,Masala Chai Blend,Tea,250 g,Influencer Video,20651,999,4.838,748,3323.58,24,2.2,24,-1.37,1,Stable,337,10.89,0,30.96,7310.64,-194.88,0,8525,5147,2947,2055,1149,2.93,417,60,79,49,999,65,8.69,33,24,0,0.0,2.402,7.208,5.297,43%,DECREASE_BUDGET,3323.58,2326.51,-30.0,5.292,5089.66,21296.6,63.0,3.69,0.0,2.2,-194.88,140.55,2711.69,1.0,58,44.54,Low ROAS or negative profit indicates weak marginal ad return.
2026-09-06,UB-CHAI-250G,UB-CHAI,Masala Chai Blend,Tea,250 g,Carousel,24916,1315,5.278,939,4024.56,63,5.292,63,15.14,11,Rising,289,3.69,0,78.32,21296.6,5089.66,81,0,0,0,0,0,2.557,440,70,75,52,1315,172,18.317,79,66,3,4.545,4.791,6.949,6.081,43%,MAINTAIN,4024.56,4024.56,0.0,9.331,8011.87,24975.38,74.0,2.48,0.0,5.292,5089.66,76.32,57.41,1.0,82,65.75,Signals are within normal range; maintain current strategy.
2026-09-07,UB-CHAI-250G,UB-CHAI,Masala Chai Blend,Tea,250 g,Image,32134,1839,5.723,1152,2676.74,74,9.331,74,-1.39,7,Stable,224,2.48,0,90.38,24975.38,8011.87,112,0,0,0,0,0,1.646,366,49,65,49,1839,191,16.58,88,77,3,3.896,4.024,8.559,6.689,43%,PROTECT_INVENTORY,2676.74,1739.88,-35.0,11.095,10330.45,30578.2,99.0,1.27,0.0,9.331,8011.87,18.9,28.94,1.0,74,60.3,Inventory is close to stockout; protect availability before scaling ads.
2026-09-08,UB-CHAI-250G,UB-CHAI,Masala Chai Blend,Tea,250 g,Video,27466,1218,4.435,1009,2755.97,99,11.095,99,-1.94,15,Stable,160,1.27,0,125.88,30578.2,10330.45,0,12840,9389,9343,4260,2886,3.022,571,80,104,75,1218,215,21.308,134,116,8,6.897,8.128,6.781,5.582,43%,PROTECT_INVENTORY,2755.97,1791.38,-35.0,7.448,5869.56,19984.39,57.0,1.72,0.0,11.095,10330.45,-32.87,-43.18,0.0,74,60.93,Inventory is close to stockout; protect availability before scaling ads.
2026-09-09,UB-CHAI-250G,UB-CHAI,Masala Chai Blend,Tea,250 g,Video,32992,1579,4.786,954,2683.08,57,7.448,57,-0.96,4,Stable,103,1.72,0,59.95,19984.39,5869.56,71,13906,8886,6833,5096,2777,1.358,316,45,48,39,1579,170,17.82,80,57,0,0.0,3.61,12.378,10.239,43%,PROTECT_INVENTORY,2683.08,1744.0,-35.0,3.921,2187.9,12654.19,44.0,1.01,0.0,7.448,5869.56,-47.35,-62.72,0.0,74,60.09,Inventory is close to stockout; protect availability before scaling ads.
2026-09-10,UB-CHAI-250G,UB-CHAI,Masala Chai Blend,Tea,250 g,Carousel,28227,1034,3.663,958,3227.66,44,3.921,44,1.35,7,Stable,60,1.01,0,59.39,12654.19,2187.9,0,0,0,0,0,0,4.191,827,113,141,102,1034,133,13.883,59,45,1,2.222,4.255,8.448,6.512,43%,PROTECT_INVENTORY,3227.66,2097.98,-35.0,4.161,2175.87,11595.1,39.0,0.49,0.0,3.921,2187.9,6.12,-0.55,1.0,82,51.1,Inventory is close to stockout; protect availability before scaling ads.
2026-09-11,UB-CHAI-250G,UB-CHAI,Masala Chai Blend,Tea,250 g,Video,17456,612,3.506,629,2786.44,39,4.161,39,4.96,3,Stable,21,0.49,0,42.73,11595.1,2175.87,0,10011,5113,4013,2032,1198,1.948,235,31,42,32,612,112,17.806,48,40,1,2.5,6.373,3.24,1.942,43%,PROTECT_INVENTORY,2786.44,1811.19,-35.0,8.774,8834.22,28134.56,78.0,0.0,1.0,4.161,2175.87,110.86,306.01,1.0,82,59.47,Inventory is close to stockout; protect availability before scaling ads.
2026-09-12,UB-CHAI-250G,UB-CHAI,Masala Chai Blend,Tea,250 g,Carousel,25691,1541,5.998,970,3206.41,78,8.774,78,1.37,8,Stable,0,0.0,1,102.05,28134.56,8834.22,159,0,0,0,0,0,3.227,561,75,116,77,1541,163,16.804,108,88,6,6.818,5.062,3.7,2.971,43%,PROTECT_INVENTORY,3206.41,2084.17,-35.0,4.567,3213.55,15376.54,46.0,0.0,1.0,8.774,8834.22,-47.95,-63.62,0.0,82,57.63,Inventory is close to stockout; protect availability before scaling ads.
2026-09-13,UB-CHAI-250G,UB-CHAI,Masala Chai Blend,Tea,250 g,Influencer Video,19455,852,4.379,740,3367.08,46,4.567,46,9.63,5,Rising,0,0.0,1,56.39,15376.54,3213.55,91,9000,9114,5300,3266,1929,1.696,216,38,47,29,852,117,15.811,63,49,3,6.122,5.399,10.21,8.258,43%,PROTECT_INVENTORY,3367.08,2188.6,-35.0,6.541,6100.86,22177.7,62.0,0.0,1.0,4.567,3213.55,43.22,89.85,1.0,82,54.92,Inventory is close to stockout; protect availability before scaling ads.
2026-09-14,UB-CHAI-250G,UB-CHAI,Masala Chai Blend,Tea,250 g,Image,31981,1410,4.409,1207,3390.44,62,6.541,62,-4.29,5,Stable,0,0.0,1,82.8,22177.7,6100.86,92,0,0,0,0,0,2.298,509,72,89,65,1410,158,13.09,81,65,3,4.615,4.397,5.175,4.113,43%,PROTECT_INVENTORY,3390.44,2203.79,-35.0,4.145,2315.27,12399.03,41.0,0.0,1.0,6.541,6100.86,-36.63,-62.05,0.0,74,56.25,Inventory is close to stockout; protect availability before scaling ads.
2026-09-15,UB-CHAI-250G,UB-CHAI,Masala Chai Blend,Tea,250 g,Carousel,18823,722,3.836,533,2991.09,41,4.145,41,6.12,3,Rising,0,0.0,1,50.36,12399.03,2315.27,0,0,0,0,0,0,1.583,199,32,38,29,722,109,20.45,53,43,1,2.326,5.679,4.857,4.253,43%,PROTECT_INVENTORY,2991.09,1944.21,-35.0,6.62,5491.38,19831.11,62.0,0.0,1.0,4.145,2315.27,59.71,137.18,1.0,82,55.81,Inventory is close to stockout; protect availability before scaling ads.
2026-09-16,UB-CHAI-250G,UB-CHAI,Masala Chai Blend,Tea,250 g,Image,29513,1286,4.357,1041,2995.66,62,6.62,62,-0.53,5,Stable,0,0.0,1,70.08,19831.11,5491.38,48,0,0,0,0,0,2.846,584,77,101,78,1286,146,14.025,79,67,4,5.97,4.821,4.472,2.713,43%,PROTECT_INVENTORY,2995.66,1947.18,-35.0,12.583,10489.55,30099.71,93.0,0.0,1.0,6.62,5491.38,90.08,91.02,1.0,74,58.87,Inventory is close to stockout; protect availability before scaling ads.
2026-09-17,UB-CHAI-250G,UB-CHAI,Masala Chai Blend,Tea,250 g,Image,34219,1365,3.989,1123,2392.1,93,12.583,93,-1.76,7,Stable,0,0.0,1,123.89,30099.71,10489.55,124,0,0,0,0,0,1.996,479,69,84,51,1365,271,24.132,125,99,5,5.051,6.813,10.812,9.228,43%,PROTECT_INVENTORY,2392.1,1554.86,-35.0,6.246,4960.74,18520.38,65.0,0.0,1.0,12.583,10489.55,-50.36,-52.71,0.0,74,61.59,Inventory is close to stockout; protect availability before scaling ads.
2026-09-18,UB-CHAI-250G,UB-CHAI,Masala Chai Blend,Tea,250 g,Carousel,31673,1662,5.247,1433,2965.35,65,6.246,65,-2.01,13,Stable,0,0.0,1,80.82,18520.38,4960.74,0,0,0,0,0,0,2.766,614,86,100,76,1662,181,12.631,91,72,6,8.333,3.911,5.636,4.372,43%,PROTECT_INVENTORY,2965.35,1927.48,-35.0,3.454,1392.01,10056.84,35.0,0.0,1.0,6.246,4960.74,-44.7,-71.94,0.0,74,57.8,Inventory is close to stockout; protect availability before scaling ads.
2026-09-19,UB-CHAI-250G,UB-CHAI,Masala Chai Blend,Tea,250 g,Video,24541,1324,5.395,1065,2911.97,35,3.454,35,16.54,3,Rising,0,0.0,1,43.29,10056.84,1392.01,0,11239,6975,5121,2439,1236,2.184,375,50,67,44,1324,115,10.798,49,37,1,2.703,2.644,6.125,4.655,43%,PROTECT_INVENTORY,2911.97,1892.78,-35.0,2.037,-393.77,6250.03,22.0,0.0,1.0,3.454,1392.01,-41.02,-128.29,0.0,74,49.72,Inventory is close to stockout; protect availability before scaling ads.
2026-09-20,UB-CHAI-250G,UB-CHAI,Masala Chai Blend,Tea,250 g,Influencer Video,14987,604,4.03,359,3068.57,22,2.037,22,0.31,1,Stable,0,0.0,1,27.13,6250.03,-393.77,0,5820,3052,2086,1387,739,3.737,396,48,70,46,604,62,17.27,31,24,1,4.167,3.642,6.285,4.927,43%,PROTECT_INVENTORY,3068.57,1994.57,-35.0,12.572,15257.63,43790.8,133.0,0.0,1.0,2.037,-393.77,517.18,3974.76,1.0,66,38.48,Inventory is close to stockout; protect availability before scaling ads.
2026-09-21,UB-CHAI-250G,UB-CHAI,Masala Chai Blend,Tea,250 g,Video,39965,2107,5.272,1823,3483.33,133,12.572,133,8.86,25,Rising,0,0.0,1,176.24,43790.8,15257.63,151,19568,15287,10608,8953,4876,2.94,814,110,160,91,2107,346,18.98,175,141,6,4.255,6.312,6.951,4.334,43%,PROTECT_INVENTORY,3483.33,2264.16,-35.0,4.541,2177.61,10482.63,34.0,0.0,1.0,12.572,15257.63,-63.88,-85.73,0.0,82,63.3,Inventory is close to stockout; protect availability before scaling ads.
2026-09-22,UB-CHAI-250G,UB-CHAI,Masala Chai Blend,Tea,250 g,Image,17730,690,3.892,573,2308.6,34,4.541,34,8.76,3,Rising,0,0.0,1,44.43,10482.63,2177.61,0,0,0,0,0,0,3.221,397,54,66,54,690,95,16.579,46,35,1,2.857,4.928,5.8,4.367,43%,PROTECT_INVENTORY,2308.6,1500.59,-35.0,9.497,9622.21,29820.25,100.0,6.21,0.0,4.541,2177.61,109.14,341.87,1.0,82,50.5,Inventory is close to stockout; protect availability before scaling ads.
2026-09-23,UB-CHAI-250G,UB-CHAI,Masala Chai Blend,Tea,250 g,Image,30122,1399,4.644,1184,3139.84,100,9.497,100,2.5,12,Stable,775,6.21,0,124.81,29820.25,9622.21,0,0,0,0,0,0,2.726,542,93,112,74,1399,230,19.426,145,113,9,7.965,7.148,4.885,3.429,43%,MAINTAIN,3139.84,3139.84,0.0,5.646,4014.04,16000.93,53.0,12.93,0.0,9.497,9622.21,-40.55,-58.28,0.0,90,64.89,Signals are within normal range; maintain current strategy.
2026-09-24,UB-CHAI-250G,UB-CHAI,Masala Chai Blend,Tea,250 g,Carousel,18879,958,5.074,609,2833.81,53,5.646,53,4.08,7,Stable,733,12.93,0,56.71,16000.93,4014.04,0,0,0,0,0,0,2.929,358,73,68,54,958,116,19.048,69,55,1,1.818,5.532,4.835,2.927,43%,INCREASE_BUDGET,2833.81,3400.57,20.0,4.216,2642.69,13854.3,37.0,15.88,0.0,5.646,4014.04,-25.33,-34.16,0.0,90,67.59,"Strong ROAS, positive profit, rising sales and sufficient inventory."
2026-09-25,UB-CHAI-250G,UB-CHAI,Masala Chai Blend,Tea,250 g,Influencer Video,20362,887,4.356,582,3286.48,37,4.216,37,7.38,3,Rising,696,15.88,0,43.83,13854.3,2642.69,81,12497,8308,5916,3226,1540,2.74,359,66,82,51,887,89,15.292,45,38,1,2.632,4.171,7.822,6.286,43%,INCREASE_BUDGET,3286.48,3943.78,20.0,2.809,706.06,9808.23,31.0,17.36,0.0,4.216,2642.69,-33.37,-73.28,0.0,90,66.43,"Strong ROAS, positive profit, rising sales and sufficient inventory."
2026-09-26,UB-CHAI-250G,UB-CHAI,Masala Chai Blend,Tea,250 g,Image,16304,824,5.054,553,3491.53,31,2.809,31,-4.73,3,Stable,665,17.36,0,38.31,9808.23,706.06,31,0,0,0,0,0,2.527,296,44,43,29,824,81,14.647,42,32,1,3.125,3.762,3.131,3.023,43%,MAINTAIN,3491.53,3491.53,0.0,3.926,2098.0,12108.1,42.0,10.56,0.0,2.809,706.06,39.77,197.14,1.0,82,53.71,Signals are within normal range; maintain current strategy.
2026-09-27,UB-CHAI-250G,UB-CHAI,Masala Chai Blend,Tea,250 g,Influencer Video,18481,863,4.67,614,3083.85,42,3.926,42,8.6,7,Rising,623,10.56,0,59.0,12108.1,2098.0,0,10207,7579,4841,3228,1675,2.137,259,45,54,37,863,97,15.798,54,44,1,2.273,4.867,4.155,3.345,43%,MAINTAIN,3083.85,3083.85,0.0,6.356,5960.27,22024.27,76.0,5.65,0.0,3.926,2098.0,61.9,184.09,1.0,90,57.93,Signals are within normal range; maintain current strategy.
2026-09-28,UB-CHAI-250G,UB-CHAI,Masala Chai Blend,Tea,250 g,Video,40386,1519,3.761,1303,3465.36,76,6.356,76,0.13,7,Stable,543,5.65,0,96.04,22024.27,5960.27,0,19075,12225,8965,7298,3798,3.759,1075,149,182,112,1519,186,14.275,94,79,3,3.797,5.003,6.316,5.24,43%,MAINTAIN,3465.36,3465.36,0.0,,,,,,,6.356,5960.27,,,,82,61.9,Signals are within normal range; maintain current strategy.
2026-09-01,UB-POUROVER-SINGLE,UB-POUROVER,Pour-Over Kit,Equipment,Single,Video,16512,597,3.616,435,1465.99,12,6.705,12,5.09,1,Rising,0,0.0,1,12.28,9828.91,2883.45,0,8225,5591,3991,2496,1085,2.647,301,45,53,38,597,35,8.046,17,13,1,7.692,2.01,7.995,7.104,44%,PROTECT_INVENTORY,1465.99,952.89,-35.0,4.279,1244.24,5958.33,7.0,0.0,1.0,6.705,2883.45,-36.18,-56.85,0.0,82,60.27,Inventory is close to stockout; protect availability before scaling ads.
2026-09-02,UB-POUROVER-SINGLE,UB-POUROVER,Pour-Over Kit,Equipment,Single,Image,10535,359,3.408,338,1392.41,7,4.279,7,3.71,1,Stable,0,0.0,1,9.06,5958.33,1244.24,0,0,0,0,0,0,1.766,127,17,24,18,359,18,5.325,10,7,0,0.0,1.95,8.08,6.845,44%,PROTECT_INVENTORY,1392.41,905.07,-35.0,4.582,1075.68,4796.21,6.0,0.0,1.0,4.279,1244.24,7.08,-13.55,1.0,82,56.69,Inventory is close to stockout; protect availability before scaling ads.
2026-09-03,UB-POUROVER-SINGLE,UB-POUROVER,Pour-Over Kit,Equipment,Single,Influencer Video,12769,416,3.258,336,1046.71,6,4.582,6,12.29,1,Rising,0,0.0,1,6.9,4796.21,1075.68,0,6294,4945,3038,1867,747,3.665,340,35,57,36,416,21,6.25,8,6,0,0.0,1.442,7.888,6.461,44%,PROTECT_INVENTORY,1046.71,680.36,-35.0,9.48,3626.96,10761.61,12.0,0.0,1.0,4.582,1075.68,106.9,237.18,1.0,74,57.31,Inventory is close to stockout; protect availability before scaling ads.
2026-09-04,UB-POUROVER-SINGLE,UB-POUROVER,Pour-Over Kit,Equipment,Single,Carousel,13856,560,4.042,389,1135.21,12,9.48,12,8.65,4,Rising,0,0.0,1,13.37,10761.61,3626.96,36,0,0,0,0,0,3.522,320,50,66,52,560,32,8.226,18,15,2,13.333,2.143,4.686,3.846,44%,PROTECT_INVENTORY,1135.21,737.89,-35.0,6.603,3001.07,10310.76,12.0,0.0,1.0,9.48,3626.96,-30.35,-17.26,0.0,82,60.43,Inventory is close to stockout; protect availability before scaling ads.
2026-09-05,UB-POUROVER-SINGLE,UB-POUROVER,Pour-Over Kit,Equipment,Single,Video,18337,517,2.819,467,1561.59,12,6.603,12,0.05,2,Stable,0,0.0,1,12.98,10310.76,3001.07,0,9086,5787,3879,2295,1151,1.898,247,33,43,25,517,28,5.996,16,12,1,8.333,2.321,5.665,6.186,44%,PROTECT_INVENTORY,1561.59,1015.03,-35.0,2.629,261.58,4211.66,5.0,0.0,1.0,6.603,3001.07,-60.18,-91.28,0.0,82,57.8,Inventory is close to stockout; protect availability before scaling ads.
2026-09-06,UB-POUROVER-SINGLE,UB-POUROVER,Pour-Over Kit,Equipment,Single,Influencer Video,21327,495,2.321,304,1602.14,5,2.629,5,22.0,0,Rising,0,0.0,1,6.2,4211.66,261.58,0,11598,10153,6594,3042,1963,3.259,491,60,82,62,495,15,4.934,7,6,1,16.667,1.01,9.383,8.015,44%,PROTECT_INVENTORY,1602.14,1041.39,-35.0,8.442,3807.83,11750.62,12.0,0.0,1.0,2.629,261.58,221.11,1355.7,1.0,74,50.69,Inventory is close to stockout; protect availability before scaling ads.
2026-09-07,UB-POUROVER-SINGLE,UB-POUROVER,Pour-Over Kit,Equipment,Single,Influencer Video,12200,466,3.82,429,1391.99,12,8.442,12,9.96,1,Rising,0,0.0,1,13.61,11750.62,3807.83,53,6974,4410,1759,1486,543,3.648,313,38,53,41,466,26,6.061,16,13,2,15.385,2.575,5.681,4.618,44%,PROTECT_INVENTORY,1391.99,904.79,-35.0,5.684,2224.36,8343.82,10.0,0.0,1.0,8.442,3807.83,-32.67,-41.58,0.0,82,59.31,Inventory is close to stockout; protect availability before scaling ads.
2026-09-08,UB-POUROVER-SINGLE,UB-POUROVER,Pour-Over Kit,Equipment,Single,Influencer Video,14681,511,3.481,411,1467.9,10,5.684,10,10.16,2,Rising,0,0.0,1,12.77,8343.82,2224.36,21,7757,5393,3249,1600,1089,4.175,420,68,75,50,511,33,8.029,20,15,2,13.333,1.957,6.004,5.708,44%,PROTECT_INVENTORY,1467.9,954.14,-35.0,10.539,6996.97,20127.52,19.0,0.0,1.0,5.684,2224.36,85.42,214.56,1.0,82,61.57,Inventory is close to stockout; protect availability before scaling ads.
2026-09-09,UB-POUROVER-SINGLE,UB-POUROVER,Pour-Over Kit,Equipment,Single,Image,20669,622,3.009,670,1909.75,19,10.539,19,8.27,2,Rising,0,0.0,1,22.57,20127.52,6996.97,81,0,0,0,0,0,2.308,334,46,59,38,622,46,6.866,25,20,1,5.0,3.055,7.777,7.173,44%,PROTECT_INVENTORY,1909.75,1241.34,-35.0,3.979,1246.72,6521.54,8.0,0.0,1.0,10.539,6996.97,-62.24,-82.18,0.0,82,59.64,Inventory is close to stockout; protect availability before scaling ads.
2026-09-10,UB-POUROVER-SINGLE,UB-POUROVER,Pour-Over Kit,Equipment,Single,Influencer Video,10885,345,3.169,301,1639.16,8,3.979,8,1.18,1,Stable,0,0.0,1,10.58,6521.54,1246.72,0,5473,3898,2930,1598,535,2.94,224,29,36,31,345,21,6.977,11,9,1,11.111,2.319,7.99,6.395,44%,PROTECT_INVENTORY,1639.16,1065.45,-35.0,4.886,1236.05,5196.39,6.0,0.0,1.0,3.979,1246.72,22.79,-0.86,1.0,82,53.46,Inventory is close to stockout; protect availability before scaling ads.
2026-09-11,UB-POUROVER-SINGLE,UB-POUROVER,Pour-Over Kit,Equipment,Single,Video,8641,368,4.259,333,1063.43,6,4.886,6,9.45,1,Rising,0,0.0,1,7.06,5196.39,1236.05,0,6900,4810,2962,1735,914,3.715,212,39,43,27,368,17,5.105,8,6,0,0.0,1.63,7.073,6.367,44%,PROTECT_INVENTORY,1063.43,691.23,-35.0,9.47,3944.4,11707.34,14.0,10.44,0.0,4.886,1236.05,93.82,219.11,1.0,82,58.42,Inventory is close to stockout; protect availability before scaling ads.
2026-09-12,UB-POUROVER-SINGLE,UB-POUROVER,Pour-Over Kit,Equipment,Single,Video,18624,578,3.104,543,1236.27,14,9.47,14,2.71,2,Stable,168,10.44,0,16.09,11707.34,3944.4,0,7122,4976,4319,1715,680,2.287,299,44,47,36,578,39,7.182,21,15,2,13.333,2.422,6.409,5.342,44%,MAINTAIN,1236.27,1236.27,0.0,3.943,1112.94,5892.42,5.0,31.63,0.0,9.47,3944.4,-58.36,-71.78,0.0,90,63.6,Signals are within normal range; maintain current strategy.
2026-09-13,UB-POUROVER-SINGLE,UB-POUROVER,Pour-Over Kit,Equipment,Single,Image,12489,582,4.66,431,1494.54,5,3.943,5,-2.93,0,Stable,161,31.63,0,5.09,5892.42,1112.94,45,0,0,0,0,0,2.995,250,36,54,34,582,21,4.872,6,5,0,0.0,0.859,6.178,4.707,44%,CHANGE_CREATIVE,1494.54,1494.54,0.0,2.462,139.62,3840.66,4.0,34.62,0.0,3.943,1112.94,-37.56,-87.45,0.0,74,63.58,High ad engagement but weak purchase conversion suggests creative-to-product mismatch.
2026-09-14,UB-POUROVER-SINGLE,UB-POUROVER,Pour-Over Kit,Equipment,Single,Video,9350,319,3.412,291,1559.93,4,2.462,4,-7.54,0,Falling,153,34.62,0,4.42,3840.66,139.62,16,5020,2836,1744,1340,516,3.037,190,30,40,24,319,10,3.436,6,4,0,0.0,1.254,7.909,6.921,44%,MAINTAIN,1559.93,1559.93,0.0,3.872,914.61,4964.5,6.0,18.52,0.0,2.462,139.62,57.27,555.07,1.0,74,54.9,Signals are within normal range; maintain current strategy.
2026-09-15,UB-POUROVER-SINGLE,UB-POUROVER,Pour-Over Kit,Equipment,Single,Influencer Video,11009,367,3.334,317,1282.25,6,3.872,6,-3.86,1,Stable,143,18.52,0,7.72,4964.5,914.61,0,6032,4662,2693,1923,1075,2.552,196,25,36,24,367,20,6.309,8,6,0,0.0,1.635,6.455,5.153,44%,MAINTAIN,1282.25,1282.25,0.0,4.937,1776.39,7403.2,8.0,11.11,0.0,3.872,914.61,27.51,94.22,1.0,82,62.21,Signals are within normal range; maintain current strategy.
2026-09-16,UB-POUROVER-SINGLE,UB-POUROVER,Pour-Over Kit,Equipment,Single,Influencer Video,13029,446,3.423,301,1499.63,8,4.937,8,-5.26,1,Falling,135,11.11,0,12.15,7403.2,1776.39,39,5380,4319,2737,1586,925,2.656,231,41,45,29,446,20,6.645,10,8,0,0.0,1.794,6.154,4.562,44%,MAINTAIN,1499.63,1499.63,0.0,5.885,2871.92,10535.35,9.0,12.33,0.0,4.937,1776.39,19.2,61.67,1.0,82,60.46,Signals are within normal range; maintain current strategy.
2026-09-17,UB-POUROVER-SINGLE,UB-POUROVER,Pour-Over Kit,Equipment,Single,Image,14195,480,3.381,489,1790.13,9,5.885,9,6.69,2,Rising,121,12.33,0,9.81,10535.35,2871.92,53,0,0,0,0,0,3.607,363,44,60,45,480,36,7.362,12,9,0,0.0,1.875,6.784,4.934,44%,MAINTAIN,1790.13,1790.13,0.0,6.656,2363.32,8085.71,8.0,12.26,0.0,5.885,2871.92,13.1,-17.71,1.0,90,63.67,Signals are within normal range; maintain current strategy.
2026-09-18,UB-POUROVER-SINGLE,UB-POUROVER,Pour-Over Kit,Equipment,Single,Influencer Video,9316,355,3.811,312,1214.72,8,6.656,8,6.13,1,Rising,109,12.26,0,8.89,8085.71,2363.32,52,5514,4347,3254,1677,952,3.897,244,33,51,35,355,17,5.449,10,8,0,0.0,2.254,10.359,9.459,44%,MAINTAIN,1214.72,1214.72,0.0,5.069,2073.95,8457.22,10.0,7.45,0.0,6.656,2363.32,-23.84,-12.24,0.0,90,61.85,Signals are within normal range; maintain current strategy.
2026-09-19,UB-POUROVER-SINGLE,UB-POUROVER,Pour-Over Kit,Equipment,Single,Carousel,14384,479,3.33,381,1668.49,10,5.069,10,1.3,2,Stable,93,7.45,0,12.48,8457.22,2073.95,0,0,0,0,0,0,3.775,378,52,66,47,479,29,7.612,14,11,1,9.091,2.088,5.718,4.98,44%,MAINTAIN,1668.49,1668.49,0.0,6.524,2424.79,8383.82,10.0,6.02,0.0,5.069,2073.95,28.7,16.92,1.0,82,62.53,Signals are within normal range; maintain current strategy.
2026-09-20,UB-POUROVER-SINGLE,UB-POUROVER,Pour-Over Kit,Equipment,Single,Video,15466,502,3.246,387,1285.17,10,6.524,10,9.03,1,Rising,76,6.02,0,12.62,8383.82,2424.79,0,5865,5513,2961,1608,732,1.571,171,23,32,17,502,28,7.235,15,10,0,0.0,1.992,4.816,3.905,44%,MAINTAIN,1285.17,1285.17,0.0,7.185,2573.87,8485.46,7.0,7.97,0.0,6.524,2424.79,10.13,6.15,1.0,82,61.56,Signals are within normal range; maintain current strategy.
2026-09-21,UB-POUROVER-SINGLE,UB-POUROVER,Pour-Over Kit,Equipment,Single,Image,12801,427,3.336,328,1181.07,7,7.185,7,8.49,1,Rising,64,7.97,0,8.03,8485.46,2573.87,61,0,0,0,0,0,2.828,250,39,41,32,427,18,5.488,10,7,0,0.0,1.639,6.268,5.713,44%,MAINTAIN,1181.07,1181.07,0.0,3.427,690.82,4584.85,5.0,9.0,0.0,7.185,2573.87,-52.3,-73.16,0.0,82,62.3,Signals are within normal range; maintain current strategy.
2026-09-22,UB-POUROVER-SINGLE,UB-POUROVER,Pour-Over Kit,Equipment,Single,Image,9484,324,3.416,216,1338.04,5,3.427,5,11.41,0,Rising,55,9.0,0,6.11,4584.85,690.82,20,0,0,0,0,0,2.509,160,22,34,22,324,17,7.87,7,5,0,0.0,1.543,8.716,7.416,44%,MAINTAIN,1338.04,1338.04,0.0,5.857,2302.83,8473.4,10.0,4.08,0.0,3.427,690.82,70.91,233.35,1.0,82,59.5,Signals are within normal range; maintain current strategy.
2026-09-23,UB-POUROVER-SINGLE,UB-POUROVER,Pour-Over Kit,Equipment,Single,Image,18873,654,3.465,417,1446.77,10,5.857,10,-6.97,1,Falling,43,4.08,0,10.54,8473.4,2302.83,0,0,0,0,0,0,2.411,314,45,57,39,654,24,5.755,13,10,1,10.0,1.529,8.131,6.946,44%,PROTECT_INVENTORY,1446.77,940.4,-35.0,4.32,1614.25,7648.39,9.0,2.72,0.0,5.857,2302.83,-26.24,-29.9,0.0,74,55.62,Inventory is close to stockout; protect availability before scaling ads.
2026-09-24,UB-POUROVER-SINGLE,UB-POUROVER,Pour-Over Kit,Equipment,Single,Image,13074,493,3.771,491,1770.27,9,4.32,9,19.34,1,Rising,29,2.72,0,10.66,7648.39,1614.25,0,0,0,0,0,0,4.436,386,61,75,58,493,21,4.277,11,9,0,0.0,1.826,4.483,3.708,44%,PROTECT_INVENTORY,1770.27,1150.68,-35.0,4.534,1263.71,5692.99,7.0,1.86,0.0,4.32,1614.25,4.95,-21.72,1.0,82,59.97,Inventory is close to stockout; protect availability before scaling ads.
2026-09-25,UB-POUROVER-SINGLE,UB-POUROVER,Pour-Over Kit,Equipment,Single,Image,12499,441,3.528,314,1255.52,7,4.534,7,2.68,1,Stable,17,1.86,0,9.13,5692.99,1263.71,0,0,0,0,0,0,2.656,236,35,36,25,441,21,6.688,9,7,0,0.0,1.587,2.135,1.532,44%,PROTECT_INVENTORY,1255.52,816.09,-35.0,3.805,1032.66,5745.46,7.0,0.41,0.0,4.534,1263.71,-16.08,-18.28,0.0,82,58.8,Inventory is close to stockout; protect availability before scaling ads.
2026-09-26,UB-POUROVER-SINGLE,UB-POUROVER,Pour-Over Kit,Equipment,Single,Image,11441,355,3.103,333,1509.79,7,3.805,7,3.01,1,Stable,4,0.41,0,9.64,5745.46,1032.66,0,0,0,0,0,0,2.474,196,29,31,27,355,30,9.009,20,16,2,12.5,1.972,5.393,5.033,44%,PROTECT_INVENTORY,1509.79,981.36,-35.0,3.194,588.34,4544.6,5.0,0.0,1.0,3.805,1032.66,-16.06,-43.03,0.0,82,61.9,Inventory is close to stockout; protect availability before scaling ads.
2026-09-27,UB-POUROVER-SINGLE,UB-POUROVER,Pour-Over Kit,Equipment,Single,Influencer Video,11263,311,2.761,250,1422.71,5,3.194,5,2.26,1,Stable,0,0.0,1,5.99,4544.6,588.34,20,6150,3365,2649,2110,910,4.617,367,50,63,40,311,16,6.4,7,5,0,0.0,1.608,8.174,6.487,44%,PROTECT_INVENTORY,1422.71,924.76,-35.0,5.558,1862.42,7092.22,8.0,0.0,1.0,3.194,588.34,74.01,216.56,1.0,82,49.51,Inventory is close to stockout; protect availability before scaling ads.
2026-09-28,UB-POUROVER-SINGLE,UB-POUROVER,Pour-Over Kit,Equipment,Single,Image,10738,328,3.055,310,1275.99,8,5.558,8,3.05,1,Stable,0,0.0,1,9.51,7092.22,1862.42,29,0,0,0,0,0,2.393,171,30,31,25,328,27,8.71,15,13,0,0.0,2.439,7.544,6.282,44%,PROTECT_INVENTORY,1275.99,829.39,-35.0,,,,,,,5.558,1862.42,,,,82,60.51,Inventory is close to stockout; protect availability before scaling ads.
2026-09-01,UB-POUROVER-DOUBLE,UB-POUROVER,Pour-Over Kit,Equipment,Double,Image,19196,1272,6.626,1043,1553.45,29,21.098,29,6.97,2,Rising,0,0.0,1,35.16,32775.05,18444.9,0,0,0,0,0,0,3.813,516,70,81,65,1272,87,8.341,47,40,2,5.0,2.28,3.461,3.87,61%,PROTECT_INVENTORY,1553.45,1009.74,-35.0,20.011,17440.97,31133.58,22.0,0.0,1.0,21.098,18444.9,-5.15,-5.44,0.0,82,60.44,Inventory is close to stockout; protect availability before scaling ads.
2026-09-02,UB-POUROVER-DOUBLE,UB-POUROVER,Pour-Over Kit,Equipment,Double,Influencer Video,20695,885,4.276,709,1555.8,22,20.011,22,-1.12,2,Stable,0,0.0,1,28.15,31133.58,17440.97,119,7759,5995,3555,2181,1115,2.286,338,38,56,41,885,61,8.604,29,23,1,4.348,2.486,3.186,3.479,61%,PROTECT_INVENTORY,1555.8,1011.27,-35.0,12.816,10492.33,19717.12,14.0,0.0,1.0,20.011,17440.97,-35.96,-39.84,0.0,74,58.1,Inventory is close to stockout; protect availability before scaling ads.
2026-09-03,UB-POUROVER-DOUBLE,UB-POUROVER,Pour-Over Kit,Equipment,Double,Influencer Video,18290,1016,5.555,771,1538.46,14,12.816,14,10.65,2,Rising,0,0.0,1,17.96,19717.12,10492.33,143,9513,7578,5077,3090,1622,3.237,421,56,68,47,1016,55,7.134,21,15,1,6.667,1.378,2.09,2.148,61%,PROTECT_INVENTORY,1538.46,1000.0,-35.0,15.164,12147.1,22319.98,19.0,0.0,1.0,12.816,10492.33,18.32,15.77,1.0,74,59.45,Inventory is close to stockout; protect availability before scaling ads.
2026-09-04,UB-POUROVER-DOUBLE,UB-POUROVER,Pour-Over Kit,Equipment,Double,Image,15757,704,4.468,642,1471.88,19,15.164,19,8.16,4,Rising,0,0.0,1,20.66,22319.98,12147.1,0,0,0,0,0,0,2.418,269,37,43,32,704,54,8.411,26,20,1,5.0,2.699,1.796,2.197,61%,PROTECT_INVENTORY,1471.88,956.72,-35.0,23.574,16477.01,29021.6,26.0,0.0,1.0,15.164,12147.1,55.46,35.65,1.0,82,61.07,Inventory is close to stockout; protect availability before scaling ads.
2026-09-05,UB-POUROVER-DOUBLE,UB-POUROVER,Pour-Over Kit,Equipment,Double,Influencer Video,24809,1164,4.692,991,1231.09,26,23.574,26,13.23,5,Rising,0,0.0,1,28.16,29021.6,16477.01,0,10033,6380,4617,2034,956,4.454,722,142,144,97,1164,80,8.073,35,30,1,3.333,2.234,3.501,3.962,61%,PROTECT_INVENTORY,1231.09,800.21,-35.0,12.431,9920.84,18728.18,16.0,0.0,1.0,23.574,16477.01,-47.27,-39.79,0.0,82,61.86,Inventory is close to stockout; protect availability before scaling ads.
2026-09-06,UB-POUROVER-DOUBLE,UB-POUROVER,Pour-Over Kit,Equipment,Double,Image,19415,765,3.94,583,1506.53,16,12.431,16,-4.11,2,Stable,0,0.0,1,21.1,18728.18,9920.84,0,0,0,0,0,0,1.808,238,37,44,32,765,41,7.033,20,16,1,6.25,2.092,2.115,2.508,61%,PROTECT_INVENTORY,1506.53,979.24,-35.0,20.284,18066.08,32210.85,25.0,0.0,1.0,12.431,9920.84,63.17,82.1,1.0,74,56.55,Inventory is close to stockout; protect availability before scaling ads.
2026-09-07,UB-POUROVER-DOUBLE,UB-POUROVER,Pour-Over Kit,Equipment,Double,Influencer Video,21950,962,4.383,738,1588.01,25,20.284,25,15.15,5,Rising,0,0.0,1,30.69,32210.85,18066.08,142,9650,6469,4985,2888,1640,4.651,701,117,119,84,962,62,8.401,41,33,2,6.061,2.599,2.879,2.779,61%,PROTECT_INVENTORY,1588.01,1032.21,-35.0,17.556,15712.77,28402.94,22.0,0.0,1.0,20.284,18066.08,-13.45,-13.03,0.0,82,61.26,Inventory is close to stockout; protect availability before scaling ads.
2026-09-08,UB-POUROVER-DOUBLE,UB-POUROVER,Pour-Over Kit,Equipment,Double,Carousel,17738,1162,6.551,908,1617.85,22,17.556,22,7.32,3,Rising,0,0.0,1,27.67,28402.94,15712.77,78,0,0,0,0,0,2.193,255,45,49,40,1162,65,7.159,26,23,1,4.348,1.893,3.842,3.597,61%,PROTECT_INVENTORY,1617.85,1051.6,-35.0,9.518,9044.15,17905.47,16.0,0.0,1.0,17.556,15712.77,-45.78,-42.44,0.0,82,58.49,Inventory is close to stockout; protect availability before scaling ads.
2026-09-09,UB-POUROVER-DOUBLE,UB-POUROVER,Pour-Over Kit,Equipment,Double,Video,14003,782,5.585,739,1881.23,16,9.518,16,-4.74,2,Stable,0,0.0,1,19.99,17905.47,9044.15,0,7522,5930,3788,2291,959,2.628,247,38,50,33,782,41,5.548,22,16,0,0.0,2.046,4.351,4.766,61%,PROTECT_INVENTORY,1881.23,1222.8,-35.0,16.208,14803.11,26989.81,23.0,0.0,1.0,9.518,9044.15,70.29,63.68,1.0,74,56.19,Inventory is close to stockout; protect availability before scaling ads.
2026-09-10,UB-POUROVER-DOUBLE,UB-POUROVER,Pour-Over Kit,Equipment,Double,Carousel,20266,1077,5.314,943,1665.26,23,16.208,23,1.08,2,Stable,0,0.0,1,31.47,26989.81,14803.11,0,0,0,0,0,0,3.587,495,69,101,62,1077,60,6.363,31,26,3,11.538,2.136,5.294,5.852,61%,PROTECT_INVENTORY,1665.26,1082.42,-35.0,15.574,12363.23,22644.86,20.0,0.0,1.0,16.208,14803.11,-3.91,-16.48,0.0,82,57.82,Inventory is close to stockout; protect availability before scaling ads.
2026-09-11,UB-POUROVER-DOUBLE,UB-POUROVER,Pour-Over Kit,Equipment,Double,Video,19373,1087,5.611,681,1453.98,20,15.574,20,11.92,4,Rising,0,0.0,1,21.94,22644.86,12363.23,0,7959,5723,4254,1457,590,2.374,311,55,51,43,1087,74,10.866,40,34,3,8.824,1.84,3.779,4.279,61%,PROTECT_INVENTORY,1453.98,945.09,-35.0,22.865,20028.86,35359.57,30.0,0.0,1.0,15.574,12363.23,46.82,62.0,1.0,82,63.38,Inventory is close to stockout; protect availability before scaling ads.
2026-09-12,UB-POUROVER-DOUBLE,UB-POUROVER,Pour-Over Kit,Equipment,Double,Carousel,34427,1434,4.165,1240,1546.48,30,22.865,30,15.86,5,Rising,0,0.0,1,39.73,35359.57,20028.86,0,0,0,0,0,0,2.855,698,90,110,85,1434,76,6.129,37,30,1,3.333,2.092,3.551,3.846,61%,PROTECT_INVENTORY,1546.48,1005.21,-35.0,42.152,30246.15,51575.35,41.0,0.0,1.0,22.865,20028.86,84.35,51.01,1.0,82,60.86,Inventory is close to stockout; protect availability before scaling ads.
2026-09-13,UB-POUROVER-DOUBLE,UB-POUROVER,Pour-Over Kit,Equipment,Double,Video,25742,1469,5.707,1337,1223.57,41,42.152,41,-2.01,5,Stable,0,0.0,1,46.56,51575.35,30246.15,169,13512,8330,5205,3275,2191,2.801,486,81,97,57,1469,108,8.078,62,49,3,6.122,2.791,3.794,4.094,61%,PROTECT_INVENTORY,1223.57,795.32,-35.0,9.194,7023.95,14008.61,12.0,0.0,1.0,42.152,30246.15,-78.19,-76.78,0.0,74,58.47,Inventory is close to stockout; protect availability before scaling ads.
2026-09-14,UB-POUROVER-DOUBLE,UB-POUROVER,Pour-Over Kit,Equipment,Double,Video,13202,577,4.371,571,1523.68,12,9.194,12,12.96,2,Rising,0,0.0,1,15.46,14008.61,7023.95,0,7976,3728,2206,1076,873,2.242,201,29,38,28,577,37,6.48,16,12,0,0.0,2.08,2.128,2.298,61%,PROTECT_INVENTORY,1523.68,990.39,-35.0,17.537,13623.31,24628.67,21.0,4.41,0.0,9.194,7023.95,90.74,93.96,1.0,82,59.46,Inventory is close to stockout; protect availability before scaling ads.
2026-09-15,UB-POUROVER-DOUBLE,UB-POUROVER,Pour-Over Kit,Equipment,Double,Video,20774,1256,6.046,867,1404.36,21,17.537,21,11.14,3,Rising,125,4.41,0,28.34,24628.67,13623.31,0,8623,6350,5108,3131,1804,1.993,282,39,55,38,1256,73,8.42,42,35,3,8.571,1.672,4.186,4.063,61%,MAINTAIN,1404.36,1404.36,0.0,18.561,15153.6,27240.29,18.0,5.15,0.0,17.537,13623.31,5.84,11.23,1.0,82,64.7,Signals are within normal range; maintain current strategy.
2026-09-16,UB-POUROVER-DOUBLE,UB-POUROVER,Pour-Over Kit,Equipment,Double,Video,22368,1190,5.32,908,1467.6,18,18.561,18,9.27,2,Rising,100,5.15,0,19.43,27240.29,15153.6,100,11641,9300,6778,3318,1572,2.311,372,50,53,42,1190,52,5.727,23,20,2,10.0,1.513,3.414,2.914,61%,MAINTAIN,1467.6,1467.6,0.0,14.191,11167.18,20691.32,17.0,4.03,0.0,18.561,15153.6,-23.54,-26.31,0.0,82,61.11,Signals are within normal range; maintain current strategy.
2026-09-17,UB-POUROVER-DOUBLE,UB-POUROVER,Pour-Over Kit,Equipment,Double,Influencer Video,16979,838,4.936,679,1458.04,17,14.191,17,17.74,2,Rising,86,4.03,0,21.36,20691.32,11167.18,0,7722,4980,4816,2607,1610,2.756,309,50,67,42,838,50,7.364,23,17,0,0.0,2.029,5.091,4.749,61%,MAINTAIN,1458.04,1458.04,0.0,21.124,21019.84,37346.61,31.0,1.55,0.0,14.191,11167.18,48.85,88.23,1.0,82,64.72,Signals are within normal range; maintain current strategy.
2026-09-18,UB-POUROVER-DOUBLE,UB-POUROVER,Pour-Over Kit,Equipment,Double,Video,27266,1174,4.306,1014,1767.93,31,21.124,31,11.19,3,Rising,57,1.55,0,36.86,37346.61,21019.84,0,13586,9126,8356,5421,2363,3.95,736,111,121,109,1174,88,8.679,48,38,2,5.263,2.641,4.973,5.563,61%,PROTECT_INVENTORY,1767.93,1149.15,-35.0,19.685,18319.23,32749.78,28.0,0.93,0.0,21.124,21019.84,-6.81,-12.85,0.0,82,61.6,Inventory is close to stockout; protect availability before scaling ads.
2026-09-19,UB-POUROVER-DOUBLE,UB-POUROVER,Pour-Over Kit,Equipment,Double,Video,22226,1036,4.661,857,1663.7,28,19.685,28,-4.69,5,Stable,31,0.93,0,33.26,32749.78,18319.23,0,11362,8651,6829,2992,1382,2.07,318,43,57,42,1036,59,6.884,34,29,1,3.448,2.703,2.649,3.105,61%,PROTECT_INVENTORY,1663.7,1081.4,-35.0,14.418,10944.54,20237.21,18.0,0.32,0.0,19.685,18319.23,-26.76,-40.26,0.0,74,57.22,Inventory is close to stockout; protect availability before scaling ads.
2026-09-20,UB-POUROVER-DOUBLE,UB-POUROVER,Pour-Over Kit,Equipment,Double,Carousel,21376,1158,5.417,839,1403.59,18,14.418,18,15.1,2,Rising,7,0.32,0,21.97,20237.21,10944.54,0,0,0,0,0,0,2.657,397,58,66,47,1158,43,5.125,24,18,0,0.0,1.554,3.909,4.149,61%,PROTECT_INVENTORY,1403.59,912.33,-35.0,7.192,5871.12,12461.89,11.0,0.0,1.0,14.418,10944.54,-50.12,-46.36,0.0,82,59.14,Inventory is close to stockout; protect availability before scaling ads.
2026-09-21,UB-POUROVER-DOUBLE,UB-POUROVER,Pour-Over Kit,Equipment,Double,Image,12176,582,4.78,473,1732.75,11,7.192,11,-3.23,2,Stable,0,0.0,1,12.24,12461.89,5871.12,0,0,0,0,0,0,2.152,187,25,29,21,582,25,5.285,14,11,0,0.0,1.89,1.985,2.309,61%,PROTECT_INVENTORY,1732.75,1126.29,-35.0,10.625,10198.95,19763.56,17.0,0.0,1.0,7.192,5871.12,47.73,73.71,1.0,74,55.31,Inventory is close to stockout; protect availability before scaling ads.
2026-09-22,UB-POUROVER-DOUBLE,UB-POUROVER,Pour-Over Kit,Equipment,Double,Influencer Video,14705,615,4.182,560,1860.18,17,10.625,17,4.67,2,Stable,0,0.0,1,19.06,19763.56,10198.95,0,6414,4991,3287,2154,1560,4.019,421,53,65,52,615,47,8.393,31,26,2,7.692,2.764,2.939,3.437,61%,PROTECT_INVENTORY,1860.18,1209.12,-35.0,10.806,11337.6,21903.12,19.0,0.0,1.0,10.625,10198.95,1.7,11.16,1.0,82,60.28,Inventory is close to stockout; protect availability before scaling ads.
2026-09-23,UB-POUROVER-DOUBLE,UB-POUROVER,Pour-Over Kit,Equipment,Double,Video,22238,877,3.944,726,2027.02,19,10.806,19,2.68,2,Stable,0,0.0,1,24.35,21903.12,11337.6,0,10270,7280,4530,3163,1367,1.722,260,41,52,30,877,59,8.127,26,20,1,5.0,2.166,1.821,2.037,61%,PROTECT_INVENTORY,2027.02,1317.56,-35.0,28.874,20802.78,36144.98,22.0,0.0,1.0,10.806,11337.6,167.2,83.48,1.0,82,60.07,Inventory is close to stockout; protect availability before scaling ads.
2026-09-24,UB-POUROVER-DOUBLE,UB-POUROVER,Pour-Over Kit,Equipment,Double,Image,23284,898,3.857,789,1251.8,22,28.874,22,8.9,3,Rising,0,0.0,1,28.6,36144.98,20802.78,149,0,0,0,0,0,2.701,439,60,79,51,898,61,7.731,30,25,4,16.0,2.45,5.668,6.049,61%,PROTECT_INVENTORY,1251.8,813.67,-35.0,18.469,20404.01,36696.12,21.0,0.0,1.0,28.874,20802.78,-36.04,-1.92,0.0,82,60.2,Inventory is close to stockout; protect availability before scaling ads.
2026-09-25,UB-POUROVER-DOUBLE,UB-POUROVER,Pour-Over Kit,Equipment,Double,Video,22475,1203,5.353,810,1986.86,21,18.469,21,7.92,2,Rising,0,0.0,1,24.37,36696.12,20404.01,186,9358,5985,2658,1279,811,2.523,395,57,67,48,1203,55,6.79,25,23,2,8.696,1.746,4.242,4.714,61%,PROTECT_INVENTORY,1986.86,1291.46,-35.0,11.93,10835.27,20585.67,17.0,0.0,1.0,18.469,20404.01,-35.41,-46.9,0.0,82,58.78,Inventory is close to stockout; protect availability before scaling ads.
2026-09-26,UB-POUROVER-DOUBLE,UB-POUROVER,Pour-Over Kit,Equipment,Double,Influencer Video,15152,732,4.831,600,1725.48,17,11.93,17,3.04,2,Stable,0,0.0,1,18.23,20585.67,10835.27,0,6439,4854,3255,1799,1058,3.419,354,45,67,52,732,41,6.833,26,20,2,10.0,2.322,2.346,1.897,61%,PROTECT_INVENTORY,1725.48,1121.56,-35.0,13.243,12045.01,22528.47,20.0,0.0,1.0,11.93,10835.27,11.01,11.16,1.0,82,57.73,Inventory is close to stockout; protect availability before scaling ads.
2026-09-27,UB-POUROVER-DOUBLE,UB-POUROVER,Pour-Over Kit,Equipment,Double,Carousel,21341,805,3.772,546,1701.18,20,13.243,20,3.89,2,Stable,0,0.0,1,28.91,22528.47,12045.01,0,0,0,0,0,0,3.58,559,63,84,58,805,48,8.791,27,21,1,4.762,2.484,5.377,5.802,61%,PROTECT_INVENTORY,1701.18,1105.77,-35.0,18.88,17131.57,30745.69,23.0,0.0,1.0,13.243,12045.01,42.57,42.23,1.0,82,59.78,Inventory is close to stockout; protect availability before scaling ads.
2026-09-28,UB-POUROVER-DOUBLE,UB-POUROVER,Pour-Over Kit,Equipment,Double,Video,19692,950,4.824,921,1628.52,23,18.88,23,6.1,4,Rising,0,0.0,1,30.48,30745.69,17131.57,54,10495,7004,3532,1850,927,2.539,319,57,70,54,950,55,5.972,30,25,2,8.0,2.421,2.194,1.833,61%,PROTECT_INVENTORY,1628.52,1058.54,-35.0,,,,,,,18.88,17131.57,,,,82,57.78,Inventory is close to stockout; protect availability before scaling ads.
2026-09-01,UB-PRESS-350ML,UB-PRESS,French Press,Equipment,350 ml,Image,15180,427,2.813,390,1105.88,17,4.686,17,4.76,3,Stable,1111,54.12,0,20.53,5182.04,155.58,0,0,0,0,0,0,1.891,207,28,32,20,427,50,12.821,24,20,0,0.0,3.981,1.896,3.52,24%,DECREASE_BUDGET,1105.88,774.12,-30.0,7.457,814.78,7452.36,17.0,50.99,0.0,4.686,155.58,59.13,423.7,1.0,82,59.33,Low ROAS or negative profit indicates weak marginal ad return.
2026-09-02,UB-PRESS-350ML,UB-PRESS,French Press,Equipment,350 ml,Image,14104,455,3.226,352,999.34,17,7.457,17,7.12,4,Rising,1084,50.99,0,21.26,7452.36,814.78,67,0,0,0,0,0,2.588,264,31,42,28,455,45,12.784,24,20,1,5.0,3.736,4.884,7.273,24%,INCREASE_BUDGET,999.34,1199.21,20.0,2.94,-401.07,4148.44,13.0,65.51,0.0,7.457,814.78,-60.57,-149.22,0.0,90,68.59,"Strong ROAS, positive profit, rising sales and sufficient inventory."
2026-09-03,UB-PRESS-350ML,UB-PRESS,French Press,Equipment,350 ml,Video,13214,401,3.035,335,1410.92,13,2.94,13,5.9,4,Rising,1058,65.51,0,16.15,4148.44,-401.07,0,6288,4087,2345,1170,576,3.519,327,45,55,38,401,31,9.254,18,14,1,7.143,3.242,4.294,6.175,24%,DECREASE_BUDGET,1410.92,987.64,-30.0,1.089,-862.08,1276.7,4.0,194.81,0.0,2.94,-401.07,-62.96,-114.95,0.0,74,50.56,Low ROAS or negative profit indicates weak marginal ad return.
2026-09-04,UB-PRESS-350ML,UB-PRESS,French Press,Equipment,350 ml,Image,3619,129,3.565,102,1172.87,4,1.089,4,7.85,0,Rising,1050,194.81,0,5.39,1276.7,-862.08,0,0,0,0,0,0,2.293,55,9,11,8,129,9,8.824,5,4,0,0.0,3.101,4.036,6.402,24%,DECREASE_BUDGET,1172.87,821.01,-30.0,4.041,-20.79,5188.4,13.0,64.31,0.0,1.089,-862.08,271.07,97.59,1.0,74,44.19,Low ROAS or negative profit indicates weak marginal ad return.
2026-09-05,UB-PRESS-350ML,UB-PRESS,French Press,Equipment,350 ml,Image,10518,280,2.662,299,1283.8,13,4.041,13,-0.3,1,Stable,1029,64.31,0,16.0,5188.4,-20.79,54,0,0,0,0,0,3.052,218,31,46,26,280,52,17.391,26,21,1,4.762,4.643,3.565,3.838,24%,DECREASE_BUDGET,1283.8,898.66,-30.0,3.862,-72.22,4666.68,9.0,105.63,0.0,4.041,-20.79,-4.43,-247.38,0.0,74,58.22,Low ROAS or negative profit indicates weak marginal ad return.
2026-09-06,UB-PRESS-350ML,UB-PRESS,French Press,Equipment,350 ml,Influencer Video,8807,326,3.702,270,1208.22,9,3.862,9,-0.23,0,Stable,1013,105.63,0,9.59,4666.68,-72.22,55,5057,3492,2202,1212,579,4.076,254,34,39,32,326,23,8.519,10,9,0,0.0,2.761,4.811,7.699,24%,DECREASE_BUDGET,1208.22,845.75,-30.0,6.001,573.93,7472.79,24.0,33.97,0.0,3.862,-72.22,55.39,894.7,1.0,58,48.59,Low ROAS or negative profit indicates weak marginal ad return.
2026-09-07,UB-PRESS-350ML,UB-PRESS,French Press,Equipment,350 ml,Influencer Video,19478,610,3.132,479,1245.16,24,6.001,24,1.02,4,Stable,966,33.97,0,28.44,7472.79,573.93,0,11185,8186,5240,2054,1231,2.906,387,55,71,53,610,71,14.823,45,35,2,5.714,3.934,4.013,5.058,24%,MAINTAIN,1245.16,1245.16,0.0,5.828,554.74,7722.81,23.0,30.18,0.0,6.001,573.93,-2.88,-3.34,0.0,90,64.08,Signals are within normal range; maintain current strategy.
2026-09-08,UB-PRESS-350ML,UB-PRESS,French Press,Equipment,350 ml,Image,16179,572,3.535,516,1325.21,23,5.828,23,4.04,7,Stable,927,30.18,0,30.72,7722.81,554.74,0,0,0,0,0,0,2.825,308,50,60,39,572,66,12.791,43,34,1,2.941,4.021,3.771,5.234,24%,INCREASE_BUDGET,1325.21,1590.25,20.0,3.834,-88.56,5088.99,16.0,44.49,0.0,5.828,554.74,-34.21,-115.96,0.0,90,64.43,"Strong ROAS, positive profit, rising sales and sufficient inventory."
2026-09-09,UB-PRESS-350ML,UB-PRESS,French Press,Equipment,350 ml,Video,13044,470,3.603,439,1327.37,16,3.834,16,1.03,3,Stable,901,44.49,0,20.25,5088.99,-88.56,0,6034,3758,2600,1794,1062,3.366,306,46,49,38,470,66,15.034,36,30,2,6.667,3.404,4.547,6.633,24%,DECREASE_BUDGET,1327.37,929.16,-30.0,3.509,-206.82,4975.02,13.0,57.89,0.0,3.834,-88.56,-8.48,-133.54,0.0,82,56.4,Low ROAS or negative profit indicates weak marginal ad return.
2026-09-10,UB-PRESS-350ML,UB-PRESS,French Press,Equipment,350 ml,Carousel,11696,398,3.403,352,1417.88,13,3.509,13,22.31,1,Rising,880,57.89,0,15.2,4975.02,-206.82,72,0,0,0,0,0,2.856,234,36,38,26,398,37,10.511,19,15,0,0.0,3.266,2.525,3.883,24%,DECREASE_BUDGET,1417.88,992.52,-30.0,2.111,-657.76,2855.74,9.0,75.42,0.0,3.509,-206.82,-39.84,-218.04,0.0,74,54.48,Low ROAS or negative profit indicates weak marginal ad return.
2026-09-11,UB-PRESS-350ML,UB-PRESS,French Press,Equipment,350 ml,Image,10004,335,3.349,201,1352.93,9,2.111,9,5.99,0,Rising,862,75.42,0,11.43,2855.74,-657.76,0,0,0,0,0,0,3.579,249,33,48,28,335,32,15.92,12,9,0,0.0,2.687,4.064,5.913,24%,DECREASE_BUDGET,1352.93,947.05,-30.0,3.486,-222.44,5117.9,16.0,43.04,0.0,2.111,-657.76,65.14,66.18,1.0,66,47.92,Low ROAS or negative profit indicates weak marginal ad return.
2026-09-12,UB-PRESS-350ML,UB-PRESS,French Press,Equipment,350 ml,Video,15397,466,3.027,398,1468.28,16,3.486,16,2.03,3,Stable,841,43.04,0,19.54,5117.9,-222.44,0,6979,6497,3438,1668,905,2.695,289,37,51,38,466,45,11.307,21,16,0,0.0,3.433,5.958,8.308,24%,DECREASE_BUDGET,1468.28,1027.8,-30.0,2.377,-600.26,3385.83,11.0,58.7,0.0,3.486,-222.44,-31.81,-169.85,0.0,74,49.46,Low ROAS or negative profit indicates weak marginal ad return.
2026-09-13,UB-PRESS-350ML,UB-PRESS,French Press,Equipment,350 ml,Image,12168,342,2.811,278,1424.47,11,2.377,11,8.99,3,Rising,820,58.7,0,13.97,3385.83,-600.26,0,0,0,0,0,0,3.279,272,42,49,36,342,30,10.791,16,12,1,8.333,3.216,2.706,4.141,24%,DECREASE_BUDGET,1424.47,997.13,-30.0,5.021,295.15,6666.5,17.0,44.28,0.0,2.377,-600.26,111.23,149.17,1.0,74,50.51,Low ROAS or negative profit indicates weak marginal ad return.
2026-09-14,UB-PRESS-350ML,UB-PRESS,French Press,Equipment,350 ml,Influencer Video,12214,531,4.347,333,1327.67,17,5.021,17,12.69,4,Rising,794,44.28,0,17.93,6666.5,295.15,70,6442,4120,2341,1761,954,3.349,288,36,49,36,531,42,12.613,22,17,0,0.0,3.202,3.881,4.694,24%,INCREASE_BUDGET,1327.67,1593.2,20.0,2.605,-411.2,2926.83,9.0,77.03,0.0,5.021,295.15,-48.12,-239.32,0.0,90,65.04,"Strong ROAS, positive profit, rising sales and sufficient inventory."
2026-09-15,UB-PRESS-350ML,UB-PRESS,French Press,Equipment,350 ml,Video,9632,282,2.928,239,1123.67,9,2.605,9,7.2,1,Rising,778,77.03,0,10.1,2926.83,-411.2,0,4255,3870,1456,855,427,3.561,236,35,40,32,282,30,12.552,12,9,0,0.0,3.191,4.137,5.914,24%,DECREASE_BUDGET,1123.67,786.57,-30.0,3.241,-268.91,4127.24,11.0,54.31,0.0,2.605,-411.2,24.41,34.6,1.0,74,47.68,Low ROAS or negative profit indicates weak marginal ad return.
2026-09-16,UB-PRESS-350ML,UB-PRESS,French Press,Equipment,350 ml,Video,13670,445,3.255,299,1273.6,11,3.241,11,10.26,3,Rising,762,54.31,0,14.03,4127.24,-268.91,66,5689,4125,2050,1129,535,3.007,293,38,48,32,445,56,18.729,30,24,2,8.333,2.472,4.954,7.061,24%,DECREASE_BUDGET,1273.6,891.52,-30.0,6.662,897.75,9619.72,21.0,29.42,0.0,3.241,-268.91,105.55,433.85,1.0,74,57.6,Low ROAS or negative profit indicates weak marginal ad return.
2026-09-17,UB-PRESS-350ML,UB-PRESS,French Press,Equipment,350 ml,Image,14065,456,3.242,437,1443.97,21,6.662,21,16.76,5,Rising,734,29.42,0,24.95,9619.72,897.75,98,0,0,0,0,0,3.512,338,48,63,45,456,64,14.645,33,25,0,0.0,4.605,4.213,4.871,24%,INCREASE_BUDGET,1443.97,1732.76,20.0,5.85,742.41,10240.75,31.0,17.81,0.0,6.662,897.75,-12.19,-17.3,0.0,90,67.99,"Strong ROAS, positive profit, rising sales and sufficient inventory."
2026-09-18,UB-PRESS-350ML,UB-PRESS,French Press,Equipment,350 ml,Image,20782,781,3.758,619,1750.48,31,5.85,31,16.45,4,Rising,687,17.81,0,38.58,10240.75,742.41,0,0,0,0,0,0,3.33,481,66,89,56,781,99,15.994,39,31,0,0.0,3.969,5.228,7.675,24%,INCREASE_BUDGET,1750.48,2100.58,20.0,3.843,-93.96,5588.77,17.0,56.53,0.0,5.85,742.41,-34.31,-112.66,0.0,90,59.6,"Strong ROAS, positive profit, rising sales and sufficient inventory."
2026-09-19,UB-PRESS-350ML,UB-PRESS,French Press,Equipment,350 ml,Image,14364,421,2.931,269,1454.43,17,3.843,17,4.07,3,Stable,1347,56.53,0,23.83,5588.77,-93.96,0,0,0,0,0,0,2.249,212,35,48,28,421,53,19.703,32,26,1,3.846,4.038,4.921,6.747,24%,DECREASE_BUDGET,1454.43,1018.1,-30.0,4.251,44.34,5430.51,17.0,65.69,0.0,3.843,-93.96,10.62,147.19,1.0,82,55.43,Low ROAS or negative profit indicates weak marginal ad return.
2026-09-20,UB-PRESS-350ML,UB-PRESS,French Press,Equipment,350 ml,Video,16202,501,3.092,409,1277.6,17,4.251,17,-2.96,5,Stable,1317,65.69,0,20.05,5430.51,44.34,0,7273,4877,2650,1381,656,2.364,269,40,42,32,501,60,14.67,30,25,1,4.0,3.393,5.353,7.561,24%,DECREASE_BUDGET,1277.6,894.32,-30.0,5.829,493.25,6862.29,17.0,61.71,0.0,4.251,44.34,37.12,1012.43,1.0,74,57.8,Low ROAS or negative profit indicates weak marginal ad return.
2026-09-21,UB-PRESS-350ML,UB-PRESS,French Press,Equipment,350 ml,Image,13353,492,3.685,414,1177.23,17,5.829,17,7.1,1,Rising,1294,61.71,0,20.97,6862.29,493.25,53,0,0,0,0,0,2.666,247,38,43,28,492,53,12.802,26,18,1,5.556,3.455,4.545,6.543,24%,DECREASE_BUDGET,1177.23,824.06,-30.0,3.418,-197.31,4012.44,13.0,84.69,0.0,5.829,493.25,-41.36,-140.0,0.0,82,61.59,Low ROAS or negative profit indicates weak marginal ad return.
2026-09-22,UB-PRESS-350ML,UB-PRESS,French Press,Equipment,350 ml,Carousel,12407,462,3.724,323,1174.05,13,3.418,13,4.9,4,Stable,1272,84.69,0,15.02,4012.44,-197.31,0,0,0,0,0,0,2.797,245,29,43,30,462,55,17.028,23,19,1,5.263,2.814,5.156,7.761,24%,DECREASE_BUDGET,1174.05,821.83,-30.0,4.042,-20.94,5240.69,16.0,67.63,0.0,3.418,-197.31,18.26,89.39,1.0,82,58.87,Low ROAS or negative profit indicates weak marginal ad return.
2026-09-23,UB-PRESS-350ML,UB-PRESS,French Press,Equipment,350 ml,Image,10673,405,3.795,267,1296.67,16,4.042,16,6.46,4,Rising,1243,67.63,0,18.38,5240.69,-20.94,0,0,0,0,0,0,3.064,230,35,35,27,405,41,15.356,25,18,1,5.556,3.951,4.408,5.509,24%,DECREASE_BUDGET,1296.67,907.67,-30.0,3.328,-215.32,3773.88,10.0,101.58,0.0,4.042,-20.94,-17.66,-928.27,0.0,82,57.99,Low ROAS or negative profit indicates weak marginal ad return.
2026-09-24,UB-PRESS-350ML,UB-PRESS,French Press,Equipment,350 ml,Video,14248,416,2.92,335,1133.99,10,3.328,10,0.63,1,Stable,1222,101.58,0,12.03,3773.88,-215.32,70,4459,3365,1957,1441,672,3.706,375,46,61,46,416,24,7.164,12,11,1,9.091,2.404,3.639,5.2,24%,DECREASE_BUDGET,1133.99,793.79,-30.0,3.585,-145.73,4104.83,11.0,102.55,0.0,3.328,-215.32,7.72,32.32,1.0,82,53.73,Low ROAS or negative profit indicates weak marginal ad return.
2026-09-25,UB-PRESS-350ML,UB-PRESS,French Press,Equipment,350 ml,Image,16355,507,3.1,429,1144.96,11,3.585,11,11.35,3,Rising,1205,102.55,0,11.75,4104.83,-145.73,97,0,0,0,0,0,2.042,237,31,37,29,507,42,9.79,17,12,1,8.333,2.17,5.171,6.669,24%,DECREASE_BUDGET,1144.96,801.47,-30.0,3.385,-244.43,4700.2,14.0,84.07,0.0,3.585,-145.73,-5.58,-67.73,0.0,74,54.45,Low ROAS or negative profit indicates weak marginal ad return.
2026-09-26,UB-PRESS-350ML,UB-PRESS,French Press,Equipment,350 ml,Influencer Video,17219,528,3.066,474,1388.59,14,3.385,14,7.73,1,Rising,1182,84.07,0,14.06,4700.2,-244.43,0,5585,4919,3247,2551,970,3.461,412,56,71,57,528,49,10.338,20,14,0,0.0,2.652,2.671,3.618,24%,DECREASE_BUDGET,1388.59,972.01,-30.0,2.478,-526.83,3291.31,10.0,86.83,0.0,3.385,-244.43,-26.79,-115.53,0.0,66,52.29,Low ROAS or negative profit indicates weak marginal ad return.
2026-09-27,UB-PRESS-350ML,UB-PRESS,French Press,Equipment,350 ml,Influencer Video,11470,384,3.348,214,1328.03,10,2.478,10,3.28,1,Stable,1167,86.83,0,13.44,3291.31,-526.83,0,6030,3736,3058,2028,1403,2.79,226,30,37,27,384,36,16.822,15,10,0,0.0,2.604,4.107,6.541,24%,DECREASE_BUDGET,1328.03,929.62,-30.0,3.358,-255.36,4700.1,14.0,67.86,0.0,2.478,-526.83,35.51,51.53,1.0,74,51.42,Low ROAS or negative profit indicates weak marginal ad return.
2026-09-28,UB-PRESS-350ML,UB-PRESS,French Press,Equipment,350 ml,Carousel,10469,443,4.232,258,1399.5,14,3.358,14,7.99,1,Rising,1140,67.86,0,16.8,4700.1,-255.36,0,0,0,0,0,0,3.219,228,37,43,29,443,41,15.891,19,15,1,6.667,3.16,5.024,6.837,24%,DECREASE_BUDGET,1399.5,979.65,-30.0,,,,,,,3.358,-255.36,,,,82,54.47,Low ROAS or negative profit indicates weak marginal ad return.
2026-09-01,UB-PRESS-1L,UB-PRESS,French Press,Equipment,1 L,Video,16880,506,2.998,427,2177.62,16,5.839,16,-0.02,2,Stable,910,48.17,0,18.89,12714.13,1462.63,65,7811,5767,3109,1962,1273,3.164,371,54,66,43,506,49,11.475,27,24,2,8.333,3.162,6.049,7.069,29%,MAINTAIN,2177.62,2177.62,0.0,1.905,-820.77,3438.72,4.0,135.0,0.0,5.839,1462.63,-67.37,-156.12,0.0,82,62.36,Signals are within normal range; maintain current strategy.
2026-09-02,UB-PRESS-1L,UB-PRESS,French Press,Equipment,1 L,Carousel,13730,283,2.061,213,1805.33,4,1.905,4,4.39,1,Stable,621,135.0,0,4.6,3438.72,-820.77,29,0,0,0,0,0,2.884,272,37,49,38,283,12,5.634,6,4,0,0.0,1.413,5.697,6.708,29%,DECREASE_BUDGET,1805.33,1263.73,-30.0,5.607,1264.2,11710.62,16.0,49.42,0.0,1.905,-820.77,194.33,254.03,1.0,66,44.78,Low ROAS or negative profit indicates weak marginal ad return.
2026-09-03,UB-PRESS-1L,UB-PRESS,French Press,Equipment,1 L,Image,25564,547,2.14,466,2088.73,16,5.607,16,-3.7,2,Stable,846,49.42,0,17.12,11710.62,1264.2,0,0,0,0,0,0,2.84,503,61,92,70,547,56,12.017,28,22,1,4.545,2.925,3.679,3.826,29%,MAINTAIN,2088.73,2088.73,0.0,2.895,-381.69,6454.41,9.0,70.3,0.0,5.607,1264.2,-48.37,-130.19,0.0,82,68.63,Signals are within normal range; maintain current strategy.
2026-09-04,UB-PRESS-1L,UB-PRESS,French Press,Equipment,1 L,Image,17584,527,2.997,391,2229.69,9,2.895,9,1.86,1,Stable,691,70.3,0,9.83,6454.41,-381.69,0,0,0,0,0,0,2.434,298,39,56,35,527,24,6.138,13,10,1,10.0,1.708,3.238,3.97,29%,DECREASE_BUDGET,2229.69,1560.78,-30.0,7.205,1520.99,10309.54,11.0,58.71,0.0,2.895,-381.69,148.88,498.49,1.0,74,50.41,Low ROAS or negative profit indicates weak marginal ad return.
2026-09-05,UB-PRESS-1L,UB-PRESS,French Press,Equipment,1 L,Image,16173,417,2.578,315,1430.79,11,7.205,11,8.9,1,Rising,728,58.71,0,12.4,10309.54,1520.99,54,0,0,0,0,0,1.762,186,32,38,29,417,28,8.889,18,15,0,0.0,2.638,4.186,4.215,29%,INCREASE_BUDGET,1430.79,1716.95,20.0,3.204,-158.76,6152.24,7.0,72.46,0.0,7.205,1520.99,-55.53,-110.44,0.0,90,69.31,"Strong ROAS, positive profit, rising sales and sufficient inventory."
2026-09-06,UB-PRESS-1L,UB-PRESS,French Press,Equipment,1 L,Influencer Video,13196,390,2.955,354,1920.24,7,3.204,7,15.18,1,Rising,650,72.46,0,8.97,6152.24,-158.76,57,5497,4018,2656,1421,761,1.326,121,18,19,17,390,23,6.497,9,7,0,0.0,1.795,6.556,7.149,29%,DECREASE_BUDGET,1920.24,1344.17,-30.0,2.641,-521.99,5656.11,7.0,75.98,0.0,3.204,-158.76,-17.57,-228.79,0.0,66,53.82,Low ROAS or negative profit indicates weak marginal ad return.
2026-09-07,UB-PRESS-1L,UB-PRESS,French Press,Equipment,1 L,Image,14551,250,1.718,269,2141.42,7,2.641,7,7.85,2,Rising,623,75.98,0,8.2,5656.11,-521.99,25,0,0,0,0,0,1.883,184,23,41,26,250,20,7.435,11,8,0,0.0,2.8,2.146,2.673,29%,DECREASE_BUDGET,2141.42,1498.99,-30.0,4.365,456.17,7971.34,11.0,55.15,0.0,2.641,-521.99,65.28,187.39,1.0,74,55.02,Low ROAS or negative profit indicates weak marginal ad return.
2026-09-08,UB-PRESS-1L,UB-PRESS,French Press,Equipment,1 L,Influencer Video,14487,416,2.872,320,1826.15,11,4.365,11,2.36,2,Stable,691,55.15,0,12.53,7971.34,456.17,0,6221,4006,1729,861,392,2.388,240,33,44,29,416,33,10.312,14,12,1,8.333,2.644,5.068,5.206,29%,MAINTAIN,1826.15,1826.15,0.0,3.344,-76.85,6036.71,8.0,61.89,0.0,4.365,456.17,-23.39,-116.85,0.0,90,65.49,Signals are within normal range; maintain current strategy.
2026-09-09,UB-PRESS-1L,UB-PRESS,French Press,Equipment,1 L,Video,15927,403,2.53,340,1805.25,8,3.344,8,0.92,2,Stable,635,61.89,0,10.26,6036.71,-76.85,0,6979,4975,3760,2180,1234,2.869,315,41,54,47,403,23,6.765,10,8,0,0.0,1.985,3.251,3.488,29%,DECREASE_BUDGET,1805.25,1263.68,-30.0,3.757,176.74,8764.75,12.0,46.92,0.0,3.344,-76.85,12.35,329.98,1.0,82,57.41,Low ROAS or negative profit indicates weak marginal ad return.
2026-09-10,UB-PRESS-1L,UB-PRESS,French Press,Equipment,1 L,Image,13973,518,3.707,415,2332.74,12,3.757,12,8.16,1,Rising,717,46.92,0,15.28,8764.75,176.74,0,0,0,0,0,0,3.435,325,53,57,45,518,50,12.048,25,22,2,9.091,2.317,4.52,4.683,29%,DECREASE_BUDGET,2332.74,1632.92,-30.0,5.084,935.46,10436.78,14.0,44.34,0.0,3.757,176.74,35.32,429.29,1.0,82,58.8,Low ROAS or negative profit indicates weak marginal ad return.
2026-09-11,UB-PRESS-1L,UB-PRESS,French Press,Equipment,1 L,Video,15277,468,3.063,377,2052.75,14,5.084,14,1.19,1,Stable,713,44.34,0,16.08,10436.78,935.46,0,7013,5630,3540,1494,1217,3.09,332,47,55,38,468,36,9.549,21,18,1,5.556,2.991,1.981,2.836,29%,MAINTAIN,2052.75,2052.75,0.0,8.805,2305.44,13345.92,14.0,43.02,0.0,5.084,935.46,73.19,146.45,1.0,90,57.6,Signals are within normal range; maintain current strategy.
2026-09-12,UB-PRESS-1L,UB-PRESS,French Press,Equipment,1 L,Video,13967,385,2.756,370,1515.7,14,8.805,14,-4.09,1,Stable,699,43.02,0,16.25,13345.92,2305.44,43,6944,5345,3659,2017,1063,2.47,232,34,47,32,385,33,8.919,19,15,1,6.667,3.636,5.835,6.821,29%,MAINTAIN,1515.7,1515.7,0.0,2.958,-378.63,7313.03,10.0,48.25,0.0,8.805,2305.44,-66.41,-116.42,0.0,82,63.39,Signals are within normal range; maintain current strategy.
2026-09-13,UB-PRESS-1L,UB-PRESS,French Press,Equipment,1 L,Influencer Video,15140,501,3.309,414,2472.46,10,2.958,10,-1.52,2,Stable,619,48.25,0,12.83,7313.03,-378.63,0,7306,6393,4128,2110,1476,3.606,377,56,68,45,501,40,9.662,19,14,1,7.143,1.996,5.544,6.115,29%,DECREASE_BUDGET,2472.46,1730.72,-30.0,4.606,646.37,9342.66,13.0,41.14,0.0,2.958,-378.63,55.71,270.71,1.0,66,51.86,Low ROAS or negative profit indicates weak marginal ad return.
2026-09-14,UB-PRESS-1L,UB-PRESS,French Press,Equipment,1 L,Video,20394,516,2.53,442,2028.58,13,4.606,13,-1.89,2,Stable,671,41.14,0,16.31,9342.66,646.37,0,12553,8107,4831,2993,1706,3.256,452,65,88,59,516,31,7.014,18,14,1,7.143,2.519,4.645,5.693,29%,MAINTAIN,2028.58,2028.58,0.0,7.123,1769.88,12129.39,17.0,36.41,0.0,4.606,646.37,54.65,173.82,1.0,82,54.94,Signals are within normal range; maintain current strategy.
2026-09-15,UB-PRESS-1L,UB-PRESS,French Press,Equipment,1 L,Video,15089,592,3.923,432,1702.95,17,7.123,17,12.5,1,Rising,706,36.41,0,19.39,12129.39,1769.88,0,8838,5913,3483,1581,969,2.651,277,42,49,32,592,50,11.574,28,21,1,4.762,2.872,3.159,4.047,29%,INCREASE_BUDGET,1702.95,2043.54,20.0,2.594,-503.53,5074.61,7.0,56.09,0.0,7.123,1769.88,-63.58,-128.45,0.0,90,65.0,"Strong ROAS, positive profit, rising sales and sufficient inventory."
2026-09-16,UB-PRESS-1L,UB-PRESS,French Press,Equipment,1 L,Influencer Video,15822,468,2.958,441,1956.47,7,2.594,7,11.77,0,Rising,488,56.09,0,8.7,5074.61,-503.53,0,7684,4972,3069,1672,918,2.806,306,44,53,41,468,17,3.855,8,7,0,0.0,1.496,6.671,7.688,29%,DECREASE_BUDGET,1956.47,1369.53,-30.0,4.605,519.0,7503.82,10.0,44.37,0.0,2.594,-503.53,77.53,203.07,1.0,66,46.97,Low ROAS or negative profit indicates weak marginal ad return.
2026-09-17,UB-PRESS-1L,UB-PRESS,French Press,Equipment,1 L,Image,18834,438,2.326,357,1629.46,10,4.605,10,5.0,2,Rising,540,44.37,0,12.17,7503.82,519.0,0,0,0,0,0,0,2.368,313,39,56,38,438,26,7.283,12,10,1,10.0,2.283,4.143,4.461,29%,INCREASE_BUDGET,1629.46,1955.35,20.0,2.768,-428.03,5707.33,8.0,46.94,0.0,4.605,519.0,-39.89,-182.47,0.0,90,55.42,"Strong ROAS, positive profit, rising sales and sufficient inventory."
2026-09-18,UB-PRESS-1L,UB-PRESS,French Press,Equipment,1 L,Image,13673,357,2.611,284,2062.13,8,2.768,8,3.03,1,Stable,498,46.94,0,10.61,5707.33,-428.03,0,0,0,0,0,0,2.472,237,33,40,28,357,23,8.099,10,8,0,0.0,2.241,3.251,3.994,29%,DECREASE_BUDGET,2062.13,1443.49,-30.0,5.848,1140.32,9889.06,10.0,44.06,0.0,2.768,-428.03,111.27,366.41,1.0,74,49.93,Low ROAS or negative profit indicates weak marginal ad return.
2026-09-19,UB-PRESS-1L,UB-PRESS,French Press,Equipment,1 L,Video,15284,427,2.794,265,1691.07,10,5.848,10,17.75,2,Rising,501,44.06,0,11.37,9889.06,1140.32,52,9386,5529,3490,1640,1218,4.933,529,61,99,65,427,29,10.943,17,13,0,0.0,2.342,6.653,8.22,29%,INCREASE_BUDGET,1691.07,2029.28,20.0,6.263,1622.8,12812.43,12.0,36.49,0.0,5.848,1140.32,7.1,42.31,1.0,90,65.91,"Strong ROAS, positive profit, rising sales and sufficient inventory."
2026-09-20,UB-PRESS-1L,UB-PRESS,French Press,Equipment,1 L,Influencer Video,17567,494,2.812,403,2045.6,12,6.263,12,-3.69,2,Stable,571,36.49,0,15.65,12812.43,1622.8,69,10010,6035,4977,2744,1570,3.102,378,59,63,45,494,39,9.677,17,12,0,0.0,2.429,4.352,4.377,29%,MAINTAIN,2045.6,2045.6,0.0,3.026,-289.97,6563.33,7.0,48.36,0.0,6.263,1622.8,-51.68,-117.87,0.0,82,63.04,Signals are within normal range; maintain current strategy.
2026-09-21,UB-PRESS-1L,UB-PRESS,French Press,Equipment,1 L,Video,11929,299,2.506,222,2169.15,7,3.026,7,1.82,0,Stable,427,48.36,0,8.83,6563.33,-289.97,36,4136,3285,2299,1645,676,2.875,232,35,46,30,299,23,10.36,10,7,0,0.0,2.341,4.667,5.347,29%,DECREASE_BUDGET,2169.15,1518.4,-30.0,3.999,229.44,6334.01,7.0,50.57,0.0,3.026,-289.97,32.15,179.13,1.0,82,53.99,Low ROAS or negative profit indicates weak marginal ad return.
2026-09-22,UB-PRESS-1L,UB-PRESS,French Press,Equipment,1 L,Influencer Video,17416,491,2.819,486,1584.08,7,3.999,7,-2.49,1,Stable,398,50.57,0,7.87,6334.01,229.44,29,7735,5518,2986,1969,1382,3.175,378,52,72,51,491,23,4.733,9,8,1,12.5,1.426,6.404,7.113,29%,DECREASE_BUDGET,1584.08,1108.86,-30.0,4.112,399.59,9271.15,11.0,35.61,0.0,3.999,229.44,2.83,74.16,1.0,66,45.85,Low ROAS or negative profit indicates weak marginal ad return.
2026-09-23,UB-PRESS-1L,UB-PRESS,French Press,Equipment,1 L,Video,18419,485,2.633,417,2254.88,11,4.112,11,2.28,2,Stable,517,35.61,0,14.52,9271.15,399.59,30,5774,4538,2998,1856,1318,2.264,299,36,48,34,485,29,6.954,14,11,0,0.0,2.268,4.171,4.047,29%,DECREASE_BUDGET,2254.88,1578.42,-30.0,3.509,11.16,8468.15,11.0,34.79,0.0,4.112,399.59,-14.66,-97.21,0.0,82,50.85,Low ROAS or negative profit indicates weak marginal ad return.
2026-09-24,UB-PRESS-1L,UB-PRESS,French Press,Equipment,1 L,Video,18996,546,2.874,486,2413.4,11,3.509,11,-1.2,1,Stable,500,34.79,0,14.37,8468.15,11.16,0,9745,7163,3218,2441,1436,3.101,411,59,73,46,546,30,6.173,14,11,0,0.0,2.015,7.031,7.473,29%,DECREASE_BUDGET,2413.4,1689.38,-30.0,3.279,-117.17,6275.1,6.0,110.96,0.0,3.509,11.16,-6.55,-1149.91,0.0,74,47.21,Low ROAS or negative profit indicates weak marginal ad return.
2026-09-25,UB-PRESS-1L,UB-PRESS,French Press,Equipment,1 L,Image,17260,445,2.578,331,1913.83,6,3.279,6,-3.81,1,Stable,729,110.96,0,6.57,6275.1,-117.17,49,0,0,0,0,0,1.622,192,30,34,24,445,16,4.834,7,6,0,0.0,1.348,4.365,5.319,29%,DECREASE_BUDGET,1913.83,1339.68,-30.0,4.836,518.4,6518.07,9.0,66.01,0.0,3.279,-117.17,47.48,542.43,1.0,58,47.82,Low ROAS or negative profit indicates weak marginal ad return.
2026-09-26,UB-PRESS-1L,UB-PRESS,French Press,Equipment,1 L,Influencer Video,18318,386,2.107,338,1347.82,9,4.836,9,5.76,1,Rising,837,66.01,0,12.68,6518.07,518.4,0,8455,6045,3077,2503,1223,3.073,390,53,69,51,386,22,6.509,11,9,0,0.0,2.332,4.539,5.979,29%,DECREASE_BUDGET,1347.82,943.47,-30.0,4.92,710.92,8559.51,11.0,66.78,0.0,4.836,518.4,1.74,37.14,1.0,82,55.2,Low ROAS or negative profit indicates weak marginal ad return.
2026-09-27,UB-PRESS-1L,UB-PRESS,French Press,Equipment,1 L,Video,12464,379,3.041,334,1739.8,11,4.92,11,-8.74,2,Falling,816,66.78,0,12.22,8559.51,710.92,0,7542,5077,2948,1698,896,4.204,357,56,62,49,379,32,9.581,19,14,1,7.143,2.902,4.804,5.13,29%,MAINTAIN,1739.8,1739.8,0.0,8.82,1840.69,10643.74,12.0,60.93,0.0,4.92,710.92,79.27,158.92,1.0,82,62.33,Signals are within normal range; maintain current strategy.
2026-09-28,UB-PRESS-1L,UB-PRESS,French Press,Equipment,1 L,Video,19426,549,2.826,367,1206.78,12,8.82,12,-3.5,2,Stable,828,60.93,0,13.59,10643.74,1840.69,77,11759,9772,5533,2747,1468,3.176,425,61,81,50,549,29,7.902,16,12,0,0.0,2.186,5.807,6.294,29%,MAINTAIN,1206.78,1206.78,0.0,,,,,,,8.82,1840.69,,,,82,67.34,Signals are within normal range; maintain current strategy.
2026-09-01,UB-MUG-SETOF2,UB-MUG,Ceramic Mug Set,Gifts,Set of 2,Image,30328,1078,3.554,1055,2397.59,29,10.67,29,7.29,3,Rising,50,1.4,0,35.79,25583.19,8145.31,214,0,0,0,0,0,2.773,557,90,111,83,1078,85,8.057,45,37,1,2.703,2.69,4.836,4.06,41%,PROTECT_INVENTORY,2397.59,1558.43,-35.0,13.579,8725.91,25781.4,32.0,0.49,0.0,10.67,8145.31,27.26,7.13,1.0,82,59.13,Inventory is close to stockout; protect availability before scaling ads.
2026-09-02,UB-MUG-SETOF2,UB-MUG,Ceramic Mug Set,Gifts,Set of 2,Image,36214,1097,3.029,1272,1898.67,32,13.579,32,12.85,4,Rising,21,0.49,0,43.0,25781.4,8725.91,205,0,0,0,0,0,2.386,577,81,119,87,1097,95,7.469,53,39,1,2.564,2.917,10.931,9.934,41%,PROTECT_INVENTORY,1898.67,1234.14,-35.0,7.213,4728.52,17291.23,27.0,0.0,1.0,13.579,8725.91,-46.88,-45.81,0.0,82,59.35,Inventory is close to stockout; protect availability before scaling ads.
2026-09-03,UB-MUG-SETOF2,UB-MUG,Ceramic Mug Set,Gifts,Set of 2,Influencer Video,33624,1523,4.53,1003,2397.24,27,7.213,27,11.64,2,Rising,0,0.0,1,32.11,17291.23,4728.52,0,12241,9043,7070,5519,2321,2.474,557,88,105,82,1523,84,8.375,44,32,0,0.0,1.773,11.352,9.831,41%,PROTECT_INVENTORY,2397.24,1558.21,-35.0,9.143,4931.83,16291.49,27.0,0.0,1.0,7.213,4728.52,26.76,4.3,1.0,82,59.37,Inventory is close to stockout; protect availability before scaling ads.
2026-09-04,UB-MUG-SETOF2,UB-MUG,Ceramic Mug Set,Gifts,Set of 2,Video,16014,1049,6.551,971,1781.94,27,9.143,27,5.7,3,Rising,0,0.0,1,32.19,16291.49,4931.83,0,9266,5651,3320,2180,1319,3.934,436,63,79,52,1049,73,7.518,39,34,1,2.941,2.574,3.714,3.633,41%,PROTECT_INVENTORY,1781.94,1158.26,-35.0,9.191,5370.53,17707.26,28.0,0.0,1.0,9.143,4931.83,0.52,8.9,1.0,82,57.53,Inventory is close to stockout; protect availability before scaling ads.
2026-09-05,UB-MUG-SETOF2,UB-MUG,Ceramic Mug Set,Gifts,Set of 2,Video,26157,1038,3.968,867,1926.68,28,9.191,28,6.11,3,Rising,0,0.0,1,36.67,17707.26,5370.53,0,10970,7707,6344,3676,2105,2.714,509,61,82,58,1038,103,11.88,50,38,3,7.895,2.697,3.646,3.805,41%,PROTECT_INVENTORY,1926.68,1252.34,-35.0,6.6,4878.05,18719.26,25.0,0.0,1.0,9.191,5370.53,-28.19,-9.17,0.0,82,59.72,Inventory is close to stockout; protect availability before scaling ads.
2026-09-06,UB-MUG-SETOF2,UB-MUG,Ceramic Mug Set,Gifts,Set of 2,Video,25176,1293,5.136,865,2836.21,25,6.6,25,-3.03,2,Stable,0,0.0,1,31.69,18719.26,4878.05,99,11371,8539,6893,4473,2136,2.959,514,77,90,64,1293,65,7.514,31,25,0,0.0,1.933,7.34,7.187,41%,PROTECT_INVENTORY,2836.21,1843.54,-35.0,9.087,5500.63,18210.67,29.0,0.0,1.0,6.6,4878.05,37.68,12.76,1.0,74,55.01,Inventory is close to stockout; protect availability before scaling ads.
2026-09-07,UB-MUG-SETOF2,UB-MUG,Ceramic Mug Set,Gifts,Set of 2,Image,24356,1496,6.142,971,2004.04,29,9.087,29,10.73,3,Rising,0,0.0,1,39.4,18210.67,5500.63,0,0,0,0,0,0,2.919,473,81,96,61,1496,92,9.475,45,36,1,2.778,1.939,3.805,4.005,41%,PROTECT_INVENTORY,2004.04,1302.63,-35.0,9.584,5243.04,17035.74,28.0,0.0,1.0,9.087,5500.63,5.47,-4.68,1.0,82,59.42,Inventory is close to stockout; protect availability before scaling ads.
2026-09-08,UB-MUG-SETOF2,UB-MUG,Ceramic Mug Set,Gifts,Set of 2,Carousel,31127,1474,4.735,973,1777.43,28,9.584,28,12.05,3,Rising,0,0.0,1,35.22,17035.74,5243.04,0,0,0,0,0,0,3.164,683,97,125,80,1474,65,6.68,33,29,1,3.448,1.9,7.635,6.582,41%,PROTECT_INVENTORY,1777.43,1155.33,-35.0,7.725,5415.16,19158.25,31.0,0.0,1.0,9.584,5243.04,-19.4,3.28,0.0,82,57.79,Inventory is close to stockout; protect availability before scaling ads.
2026-09-09,UB-MUG-SETOF2,UB-MUG,Ceramic Mug Set,Gifts,Set of 2,Video,26435,1353,5.118,1225,2480.01,31,7.725,31,10.0,2,Rising,0,0.0,1,40.13,19158.25,5415.16,0,13217,9387,6259,3623,2023,2.69,497,66,86,62,1353,92,7.51,42,34,3,8.824,2.291,5.725,4.859,41%,PROTECT_INVENTORY,2480.01,1612.01,-35.0,8.489,6063.29,20602.6,32.0,0.0,1.0,7.725,5415.16,9.89,11.97,1.0,74,57.31,Inventory is close to stockout; protect availability before scaling ads.
2026-09-10,UB-MUG-SETOF2,UB-MUG,Ceramic Mug Set,Gifts,Set of 2,Video,29847,1467,4.915,1104,2427.1,32,8.489,32,13.73,5,Rising,0,0.0,1,37.45,20602.6,6063.29,0,13489,9653,6828,4050,1657,1.823,367,60,71,46,1467,111,10.054,41,33,1,3.03,2.181,8.887,7.879,41%,PROTECT_INVENTORY,2427.1,1577.62,-35.0,7.382,4402.34,15913.32,25.0,0.0,1.0,8.489,6063.29,-13.04,-27.39,0.0,82,60.2,Inventory is close to stockout; protect availability before scaling ads.
2026-09-11,UB-MUG-SETOF2,UB-MUG,Ceramic Mug Set,Gifts,Set of 2,Video,20034,900,4.492,812,2155.58,25,7.382,25,2.16,1,Stable,0,0.0,1,28.31,15913.32,4402.34,0,7632,5861,3596,2361,1316,2.476,344,46,64,42,900,75,9.236,43,35,3,8.571,2.778,4.697,4.31,41%,PROTECT_INVENTORY,2155.58,1401.13,-35.0,9.967,7048.48,22607.7,36.0,0.0,1.0,7.382,4402.34,35.02,60.11,1.0,82,57.74,Inventory is close to stockout; protect availability before scaling ads.
2026-09-12,UB-MUG-SETOF2,UB-MUG,Ceramic Mug Set,Gifts,Set of 2,Video,29403,1281,4.357,1185,2268.21,36,9.967,36,8.63,3,Rising,0,0.0,1,43.98,22607.7,7048.48,0,14100,9249,5172,2880,1264,3.534,750,93,116,80,1281,94,7.932,59,54,3,5.556,2.81,6.996,5.96,41%,PROTECT_INVENTORY,2268.21,1474.34,-35.0,13.445,9568.45,28331.94,35.0,0.0,1.0,9.967,7048.48,34.9,35.75,1.0,82,59.28,Inventory is close to stockout; protect availability before scaling ads.
2026-09-13,UB-MUG-SETOF2,UB-MUG,Ceramic Mug Set,Gifts,Set of 2,Image,19306,1388,7.189,1054,2107.22,35,13.445,35,7.21,6,Rising,0,0.0,1,33.89,28331.94,9568.45,136,0,0,0,0,0,3.823,507,72,95,64,1388,106,10.057,49,37,3,8.108,2.522,7.603,6.055,41%,PROTECT_INVENTORY,2107.22,1369.69,-35.0,7.926,5008.97,17517.46,16.0,0.0,1.0,13.445,9568.45,-41.05,-47.65,0.0,82,59.3,Inventory is close to stockout; protect availability before scaling ads.
2026-09-14,UB-MUG-SETOF2,UB-MUG,Ceramic Mug Set,Gifts,Set of 2,Carousel,19861,1067,5.372,563,2210.02,16,7.926,16,21.47,1,Rising,0,0.0,1,20.19,17517.46,5008.97,161,0,0,0,0,0,3.454,457,68,104,57,1067,41,7.282,21,17,1,5.882,1.5,7.942,7.413,41%,PROTECT_INVENTORY,2210.02,1436.51,-35.0,10.677,8495.89,26679.52,35.0,0.0,1.0,7.926,5008.97,34.71,69.61,1.0,74,58.71,Inventory is close to stockout; protect availability before scaling ads.
2026-09-15,UB-MUG-SETOF2,UB-MUG,Ceramic Mug Set,Gifts,Set of 2,Carousel,23021,1403,6.094,1113,2498.81,35,10.677,35,16.7,4,Rising,0,0.0,1,46.05,26679.52,8495.89,112,0,0,0,0,0,1.781,264,46,59,41,1403,114,10.243,69,56,4,7.143,2.495,5.517,4.441,41%,PROTECT_INVENTORY,2498.81,1624.23,-35.0,4.493,1827.8,9643.19,16.0,0.0,1.0,10.677,8495.89,-57.92,-78.49,0.0,82,61.81,Inventory is close to stockout; protect availability before scaling ads.
2026-09-16,UB-MUG-SETOF2,UB-MUG,Ceramic Mug Set,Gifts,Set of 2,Video,16912,890,5.263,713,2146.18,16,4.493,16,10.79,1,Rising,0,0.0,1,19.68,9643.19,1827.8,0,6058,3992,2759,1911,927,3.808,441,64,83,56,890,43,6.031,24,17,1,5.882,1.798,3.997,2.964,41%,PROTECT_INVENTORY,2146.18,1395.02,-35.0,11.221,8292.54,25674.73,33.0,0.0,1.0,4.493,1827.8,149.74,353.69,1.0,74,57.13,Inventory is close to stockout; protect availability before scaling ads.
2026-09-17,UB-MUG-SETOF2,UB-MUG,Ceramic Mug Set,Gifts,Set of 2,Image,33219,1394,4.196,1054,2288.09,33,11.221,33,10.5,4,Rising,0,0.0,1,39.65,25674.73,8292.54,184,0,0,0,0,0,2.354,540,75,97,70,1394,81,7.685,43,36,3,8.333,2.367,7.963,6.683,41%,PROTECT_INVENTORY,2288.09,1487.26,-35.0,17.177,10836.86,30622.45,40.0,0.0,1.0,11.221,8292.54,53.08,30.68,1.0,82,58.36,Inventory is close to stockout; protect availability before scaling ads.
2026-09-18,UB-MUG-SETOF2,UB-MUG,Ceramic Mug Set,Gifts,Set of 2,Video,27391,1447,5.283,895,1782.73,40,17.177,40,12.13,4,Rising,0,0.0,1,53.07,30622.45,10836.86,141,8119,6400,4068,2672,1473,3.322,656,81,108,65,1447,85,9.497,49,44,3,6.818,2.764,7.105,6.823,41%,PROTECT_INVENTORY,1782.73,1158.77,-35.0,5.767,4301.08,18018.34,29.0,0.0,1.0,17.177,10836.86,-66.43,-60.31,0.0,82,59.11,Inventory is close to stockout; protect availability before scaling ads.
2026-09-19,UB-MUG-SETOF2,UB-MUG,Ceramic Mug Set,Gifts,Set of 2,Video,26151,1347,5.151,812,3124.33,29,5.767,29,15.4,5,Rising,0,0.0,1,35.34,18018.34,4301.08,0,12015,6662,5249,2304,1212,3.296,574,86,125,77,1347,96,11.823,41,31,1,3.226,2.153,5.3,4.3,41%,PROTECT_INVENTORY,3124.33,2030.81,-35.0,7.496,3481.92,12493.87,20.0,9.61,0.0,5.767,4301.08,29.98,-19.05,1.0,82,61.64,Inventory is close to stockout; protect availability before scaling ads.
2026-09-20,UB-MUG-SETOF2,UB-MUG,Ceramic Mug Set,Gifts,Set of 2,Influencer Video,21698,746,3.438,658,1666.84,20,7.496,20,-0.21,1,Stable,253,9.61,0,26.33,12493.87,3481.92,0,8675,6981,4006,3038,1826,3.36,515,68,91,55,746,59,8.967,23,20,0,0.0,2.681,8.031,6.576,41%,MAINTAIN,1666.84,1666.84,0.0,14.899,9902.27,28703.56,39.0,4.01,0.0,7.496,3481.92,98.76,184.39,1.0,82,63.55,Signals are within normal range; maintain current strategy.
2026-09-21,UB-MUG-SETOF2,UB-MUG,Ceramic Mug Set,Gifts,Set of 2,Influencer Video,28224,1102,3.904,1062,1926.54,39,14.899,39,1.88,4,Stable,224,4.01,0,55.87,28703.56,9902.27,109,14205,10172,6647,3353,2589,3.49,685,93,125,82,1102,89,8.38,46,41,1,2.439,3.539,7.913,7.138,41%,MAINTAIN,1926.54,1926.54,0.0,2.831,358.99,6095.49,10.0,16.33,0.0,14.899,9902.27,-81.0,-96.37,0.0,90,60.84,Signals are within normal range; maintain current strategy.
2026-09-22,UB-MUG-SETOF2,UB-MUG,Ceramic Mug Set,Gifts,Set of 2,Influencer Video,11990,553,4.612,392,2152.98,10,2.831,10,3.4,1,Stable,211,16.33,0,12.92,6095.49,358.99,0,4850,3615,2150,1206,848,3.445,294,35,51,33,553,32,8.163,15,13,0,0.0,1.808,3.654,2.283,41%,INCREASE_BUDGET,2152.98,2583.58,20.0,10.286,7351.37,23346.14,38.0,3.53,0.0,2.831,358.99,263.33,1947.79,1.0,90,58.58,"Strong ROAS, positive profit, rising sales and sufficient inventory."
2026-09-23,UB-MUG-SETOF2,UB-MUG,Ceramic Mug Set,Gifts,Set of 2,Image,23471,1200,5.113,867,2269.64,38,10.286,38,2.0,2,Stable,176,3.53,0,49.87,23346.14,7351.37,0,0,0,0,0,0,2.011,315,48,67,42,1200,84,9.689,54,47,3,6.383,3.167,6.525,4.722,41%,MAINTAIN,2269.64,2269.64,0.0,8.255,5657.52,19443.98,25.0,4.79,0.0,10.286,7351.37,-19.75,-23.04,0.0,82,59.79,Signals are within normal range; maintain current strategy.
2026-09-24,UB-MUG-SETOF2,UB-MUG,Ceramic Mug Set,Gifts,Set of 2,Video,18226,1054,5.783,746,2355.4,25,8.255,25,-0.19,4,Stable,152,4.79,0,31.75,19443.98,5657.52,85,10939,7125,4556,2767,1564,3.287,423,55,76,45,1054,68,9.115,38,26,1,3.846,2.372,4.44,3.598,41%,MAINTAIN,2355.4,2355.4,0.0,7.462,4465.78,16058.56,20.0,5.21,0.0,8.255,5657.52,-9.61,-21.06,0.0,74,59.98,Signals are within normal range; maintain current strategy.
2026-09-25,UB-MUG-SETOF2,UB-MUG,Ceramic Mug Set,Gifts,Set of 2,Video,23434,1005,4.289,848,2152.0,20,7.462,20,16.07,4,Rising,130,5.21,0,24.93,16058.56,4465.78,78,10955,6645,4841,2485,1377,2.125,348,46,63,41,1005,49,5.778,27,24,3,12.5,1.99,6.93,5.216,41%,MAINTAIN,2152.0,2152.0,0.0,4.235,2117.68,12034.76,20.0,4.52,0.0,7.462,4465.78,-43.25,-52.58,0.0,82,60.98,Signals are within normal range; maintain current strategy.
2026-09-26,UB-MUG-SETOF2,UB-MUG,Ceramic Mug Set,Gifts,Set of 2,Influencer Video,18849,884,4.69,655,2841.88,20,4.235,20,7.69,4,Rising,113,4.52,0,24.98,12034.76,2117.68,0,9973,7754,3857,2176,1377,3.698,470,70,88,69,884,63,9.618,42,30,3,10.0,2.262,11.029,9.771,41%,MAINTAIN,2841.88,2841.88,0.0,5.136,2391.55,11000.22,14.0,5.69,0.0,4.235,2117.68,21.28,12.93,1.0,82,62.75,Signals are within normal range; maintain current strategy.
2026-09-27,UB-MUG-SETOF2,UB-MUG,Ceramic Mug Set,Gifts,Set of 2,Image,19154,822,4.292,636,2141.67,14,5.136,14,-9.7,1,Falling,98,5.69,0,17.21,11000.22,2391.55,61,0,0,0,0,0,2.856,377,55,67,48,822,42,6.604,18,15,1,6.667,1.703,4.089,3.382,41%,MAINTAIN,2141.67,2141.67,0.0,10.325,6862.8,21769.4,27.0,1.93,0.0,5.136,2391.55,101.03,186.96,1.0,66,55.92,Signals are within normal range; maintain current strategy.
2026-09-28,UB-MUG-SETOF2,UB-MUG,Ceramic Mug Set,Gifts,Set of 2,Image,19273,1099,5.702,832,2108.43,27,10.325,27,-1.93,4,Stable,69,1.93,0,35.81,21769.4,6862.8,102,0,0,0,0,0,3.124,404,55,91,52,1099,86,10.337,48,39,1,2.564,2.457,7.176,6.064,41%,PROTECT_INVENTORY,2108.43,1370.48,-35.0,,,,,,,10.325,6862.8,,,,74,59.54,Inventory is close to stockout; protect availability before scaling ads.
2026-09-01,UB-MUG-SETOF4,UB-MUG,Ceramic Mug Set,Gifts,Set of 4,Video,27656,1054,3.811,560,2071.35,25,8.547,25,-1.01,4,Stable,77,2.46,0,31.33,17704.25,5486.58,116,15509,9898,7191,5306,2778,2.462,475,58,90,58,1054,51,9.107,31,27,3,11.111,2.372,6.185,7.052,43%,PROTECT_INVENTORY,2071.35,1346.38,-35.0,5.449,3446.53,14160.64,20.0,2.35,0.0,8.547,5486.58,-36.25,-37.18,0.0,74,58.87,Inventory is close to stockout; protect availability before scaling ads.
2026-09-02,UB-MUG-SETOF4,UB-MUG,Ceramic Mug Set,Gifts,Set of 4,Carousel,23109,966,4.18,649,2598.64,20,5.449,20,4.65,2,Stable,60,2.35,0,25.56,14160.64,3446.53,93,0,0,0,0,0,2.458,393,59,68,48,966,42,6.471,23,20,0,0.0,2.07,4.961,5.717,43%,PROTECT_INVENTORY,2598.64,1689.12,-35.0,7.047,3917.32,13745.48,21.0,1.64,0.0,5.449,3446.53,29.33,13.66,1.0,82,58.91,Inventory is close to stockout; protect availability before scaling ads.
2026-09-03,UB-MUG-SETOF4,UB-MUG,Ceramic Mug Set,Gifts,Set of 4,Image,20863,858,4.113,633,1950.62,21,7.047,21,9.56,2,Rising,44,1.64,0,26.84,13745.48,3917.32,44,0,0,0,0,0,3.02,425,60,79,66,858,49,7.741,26,21,0,0.0,2.448,5.103,5.877,43%,PROTECT_INVENTORY,1950.62,1267.9,-35.0,5.11,2639.7,11417.22,22.0,0.93,0.0,7.047,3917.32,-27.49,-32.61,0.0,82,60.56,Inventory is close to stockout; protect availability before scaling ads.
2026-09-04,UB-MUG-SETOF4,UB-MUG,Ceramic Mug Set,Gifts,Set of 4,Video,28415,850,2.991,615,2234.3,22,5.11,22,5.98,2,Rising,28,0.93,0,29.97,11417.22,2639.7,0,19211,10856,6818,3757,1720,3.502,674,99,121,101,850,61,9.919,30,23,1,4.348,2.588,6.053,6.29,43%,PROTECT_INVENTORY,2234.3,1452.3,-35.0,6.427,3762.92,13869.61,19.0,0.36,0.0,5.11,2639.7,25.77,42.55,1.0,82,55.09,Inventory is close to stockout; protect availability before scaling ads.
2026-09-05,UB-MUG-SETOF4,UB-MUG,Ceramic Mug Set,Gifts,Set of 4,Video,33501,1261,3.764,858,2158.01,19,6.427,19,2.63,1,Stable,9,0.36,0,25.04,13869.61,3762.92,135,16670,13263,10630,6596,3449,2.875,665,99,110,89,1261,55,6.41,27,19,0,0.0,1.507,6.217,5.963,43%,PROTECT_INVENTORY,2158.01,1402.71,-35.0,7.664,4263.58,14383.75,28.0,0.0,1.0,6.427,3762.92,19.25,13.31,1.0,82,55.58,Inventory is close to stockout; protect availability before scaling ads.
2026-09-06,UB-MUG-SETOF4,UB-MUG,Ceramic Mug Set,Gifts,Set of 4,Image,26201,1092,4.168,734,1876.83,28,7.664,28,7.48,2,Rising,0,0.0,1,35.98,14383.75,4263.58,0,0,0,0,0,0,3.145,569,78,103,74,1092,62,8.447,33,28,0,0.0,2.564,3.897,4.911,43%,PROTECT_INVENTORY,1876.83,1219.94,-35.0,4.261,1821.71,9476.95,14.0,0.0,1.0,7.664,4263.58,-44.4,-57.27,0.0,82,59.68,Inventory is close to stockout; protect availability before scaling ads.
2026-09-07,UB-MUG-SETOF4,UB-MUG,Ceramic Mug Set,Gifts,Set of 4,Influencer Video,24402,835,3.422,575,2223.99,14,4.261,14,8.07,1,Rising,0,0.0,1,18.11,9476.95,1821.71,73,8568,5959,4855,2568,1307,3.778,666,79,97,80,835,37,6.435,17,14,0,0.0,1.677,2.821,2.562,43%,PROTECT_INVENTORY,2223.99,1445.59,-35.0,8.922,5181.8,16459.91,32.0,0.0,1.0,4.261,1821.71,109.39,184.45,1.0,82,57.09,Inventory is close to stockout; protect availability before scaling ads.
2026-09-08,UB-MUG-SETOF4,UB-MUG,Ceramic Mug Set,Gifts,Set of 4,Image,24738,1121,4.531,984,1844.92,32,8.922,32,-8.76,5,Falling,0,0.0,1,36.21,16459.91,5181.8,0,0,0,0,0,0,3.246,567,72,100,64,1121,103,10.467,45,35,3,8.571,2.855,5.092,6.379,43%,PROTECT_INVENTORY,1844.92,1199.2,-35.0,7.998,4727.23,15659.94,26.0,0.0,1.0,8.922,5181.8,-10.36,-8.77,0.0,74,56.28,Inventory is close to stockout; protect availability before scaling ads.
2026-09-09,UB-MUG-SETOF4,UB-MUG,Ceramic Mug Set,Gifts,Set of 4,Video,23516,683,2.904,550,1957.99,26,7.998,26,5.89,2,Rising,0,0.0,1,30.07,15659.94,4727.23,43,9591,7848,4763,2782,2049,3.181,500,74,98,76,683,62,11.273,34,28,1,3.571,3.807,4.797,5.179,43%,PROTECT_INVENTORY,1957.99,1272.69,-35.0,6.248,3425.8,12838.57,23.0,0.0,1.0,7.998,4727.23,-21.88,-27.53,0.0,82,59.57,Inventory is close to stockout; protect availability before scaling ads.
2026-09-10,UB-MUG-SETOF4,UB-MUG,Ceramic Mug Set,Gifts,Set of 4,Influencer Video,17024,864,5.075,626,2054.98,23,6.248,23,7.42,2,Rising,0,0.0,1,27.75,12838.57,3425.8,94,13421,11197,5341,4047,1674,3.184,375,61,61,45,864,52,8.307,30,24,1,4.167,2.662,5.921,6.671,43%,PROTECT_INVENTORY,2054.98,1335.74,-35.0,6.21,4205.95,15819.87,27.0,0.0,1.0,6.248,3425.8,-0.61,22.77,0.0,82,59.0,Inventory is close to stockout; protect availability before scaling ads.
2026-09-11,UB-MUG-SETOF4,UB-MUG,Ceramic Mug Set,Gifts,Set of 4,Video,38354,1452,3.786,1012,2547.54,27,6.21,27,15.35,4,Rising,0,0.0,1,33.12,15819.87,4205.95,81,15128,14204,9389,6429,1898,2.967,766,130,144,98,1452,72,7.115,36,28,1,3.571,1.86,5.296,6.779,43%,PROTECT_INVENTORY,2547.54,1655.9,-35.0,3.014,771.6,8113.55,15.0,0.0,1.0,6.21,4205.95,-51.47,-81.65,0.0,82,60.05,Inventory is close to stockout; protect availability before scaling ads.
2026-09-12,UB-MUG-SETOF4,UB-MUG,Ceramic Mug Set,Gifts,Set of 4,Influencer Video,23722,704,2.968,468,2692.07,15,3.014,15,6.26,2,Rising,0,0.0,1,18.29,8113.55,771.6,0,6039,4593,2782,1553,1005,3.786,604,84,121,89,704,37,7.906,18,15,0,0.0,2.131,3.861,4.578,43%,PROTECT_INVENTORY,2692.07,1749.85,-35.0,3.81,1436.11,8734.07,15.0,0.0,1.0,3.014,771.6,26.41,86.12,1.0,82,49.13,Inventory is close to stockout; protect availability before scaling ads.
2026-09-13,UB-MUG-SETOF4,UB-MUG,Ceramic Mug Set,Gifts,Set of 4,Influencer Video,19369,612,3.16,474,2292.46,15,3.81,15,5.45,2,Rising,0,0.0,1,18.72,8734.07,1436.11,22,8134,4649,2768,1133,834,2.969,410,58,63,44,612,46,9.705,19,15,0,0.0,2.451,7.998,8.578,43%,PROTECT_INVENTORY,2292.46,1490.1,-35.0,5.651,3501.46,14009.41,26.0,0.0,1.0,3.81,1436.11,48.32,143.82,1.0,82,54.91,Inventory is close to stockout; protect availability before scaling ads.
2026-09-14,UB-MUG-SETOF4,UB-MUG,Ceramic Mug Set,Gifts,Set of 4,Influencer Video,37986,1309,3.446,999,2479.15,26,5.651,26,1.87,4,Stable,0,0.0,1,31.72,14009.41,3501.46,0,14926,8989,6141,4553,1812,2.353,604,94,113,83,1309,83,8.308,38,28,3,10.714,1.986,6.436,6.895,43%,PROTECT_INVENTORY,2479.15,1611.45,-35.0,8.837,6843.58,21812.72,40.0,0.0,1.0,5.651,3501.46,56.38,95.45,1.0,82,57.65,Inventory is close to stockout; protect availability before scaling ads.
2026-09-15,UB-MUG-SETOF4,UB-MUG,Ceramic Mug Set,Gifts,Set of 4,Influencer Video,27221,758,2.785,790,2468.26,40,8.837,40,8.25,5,Rising,0,0.0,1,46.99,21812.72,6843.58,0,12933,9081,6377,4248,2540,2.538,455,76,104,56,758,92,11.646,49,43,4,9.302,5.277,6.218,6.808,43%,PROTECT_INVENTORY,2468.26,1604.37,-35.0,7.742,5016.88,16850.37,32.0,0.0,1.0,8.837,6843.58,-12.39,-26.69,0.0,82,60.91,Inventory is close to stockout; protect availability before scaling ads.
2026-09-16,UB-MUG-SETOF4,UB-MUG,Ceramic Mug Set,Gifts,Set of 4,Carousel,29266,1278,4.367,834,2176.53,32,7.742,32,2.07,2,Stable,0,0.0,1,33.77,16850.37,5016.88,0,0,0,0,0,0,2.686,520,88,102,76,1278,82,9.832,41,34,3,8.824,2.504,6.285,6.529,43%,PROTECT_INVENTORY,2176.53,1414.74,-35.0,6.447,4211.77,15496.18,29.0,0.0,1.0,7.742,5016.88,-16.73,-16.05,0.0,82,57.49,Inventory is close to stockout; protect availability before scaling ads.
2026-09-17,UB-MUG-SETOF4,UB-MUG,Ceramic Mug Set,Gifts,Set of 4,Carousel,26198,1027,3.92,881,2403.54,29,6.447,29,13.73,4,Rising,0,0.0,1,37.72,15496.18,4211.77,0,0,0,0,0,0,3.699,677,89,119,84,1027,65,7.378,40,30,1,3.333,2.824,1.114,1.371,43%,PROTECT_INVENTORY,2403.54,1562.3,-35.0,3.922,1713.85,9969.32,14.0,0.0,1.0,6.447,4211.77,-39.17,-59.31,0.0,82,61.31,Inventory is close to stockout; protect availability before scaling ads.
2026-09-18,UB-MUG-SETOF4,UB-MUG,Ceramic Mug Set,Gifts,Set of 4,Influencer Video,24968,811,3.248,568,2542.05,14,3.922,14,0.92,2,Stable,0,0.0,1,17.86,9969.32,1713.85,79,11259,8951,6084,3580,1732,1.83,324,50,47,36,811,35,6.162,19,15,1,6.667,1.726,7.038,7.926,43%,PROTECT_INVENTORY,2542.05,1652.33,-35.0,5.568,2638.4,10668.97,20.0,0.0,1.0,3.922,1713.85,41.97,53.95,1.0,82,56.29,Inventory is close to stockout; protect availability before scaling ads.
2026-09-19,UB-MUG-SETOF4,UB-MUG,Ceramic Mug Set,Gifts,Set of 4,Carousel,13974,648,4.637,531,1916.18,20,5.568,20,-2.09,2,Stable,0,0.0,1,22.6,10668.97,2638.4,0,0,0,0,0,0,3.521,330,54,63,45,648,47,8.851,25,20,0,0.0,3.086,4.916,5.899,43%,PROTECT_INVENTORY,1916.18,1245.52,-35.0,6.727,5202.22,18697.23,30.0,0.0,1.0,5.568,2638.4,20.82,97.17,1.0,74,57.63,Inventory is close to stockout; protect availability before scaling ads.
2026-09-20,UB-MUG-SETOF4,UB-MUG,Ceramic Mug Set,Gifts,Set of 4,Video,37879,1374,3.627,919,2779.61,30,6.727,30,7.69,3,Rising,0,0.0,1,38.01,18697.23,5202.22,109,20138,15491,11454,8254,5085,2.645,727,88,103,84,1374,86,9.358,42,32,3,9.375,2.183,5.202,6.085,43%,PROTECT_INVENTORY,2779.61,1806.75,-35.0,4.214,2040.9,10765.21,21.0,0.0,1.0,6.727,5202.22,-37.36,-60.77,0.0,82,60.17,Inventory is close to stockout; protect availability before scaling ads.
2026-09-21,UB-MUG-SETOF4,UB-MUG,Ceramic Mug Set,Gifts,Set of 4,Carousel,32323,1028,3.18,800,2554.76,21,4.214,21,6.12,3,Rising,0,0.0,1,26.39,10765.21,2040.9,0,0,0,0,0,0,4.01,911,118,149,118,1028,54,6.75,27,22,1,4.545,2.043,5.309,6.213,43%,PROTECT_INVENTORY,2554.76,1660.59,-35.0,6.182,3436.69,12961.36,26.0,0.0,1.0,4.214,2040.9,46.7,68.39,1.0,82,54.24,Inventory is close to stockout; protect availability before scaling ads.
2026-09-22,UB-MUG-SETOF4,UB-MUG,Ceramic Mug Set,Gifts,Set of 4,Video,30595,1043,3.409,911,2096.51,26,6.182,26,11.42,5,Rising,0,0.0,1,31.84,12961.36,3436.69,0,13055,10098,6611,3816,1826,3.478,752,99,128,85,1043,64,7.025,32,28,3,10.714,2.493,7.071,7.264,43%,PROTECT_INVENTORY,2096.51,1362.73,-35.0,3.611,1275.86,8509.26,11.0,17.33,0.0,6.182,3436.69,-41.59,-62.88,0.0,82,58.5,Inventory is close to stockout; protect availability before scaling ads.
2026-09-23,UB-MUG-SETOF4,UB-MUG,Ceramic Mug Set,Gifts,Set of 4,Influencer Video,24104,903,3.746,838,2356.74,11,3.611,11,-1.88,1,Stable,197,17.33,0,11.37,8509.26,1275.86,122,13284,7292,4411,4307,2171,3.755,611,96,119,79,903,25,2.983,14,11,0,0.0,1.218,2.814,3.705,43%,CHANGE_CREATIVE,2356.74,2356.74,0.0,7.027,4409.51,15494.71,29.0,5.19,0.0,3.611,1275.86,94.6,245.61,1.0,74,54.13,High ad engagement but weak purchase conversion suggests creative-to-product mismatch.
2026-09-24,UB-MUG-SETOF4,UB-MUG,Ceramic Mug Set,Gifts,Set of 4,Image,30924,972,3.143,832,2205.17,29,7.027,29,10.63,2,Rising,165,5.19,0,31.82,15494.71,4409.51,0,0,0,0,0,0,3.522,746,115,142,86,972,62,7.452,35,31,3,9.677,2.984,9.337,9.291,43%,MAINTAIN,2205.17,2205.17,0.0,4.232,1294.63,6792.29,13.0,10.17,0.0,7.027,4409.51,-39.78,-70.64,0.0,82,62.39,Signals are within normal range; maintain current strategy.
2026-09-25,UB-MUG-SETOF4,UB-MUG,Ceramic Mug Set,Gifts,Set of 4,Carousel,30571,970,3.173,832,1604.99,13,4.232,13,-6.82,2,Falling,153,10.17,0,15.05,6792.29,1294.63,0,0,0,0,0,0,3.35,699,99,132,94,970,29,3.486,16,13,0,0.0,1.34,7.079,8.189,43%,MAINTAIN,1604.99,1604.99,0.0,2.333,-9.68,5695.74,11.0,9.3,0.0,4.232,1294.63,-44.87,-100.75,0.0,74,52.54,Signals are within normal range; maintain current strategy.
2026-09-26,UB-MUG-SETOF4,UB-MUG,Ceramic Mug Set,Gifts,Set of 4,Video,24691,865,3.503,607,2441.19,11,2.333,11,-2.03,1,Stable,141,9.3,0,15.16,5695.74,-9.68,0,15677,11288,8824,4759,2931,2.373,382,59,92,53,865,29,4.778,15,11,0,0.0,1.272,5.11,5.21,43%,MAINTAIN,2441.19,2441.19,0.0,5.367,3027.54,12584.54,25.0,4.17,0.0,2.333,-9.68,130.05,31376.24,1.0,66,44.46,Signals are within normal range; maintain current strategy.
2026-09-27,UB-MUG-SETOF4,UB-MUG,Ceramic Mug Set,Gifts,Set of 4,Image,35453,1567,4.42,948,2344.79,25,5.367,25,4.41,4,Stable,118,4.17,0,28.29,12584.54,3027.54,0,0,0,0,0,0,2.908,705,102,132,92,1567,77,8.122,36,26,1,3.846,1.595,5.854,7.345,43%,MAINTAIN,2344.79,2344.79,0.0,5.399,3911.73,16185.68,30.0,2.76,0.0,5.367,3027.54,0.6,29.2,1.0,82,60.01,Signals are within normal range; maintain current strategy.
2026-09-28,UB-MUG-SETOF4,UB-MUG,Ceramic Mug Set,Gifts,Set of 4,Influencer Video,35448,1424,4.017,958,2997.93,30,5.399,30,-8.79,3,Falling,98,2.76,0,35.48,16185.68,3911.73,0,17118,14193,12050,6088,2536,3.097,747,114,144,93,1424,70,7.307,36,32,1,3.125,2.107,6.264,6.814,43%,MAINTAIN,2997.93,2997.93,0.0,,,,,,,5.399,3911.73,,,,74,56.56,Signals are within normal range; maintain current strategy.
2026-09-01,UB-ESPRESSO-250G,UB-ESPRESSO,Espresso Roast Beans,Coffee,250 g,Influencer Video,18571,792,4.265,657,1633.29,31,10.69,31,11.58,6,Rising,1031,28.99,0,35.56,17459.62,9145.22,155,13065,5788,5533,3661,2184,3.247,423,54,74,52,792,71,10.807,41,32,1,3.125,3.914,11.28,6.948,62%,PROTECT_INVENTORY,1633.29,1061.64,-35.0,3.625,2054.89,6017.97,11.0,35.64,0.0,10.69,9145.22,-66.09,-77.53,0.0,82,64.12,Inventory is close to stockout; protect availability before scaling ads.
2026-09-02,UB-ESPRESSO-250G,UB-ESPRESSO,Espresso Roast Beans,Coffee,250 g,Image,10689,549,5.136,374,1660.24,11,3.625,11,8.11,4,Rising,516,35.64,0,14.48,6017.97,2054.89,78,0,0,0,0,0,3.041,226,32,39,28,549,31,8.289,16,12,1,8.333,2.004,6.506,4.257,62%,MAINTAIN,1660.24,1660.24,0.0,5.453,3747.73,8636.11,16.0,31.08,0.0,3.625,2054.89,50.43,82.38,1.0,90,56.54,Signals are within normal range; maintain current strategy.
2026-09-03,UB-ESPRESSO-250G,UB-ESPRESSO,Espresso Roast Beans,Coffee,250 g,Video,12955,597,4.608,561,1583.68,16,5.453,16,8.28,6,Rising,599,31.08,0,19.27,8636.11,3747.73,48,6744,6077,3691,2248,959,2.864,254,39,46,32,597,42,7.487,21,18,2,11.111,2.68,8.301,5.091,62%,MAINTAIN,1583.68,1583.68,0.0,6.522,4521.21,9743.89,19.0,28.51,0.0,5.453,3747.73,19.6,20.64,1.0,82,63.63,Signals are within normal range; maintain current strategy.
2026-09-04,UB-ESPRESSO-250G,UB-ESPRESSO,Espresso Roast Beans,Coffee,250 g,Image,18544,849,4.578,725,1494.07,19,6.522,19,4.87,6,Stable,622,28.51,0,21.82,9743.89,4521.21,0,0,0,0,0,0,2.89,366,58,66,46,849,74,10.207,28,19,1,5.263,2.238,5.558,3.578,62%,PROTECT_INVENTORY,1494.07,971.15,-35.0,6.188,3945.77,8658.25,17.0,27.03,0.0,6.522,4521.21,-5.12,-12.73,0.0,82,63.21,Inventory is close to stockout; protect availability before scaling ads.
2026-09-05,UB-ESPRESSO-250G,UB-ESPRESSO,Espresso Roast Beans,Coffee,250 g,Influencer Video,12161,604,4.967,446,1399.31,17,6.188,17,6.56,6,Rising,579,27.03,0,21.42,8658.25,3945.77,0,7279,6367,4166,3170,1407,5.477,468,63,83,52,604,44,9.865,22,19,2,10.526,2.815,5.547,3.311,62%,PROTECT_INVENTORY,1399.31,909.55,-35.0,7.091,5446.6,11434.64,21.0,25.36,0.0,6.188,3945.77,14.59,38.04,1.0,82,62.83,Inventory is close to stockout; protect availability before scaling ads.
2026-09-06,UB-ESPRESSO-250G,UB-ESPRESSO,Espresso Roast Beans,Coffee,250 g,Influencer Video,10781,552,5.12,389,1612.45,21,7.091,21,8.25,3,Rising,600,25.36,0,23.66,11434.64,5446.6,95,5309,3774,2904,1782,866,2.848,219,28,32,28,552,53,13.625,26,22,1,4.545,3.804,7.674,4.372,62%,PROTECT_INVENTORY,1612.45,1048.09,-35.0,6.69,6487.73,13866.91,27.0,23.59,0.0,7.091,5446.6,-5.66,19.12,0.0,82,64.23,Inventory is close to stockout; protect availability before scaling ads.
2026-09-07,UB-ESPRESSO-250G,UB-ESPRESSO,Espresso Roast Beans,Coffee,250 g,Image,18582,686,3.692,558,2072.86,27,6.69,27,8.96,9,Rising,676,23.59,0,28.66,13866.91,6487.73,0,0,0,0,0,0,2.615,351,50,51,34,686,70,12.545,40,29,3,10.345,3.936,6.615,4.762,62%,PROTECT_INVENTORY,2072.86,1347.36,-35.0,6.456,4199.47,9081.22,18.0,23.58,0.0,6.69,6487.73,-3.5,-35.27,0.0,82,64.23,Inventory is close to stockout; protect availability before scaling ads.
2026-09-08,UB-ESPRESSO-250G,UB-ESPRESSO,Espresso Roast Beans,Coffee,250 g,Influencer Video,14964,717,4.791,532,1406.72,18,6.456,18,10.75,6,Rising,571,23.58,0,24.22,9081.22,4199.47,0,5523,4211,2851,1820,713,4.477,475,66,68,61,717,50,9.398,26,20,2,10.0,2.51,7.262,4.43,62%,PROTECT_INVENTORY,1406.72,914.37,-35.0,6.546,4611.08,9925.37,19.0,23.57,0.0,6.456,4199.47,1.39,9.8,1.0,82,62.33,Inventory is close to stockout; protect availability before scaling ads.
2026-09-09,UB-ESPRESSO-250G,UB-ESPRESSO,Espresso Roast Beans,Coffee,250 g,Video,11155,475,4.258,488,1516.24,19,6.546,19,0.43,7,Stable,464,23.57,0,19.69,9925.37,4611.08,0,5907,4407,2407,1962,1134,2.896,222,34,40,27,475,51,10.451,24,19,0,0.0,4.0,8.349,5.714,62%,PROTECT_INVENTORY,1516.24,985.56,-35.0,8.107,7829.07,15848.73,27.0,23.58,0.0,6.546,4611.08,23.85,69.79,1.0,82,62.05,Inventory is close to stockout; protect availability before scaling ads.
2026-09-10,UB-ESPRESSO-250G,UB-ESPRESSO,Espresso Roast Beans,Coffee,250 g,Image,15297,699,4.57,545,1954.97,27,8.107,27,6.81,3,Rising,809,23.58,0,34.31,15848.73,7829.07,141,0,0,0,0,0,2.072,207,35,47,28,699,58,10.642,37,27,1,3.704,3.863,8.901,6.339,62%,PROTECT_INVENTORY,1954.97,1270.73,-35.0,11.264,8990.59,17009.56,27.0,23.58,0.0,8.107,7829.07,38.94,14.84,1.0,82,61.79,Inventory is close to stockout; protect availability before scaling ads.
2026-09-11,UB-ESPRESSO-250G,UB-ESPRESSO,Espresso Roast Beans,Coffee,250 g,Video,17544,900,5.13,780,1510.08,27,11.264,27,4.44,6,Stable,679,23.58,0,28.79,17009.56,8990.59,171,8419,7630,3257,3286,2024,3.374,405,60,82,45,900,84,10.769,36,30,3,10.0,3.0,6.254,4.327,62%,PROTECT_INVENTORY,1510.08,981.55,-35.0,8.599,4881.91,9743.46,19.0,23.58,0.0,11.264,8990.59,-23.66,-45.7,0.0,82,62.16,Inventory is close to stockout; protect availability before scaling ads.
2026-09-12,UB-ESPRESSO-250G,UB-ESPRESSO,Espresso Roast Beans,Coffee,250 g,Influencer Video,12780,694,5.43,477,1133.11,19,8.599,19,4.23,2,Stable,544,23.58,0,23.07,9743.46,4881.91,0,8287,4815,3048,1731,649,3.083,262,41,53,38,694,55,11.53,26,21,3,14.286,2.738,4.484,2.727,62%,PROTECT_INVENTORY,1133.11,736.52,-35.0,7.073,5727.98,12034.71,25.0,23.58,0.0,8.599,4881.91,-17.75,17.33,0.0,82,61.44,Inventory is close to stockout; protect availability before scaling ads.
2026-09-13,UB-ESPRESSO-250G,UB-ESPRESSO,Espresso Roast Beans,Coffee,250 g,Influencer Video,16483,711,4.314,861,1701.52,25,7.073,25,5.22,6,Rising,706,23.58,0,29.94,12034.71,5727.98,0,8821,6977,4169,3498,1256,3.44,400,53,71,43,711,80,9.292,37,31,1,3.226,3.516,7.489,4.92,62%,PROTECT_INVENTORY,1701.52,1105.99,-35.0,6.493,5679.8,12258.63,25.0,23.59,0.0,7.073,5727.98,-8.2,-0.84,0.0,82,63.61,Inventory is close to stockout; protect availability before scaling ads.
2026-09-14,UB-ESPRESSO-250G,UB-ESPRESSO,Espresso Roast Beans,Coffee,250 g,Influencer Video,13068,765,5.854,472,1887.93,25,6.493,25,12.13,6,Rising,692,23.59,0,29.34,12258.63,5679.8,0,6566,5139,3171,1861,1330,4.033,381,45,58,43,765,77,16.314,35,28,2,7.143,3.268,8.184,5.146,62%,PROTECT_INVENTORY,1887.93,1227.15,-35.0,6.065,4326.61,9562.37,18.0,23.58,0.0,6.493,5679.8,-6.59,-23.82,0.0,82,66.18,Inventory is close to stockout; protect availability before scaling ads.
2026-09-15,UB-ESPRESSO-250G,UB-ESPRESSO,Espresso Roast Beans,Coffee,250 g,Video,10075,447,4.437,337,1576.61,18,6.065,18,11.82,6,Rising,425,23.58,0,18.02,9562.37,4326.61,31,4376,3217,2127,1229,674,3.474,245,32,42,31,447,43,12.76,26,22,1,4.545,4.027,4.182,2.78,62%,PROTECT_INVENTORY,1576.61,1024.8,-35.0,11.555,9707.14,18287.82,35.0,40.71,0.0,6.065,4326.61,90.52,124.36,1.0,82,66.0,Inventory is close to stockout; protect availability before scaling ads.
2026-09-16,UB-ESPRESSO-250G,UB-ESPRESSO,Espresso Roast Beans,Coffee,250 g,Carousel,15232,1022,6.71,818,1582.65,35,11.555,35,7.49,9,Rising,1719,40.71,0,42.23,18287.82,9707.14,68,0,0,0,0,0,3.04,313,50,56,44,1022,89,10.88,49,38,2,5.263,3.425,8.891,5.107,62%,INCREASE_BUDGET,1582.65,1899.18,20.0,7.928,6076.31,12370.43,22.0,49.06,0.0,11.555,9707.14,-31.39,-37.4,0.0,90,68.2,"Strong ROAS, positive profit, rising sales and sufficient inventory."
2026-09-17,UB-ESPRESSO-250G,UB-ESPRESSO,Espresso Roast Beans,Coffee,250 g,Video,18071,991,5.484,648,1560.44,22,7.928,22,-2.83,4,Stable,1310,49.06,0,26.7,12370.43,6076.31,96,6774,5099,2799,1710,1076,2.385,300,42,51,38,991,61,9.414,29,23,1,4.348,2.22,6.419,4.114,62%,MAINTAIN,1560.44,1560.44,0.0,7.204,5186.33,10837.92,22.0,49.05,0.0,7.928,6076.31,-9.13,-14.65,0.0,82,66.88,Signals are within normal range; maintain current strategy.
2026-09-18,UB-ESPRESSO-250G,UB-ESPRESSO,Espresso Roast Beans,Coffee,250 g,Carousel,14807,704,4.755,687,1504.34,22,7.204,22,-1.3,8,Stable,1218,49.05,0,24.83,10837.92,5186.33,0,0,0,0,0,0,3.633,370,55,63,50,704,45,6.55,28,23,2,8.696,3.125,6.392,3.929,62%,MAINTAIN,1504.34,1504.34,0.0,4.692,2731.22,6757.22,12.0,65.31,0.0,7.204,5186.33,-34.87,-47.34,0.0,82,63.72,Signals are within normal range; maintain current strategy.
2026-09-19,UB-ESPRESSO-250G,UB-ESPRESSO,Espresso Roast Beans,Coffee,250 g,Influencer Video,10250,530,5.171,383,1440.28,12,4.692,12,-2.71,2,Stable,949,65.31,0,14.53,6757.22,2731.22,70,5761,3228,2195,861,438,3.18,224,32,42,28,530,34,8.877,16,13,1,7.692,2.264,5.486,3.408,62%,MAINTAIN,1440.28,1440.28,0.0,9.691,6964.64,13545.95,28.0,38.85,0.0,4.692,2731.22,106.54,155.0,1.0,82,66.22,Signals are within normal range; maintain current strategy.
2026-09-20,UB-ESPRESSO-250G,UB-ESPRESSO,Espresso Roast Beans,Coffee,250 g,Video,20812,1008,4.843,758,1397.8,28,9.691,28,1.27,8,Stable,1431,38.85,0,36.83,13545.95,6964.64,0,10316,8612,4358,2443,1281,1.725,251,33,48,27,1008,68,8.971,39,30,3,10.0,2.778,8.705,5.707,62%,MAINTAIN,1397.8,1397.8,0.0,5.345,3149.73,7320.91,14.0,56.7,0.0,9.691,6964.64,-44.85,-54.78,0.0,90,65.3,Signals are within normal range; maintain current strategy.
2026-09-21,UB-ESPRESSO-250G,UB-ESPRESSO,Espresso Roast Beans,Coffee,250 g,Carousel,8484,386,4.55,357,1369.75,14,5.345,14,0.93,2,Stable,910,56.7,0,16.05,7320.91,3149.73,0,0,0,0,0,0,3.654,219,29,36,26,386,47,13.165,19,16,2,12.5,3.627,6.323,4.504,62%,MAINTAIN,1369.75,1369.75,0.0,8.116,7978.81,16147.36,30.0,36.27,0.0,5.345,3149.73,51.84,153.32,1.0,90,73.91,Signals are within normal range; maintain current strategy.
2026-09-22,UB-ESPRESSO-250G,UB-ESPRESSO,Espresso Roast Beans,Coffee,250 g,Image,17124,737,4.304,494,1989.59,30,8.116,30,4.78,8,Stable,1352,36.27,0,37.28,16147.36,7978.81,147,0,0,0,0,0,2.377,257,46,61,43,737,69,13.968,37,31,1,3.226,4.071,5.697,3.778,62%,MAINTAIN,1989.59,1989.59,0.0,6.493,4881.2,10535.3,21.0,42.41,0.0,8.116,7978.81,-20.0,-38.82,0.0,90,67.67,Signals are within normal range; maintain current strategy.
2026-09-23,UB-ESPRESSO-250G,UB-ESPRESSO,Espresso Roast Beans,Coffee,250 g,Video,14240,623,4.375,421,1622.65,21,6.493,21,5.39,5,Rising,983,42.41,0,23.18,10535.3,4881.2,0,7052,4922,3823,2055,1086,1.587,158,24,26,18,623,58,13.777,30,23,3,13.043,3.371,3.965,2.312,62%,INCREASE_BUDGET,1622.65,1947.18,20.0,9.07,8796.39,17347.01,33.0,32.62,0.0,6.493,4881.2,39.69,80.21,1.0,90,68.23,"Strong ROAS, positive profit, rising sales and sufficient inventory."
2026-09-24,UB-ESPRESSO-250G,UB-ESPRESSO,Espresso Roast Beans,Coffee,250 g,Carousel,16865,765,4.536,737,1912.6,33,9.07,33,8.02,8,Rising,1351,32.62,0,41.42,17347.01,8796.39,56,0,0,0,0,0,2.781,321,48,57,43,765,83,11.262,50,35,3,8.571,4.314,6.836,4.291,62%,MAINTAIN,1912.6,1912.6,0.0,8.221,7558.65,15248.51,25.0,34.11,0.0,9.07,8796.39,-9.36,-14.07,0.0,82,66.81,Signals are within normal range; maintain current strategy.
2026-09-25,UB-ESPRESSO-250G,UB-ESPRESSO,Espresso Roast Beans,Coffee,250 g,Video,15696,715,4.555,578,1854.85,25,8.221,25,1.71,4,Stable,1092,34.11,0,32.01,15248.51,7558.65,158,8124,5913,2640,1633,808,2.396,261,38,43,34,715,70,12.111,35,27,2,7.407,3.497,5.043,3.022,62%,MAINTAIN,1854.85,1854.85,0.0,7.312,4711.74,9804.36,16.0,36.84,0.0,8.221,7558.65,-11.06,-37.66,0.0,90,67.28,Signals are within normal range; maintain current strategy.
2026-09-26,UB-ESPRESSO-250G,UB-ESPRESSO,Espresso Roast Beans,Coffee,250 g,Influencer Video,14201,464,3.267,469,1340.87,16,7.312,16,7.74,5,Rising,862,36.84,0,23.4,9804.36,4711.74,73,6089,3422,2116,1524,858,2.81,287,36,44,32,464,37,7.889,21,17,1,5.882,3.448,3.257,1.76,62%,INCREASE_BUDGET,1340.87,1609.04,20.0,6.654,5454.44,11678.44,23.0,32.6,0.0,7.312,4711.74,-9.0,15.76,0.0,90,65.37,"Strong ROAS, positive profit, rising sales and sufficient inventory."
2026-09-27,UB-ESPRESSO-250G,UB-ESPRESSO,Espresso Roast Beans,Coffee,250 g,Video,14023,823,5.869,537,1755.12,23,6.654,23,9.33,8,Rising,980,32.6,0,30.06,11678.44,5454.44,58,8184,4812,4623,2491,1055,2.061,201,31,33,24,823,56,10.428,33,25,3,12.0,2.795,8.008,4.93,62%,MAINTAIN,1755.12,1755.12,0.0,5.332,2844.35,6617.95,13.0,38.64,0.0,6.654,5454.44,-19.87,-47.85,0.0,90,66.09,Signals are within normal range; maintain current strategy.
2026-09-28,UB-ESPRESSO-250G,UB-ESPRESSO,Espresso Roast Beans,Coffee,250 g,Video,15422,545,3.534,363,1241.17,13,5.332,13,0.4,2,Stable,633,38.64,0,16.38,6617.95,2844.35,0,7145,5088,3184,1931,808,2.043,212,34,42,27,545,36,9.917,18,14,1,7.143,2.385,6.809,4.205,62%,MAINTAIN,1241.17,1241.17,0.0,,,,,,,5.332,2844.35,,,,90,65.21,Signals are within normal range; maintain current strategy.
2026-09-01,UB-ESPRESSO-1KG,UB-ESPRESSO,Espresso Roast Beans,Coffee,1 kg,Influencer Video,18466,504,2.729,486,639.77,28,41.882,28,5.91,7,Rising,952,25.01,0,38.07,26794.88,14734.05,61,10483,7281,5307,2684,1354,3.233,424,50,70,53,504,69,14.198,34,30,2,6.667,5.556,3.24,2.676,57%,INCREASE_BUDGET,639.77,767.72,20.0,40.206,15264.2,27809.35,23.0,28.36,0.0,41.882,14734.05,-4.0,3.6,0.0,90,75.26,"Strong ROAS, positive profit, rising sales and sufficient inventory."
2026-09-02,UB-ESPRESSO-1KG,UB-ESPRESSO,Espresso Roast Beans,Coffee,1 kg,Video,15740,579,3.679,498,691.68,23,40.206,23,12.14,2,Rising,919,28.36,0,32.41,27809.35,15264.2,90,4819,3741,3074,1430,801,1.83,198,30,39,21,579,62,12.45,32,24,1,4.167,3.972,4.322,3.862,57%,INCREASE_BUDGET,691.68,830.02,20.0,49.02,19406.94,35071.09,36.0,19.77,0.0,40.206,15264.2,21.92,27.14,1.0,90,74.48,"Strong ROAS, positive profit, rising sales and sufficient inventory."
2026-09-03,UB-ESPRESSO-1KG,UB-ESPRESSO,Espresso Roast Beans,Coffee,1 kg,Image,20649,672,3.254,458,715.44,36,49.02,36,10.18,5,Rising,868,19.77,0,43.91,35071.09,19406.94,86,0,0,0,0,0,2.76,401,55,75,39,672,86,18.777,49,38,2,5.263,5.357,5.096,4.419,57%,INCREASE_BUDGET,715.44,858.53,20.0,57.576,17374.04,31226.3,28.0,23.13,0.0,49.02,19406.94,17.45,-10.48,1.0,90,71.46,"Strong ROAS, positive profit, rising sales and sufficient inventory."
2026-09-04,UB-ESPRESSO-1KG,UB-ESPRESSO,Espresso Roast Beans,Coffee,1 kg,Video,18168,731,4.024,551,542.35,28,57.576,28,11.77,7,Rising,831,23.13,0,35.92,31226.3,17374.04,95,8768,5390,3711,2813,1185,2.862,359,50,64,47,731,86,15.608,50,42,2,4.762,3.83,3.632,3.349,57%,INCREASE_BUDGET,542.35,650.82,20.0,45.469,18064.73,32739.79,32.0,17.8,0.0,57.576,17374.04,-21.03,3.98,0.0,90,75.29,"Strong ROAS, positive profit, rising sales and sufficient inventory."
2026-09-05,UB-ESPRESSO-1KG,UB-ESPRESSO,Espresso Roast Beans,Coffee,1 kg,Image,19201,636,3.312,537,720.04,32,45.469,32,8.14,7,Rising,780,17.8,0,43.83,32739.79,18064.73,107,0,0,0,0,0,2.406,315,57,51,39,636,95,17.691,50,43,2,4.651,5.031,3.351,2.959,57%,INCREASE_BUDGET,720.04,864.05,20.0,31.425,11574.53,21357.65,27.0,23.05,0.0,45.469,18064.73,-30.89,-35.93,0.0,90,72.27,"Strong ROAS, positive profit, rising sales and sufficient inventory."
2026-09-06,UB-ESPRESSO-1KG,UB-ESPRESSO,Espresso Roast Beans,Coffee,1 kg,Video,17520,724,4.132,581,679.63,27,31.425,27,-0.43,4,Stable,746,23.05,0,32.37,21357.65,11574.53,0,10715,6709,6387,3184,2677,3.516,408,66,82,60,724,67,11.532,35,29,2,6.897,3.729,5.556,4.763,57%,MAINTAIN,679.63,679.63,0.0,31.398,13381.88,24693.88,25.0,24.94,0.0,31.425,11574.53,-0.09,15.61,0.0,82,68.4,Signals are within normal range; maintain current strategy.
2026-09-07,UB-ESPRESSO-1KG,UB-ESPRESSO,Espresso Roast Beans,Coffee,1 kg,Video,19959,500,2.505,424,786.47,25,31.398,25,3.4,7,Stable,708,24.94,0,28.39,24693.88,13381.88,51,9311,6179,3883,2100,1286,2.555,361,47,59,43,500,59,13.915,30,25,0,0.0,5.0,4.825,3.963,57%,INCREASE_BUDGET,786.47,943.76,20.0,38.018,8630.41,15764.57,20.0,25.21,0.0,31.398,13381.88,21.08,-35.51,1.0,90,69.43,"Strong ROAS, positive profit, rising sales and sufficient inventory."
2026-09-08,UB-ESPRESSO-1KG,UB-ESPRESSO,Espresso Roast Beans,Coffee,1 kg,Image,20313,679,3.343,525,414.66,20,38.018,20,-4.72,2,Stable,672,25.21,0,26.66,15764.57,8630.41,0,0,0,0,0,0,2.978,417,59,73,56,679,63,12.0,27,21,1,4.762,2.946,3.358,2.265,57%,MAINTAIN,414.66,414.66,0.0,16.315,6423.57,12534.65,15.0,33.92,0.0,38.018,8630.41,-57.09,-25.57,0.0,82,66.49,Signals are within normal range; maintain current strategy.
2026-09-09,UB-ESPRESSO-1KG,UB-ESPRESSO,Espresso Roast Beans,Coffee,1 kg,Carousel,13543,423,3.123,334,768.31,15,16.315,15,1.16,2,Stable,651,33.92,0,19.19,12534.65,6423.57,0,0,0,0,0,0,2.658,252,30,46,32,423,47,14.072,22,16,1,6.25,3.546,2.084,1.449,57%,MAINTAIN,768.31,768.31,0.0,40.694,13914.24,25336.11,27.0,18.42,0.0,16.315,6423.57,149.43,116.61,1.0,90,74.85,Signals are within normal range; maintain current strategy.
2026-09-10,UB-ESPRESSO-1KG,UB-ESPRESSO,Espresso Roast Beans,Coffee,1 kg,Image,20723,728,3.513,546,622.6,27,40.694,27,0.23,6,Stable,601,18.42,0,32.62,25336.11,13914.24,102,0,0,0,0,0,1.978,287,38,48,37,728,70,12.821,37,29,2,6.897,3.709,3.128,2.979,57%,MAINTAIN,622.6,622.6,0.0,45.904,17024.48,30842.85,32.0,38.57,0.0,40.694,13914.24,12.8,22.35,1.0,90,66.15,Signals are within normal range; maintain current strategy.
2026-09-11,UB-ESPRESSO-1KG,UB-ESPRESSO,Espresso Roast Beans,Coffee,1 kg,Carousel,16884,605,3.583,413,671.9,32,45.904,32,4.66,7,Stable,1697,38.57,0,44.0,30842.85,17024.48,67,0,0,0,0,0,3.85,447,70,73,60,605,78,18.886,51,35,2,5.714,5.289,4.115,3.726,57%,INCREASE_BUDGET,671.9,806.28,20.0,25.315,12054.89,22563.8,29.0,45.22,0.0,45.904,17024.48,-44.85,-29.19,0.0,90,76.18,"Strong ROAS, positive profit, rising sales and sufficient inventory."
2026-09-12,UB-ESPRESSO-1KG,UB-ESPRESSO,Espresso Roast Beans,Coffee,1 kg,Video,17090,493,2.885,404,891.31,29,25.315,29,11.61,7,Rising,1643,45.22,0,36.33,22563.8,12054.89,0,6402,4182,3231,2441,1406,3.236,378,57,70,48,493,86,21.287,60,57,3,5.263,5.882,3.446,3.067,57%,INCREASE_BUDGET,891.31,1069.57,20.0,58.153,19192.89,34484.63,44.0,34.31,0.0,25.315,12054.89,129.72,59.21,1.0,90,82.57,"Strong ROAS, positive profit, rising sales and sufficient inventory."
2026-09-13,UB-ESPRESSO-1KG,UB-ESPRESSO,Espresso Roast Beans,Coffee,1 kg,Image,19852,542,2.73,473,593.0,44,58.153,44,-1.44,6,Stable,1587,34.31,0,46.25,34484.63,19192.89,0,0,0,0,0,0,3.415,470,64,82,62,542,109,23.044,62,46,2,4.348,8.118,5.183,4.176,57%,MAINTAIN,593.0,593.0,0.0,34.74,14108.53,25888.44,28.0,43.67,0.0,58.153,19192.89,-40.26,-26.49,0.0,82,76.0,Signals are within normal range; maintain current strategy.
2026-09-14,UB-ESPRESSO-1KG,UB-ESPRESSO,Espresso Roast Beans,Coffee,1 kg,Video,16904,533,3.153,437,745.21,28,34.74,28,4.11,6,Stable,1545,43.67,0,35.38,25888.44,14108.53,50,9166,6456,3935,2568,1387,2.283,263,34,52,37,533,68,15.561,35,29,1,3.448,5.253,3.497,3.608,57%,INCREASE_BUDGET,745.21,894.25,20.0,40.321,15430.65,28108.94,33.0,37.14,0.0,34.74,14108.53,16.07,9.37,1.0,90,77.28,"Strong ROAS, positive profit, rising sales and sufficient inventory."
2026-09-15,UB-ESPRESSO-1KG,UB-ESPRESSO,Espresso Roast Beans,Coffee,1 kg,Video,19813,715,3.609,591,697.13,33,40.321,33,0.82,6,Stable,1499,37.14,0,40.36,28108.94,15430.65,78,8469,5291,3826,2463,1430,2.498,342,47,61,45,715,86,14.552,46,36,2,5.556,4.615,4.276,3.926,57%,MAINTAIN,697.13,697.13,0.0,38.448,18081.62,33010.7,31.0,33.12,0.0,40.321,15430.65,-4.65,17.18,0.0,90,75.78,Signals are within normal range; maintain current strategy.
2026-09-16,UB-ESPRESSO-1KG,UB-ESPRESSO,Espresso Roast Beans,Coffee,1 kg,Influencer Video,20063,770,3.838,523,858.59,31,38.448,31,1.68,9,Stable,1455,33.12,0,43.93,33010.7,18081.62,90,7867,5788,3962,1910,1126,1.495,210,26,39,25,770,80,15.296,42,33,2,6.061,4.026,2.263,2.277,57%,MAINTAIN,858.59,858.59,0.0,6.551,2074.67,4926.7,6.0,196.06,0.0,38.448,18081.62,-82.96,-88.53,0.0,90,74.5,Signals are within normal range; maintain current strategy.
2026-09-17,UB-ESPRESSO-1KG,UB-ESPRESSO,Espresso Roast Beans,Coffee,1 kg,Image,14047,604,4.3,360,752.07,6,6.551,6,2.07,0,Stable,1443,196.06,0,7.36,4926.7,2074.67,0,0,0,0,0,0,3.567,342,50,69,40,604,24,6.667,8,6,0,0.0,0.993,3.768,2.764,57%,CHANGE_CREATIVE,752.07,752.07,0.0,34.436,16203.85,29747.09,35.0,33.1,0.0,6.551,2074.67,425.66,681.03,1.0,82,65.94,High ad engagement but weak purchase conversion suggests creative-to-product mismatch.
2026-09-18,UB-ESPRESSO-1KG,UB-ESPRESSO,Espresso Roast Beans,Coffee,1 kg,Carousel,19284,626,3.246,487,863.83,35,34.436,35,2.92,7,Stable,1400,33.1,0,42.3,29747.09,16203.85,0,0,0,0,0,0,2.437,323,47,58,42,626,83,17.043,44,35,0,0.0,5.591,3.363,2.709,57%,MAINTAIN,863.83,863.83,0.0,65.597,19588.61,35072.66,37.0,28.63,0.0,34.436,16203.85,90.49,20.89,1.0,90,76.67,Signals are within normal range; maintain current strategy.
2026-09-19,UB-ESPRESSO-1KG,UB-ESPRESSO,Espresso Roast Beans,Coffee,1 kg,Image,18487,675,3.651,518,534.67,37,65.597,37,3.87,7,Stable,1348,28.63,0,47.09,35072.66,19588.61,73,0,0,0,0,0,4.533,580,91,99,68,675,119,22.973,74,55,1,1.818,5.481,5.616,4.742,57%,INCREASE_BUDGET,534.67,641.6,20.0,37.32,16587.44,30326.35,33.0,31.33,0.0,65.597,19588.61,-43.11,-15.32,0.0,90,76.97,"Strong ROAS, positive profit, rising sales and sufficient inventory."
2026-09-20,UB-ESPRESSO-1KG,UB-ESPRESSO,Espresso Roast Beans,Coffee,1 kg,Video,20629,506,2.453,385,812.6,33,37.32,33,13.04,5,Rising,1296,31.33,0,41.37,30326.35,16587.44,36,10480,6564,3941,2093,1004,3.107,444,61,77,59,506,66,17.143,41,35,2,5.714,6.522,4.966,4.015,57%,INCREASE_BUDGET,812.6,975.12,20.0,55.014,18323.9,32981.42,43.0,26.3,0.0,37.32,16587.44,47.41,10.47,1.0,90,76.01,"Strong ROAS, positive profit, rising sales and sufficient inventory."
2026-09-21,UB-ESPRESSO-1KG,UB-ESPRESSO,Espresso Roast Beans,Coffee,1 kg,Video,24206,998,4.123,704,599.51,43,55.014,43,-7.11,7,Falling,1231,26.3,0,46.8,32981.42,18323.9,0,15433,10085,6262,3603,3281,2.293,394,55,64,42,998,112,15.909,65,48,2,4.167,4.309,4.747,4.102,57%,MAINTAIN,599.51,599.51,0.0,27.275,12021.82,22382.98,29.0,33.26,0.0,55.014,18323.9,-50.42,-34.39,0.0,82,68.38,Signals are within normal range; maintain current strategy.
2026-09-22,UB-ESPRESSO-1KG,UB-ESPRESSO,Espresso Roast Beans,Coffee,1 kg,Video,21521,663,3.081,435,820.63,29,27.275,29,13.49,4,Rising,1197,33.26,0,35.99,22382.98,12021.82,0,13620,8723,6170,3330,2089,3.044,447,61,88,59,663,67,15.402,43,31,2,6.452,4.374,4.814,4.384,57%,INCREASE_BUDGET,820.63,984.76,20.0,50.195,13526.29,24422.85,30.0,32.1,0.0,27.275,12021.82,84.03,12.51,1.0,90,75.96,"Strong ROAS, positive profit, rising sales and sufficient inventory."
2026-09-23,UB-ESPRESSO-1KG,UB-ESPRESSO,Espresso Roast Beans,Coffee,1 kg,Image,17078,690,4.04,536,486.56,30,50.195,30,0.9,5,Stable,1152,32.1,0,35.89,24422.85,13526.29,0,0,0,0,0,0,2.84,330,50,64,41,690,75,13.993,42,31,1,3.226,4.348,3.822,3.175,57%,MAINTAIN,486.56,486.56,0.0,47.425,18421.52,33331.63,43.0,18.66,0.0,50.195,13526.29,-5.52,36.19,0.0,90,71.59,Signals are within normal range; maintain current strategy.
2026-09-24,UB-ESPRESSO-1KG,UB-ESPRESSO,Espresso Roast Beans,Coffee,1 kg,Video,19522,709,3.632,535,702.83,43,47.425,43,0.82,7,Stable,1099,18.66,0,58.89,33331.63,18421.52,0,12188,8258,6219,2991,1934,3.171,420,60,81,58,709,109,20.374,59,47,3,6.383,6.065,3.554,2.681,57%,MAINTAIN,702.83,702.83,0.0,25.412,9582.05,17930.19,20.0,36.22,0.0,47.425,18421.52,-46.42,-47.98,0.0,90,73.89,Signals are within normal range; maintain current strategy.
2026-09-25,UB-ESPRESSO-1KG,UB-ESPRESSO,Espresso Roast Beans,Coffee,1 kg,Carousel,22912,822,3.588,578,705.57,20,25.412,20,6.98,2,Rising,1064,36.22,0,29.38,17930.19,9582.05,82,0,0,0,0,0,0.991,156,24,27,20,822,56,9.689,27,21,1,4.762,2.433,7.875,6.866,57%,INCREASE_BUDGET,705.57,846.68,20.0,29.389,10324.46,19128.83,24.0,38.48,0.0,25.412,9582.05,15.65,7.75,1.0,90,73.19,"Strong ROAS, positive profit, rising sales and sufficient inventory."
2026-09-26,UB-ESPRESSO-1KG,UB-ESPRESSO,Espresso Roast Beans,Coffee,1 kg,Influencer Video,15919,575,3.612,454,650.89,24,29.389,24,16.99,5,Rising,1032,38.48,0,26.82,19128.83,10324.46,0,7419,5154,3040,1951,995,5.39,597,82,101,78,575,60,13.216,35,26,2,7.692,4.174,3.489,2.774,57%,INCREASE_BUDGET,650.89,781.07,20.0,26.554,10340.04,19287.48,18.0,49.09,0.0,29.389,10324.46,-9.65,0.15,0.0,90,77.48,"Strong ROAS, positive profit, rising sales and sufficient inventory."
2026-09-27,UB-ESPRESSO-1KG,UB-ESPRESSO,Espresso Roast Beans,Coffee,1 kg,Influencer Video,14702,514,3.496,376,726.34,18,26.554,18,27.13,2,Rising,1001,49.09,0,20.39,19287.48,10340.04,87,7206,4331,3555,2667,1570,3.897,406,55,65,47,514,56,14.894,23,19,1,5.263,3.502,4.725,3.779,57%,INCREASE_BUDGET,726.34,871.61,20.0,16.423,4999.19,9747.49,11.0,78.32,0.0,26.554,10340.04,-38.15,-51.65,0.0,90,80.28,"Strong ROAS, positive profit, rising sales and sufficient inventory."
2026-09-28,UB-ESPRESSO-1KG,UB-ESPRESSO,Espresso Roast Beans,Coffee,1 kg,Carousel,9729,264,2.714,188,593.53,11,16.423,11,4.22,0,Stable,986,78.32,0,12.59,9747.49,4999.19,11,0,0,0,0,0,2.302,150,23,29,22,264,28,14.894,14,11,0,0.0,4.167,8.668,7.915,57%,INCREASE_BUDGET,593.53,712.24,20.0,,,,,,,16.423,4999.19,,,,90,74.15,"Strong ROAS, positive profit, rising sales and sufficient inventory."
