date,sku,product_code,product,category,variant,ad_type,impressions,clicks,click_rate_pct,product_page_views_from_ads,ad_spend_inr,conversions,roas,sales_volume,sales_growth_pct,repeat_purchaser_count,product_sales_trend,stock_on_hand,days_of_inventory_remaining,stockout_frequency_30d,inventory_velocity_units_per_day,revenue_inr,profit_inr,affiliate_link_interactions,video_3sec_views,video_25pct_watched,video_50pct_watched,video_75pct_watched,video_100pct_watched,engagement_rate_pct,likes,comments,shares,saves,product_clicks,add_to_cart,add_to_cart_rate_pct,checkout_started,payment_initiated,payment_failed,payment_failed_rate_pct,purchase_rate_pct,return_rate_pct,refund_rate_pct,margin_pct,recommended_action,budget_before_inr,budget_after_inr,budget_change_pct,next_day_roas,next_day_profit_inr,next_day_revenue_inr,next_day_sales_volume,next_day_inventory_days,next_day_stockout,baseline_roas,baseline_profit_inr,roas_change_pct,profit_change_pct,action_success,decision_confidence_pct,opportunity_score,decision_reason
2026-09-01,GR-BODYLOT-200ML,GR-BODYLOT,Body Lotion,Body,200 ml,Image,17751,752,4.236,595,1811.68,23,6.053,23,-0.17,4,Stable,552,19.09,0,28.92,10966.64,3478.32,0,0,0,0,0,0,3.032,296,43,53,37,752,50,8.403,30,24,1,4.167,3.059,6.437,6.028,46%,MAINTAIN,1811.68,1811.68,0.0,4.92,2590.04,9801.1,18.0,22.36,0.0,6.053,3478.32,-18.72,-25.54,0.0,82,65.01,Signals are within normal range; maintain current strategy.
2026-09-02,GR-BODYLOT-200ML,GR-BODYLOT,Body Lotion,Body,200 ml,Image,15356,633,4.122,543,1991.96,18,4.92,18,-0.79,2,Stable,528,22.36,0,23.64,9801.1,2590.04,65,0,0,0,0,0,4.754,401,58,73,51,633,54,9.945,24,19,1,5.263,2.844,1.709,1.387,46%,MAINTAIN,1991.96,1991.96,0.0,3.995,1562.28,7541.01,15.0,25.04,0.0,4.92,2590.04,-18.8,-39.68,0.0,82,67.2,Signals are within normal range; maintain current strategy.
2026-09-03,GR-BODYLOT-200ML,GR-BODYLOT,Body Lotion,Body,200 ml,Influencer Video,15079,612,4.059,399,1887.72,15,3.995,15,11.64,2,Rising,508,25.04,0,20.29,7541.01,1562.28,0,5567,4109,2725,1799,915,4.736,392,57,71,49,612,38,9.524,20,15,0,0.0,2.451,5.391,5.072,46%,INCREASE_BUDGET,1887.72,2265.26,20.0,5.101,2163.93,8238.39,14.0,24.95,0.0,3.995,1562.28,27.68,38.51,1.0,90,65.16,"Strong ROAS, positive profit, rising sales and sufficient inventory."
2026-09-04,GR-BODYLOT-200ML,GR-BODYLOT,Body Lotion,Body,200 ml,Video,13784,499,3.62,419,1614.96,14,5.101,14,-1.47,3,Stable,489,24.95,0,19.58,8238.39,2163.93,46,5288,3609,2584,1550,804,2.874,217,31,39,27,499,54,12.888,32,26,1,3.846,2.806,3.401,3.069,46%,MAINTAIN,1614.96,1614.96,0.0,6.397,3757.55,12082.67,19.0,18.82,0.0,5.101,2163.93,25.41,73.64,1.0,82,71.05,Signals are within normal range; maintain current strategy.
2026-09-05,GR-BODYLOT-200ML,GR-BODYLOT,Body Lotion,Body,200 ml,Video,12182,488,4.006,381,1888.66,19,6.397,19,-13.49,1,Falling,464,18.82,0,24.65,12082.67,3757.55,77,5422,3478,2407,1339,796,2.798,187,27,34,23,488,48,12.598,27,23,1,4.348,3.893,5.439,5.022,46%,MAINTAIN,1888.66,1888.66,0.0,6.62,4791.06,14388.34,28.0,12.6,0.0,6.397,3757.55,3.49,27.5,1.0,82,65.36,Signals are within normal range; maintain current strategy.
2026-09-06,GR-BODYLOT-200ML,GR-BODYLOT,Body Lotion,Body,200 ml,Image,17633,721,4.089,604,2173.41,28,6.62,28,-0.08,4,Stable,430,12.6,0,34.1,14388.34,4791.06,37,0,0,0,0,0,2.931,284,41,51,36,721,65,10.762,35,29,1,3.448,3.883,7.365,6.434,46%,MAINTAIN,2173.41,2173.41,0.0,3.585,1811.94,9170.01,19.0,15.83,0.0,6.62,4791.06,-45.85,-62.18,0.0,82,63.56,Signals are within normal range; maintain current strategy.
2026-09-07,GR-BODYLOT-200ML,GR-BODYLOT,Body Lotion,Body,200 ml,Video,19597,707,3.608,528,2558.06,19,3.585,19,6.11,3,Rising,404,15.83,0,25.53,9170.01,1811.94,0,10312,6319,4054,2155,1225,3.146,339,49,61,43,707,56,10.606,27,20,1,5.0,2.687,8.378,7.873,46%,INCREASE_BUDGET,2558.06,3069.67,20.0,4.782,2914.92,11356.85,23.0,14.03,0.0,3.585,1811.94,33.39,60.87,1.0,90,57.8,"Strong ROAS, positive profit, rising sales and sufficient inventory."
2026-09-08,GR-BODYLOT-200ML,GR-BODYLOT,Body Lotion,Body,200 ml,Influencer Video,17978,648,3.604,548,2375.08,23,4.782,23,-2.32,5,Stable,377,14.03,0,26.89,11356.85,2914.92,0,10633,8440,6022,3808,1664,5.095,503,73,91,64,648,66,12.044,36,30,2,6.667,3.549,7.014,6.529,46%,MAINTAIN,2375.08,2375.08,0.0,4.961,2898.02,10724.73,22.0,14.73,0.0,4.782,2914.92,3.74,-0.58,1.0,82,63.48,Signals are within normal range; maintain current strategy.
2026-09-09,GR-BODYLOT-200ML,GR-BODYLOT,Body Lotion,Body,200 ml,Video,15537,621,3.997,471,2161.98,22,4.961,22,8.32,3,Rising,353,14.73,0,24.0,10724.73,2898.02,0,9108,6417,4505,2906,1493,3.049,260,37,47,33,621,56,11.89,29,23,1,4.348,3.543,7.119,6.162,46%,INCREASE_BUDGET,2161.98,2594.38,20.0,2.737,738.43,6162.91,13.0,19.25,0.0,4.961,2898.02,-44.83,-74.52,0.0,90,66.91,"Strong ROAS, positive profit, rising sales and sufficient inventory."
2026-09-10,GR-BODYLOT-200ML,GR-BODYLOT,Body Lotion,Body,200 ml,Video,17013,643,3.779,475,2251.57,13,2.737,13,10.71,1,Rising,336,19.25,0,17.46,6162.91,738.43,0,7931,6155,4497,3290,2102,3.042,284,41,51,36,643,32,6.737,17,14,1,7.143,2.022,5.493,5.71,46%,MAINTAIN,2251.57,2251.57,0.0,3.153,1165.67,7201.99,15.0,17.22,0.0,2.737,738.43,15.2,57.86,1.0,90,52.44,Signals are within normal range; maintain current strategy.
2026-09-11,GR-BODYLOT-200ML,GR-BODYLOT,Body Lotion,Body,200 ml,Image,12953,482,3.721,358,2284.33,15,3.153,15,-8.74,2,Falling,317,17.22,0,18.44,7201.99,1165.67,0,0,0,0,0,0,3.669,261,38,47,33,482,39,10.894,23,18,1,5.556,3.112,4.297,4.081,46%,MAINTAIN,2284.33,2284.33,0.0,5.895,3292.65,10315.89,19.0,11.39,0.0,3.153,1165.67,86.96,182.47,1.0,82,53.15,Signals are within normal range; maintain current strategy.
2026-09-12,GR-BODYLOT-200ML,GR-BODYLOT,Body Lotion,Body,200 ml,Image,18042,750,4.157,513,1750.04,19,5.895,19,14.91,1,Rising,292,11.39,0,25.62,10315.89,3292.65,90,0,0,0,0,0,4.616,458,66,83,58,750,43,8.382,23,19,0,0.0,2.533,7.149,6.195,46%,INCREASE_BUDGET,1750.04,2100.05,20.0,2.899,723.68,5904.26,12.0,17.34,0.0,5.895,3292.65,-50.82,-78.02,0.0,90,64.16,"Strong ROAS, positive profit, rising sales and sufficient inventory."
2026-09-13,GR-BODYLOT-200ML,GR-BODYLOT,Body Lotion,Body,200 ml,Influencer Video,18688,684,3.66,532,2036.32,12,2.899,12,-1.58,2,Stable,276,17.34,0,15.92,5904.26,723.68,0,9103,6244,3740,2269,1356,5.069,521,75,94,66,684,35,6.579,17,12,0,0.0,1.754,4.5,3.969,46%,MAINTAIN,2036.32,2036.32,0.0,6.181,3586.7,11950.56,24.0,9.41,0.0,2.899,723.68,113.21,395.62,1.0,74,49.88,Signals are within normal range; maintain current strategy.
2026-09-14,GR-BODYLOT-200ML,GR-BODYLOT,Body Lotion,Body,200 ml,Image,14941,628,4.203,523,1933.3,24,6.181,24,16.3,5,Rising,249,9.41,0,26.51,11950.56,3586.7,0,0,0,0,0,0,4.592,377,54,68,48,628,69,13.193,33,25,1,4.0,3.822,7.338,6.957,46%,MAINTAIN,1933.3,1933.3,0.0,2.354,169.87,4473.86,9.0,18.86,0.0,6.181,3586.7,-61.92,-95.26,0.0,90,67.06,Signals are within normal range; maintain current strategy.
2026-09-15,GR-BODYLOT-200ML,GR-BODYLOT,Body Lotion,Body,200 ml,Image,12749,458,3.592,399,1900.13,9,2.354,9,12.41,1,Rising,237,18.86,0,12.56,4473.86,169.87,0,0,0,0,0,0,3.835,268,39,48,34,458,30,7.519,12,9,0,0.0,1.965,3.393,3.057,46%,MAINTAIN,1900.13,1900.13,0.0,3.207,1242.23,8554.72,17.0,11.04,0.0,2.354,169.87,36.24,631.28,1.0,74,50.88,Signals are within normal range; maintain current strategy.
2026-09-16,GR-BODYLOT-200ML,GR-BODYLOT,Body Lotion,Body,200 ml,Video,17596,688,3.91,601,2667.77,17,3.207,17,6.05,3,Rising,217,11.04,0,19.67,8554.72,1242.23,0,9263,7486,4953,3172,2329,4.288,414,60,75,52,688,45,7.488,21,18,1,5.556,2.471,3.285,2.929,46%,MAINTAIN,2667.77,2667.77,0.0,4.445,2078.12,8143.38,17.0,8.82,0.0,3.207,1242.23,38.6,67.29,1.0,90,50.79,Signals are within normal range; maintain current strategy.
2026-09-17,GR-BODYLOT-200ML,GR-BODYLOT,Body Lotion,Body,200 ml,Influencer Video,16592,653,3.936,468,1831.88,17,4.445,17,9.06,1,Rising,195,8.82,0,22.11,8143.38,2078.12,0,7630,5421,2512,1608,935,5.698,519,75,94,66,653,42,8.974,20,17,0,0.0,2.603,5.715,5.071,46%,MAINTAIN,1831.88,1831.88,0.0,2.182,88.25,4324.74,9.0,15.41,0.0,4.445,2078.12,-50.91,-95.75,0.0,90,58.82,Signals are within normal range; maintain current strategy.
2026-09-18,GR-BODYLOT-200ML,GR-BODYLOT,Body Lotion,Body,200 ml,Video,10573,424,4.01,331,1981.75,9,2.182,9,-4.4,1,Stable,183,15.41,0,11.89,4324.74,88.25,0,5001,3202,1936,958,537,2.838,165,24,30,21,424,21,6.344,11,9,0,0.0,2.123,3.505,3.282,46%,MAINTAIN,1981.75,1981.75,0.0,5.538,3956.9,13364.57,27.0,4.45,0.0,2.182,88.25,153.8,4383.74,1.0,74,43.88,Signals are within normal range; maintain current strategy.
2026-09-19,GR-BODYLOT-200ML,GR-BODYLOT,Body Lotion,Body,200 ml,Carousel,15208,689,4.531,553,2413.29,27,5.538,27,7.48,5,Rising,150,4.45,0,33.59,13364.57,3956.9,29,0,0,0,0,0,2.946,246,35,44,31,689,68,12.297,41,29,2,6.897,3.919,5.855,5.013,46%,MAINTAIN,2413.29,2413.29,0.0,1.924,-221.42,4408.0,9.0,11.95,0.0,5.538,3956.9,-65.26,-105.6,0.0,82,62.14,Signals are within normal range; maintain current strategy.
2026-09-20,GR-BODYLOT-200ML,GR-BODYLOT,Body Lotion,Body,200 ml,Image,14717,472,3.207,319,2291.42,9,1.924,9,0.34,1,Stable,138,11.95,0,11.56,4408.0,-221.42,0,0,0,0,0,0,4.915,397,57,72,50,472,32,10.031,12,9,0,0.0,1.907,5.609,5.197,46%,DECREASE_BUDGET,2291.42,1603.99,-30.0,5.762,2568.82,8456.75,14.0,6.33,0.0,1.924,-221.42,199.48,1260.16,1.0,66,44.31,Low ROAS or negative profit indicates weak marginal ad return.
2026-09-21,GR-BODYLOT-200ML,GR-BODYLOT,Body Lotion,Body,200 ml,Video,14215,492,3.461,330,1467.62,14,5.762,14,12.84,1,Rising,119,6.33,0,18.85,8456.75,2568.82,70,6558,4019,2376,1395,681,1.989,155,22,28,19,492,46,13.939,19,14,0,0.0,2.846,3.968,4.448,46%,MAINTAIN,1467.62,1467.62,0.0,3.446,1306.53,7381.46,10.0,6.69,0.0,5.762,2568.82,-40.19,-49.14,0.0,82,65.39,Signals are within normal range; maintain current strategy.
2026-09-22,GR-BODYLOT-200ML,GR-BODYLOT,Body Lotion,Body,200 ml,Video,15975,688,4.307,565,2142.11,10,3.446,10,10.69,1,Rising,104,6.69,0,15.51,7381.46,1306.53,78,7592,5034,2912,1591,794,4.423,388,56,70,49,688,30,5.31,13,10,0,0.0,1.453,4.287,3.983,46%,CHANGE_CREATIVE,2142.11,2142.11,0.0,1.426,-693.89,3284.89,7.0,9.56,0.0,3.446,1306.53,-58.62,-153.11,0.0,74,49.34,High ad engagement but weak purchase conversion suggests creative-to-product mismatch.
2026-09-23,GR-BODYLOT-200ML,GR-BODYLOT,Body Lotion,Body,200 ml,Image,14021,529,3.773,373,2303.89,7,1.426,7,26.85,1,Rising,94,9.56,0,9.82,3284.89,-693.89,0,0,0,0,0,0,3.74,288,41,52,36,529,18,4.826,8,7,0,0.0,1.323,2.884,2.914,46%,DECREASE_BUDGET,2303.89,1612.72,-30.0,5.147,3387.32,11374.28,21.0,2.51,0.0,1.426,-693.89,260.94,588.16,1.0,66,41.53,Low ROAS or negative profit indicates weak marginal ad return.
2026-09-24,GR-BODYLOT-200ML,GR-BODYLOT,Body Lotion,Body,200 ml,Video,16462,631,3.833,463,2210.09,21,5.147,21,10.23,5,Rising,67,2.51,0,26.77,11374.28,3387.32,66,8622,7686,4673,2969,2073,2.21,200,29,36,25,631,56,12.095,29,23,2,8.696,3.328,5.89,4.619,46%,PROTECT_INVENTORY,2210.09,1436.56,-35.0,3.121,881.93,5861.38,12.0,3.46,0.0,5.147,3387.32,-39.36,-73.96,0.0,82,61.57,Inventory is close to stockout; protect availability before scaling ads.
2026-09-25,GR-BODYLOT-200ML,GR-BODYLOT,Body Lotion,Body,200 ml,Video,18623,552,2.964,415,1878.07,12,3.121,12,12.02,1,Rising,52,3.46,0,15.06,5861.38,881.93,0,9453,6435,4956,2518,1431,4.436,454,66,82,57,552,40,9.639,15,12,0,0.0,2.174,3.615,3.942,46%,PROTECT_INVENTORY,1878.07,1220.75,-35.0,3.644,1446.11,7317.99,13.0,1.9,0.0,3.121,881.93,16.76,63.97,1.0,82,49.29,Inventory is close to stockout; protect availability before scaling ads.
2026-09-26,GR-BODYLOT-200ML,GR-BODYLOT,Body Lotion,Body,200 ml,Video,19827,690,3.48,469,2008.05,13,3.644,13,7.1,3,Rising,34,1.9,0,17.93,7317.99,1446.11,49,9337,7282,4527,2253,1281,5.521,602,87,109,76,690,37,7.889,17,14,1,7.143,1.884,4.714,4.404,46%,PROTECT_INVENTORY,2008.05,1305.23,-35.0,3.625,1598.38,8041.38,12.0,0.87,0.0,3.644,1446.11,-0.52,10.53,0.0,74,49.35,Inventory is close to stockout; protect availability before scaling ads.
2026-09-27,GR-BODYLOT-200ML,GR-BODYLOT,Body Lotion,Body,200 ml,Image,13901,631,4.539,500,2218.17,12,3.625,12,8.02,1,Rising,16,0.87,0,18.24,8041.38,1598.38,64,0,0,0,0,0,2.146,164,23,29,20,631,40,8.0,17,13,1,7.692,1.902,7.919,6.937,46%,PROTECT_INVENTORY,2218.17,1441.81,-35.0,4.758,2497.8,9879.95,16.0,0.0,1.0,3.625,1598.38,31.26,56.27,1.0,74,48.99,Inventory is close to stockout; protect availability before scaling ads.
2026-09-28,GR-BODYLOT-200ML,GR-BODYLOT,Body Lotion,Body,200 ml,Video,18730,664,3.545,518,2076.67,16,4.758,16,4.08,1,Stable,0,0.0,1,17.31,9879.95,2497.8,85,8806,5479,4090,2691,1703,3.564,367,53,66,46,664,55,10.618,23,17,1,5.882,2.41,4.766,3.839,46%,PROTECT_INVENTORY,2076.67,1349.84,-35.0,,,,,,,4.758,2497.8,,,,82,56.53,Inventory is close to stockout; protect availability before scaling ads.
2026-09-01,GR-BODYLOT-400ML,GR-BODYLOT,Body Lotion,Body,400 ml,Video,24148,654,2.708,528,623.61,17,20.99,17,-2.1,3,Stable,478,20.52,0,23.28,13089.74,5836.39,0,11580,7294,5249,3562,2333,3.772,500,72,91,63,654,72,13.636,38,30,1,3.333,2.599,5.05,4.957,48%,MAINTAIN,623.61,623.61,0.0,3.588,869.79,3696.66,5.0,47.05,0.0,20.99,5836.39,-82.91,-85.1,0.0,82,69.67,Signals are within normal range; maintain current strategy.
2026-09-02,GR-BODYLOT-400ML,GR-BODYLOT,Body Lotion,Body,400 ml,Image,13854,358,2.584,276,1030.21,5,3.588,5,-8.21,0,Falling,468,47.05,0,9.94,3696.66,869.79,0,0,0,0,0,0,3.973,302,44,55,38,358,16,5.797,6,5,0,0.0,1.397,4.698,4.291,48%,MAINTAIN,1030.21,1030.21,0.0,9.647,3257.58,8898.13,11.0,33.02,0.0,3.588,869.79,168.87,274.52,1.0,74,58.83,Signals are within normal range; maintain current strategy.
2026-09-03,GR-BODYLOT-400ML,GR-BODYLOT,Body Lotion,Body,400 ml,Image,15919,487,3.059,385,922.42,11,9.647,11,1.88,1,Stable,454,33.02,0,13.75,8898.13,3257.58,0,0,0,0,0,0,3.668,321,46,58,40,487,36,9.351,15,11,0,0.0,2.259,5.591,4.811,48%,MAINTAIN,922.42,922.42,0.0,8.531,3249.05,8583.48,9.0,33.84,0.0,9.647,3257.58,-11.57,-0.26,0.0,90,71.99,Signals are within normal range; maintain current strategy.
2026-09-04,GR-BODYLOT-400ML,GR-BODYLOT,Body Lotion,Body,400 ml,Image,11559,336,2.907,284,1006.2,9,8.531,9,2.77,1,Stable,441,33.84,0,13.03,8583.48,3249.05,41,0,0,0,0,0,2.384,151,22,27,19,336,33,11.62,18,15,1,6.667,2.679,5.724,5.331,48%,MAINTAIN,1006.2,1006.2,0.0,16.926,6334.77,14983.29,19.0,15.41,0.0,8.531,3249.05,98.41,94.97,1.0,90,73.87,Signals are within normal range; maintain current strategy.
2026-09-05,GR-BODYLOT-400ML,GR-BODYLOT,Body Lotion,Body,400 ml,Influencer Video,20293,702,3.459,599,885.23,19,16.926,19,-0.49,3,Stable,414,15.41,0,26.87,14983.29,6334.77,0,10500,7128,5086,3298,1668,2.855,318,46,57,40,702,52,8.681,29,20,1,5.0,2.707,5.732,5.321,48%,MAINTAIN,885.23,885.23,0.0,11.557,4339.6,11330.39,14.0,20.11,0.0,16.926,6334.77,-31.72,-31.5,0.0,82,63.72,Signals are within normal range; maintain current strategy.
2026-09-06,GR-BODYLOT-400ML,GR-BODYLOT,Body Lotion,Body,400 ml,Influencer Video,13966,410,2.936,371,980.4,14,11.557,14,-1.85,1,Stable,395,20.11,0,19.62,11330.39,4339.6,0,6530,4766,3663,1737,1025,4.703,361,52,65,45,410,41,11.051,24,21,2,9.524,3.415,3.847,3.779,48%,MAINTAIN,980.4,980.4,0.0,11.383,4509.2,11322.04,13.0,20.38,0.0,11.557,4339.6,-1.51,3.91,0.0,82,67.57,Signals are within normal range; maintain current strategy.
2026-09-07,GR-BODYLOT-400ML,GR-BODYLOT,Body Lotion,Body,400 ml,Video,14989,431,2.875,350,994.62,13,11.383,13,5.28,3,Rising,376,20.38,0,18.45,11322.04,4509.2,51,5551,4160,2393,1107,559,1.459,120,17,21,15,431,43,12.286,26,21,1,4.762,3.016,1.346,1.072,48%,INCREASE_BUDGET,994.62,1193.54,20.0,6.096,2014.59,6250.69,8.0,30.82,0.0,11.383,4509.2,-46.45,-55.32,0.0,90,70.06,"Strong ROAS, positive profit, rising sales and sufficient inventory."
2026-09-08,GR-BODYLOT-400ML,GR-BODYLOT,Body Lotion,Body,400 ml,Video,13924,403,2.894,340,1025.41,8,6.096,8,2.43,1,Stable,364,30.82,0,11.82,6250.69,2014.59,0,7414,4520,2947,1891,635,4.078,312,45,56,39,403,21,6.176,11,8,0,0.0,1.985,6.308,5.45,48%,MAINTAIN,1025.41,1025.41,0.0,12.382,5429.34,12761.36,17.0,16.53,0.0,6.096,2014.59,103.12,169.5,1.0,82,69.72,Signals are within normal range; maintain current strategy.
2026-09-09,GR-BODYLOT-400ML,GR-BODYLOT,Body Lotion,Body,400 ml,Carousel,17807,503,2.825,458,1030.66,17,12.382,17,3.59,1,Stable,343,16.53,0,20.77,12761.36,5429.34,0,0,0,0,0,0,3.007,294,42,53,37,503,55,12.009,32,25,1,4.0,3.38,5.612,5.192,48%,INCREASE_BUDGET,1030.66,1236.79,20.0,10.401,4323.57,10363.42,14.0,18.74,0.0,12.382,5429.34,-16.0,-20.37,0.0,90,67.59,"Strong ROAS, positive profit, rising sales and sufficient inventory."
2026-09-10,GR-BODYLOT-400ML,GR-BODYLOT,Body Lotion,Body,400 ml,Image,17818,557,3.126,382,996.43,14,10.401,14,-3.99,2,Stable,326,18.74,0,17.4,10363.42,4323.57,0,0,0,0,0,0,3.467,339,49,61,43,557,35,9.162,21,14,0,0.0,2.513,6.461,6.26,48%,MAINTAIN,996.43,996.43,0.0,5.548,2199.34,6772.41,9.0,20.34,0.0,10.401,4323.57,-46.66,-49.13,0.0,82,65.04,Signals are within normal range; maintain current strategy.
2026-09-11,GR-BODYLOT-400ML,GR-BODYLOT,Body Lotion,Body,400 ml,Image,12337,342,2.772,257,1220.66,9,5.548,9,21.99,1,Rising,311,20.34,0,15.28,6772.41,2199.34,0,0,0,0,0,0,2.194,148,21,27,18,342,32,12.451,16,13,0,0.0,2.632,5.624,4.876,48%,INCREASE_BUDGET,1220.66,1464.79,20.0,9.888,4177.59,11296.38,14.0,19.84,0.0,5.548,2199.34,78.23,89.95,1.0,90,73.51,"Strong ROAS, positive profit, rising sales and sufficient inventory."
2026-09-12,GR-BODYLOT-400ML,GR-BODYLOT,Body Lotion,Body,400 ml,Carousel,22581,778,3.445,602,1142.41,14,9.888,14,2.93,2,Stable,296,19.84,0,14.91,11296.38,4177.59,0,0,0,0,0,0,2.669,331,48,60,42,778,46,7.641,19,14,0,0.0,1.799,6.284,5.828,48%,MAINTAIN,1142.41,1142.41,0.0,10.77,5254.56,13159.07,14.0,16.61,0.0,9.888,4177.59,8.92,25.78,1.0,82,65.84,Signals are within normal range; maintain current strategy.
2026-09-13,GR-BODYLOT-400ML,GR-BODYLOT,Body Lotion,Body,400 ml,Carousel,17640,519,2.942,415,1221.87,14,10.77,14,11.24,2,Rising,279,16.61,0,16.8,13159.07,5254.56,45,0,0,0,0,0,3.263,316,46,57,40,519,33,7.952,18,14,0,0.0,2.697,2.78,2.148,48%,INCREASE_BUDGET,1221.87,1466.24,20.0,13.095,4895.86,11703.68,14.0,16.55,0.0,10.77,5254.56,21.59,-6.83,1.0,90,66.12,"Strong ROAS, positive profit, rising sales and sufficient inventory."
2026-09-14,GR-BODYLOT-400ML,GR-BODYLOT,Body Lotion,Body,400 ml,Video,15075,417,2.766,292,893.76,14,13.095,14,4.49,2,Stable,263,16.55,0,15.9,11703.68,4895.86,32,8041,5480,2568,1690,836,3.351,277,40,50,35,417,42,14.384,22,17,0,0.0,3.357,6.906,5.821,48%,INCREASE_BUDGET,893.76,1072.51,20.0,10.364,4007.86,9660.59,13.0,16.65,0.0,13.095,4895.86,-20.86,-18.14,0.0,90,69.56,"Strong ROAS, positive profit, rising sales and sufficient inventory."
2026-09-15,GR-BODYLOT-400ML,GR-BODYLOT,Body Lotion,Body,400 ml,Image,17522,400,2.283,302,932.14,13,10.364,13,7.91,3,Rising,248,16.65,0,14.91,9660.59,4007.86,0,0,0,0,0,0,2.834,273,39,49,34,400,35,11.589,17,14,0,0.0,3.25,4.444,3.481,48%,INCREASE_BUDGET,932.14,1118.57,20.0,12.804,6037.94,14022.67,17.0,8.84,0.0,10.364,4007.86,23.54,50.65,1.0,90,68.2,"Strong ROAS, positive profit, rising sales and sufficient inventory."
2026-09-16,GR-BODYLOT-400ML,GR-BODYLOT,Body Lotion,Body,400 ml,Video,17861,577,3.231,460,1095.19,17,12.804,17,12.81,2,Rising,223,8.84,0,25.23,14022.67,6037.94,35,9326,6626,3612,2147,1546,4.211,413,60,75,52,577,45,9.783,21,18,1,5.556,2.946,4.365,3.948,48%,MAINTAIN,1095.19,1095.19,0.0,11.886,5622.51,13447.49,14.0,12.91,0.0,12.804,6037.94,-7.17,-6.88,0.0,90,63.92,Signals are within normal range; maintain current strategy.
2026-09-17,GR-BODYLOT-400ML,GR-BODYLOT,Body Lotion,Body,400 ml,Video,23480,604,2.572,440,1131.34,14,11.886,14,5.67,3,Rising,207,12.91,0,16.03,13447.49,5622.51,84,9958,6938,4983,2985,1655,3.517,454,66,82,57,604,39,8.864,18,14,0,0.0,2.318,4.854,3.996,48%,INCREASE_BUDGET,1131.34,1357.61,20.0,4.562,1497.74,5302.45,7.0,17.9,0.0,11.886,5622.51,-61.62,-73.36,0.0,90,63.84,"Strong ROAS, positive profit, rising sales and sufficient inventory."
2026-09-18,GR-BODYLOT-400ML,GR-BODYLOT,Body Lotion,Body,400 ml,Carousel,11057,316,2.858,259,1162.26,7,4.562,7,-5.13,0,Falling,196,17.9,0,10.95,5302.45,1497.74,0,0,0,0,0,0,4.16,253,36,46,32,316,16,6.178,8,7,0,0.0,2.215,4.15,3.955,48%,MAINTAIN,1162.26,1162.26,0.0,27.898,12413.77,27130.14,29.0,5.17,0.0,4.562,1497.74,511.53,728.83,1.0,82,59.53,Signals are within normal range; maintain current strategy.
2026-09-19,GR-BODYLOT-400ML,GR-BODYLOT,Body Lotion,Body,400 ml,Video,29282,946,3.231,784,972.49,29,27.898,29,4.92,2,Stable,164,5.17,0,31.77,27130.14,12413.77,83,11526,8571,5126,3341,1892,3.231,520,75,94,66,946,89,11.352,48,41,2,4.878,3.066,4.706,3.347,48%,MAINTAIN,972.49,972.49,0.0,10.72,3654.4,9707.65,12.0,8.68,0.0,27.898,12413.77,-61.57,-70.56,0.0,82,61.68,Signals are within normal range; maintain current strategy.
2026-09-20,GR-BODYLOT-400ML,GR-BODYLOT,Body Lotion,Body,400 ml,Video,14878,421,2.83,309,905.6,12,10.72,12,3.64,2,Stable,147,8.68,0,16.96,9707.65,3654.4,0,5994,4402,2716,1114,570,3.371,275,40,50,35,421,31,10.032,17,13,1,7.692,2.85,7.364,7.089,48%,MAINTAIN,905.6,905.6,0.0,16.232,7272.77,17648.21,22.0,3.87,0.0,10.72,3654.4,51.42,99.01,1.0,90,62.19,Signals are within normal range; maintain current strategy.
2026-09-21,GR-BODYLOT-400ML,GR-BODYLOT,Body Lotion,Body,400 ml,Carousel,18532,580,3.13,390,1087.23,22,16.232,22,6.59,3,Rising,117,3.87,0,30.27,17648.21,7272.77,0,0,0,0,0,0,4.434,451,65,82,57,580,49,12.564,28,23,1,4.348,3.793,5.403,5.309,48%,PROTECT_INVENTORY,1087.23,706.7,-35.0,12.404,5180.04,12860.98,14.0,5.59,0.0,16.232,7272.77,-23.58,-28.77,0.0,82,62.28,Inventory is close to stockout; protect availability before scaling ads.
2026-09-22,GR-BODYLOT-400ML,GR-BODYLOT,Body Lotion,Body,400 ml,Video,19088,476,2.494,411,1036.88,14,12.404,14,3.12,2,Stable,99,5.59,0,17.76,12860.98,5180.04,31,9368,7601,5008,3228,2098,3.813,400,58,72,50,476,61,14.842,32,26,1,3.846,2.941,7.244,7.391,48%,MAINTAIN,1036.88,1036.88,0.0,12.562,5597.93,14172.25,12.0,7.06,0.0,12.404,5180.04,1.27,8.07,1.0,82,64.15,Signals are within normal range; maintain current strategy.
2026-09-23,GR-BODYLOT-400ML,GR-BODYLOT,Body Lotion,Body,400 ml,Image,16582,479,2.889,356,1128.16,12,12.562,12,6.75,1,Rising,87,7.06,0,12.31,14172.25,5597.93,72,0,0,0,0,0,3.462,315,45,57,40,479,31,8.708,15,12,0,0.0,2.505,5.497,5.113,48%,MAINTAIN,1128.16,1128.16,0.0,4.33,1405.16,5433.22,7.0,5.71,0.0,12.562,5597.93,-65.53,-74.9,0.0,90,61.01,Signals are within normal range; maintain current strategy.
2026-09-24,GR-BODYLOT-400ML,GR-BODYLOT,Body Lotion,Body,400 ml,Influencer Video,14758,335,2.27,251,1254.84,7,4.33,7,5.05,1,Rising,74,5.71,0,12.97,5433.22,1405.16,0,6105,4526,3151,2303,1357,4.627,375,54,68,47,335,25,9.96,9,7,0,0.0,2.09,5.91,5.932,48%,MAINTAIN,1254.84,1254.84,0.0,7.978,2872.09,8007.8,9.0,5.3,0.0,4.33,1405.16,84.25,104.4,1.0,82,56.91,Signals are within normal range; maintain current strategy.
2026-09-25,GR-BODYLOT-400ML,GR-BODYLOT,Body Lotion,Body,400 ml,Carousel,18491,550,2.974,432,1003.73,9,7.978,9,5.15,1,Rising,62,5.3,0,11.75,8007.8,2872.09,22,0,0,0,0,0,3.211,326,47,59,41,550,29,6.713,14,9,0,0.0,1.636,3.137,2.74,48%,MAINTAIN,1003.73,1003.73,0.0,14.968,6308.66,15092.97,18.0,1.31,0.0,7.978,2872.09,87.62,119.65,1.0,74,58.31,Signals are within normal range; maintain current strategy.
2026-09-26,GR-BODYLOT-400ML,GR-BODYLOT,Body Lotion,Body,400 ml,Carousel,21149,623,2.946,493,1008.32,18,14.968,18,20.39,3,Rising,35,1.31,0,26.96,15092.97,6308.66,26,0,0,0,0,0,4.267,496,72,90,63,623,46,9.331,25,19,1,5.263,2.889,6.379,5.735,48%,PROTECT_INVENTORY,1008.32,655.41,-35.0,12.439,4575.79,11428.23,12.0,1.45,0.0,14.968,6308.66,-16.9,-27.47,0.0,82,61.33,Inventory is close to stockout; protect availability before scaling ads.
2026-09-27,GR-BODYLOT-400ML,GR-BODYLOT,Body Lotion,Body,400 ml,Video,19042,519,2.726,344,918.77,12,12.439,12,18.99,1,Rising,21,1.45,0,14.43,11428.23,4575.79,72,9214,7278,3721,2076,1159,4.915,514,74,93,65,519,28,8.14,17,13,1,7.692,2.312,5.289,4.84,48%,PROTECT_INVENTORY,918.77,597.2,-35.0,9.92,4525.96,11646.75,15.0,0.1,0.0,12.439,4575.79,-20.25,-1.09,0.0,82,60.23,Inventory is close to stockout; protect availability before scaling ads.
2026-09-28,GR-BODYLOT-400ML,GR-BODYLOT,Body Lotion,Body,400 ml,Video,18386,467,2.54,378,1174.04,15,9.92,15,9.86,1,Rising,2,0.1,0,19.0,11646.75,4525.96,0,9067,7040,5083,3217,1733,3.773,381,55,69,48,467,48,12.698,28,22,1,4.545,3.212,2.758,2.207,48%,PROTECT_INVENTORY,1174.04,763.13,-35.0,,,,,,,9.92,4525.96,,,,82,61.15,Inventory is close to stockout; protect availability before scaling ads.
2026-09-01,GR-COMBO-FULL,GR-COMBO,Glow Combo,Combos,Full (30ml + 150ml),Video,17374,927,5.336,710,1582.83,26,18.527,26,-8.05,6,Falling,697,21.98,0,31.73,29324.95,13485.61,107,9359,7310,4809,3035,1891,2.697,257,37,46,32,927,80,11.268,37,27,1,3.704,2.805,4.036,3.655,51%,MAINTAIN,1582.83,1582.83,0.0,23.475,20054.51,44027.47,51.0,11.78,0.0,18.527,13485.61,26.71,48.71,1.0,82,68.03,Signals are within normal range; maintain current strategy.
2026-09-02,GR-COMBO-FULL,GR-COMBO,Glow Combo,Combos,Full (30ml + 150ml),Video,23457,1292,5.508,1044,1875.49,51,23.475,51,1.31,9,Stable,643,11.78,0,54.55,44027.47,20054.51,0,14695,11329,6365,3714,2036,3.949,509,74,92,64,1292,132,12.644,62,57,6,10.526,3.947,5.353,4.814,51%,MAINTAIN,1875.49,1875.49,0.0,23.07,16036.41,33391.11,36.0,14.76,0.0,23.475,20054.51,-1.73,-20.04,0.0,90,65.83,Signals are within normal range; maintain current strategy.
2026-09-03,GR-COMBO-FULL,GR-COMBO,Glow Combo,Combos,Full (30ml + 150ml),Influencer Video,24595,1314,5.343,929,1447.38,36,23.07,36,-0.14,4,Stable,602,14.76,0,40.79,33391.11,16036.41,136,10907,7935,4271,2747,1315,4.402,595,86,108,75,1314,117,12.594,46,38,2,5.263,2.74,3.628,2.953,51%,MAINTAIN,1447.38,1447.38,0.0,13.869,11784.62,27395.8,32.0,15.39,0.0,23.07,16036.41,-39.88,-26.51,0.0,82,67.0,Signals are within normal range; maintain current strategy.
2026-09-04,GR-COMBO-FULL,GR-COMBO,Glow Combo,Combos,Full (30ml + 150ml),Video,23621,1373,5.813,896,1975.38,32,13.869,32,7.49,5,Rising,565,15.39,0,36.72,27395.8,11784.62,0,9476,6753,5740,3056,1477,2.27,294,42,53,37,1373,88,9.821,39,34,2,5.882,2.331,5.859,4.962,51%,INCREASE_BUDGET,1975.38,2370.46,20.0,29.711,27540.13,57043.32,61.0,6.23,0.0,13.869,11784.62,114.23,133.7,1.0,90,66.76,"Strong ROAS, positive profit, rising sales and sufficient inventory."
2026-09-05,GR-COMBO-FULL,GR-COMBO,Glow Combo,Combos,Full (30ml + 150ml),Influencer Video,37515,1878,5.006,1480,1919.95,61,29.711,61,4.04,12,Stable,487,6.23,0,78.21,57043.32,27540.13,220,20885,15200,12920,8171,4210,5.454,1125,163,204,143,1878,162,10.946,75,64,3,4.688,3.248,6.246,5.447,51%,MAINTAIN,1919.95,1919.95,0.0,25.733,21953.45,43657.57,55.0,7.87,0.0,29.711,27540.13,-13.39,-20.29,0.0,82,62.33,Signals are within normal range; maintain current strategy.
2026-09-06,GR-COMBO-FULL,GR-COMBO,Glow Combo,Combos,Full (30ml + 150ml),Image,30486,1419,4.655,1089,1696.55,55,25.733,55,1.95,11,Stable,432,7.87,0,54.9,43657.57,21953.45,0,0,0,0,0,0,4.38,734,106,133,93,1419,136,12.489,81,58,3,5.172,3.876,4.467,4.039,51%,MAINTAIN,1696.55,1696.55,0.0,23.9,16942.27,36990.11,43.0,9.28,0.0,25.733,21953.45,-7.12,-22.83,0.0,90,63.89,Signals are within normal range; maintain current strategy.
2026-09-07,GR-COMBO-FULL,GR-COMBO,Glow Combo,Combos,Full (30ml + 150ml),Influencer Video,26639,1414,5.308,1127,1547.73,43,23.9,43,3.74,4,Stable,390,9.28,0,42.01,36990.11,16942.27,0,13048,9844,6034,3631,2015,2.326,340,49,61,43,1414,118,10.47,52,45,2,4.444,3.041,4.266,3.96,51%,MAINTAIN,1547.73,1547.73,0.0,23.391,17844.97,35203.65,45.0,5.87,0.0,23.9,16942.27,-2.13,5.33,0.0,90,63.44,Signals are within normal range; maintain current strategy.
2026-09-08,GR-COMBO-FULL,GR-COMBO,Glow Combo,Combos,Full (30ml + 150ml),Image,27960,1372,4.907,1016,1505.03,45,23.391,45,1.17,9,Stable,333,5.87,0,56.82,35203.65,17844.97,0,0,0,0,0,0,4.392,675,98,122,85,1372,95,9.35,61,47,2,4.255,3.28,4.314,3.427,51%,MAINTAIN,1505.03,1505.03,0.0,13.085,12093.98,27426.77,33.0,7.56,0.0,23.391,17844.97,-44.06,-32.23,0.0,82,60.38,Signals are within normal range; maintain current strategy.
2026-09-09,GR-COMBO-FULL,GR-COMBO,Glow Combo,Combos,Full (30ml + 150ml),Carousel,19383,908,4.685,793,2096.02,33,13.085,33,6.0,7,Rising,294,7.56,0,38.95,27426.77,12093.98,0,0,0,0,0,0,4.554,485,70,88,61,908,96,12.106,51,40,3,7.5,3.634,4.641,4.665,51%,MAINTAIN,2096.02,2096.02,0.0,16.762,12864.53,29425.17,34.0,7.17,0.0,13.085,12093.98,28.1,6.37,1.0,90,64.26,Signals are within normal range; maintain current strategy.
2026-09-10,GR-COMBO-FULL,GR-COMBO,Glow Combo,Combos,Full (30ml + 150ml),Influencer Video,19699,1091,5.538,871,1755.47,34,16.762,34,0.63,3,Stable,258,7.17,0,36.01,29425.17,12864.53,0,8006,5962,4795,2814,1562,4.598,498,72,90,63,1091,117,13.433,66,46,4,8.696,3.116,5.091,4.445,51%,MAINTAIN,1755.47,1755.47,0.0,20.828,16838.08,34406.27,43.0,4.46,0.0,16.762,12864.53,24.26,30.89,1.0,90,63.99,Signals are within normal range; maintain current strategy.
2026-09-11,GR-COMBO-FULL,GR-COMBO,Glow Combo,Combos,Full (30ml + 150ml),Image,25884,1428,5.517,1116,1651.92,43,20.828,43,10.54,4,Rising,211,4.46,0,47.35,34406.27,16838.08,0,0,0,0,0,0,3.973,565,82,102,71,1428,120,10.753,49,45,2,4.444,3.011,2.305,1.911,51%,MAINTAIN,1651.92,1651.92,0.0,22.229,17743.6,35708.67,45.0,2.74,0.0,20.828,16838.08,6.73,5.38,1.0,82,62.6,Signals are within normal range; maintain current strategy.
2026-09-12,GR-COMBO-FULL,GR-COMBO,Glow Combo,Combos,Full (30ml + 150ml),Video,22561,1153,5.111,984,1606.4,45,22.229,45,10.58,8,Rising,155,2.74,0,56.36,35708.67,17743.6,0,8932,6247,4247,3045,1341,2.762,342,49,62,43,1153,150,15.244,71,60,3,5.0,3.903,3.849,3.193,51%,PROTECT_INVENTORY,1606.4,1044.16,-35.0,20.375,15178.36,32429.75,39.0,2.61,0.0,22.229,17743.6,-8.34,-14.46,0.0,82,65.12,Inventory is close to stockout; protect availability before scaling ads.
2026-09-13,GR-COMBO-FULL,GR-COMBO,Glow Combo,Combos,Full (30ml + 150ml),Influencer Video,27683,1152,4.161,860,1591.64,39,20.375,39,6.49,7,Rising,112,2.61,0,42.86,32429.75,15178.36,0,13043,7721,3763,2233,1180,3.821,581,84,105,74,1152,96,11.163,56,44,3,6.818,3.385,3.657,2.776,51%,PROTECT_INVENTORY,1591.64,1034.57,-35.0,15.079,11982.51,26897.09,24.0,2.48,0.0,20.375,15178.36,-25.99,-21.06,0.0,82,61.18,Inventory is close to stockout; protect availability before scaling ads.
2026-09-14,GR-COMBO-FULL,GR-COMBO,Glow Combo,Combos,Full (30ml + 150ml),Influencer Video,18546,874,4.713,674,1783.76,24,15.079,24,7.31,5,Rising,80,2.48,0,32.13,26897.09,11982.51,96,6996,5396,3941,2507,1423,2.847,290,42,52,36,874,60,8.902,29,26,2,7.692,2.746,2.827,1.744,51%,PROTECT_INVENTORY,1783.76,1159.44,-35.0,25.843,21059.92,44710.8,53.0,0.62,0.0,15.079,11982.51,71.38,75.76,1.0,82,59.58,Inventory is close to stockout; protect availability before scaling ads.
2026-09-15,GR-COMBO-FULL,GR-COMBO,Glow Combo,Combos,Full (30ml + 150ml),Video,30074,1464,4.868,1203,1730.08,53,25.843,53,15.1,11,Rising,31,0.62,0,48.99,44710.8,21059.92,0,15217,11161,7628,4723,3330,3.177,525,76,95,66,1464,170,14.131,95,74,6,8.108,3.62,5.803,5.507,51%,PROTECT_INVENTORY,1730.08,1124.55,-35.0,19.156,14642.66,32514.68,38.0,0.0,1.0,25.843,21059.92,-25.88,-30.47,0.0,82,64.13,Inventory is close to stockout; protect availability before scaling ads.
2026-09-16,GR-COMBO-FULL,GR-COMBO,Glow Combo,Combos,Full (30ml + 150ml),Image,19624,999,5.091,765,1697.34,38,19.156,38,13.64,4,Rising,0,0.0,1,38.9,32514.68,14642.66,0,0,0,0,0,0,3.877,418,60,76,53,999,123,16.078,57,44,1,2.273,3.804,5.894,4.781,51%,PROTECT_INVENTORY,1697.34,1103.27,-35.0,24.21,15039.7,31480.14,38.0,0.0,1.0,19.156,14642.66,26.38,2.71,1.0,82,64.99,Inventory is close to stockout; protect availability before scaling ads.
2026-09-17,GR-COMBO-FULL,GR-COMBO,Glow Combo,Combos,Full (30ml + 150ml),Influencer Video,28980,1582,5.459,1128,1300.3,38,24.21,38,13.2,4,Rising,0,0.0,1,45.29,31480.14,15039.7,0,11958,9595,5694,3638,2150,4.439,707,102,128,90,1582,146,12.943,49,41,3,7.317,2.402,5.277,4.764,51%,PROTECT_INVENTORY,1300.3,845.2,-35.0,17.862,14243.63,29765.09,37.0,0.0,1.0,24.21,15039.7,-26.22,-5.29,0.0,82,62.55,Inventory is close to stockout; protect availability before scaling ads.
2026-09-18,GR-COMBO-FULL,GR-COMBO,Glow Combo,Combos,Full (30ml + 150ml),Carousel,25204,1492,5.92,1178,1666.37,37,17.862,37,9.81,7,Rising,0,0.0,1,45.62,29765.09,14243.63,0,0,0,0,0,0,2.925,405,58,73,51,1492,100,8.489,55,42,5,11.905,2.48,6.474,5.522,51%,PROTECT_INVENTORY,1666.37,1083.14,-35.0,23.098,19476.73,39451.57,47.0,0.0,1.0,17.862,14243.63,29.31,36.74,1.0,82,58.53,Inventory is close to stockout; protect availability before scaling ads.
2026-09-19,GR-COMBO-FULL,GR-COMBO,Glow Combo,Combos,Full (30ml + 150ml),Image,30270,2002,6.614,1567,1708.04,47,23.098,47,15.83,5,Rising,0,0.0,1,56.37,39451.57,19476.73,111,0,0,0,0,0,4.208,700,101,127,89,2002,128,8.168,63,50,3,6.0,2.348,6.401,6.25,51%,PROTECT_INVENTORY,1708.04,1110.23,-35.0,26.674,26317.31,55825.12,59.0,0.0,1.0,23.098,19476.73,15.48,35.12,1.0,82,59.49,Inventory is close to stockout; protect availability before scaling ads.
2026-09-20,GR-COMBO-FULL,GR-COMBO,Glow Combo,Combos,Full (30ml + 150ml),Video,24820,1429,5.757,1147,2092.91,59,26.674,59,23.69,7,Rising,0,0.0,1,68.65,55825.12,26317.31,175,13704,11663,8203,3725,2468,4.552,621,90,112,79,1429,133,11.595,77,65,5,7.692,4.129,3.519,2.926,51%,PROTECT_INVENTORY,2092.91,1360.39,-35.0,23.432,19877.07,42682.96,36.0,0.0,1.0,26.674,26317.31,-12.15,-24.47,0.0,82,63.63,Inventory is close to stockout; protect availability before scaling ads.
2026-09-21,GR-COMBO-FULL,GR-COMBO,Glow Combo,Combos,Full (30ml + 150ml),Influencer Video,20243,1241,6.131,1012,1821.58,36,23.432,36,5.02,4,Rising,0,0.0,1,40.37,42682.96,19877.07,192,7035,5663,4514,2864,1250,3.267,363,52,66,46,1241,99,9.783,49,38,2,5.263,2.901,4.457,3.951,51%,PROTECT_INVENTORY,1821.58,1184.03,-35.0,31.501,25534.0,54416.19,59.0,0.0,1.0,23.432,19877.07,34.44,28.46,1.0,82,58.54,Inventory is close to stockout; protect availability before scaling ads.
2026-09-22,GR-COMBO-FULL,GR-COMBO,Glow Combo,Combos,Full (30ml + 150ml),Video,27654,1381,4.994,982,1727.46,59,31.501,59,17.22,14,Rising,0,0.0,1,59.34,54416.19,25534.0,56,16780,12214,7423,4073,2353,4.313,655,95,119,83,1381,131,13.34,84,69,6,8.696,4.272,6.096,5.611,51%,PROTECT_INVENTORY,1727.46,1122.85,-35.0,27.076,20485.4,43011.39,29.0,0.0,1.0,31.501,25534.0,-14.05,-19.77,0.0,82,63.65,Inventory is close to stockout; protect availability before scaling ads.
2026-09-23,GR-COMBO-FULL,GR-COMBO,Glow Combo,Combos,Full (30ml + 150ml),Video,29944,1636,5.464,1053,1588.52,29,27.076,29,9.36,5,Rising,0,0.0,1,37.51,43011.39,20485.4,230,13109,10842,6936,4353,2531,5.197,855,124,155,108,1636,110,10.446,38,30,1,3.333,1.773,3.7,3.014,51%,PROTECT_INVENTORY,1588.52,1032.54,-35.0,13.122,11834.05,25272.82,32.0,0.0,1.0,27.076,20485.4,-51.54,-42.23,0.0,74,59.91,Inventory is close to stockout; protect availability before scaling ads.
2026-09-24,GR-COMBO-FULL,GR-COMBO,Glow Combo,Combos,Full (30ml + 150ml),Influencer Video,24642,1028,4.172,751,1925.95,32,13.122,32,11.19,7,Rising,0,0.0,1,37.81,25272.82,11834.05,0,11258,9259,6620,4052,2161,4.42,599,87,108,76,1028,97,12.916,38,34,2,5.882,3.113,5.056,4.225,51%,PROTECT_INVENTORY,1925.95,1251.87,-35.0,10.839,9607.39,21705.67,27.0,0.0,1.0,13.122,11834.05,-17.4,-18.82,0.0,82,62.12,Inventory is close to stockout; protect availability before scaling ads.
2026-09-25,GR-COMBO-FULL,GR-COMBO,Glow Combo,Combos,Full (30ml + 150ml),Video,13771,675,4.902,542,2002.61,27,10.839,27,-1.36,5,Stable,0,0.0,1,30.2,21705.67,9607.39,0,6677,4717,3504,2586,1589,1.389,105,15,19,13,675,79,14.576,45,40,2,5.0,4.0,4.727,3.856,51%,PROTECT_INVENTORY,2002.61,1301.7,-35.0,23.218,24093.35,49608.28,61.0,0.0,1.0,10.839,9607.39,114.21,150.78,1.0,74,60.86,Inventory is close to stockout; protect availability before scaling ads.
2026-09-26,GR-COMBO-FULL,GR-COMBO,Glow Combo,Combos,Full (30ml + 150ml),Image,36916,1971,5.339,1416,2136.65,61,23.218,61,8.93,6,Rising,0,0.0,1,57.96,49608.28,24093.35,0,0,0,0,0,0,2.451,497,72,90,63,1971,180,12.712,96,72,6,8.333,3.095,7.272,6.246,51%,PROTECT_INVENTORY,2136.65,1388.82,-35.0,20.355,18151.29,37502.65,34.0,0.0,1.0,23.218,24093.35,-12.33,-24.66,0.0,82,61.52,Inventory is close to stockout; protect availability before scaling ads.
2026-09-27,GR-COMBO-FULL,GR-COMBO,Glow Combo,Combos,Full (30ml + 150ml),Video,19303,1112,5.761,819,1842.46,34,20.355,34,11.8,7,Rising,0,0.0,1,36.86,37502.65,18151.29,129,9090,6889,5259,2908,1483,3.693,392,57,71,49,1112,94,11.477,40,35,1,2.857,3.058,3.823,3.737,51%,PROTECT_INVENTORY,1842.46,1197.6,-35.0,20.42,17673.6,37442.87,31.0,0.0,1.0,20.355,18151.29,0.32,-2.63,1.0,82,61.17,Inventory is close to stockout; protect availability before scaling ads.
2026-09-28,GR-COMBO-FULL,GR-COMBO,Glow Combo,Combos,Full (30ml + 150ml),Influencer Video,20608,1003,4.867,758,1833.68,31,20.42,31,-1.27,4,Stable,0,0.0,1,37.38,37442.87,17673.6,149,10259,8223,5280,2546,1524,3.897,441,64,80,56,1003,144,18.997,79,68,5,7.353,3.091,6.809,6.258,51%,PROTECT_INVENTORY,1833.68,1191.89,-35.0,,,,,,,20.42,17673.6,,,,74,64.19,Inventory is close to stockout; protect availability before scaling ads.
2026-09-01,GR-COMBO-STARTER,GR-COMBO,Glow Combo,Combos,Starter (15ml + 100ml),Image,24140,751,3.111,565,1976.99,22,7.197,22,11.04,2,Rising,639,23.97,0,26.67,14227.45,4196.69,79,0,0,0,0,0,2.816,373,54,67,47,751,96,16.991,61,48,2,4.167,2.929,3.731,3.218,43%,INCREASE_BUDGET,1976.99,2372.39,20.0,4.477,2244.12,9742.4,17.0,33.61,0.0,7.197,4196.69,-37.79,-46.53,0.0,90,75.54,"Strong ROAS, positive profit, rising sales and sufficient inventory."
2026-09-02,GR-COMBO-STARTER,GR-COMBO,Glow Combo,Combos,Starter (15ml + 100ml),Carousel,26186,929,3.548,701,2175.88,17,4.477,17,0.48,2,Stable,621,33.61,0,18.47,9742.4,2244.12,0,0,0,0,0,0,3.847,554,80,100,70,929,49,6.99,23,18,1,5.556,1.83,5.642,4.609,43%,MAINTAIN,2175.88,2175.88,0.0,6.844,3770.06,12165.55,16.0,29.2,0.0,4.477,2244.12,52.87,68.0,1.0,82,65.8,Signals are within normal range; maintain current strategy.
2026-09-03,GR-COMBO-STARTER,GR-COMBO,Glow Combo,Combos,Starter (15ml + 100ml),Influencer Video,18492,657,3.553,442,1777.66,16,6.844,16,3.83,1,Stable,600,29.2,0,20.55,12165.55,3770.06,72,8265,5323,2709,1426,829,3.71,377,54,68,48,657,50,11.312,22,16,0,0.0,2.435,3.137,2.833,43%,INCREASE_BUDGET,1777.66,2133.19,20.0,8.906,4755.73,13902.06,21.0,25.9,0.0,6.844,3770.06,30.13,26.14,1.0,90,72.45,"Strong ROAS, positive profit, rising sales and sufficient inventory."
2026-09-04,GR-COMBO-STARTER,GR-COMBO,Glow Combo,Combos,Starter (15ml + 100ml),Video,23455,711,3.031,551,1560.95,21,8.906,21,-0.03,2,Stable,578,25.9,0,22.32,13902.06,4755.73,33,10363,8213,6542,4015,2864,3.563,459,66,83,58,711,83,15.064,49,38,5,13.158,2.954,6.392,5.731,43%,FIX_PAYMENT,1560.95,1560.95,0.0,12.174,8073.65,22474.94,31.0,14.47,0.0,8.906,4755.73,36.69,69.77,1.0,82,72.84,Payment failure rate is unusually high; conversion is leaking at payment.
2026-09-05,GR-COMBO-STARTER,GR-COMBO,Glow Combo,Combos,Starter (15ml + 100ml),Image,26392,923,3.497,709,1846.11,31,12.174,31,3.07,7,Stable,541,14.47,0,37.36,22474.94,8073.65,126,0,0,0,0,0,3.984,578,84,105,73,923,78,11.001,40,31,0,0.0,3.359,3.632,3.247,43%,INCREASE_BUDGET,1846.11,2215.33,20.0,8.051,5995.97,18711.15,32.0,11.15,0.0,12.174,8073.65,-33.87,-25.73,0.0,90,64.7,"Strong ROAS, positive profit, rising sales and sufficient inventory."
2026-09-06,GR-COMBO-STARTER,GR-COMBO,Glow Combo,Combos,Starter (15ml + 100ml),Video,31025,934,3.01,762,2324.03,32,8.051,32,7.56,4,Rising,496,11.15,0,44.5,18711.15,5995.97,0,7756,5413,3966,2013,974,4.211,718,104,130,91,934,103,13.517,44,37,3,8.108,3.426,4.406,4.562,43%,INCREASE_BUDGET,2324.03,2788.84,20.0,7.079,4170.65,14337.94,19.0,17.77,0.0,8.051,5995.97,-12.07,-30.44,0.0,90,65.82,"Strong ROAS, positive profit, rising sales and sufficient inventory."
2026-09-07,GR-COMBO-STARTER,GR-COMBO,Glow Combo,Combos,Starter (15ml + 100ml),Carousel,22010,589,2.676,523,2025.44,19,7.079,19,9.27,4,Rising,470,17.77,0,26.44,14337.94,4170.65,49,0,0,0,0,0,3.444,416,60,75,53,589,64,12.237,27,22,1,4.545,3.226,5.322,4.389,43%,INCREASE_BUDGET,2025.44,2430.53,20.0,4.204,1932.28,9364.73,16.0,20.66,0.0,7.079,4170.65,-40.61,-53.67,0.0,90,68.52,"Strong ROAS, positive profit, rising sales and sufficient inventory."
2026-09-08,GR-COMBO-STARTER,GR-COMBO,Glow Combo,Combos,Starter (15ml + 100ml),Video,16878,562,3.33,368,2227.72,16,4.204,16,-6.4,1,Falling,448,20.66,0,21.68,9364.73,1932.28,0,7925,6187,3548,2051,1155,3.119,289,42,52,36,562,35,9.511,19,16,0,0.0,2.847,5.028,4.061,43%,MAINTAIN,2227.72,2227.72,0.0,4.789,2023.64,8788.69,14.0,20.16,0.0,4.204,1932.28,13.92,4.73,1.0,82,60.01,Signals are within normal range; maintain current strategy.
2026-09-09,GR-COMBO-STARTER,GR-COMBO,Glow Combo,Combos,Starter (15ml + 100ml),Image,12207,369,3.023,313,1835.22,14,4.789,14,-12.06,3,Falling,427,20.16,0,21.18,8788.69,2023.64,15,0,0,0,0,0,1.893,127,18,23,16,369,46,14.696,26,19,1,5.263,3.794,6.022,5.143,43%,MAINTAIN,1835.22,1835.22,0.0,6.935,4830.32,15185.1,27.0,10.7,0.0,4.789,2023.64,44.81,138.69,1.0,82,66.02,Signals are within normal range; maintain current strategy.
2026-09-10,GR-COMBO-STARTER,GR-COMBO,Glow Combo,Combos,Starter (15ml + 100ml),Video,20851,710,3.405,554,2189.68,27,6.935,27,1.71,6,Stable,390,10.7,0,36.49,15185.1,4830.32,0,10043,6944,4293,2849,1486,4.662,534,77,97,68,710,72,12.996,33,27,0,0.0,3.803,2.936,2.47,43%,MAINTAIN,2189.68,2189.68,0.0,8.778,5305.74,15048.51,27.0,13.38,0.0,6.935,4830.32,26.58,9.84,1.0,90,64.04,Signals are within normal range; maintain current strategy.
2026-09-11,GR-COMBO-STARTER,GR-COMBO,Glow Combo,Combos,Starter (15ml + 100ml),Video,24655,857,3.476,631,1714.26,27,8.778,27,2.65,2,Stable,363,13.38,0,27.15,15048.51,5305.74,0,10163,7728,4558,2793,1383,3.289,445,64,81,56,857,68,10.777,36,30,1,3.333,3.151,7.092,6.531,43%,MAINTAIN,1714.26,1714.26,0.0,6.676,4282.61,14803.32,25.0,12.1,0.0,8.778,5305.74,-23.95,-19.28,0.0,90,63.9,Signals are within normal range; maintain current strategy.
2026-09-12,GR-COMBO-STARTER,GR-COMBO,Glow Combo,Combos,Starter (15ml + 100ml),Video,36627,1029,2.809,883,2217.39,25,6.676,25,5.06,6,Rising,335,12.1,0,27.72,14803.32,4282.61,0,18867,11587,8423,6016,3323,4.157,837,121,152,106,1029,80,9.06,39,27,2,7.407,2.43,2.873,2.787,43%,INCREASE_BUDGET,2217.39,2660.87,20.0,8.074,5345.1,15621.54,28.0,10.14,0.0,6.676,4282.61,20.94,24.81,1.0,90,62.46,"Strong ROAS, positive profit, rising sales and sufficient inventory."
2026-09-13,GR-COMBO-STARTER,GR-COMBO,Glow Combo,Combos,Starter (15ml + 100ml),Video,22372,786,3.513,649,1934.9,28,8.074,28,5.15,5,Rising,305,10.14,0,30.1,15621.54,5345.1,0,11106,8296,4847,2460,1089,4.711,579,84,105,73,786,86,13.251,50,42,3,7.143,3.562,6.59,5.869,43%,INCREASE_BUDGET,1934.9,2321.88,20.0,7.319,3977.52,13698.87,21.0,9.25,0.0,8.074,5345.1,-9.35,-25.59,0.0,90,64.64,"Strong ROAS, positive profit, rising sales and sufficient inventory."
2026-09-14,GR-COMBO-STARTER,GR-COMBO,Glow Combo,Combos,Starter (15ml + 100ml),Image,18605,639,3.435,541,1871.64,21,7.319,21,10.65,4,Rising,276,9.25,0,29.8,13698.87,3977.52,32,0,0,0,0,0,4.59,469,68,85,59,639,77,14.233,42,34,2,5.882,3.286,5.791,4.856,43%,MAINTAIN,1871.64,1871.64,0.0,7.911,5444.38,16739.41,20.0,10.01,0.0,7.319,3977.52,8.09,36.88,1.0,90,66.03,Signals are within normal range; maintain current strategy.
2026-09-15,GR-COMBO-STARTER,GR-COMBO,Glow Combo,Combos,Starter (15ml + 100ml),Carousel,27870,752,2.698,581,2116.1,20,7.911,20,2.5,2,Stable,251,10.01,0,25.03,16739.41,5444.38,98,0,0,0,0,0,3.133,480,69,87,61,752,58,9.983,26,21,1,4.762,2.66,6.814,5.869,43%,MAINTAIN,2116.1,2116.1,0.0,4.116,1396.09,7096.16,12.0,12.94,0.0,7.911,5444.38,-47.97,-74.36,0.0,90,61.59,Signals are within normal range; maintain current strategy.
2026-09-16,GR-COMBO-STARTER,GR-COMBO,Glow Combo,Combos,Starter (15ml + 100ml),Image,17709,544,3.072,394,1723.91,12,4.116,12,14.89,1,Rising,233,12.94,0,17.98,7096.16,1396.09,0,0,0,0,0,0,2.856,278,40,50,35,544,58,14.721,18,13,1,7.692,2.206,3.869,3.922,43%,INCREASE_BUDGET,1723.91,2068.69,20.0,9.917,5958.03,18266.04,30.0,5.52,0.0,4.116,1396.09,140.94,326.77,1.0,90,63.78,"Strong ROAS, positive profit, rising sales and sufficient inventory."
2026-09-17,GR-COMBO-STARTER,GR-COMBO,Glow Combo,Combos,Starter (15ml + 100ml),Image,28062,877,3.125,623,1841.97,30,9.917,30,11.47,4,Rising,197,5.52,0,35.67,18266.04,5958.03,0,0,0,0,0,0,4.342,670,97,121,85,877,96,15.409,48,39,2,5.128,3.421,1.343,1.0,43%,MAINTAIN,1841.97,1841.97,0.0,7.94,5333.95,15452.14,28.0,4.51,0.0,9.917,5958.03,-19.94,-10.47,0.0,82,65.21,Signals are within normal range; maintain current strategy.
2026-09-18,GR-COMBO-STARTER,GR-COMBO,Glow Combo,Combos,Starter (15ml + 100ml),Video,26634,936,3.514,687,1946.05,28,7.94,28,13.95,2,Rising,161,4.51,0,35.74,15452.14,5333.95,0,12747,8691,5428,3585,1969,3.688,540,78,98,68,936,91,13.246,54,42,3,7.143,2.991,4.924,5.027,43%,MAINTAIN,1946.05,1946.05,0.0,6.693,3283.03,11090.61,19.0,5.28,0.0,7.94,5333.95,-15.71,-38.45,0.0,82,63.58,Signals are within normal range; maintain current strategy.
2026-09-19,GR-COMBO-STARTER,GR-COMBO,Glow Combo,Combos,Starter (15ml + 100ml),Image,24992,782,3.129,578,1656.97,19,6.693,19,25.92,2,Rising,135,5.28,0,25.67,11090.61,3283.03,0,0,0,0,0,0,2.191,301,43,54,38,782,59,10.208,25,20,1,5.0,2.43,5.774,5.101,43%,MAINTAIN,1656.97,1656.97,0.0,6.927,3227.95,11047.36,16.0,5.73,0.0,6.693,3283.03,3.5,-1.68,1.0,82,64.08,Signals are within normal range; maintain current strategy.
2026-09-20,GR-COMBO-STARTER,GR-COMBO,Glow Combo,Combos,Starter (15ml + 100ml),Influencer Video,15293,500,3.269,386,1594.84,16,6.927,16,0.3,1,Stable,115,5.73,0,20.13,11047.36,3227.95,40,7092,4633,3135,1818,712,3.755,315,45,57,40,500,39,10.104,20,16,0,0.0,3.2,5.993,4.651,43%,MAINTAIN,1594.84,1594.84,0.0,6.402,3362.4,11763.5,20.0,3.83,0.0,6.927,3227.95,-7.58,4.17,0.0,82,59.1,Signals are within normal range; maintain current strategy.
2026-09-21,GR-COMBO-STARTER,GR-COMBO,Glow Combo,Combos,Starter (15ml + 100ml),Video,19294,613,3.177,516,1837.6,20,6.402,20,4.42,4,Stable,91,3.83,0,23.87,11763.5,3362.4,0,8229,5906,3657,2513,1112,3.737,396,57,72,50,613,65,12.597,33,29,2,6.897,3.263,7.839,7.535,43%,PROTECT_INVENTORY,1837.6,1194.44,-35.0,14.689,7247.48,19302.47,27.0,1.75,0.0,6.402,3362.4,129.44,115.54,1.0,82,60.85,Inventory is close to stockout; protect availability before scaling ads.
2026-09-22,GR-COMBO-STARTER,GR-COMBO,Glow Combo,Combos,Starter (15ml + 100ml),Influencer Video,32271,1153,3.573,958,1314.03,27,14.689,27,2.08,5,Stable,58,1.75,0,33.26,19302.47,7247.48,135,14820,12898,9277,6416,3725,3.767,668,97,121,85,1153,145,15.136,90,76,5,6.579,2.342,5.099,4.527,43%,PROTECT_INVENTORY,1314.03,854.12,-35.0,8.869,5494.35,15490.41,25.0,0.93,0.0,14.689,7247.48,-39.62,-24.19,0.0,82,61.24,Inventory is close to stockout; protect availability before scaling ads.
2026-09-23,GR-COMBO-STARTER,GR-COMBO,Glow Combo,Combos,Starter (15ml + 100ml),Video,28395,861,3.032,672,1746.49,25,8.869,25,18.85,3,Rising,28,0.93,0,30.23,15490.41,5494.35,67,12191,9176,6041,3522,1578,4.681,731,106,132,93,861,57,8.482,35,26,1,3.846,2.904,5.848,4.881,43%,PROTECT_INVENTORY,1746.49,1135.22,-35.0,6.14,3843.48,13601.58,22.0,0.08,0.0,8.869,5494.35,-30.77,-30.05,0.0,82,59.2,Inventory is close to stockout; protect availability before scaling ads.
2026-09-24,GR-COMBO-STARTER,GR-COMBO,Glow Combo,Combos,Starter (15ml + 100ml),Video,19075,674,3.533,538,2215.18,22,6.14,22,15.54,2,Rising,2,0.08,0,25.98,13601.58,3843.48,36,12673,9556,6969,3394,1955,3.878,406,59,73,51,674,95,17.658,51,43,1,2.326,3.264,6.44,5.908,43%,PROTECT_INVENTORY,2215.18,1439.87,-35.0,5.277,3090.89,12502.4,21.0,0.0,1.0,6.14,3843.48,-14.06,-19.58,0.0,82,64.99,Inventory is close to stockout; protect availability before scaling ads.
2026-09-25,GR-COMBO-STARTER,GR-COMBO,Glow Combo,Combos,Starter (15ml + 100ml),Image,24265,784,3.231,624,2369.11,21,5.277,21,7.78,3,Rising,0,0.0,1,26.25,12502.4,3090.89,0,0,0,0,0,0,1.35,180,26,32,22,784,76,12.179,33,28,1,3.571,2.679,5.839,5.496,43%,PROTECT_INVENTORY,2369.11,1539.92,-35.0,11.191,7648.09,22066.88,37.0,0.0,1.0,5.277,3090.89,112.07,147.44,1.0,82,59.29,Inventory is close to stockout; protect availability before scaling ads.
2026-09-26,GR-COMBO-STARTER,GR-COMBO,Glow Combo,Combos,Starter (15ml + 100ml),Image,28128,1080,3.84,807,1971.91,37,11.191,37,7.17,5,Rising,0,0.0,1,44.0,22066.88,7648.09,0,0,0,0,0,0,4.007,619,90,112,78,1080,122,15.118,64,54,4,7.407,3.426,6.421,6.208,43%,PROTECT_INVENTORY,1971.91,1281.74,-35.0,10.256,8391.29,22957.84,37.0,0.0,1.0,11.191,7648.09,-8.35,9.72,0.0,82,61.37,Inventory is close to stockout; protect availability before scaling ads.
2026-09-27,GR-COMBO-STARTER,GR-COMBO,Glow Combo,Combos,Starter (15ml + 100ml),Video,36440,1265,3.471,981,2238.57,37,10.256,37,-3.78,8,Stable,0,0.0,1,46.68,22957.84,8391.29,64,19543,13206,7072,5232,2509,3.837,769,111,139,97,1265,124,12.64,57,39,2,5.128,2.925,4.037,3.22,43%,PROTECT_INVENTORY,2238.57,1455.07,-35.0,5.766,3742.32,14402.69,24.0,0.0,1.0,10.256,8391.29,-43.78,-55.4,0.0,74,57.32,Inventory is close to stockout; protect availability before scaling ads.
2026-09-28,GR-COMBO-STARTER,GR-COMBO,Glow Combo,Combos,Starter (15ml + 100ml),Image,27063,808,2.986,590,2497.68,24,5.766,24,7.2,2,Rising,0,0.0,1,32.24,14402.69,3742.32,0,0,0,0,0,0,3.788,563,82,102,71,808,52,8.814,30,25,1,4.0,2.97,4.024,3.72,43%,PROTECT_INVENTORY,2497.68,1623.49,-35.0,,,,,,,5.766,3742.32,,,,82,56.65,Inventory is close to stockout; protect availability before scaling ads.
2026-09-01,GR-FACEWASH-100ML,GR-FACEWASH,Ubtan Face Wash,Skin,100 ml,Influencer Video,11684,710,6.077,620,1532.28,35,6.916,35,-11.45,5,Falling,782,17.98,0,43.52,10597.19,2743.98,106,4927,3823,2409,1220,720,4.178,268,39,48,34,710,83,13.387,42,37,2,5.405,4.93,3.603,3.268,40%,MAINTAIN,1532.28,1532.28,0.0,5.51,2444.86,9902.68,39.0,16.49,0.0,6.916,2743.98,-20.33,-10.9,0.0,82,64.74,Signals are within normal range; maintain current strategy.
2026-09-02,GR-FACEWASH-100ML,GR-FACEWASH,Ubtan Face Wash,Skin,100 ml,Image,25829,1076,4.166,845,1797.36,39,5.51,39,0.63,8,Stable,738,16.49,0,44.73,9902.68,2444.86,52,0,0,0,0,0,4.873,692,100,125,88,1076,98,11.598,48,43,4,9.302,3.625,6.973,6.693,40%,MAINTAIN,1797.36,1797.36,0.0,11.308,5623.24,16502.27,58.0,10.54,0.0,5.51,2444.86,105.23,130.0,1.0,90,65.07,Signals are within normal range; maintain current strategy.
2026-09-03,GR-FACEWASH-100ML,GR-FACEWASH,Ubtan Face Wash,Skin,100 ml,Video,17764,1047,5.894,915,1459.34,58,11.308,58,13.92,10,Rising,674,10.54,0,63.92,16502.27,5623.24,140,6121,4250,2112,1490,984,2.631,257,37,46,32,1047,124,13.552,69,62,4,6.452,5.54,5.143,4.996,40%,INCREASE_BUDGET,1459.34,1751.21,20.0,13.451,6592.04,20284.08,81.0,5.98,0.0,11.308,5623.24,18.95,17.23,1.0,90,66.22,"Strong ROAS, positive profit, rising sales and sufficient inventory."
2026-09-04,GR-FACEWASH-100ML,GR-FACEWASH,Ubtan Face Wash,Skin,100 ml,Influencer Video,26803,1596,5.955,1127,1507.96,81,13.451,81,-0.23,18,Stable,577,5.98,0,96.5,20284.08,6592.04,0,16021,11224,8548,5707,2356,3.061,451,65,82,57,1596,176,15.617,105,87,6,6.897,5.075,5.613,4.982,40%,MAINTAIN,1507.96,1507.96,0.0,6.768,2880.31,10285.68,44.0,10.21,0.0,13.451,6592.04,-49.68,-56.31,0.0,74,62.66,Signals are within normal range; maintain current strategy.
2026-09-05,GR-FACEWASH-100ML,GR-FACEWASH,Ubtan Face Wash,Skin,100 ml,Video,17332,932,5.377,779,1519.69,44,6.768,44,14.24,10,Rising,526,10.21,0,51.51,10285.68,2880.31,0,7125,5364,3807,2397,1694,3.426,326,47,59,41,932,118,15.148,61,48,0,0.0,4.721,6.885,6.412,40%,INCREASE_BUDGET,1519.69,1823.63,20.0,10.58,4615.2,15084.83,55.0,6.27,0.0,6.768,2880.31,56.32,60.23,1.0,90,67.31,"Strong ROAS, positive profit, rising sales and sufficient inventory."
2026-09-06,GR-FACEWASH-100ML,GR-FACEWASH,Ubtan Face Wash,Skin,100 ml,Image,20629,999,4.843,844,1425.84,55,10.58,55,-0.59,5,Stable,453,6.27,0,72.37,15084.83,4615.2,102,0,0,0,0,0,4.284,486,70,88,61,999,107,12.678,64,56,1,1.786,5.506,3.231,2.285,40%,MAINTAIN,1425.84,1425.84,0.0,9.814,4696.84,15481.98,57.0,6.84,0.0,10.58,4615.2,-7.24,1.77,0.0,74,60.53,Signals are within normal range; maintain current strategy.
2026-09-07,GR-FACEWASH-100ML,GR-FACEWASH,Ubtan Face Wash,Skin,100 ml,Video,18768,1015,5.408,808,1577.53,57,9.814,57,11.6,8,Rising,396,6.84,0,57.81,15481.98,4696.84,127,10593,7815,5466,3710,2289,3.753,387,56,70,49,1015,125,15.47,69,60,3,5.0,5.616,2.49,1.0,40%,MAINTAIN,1577.53,1577.53,0.0,4.674,1686.92,8664.48,27.0,12.58,0.0,9.814,4696.84,-52.37,-64.08,0.0,82,65.34,Signals are within normal range; maintain current strategy.
2026-09-08,GR-FACEWASH-100ML,GR-FACEWASH,Ubtan Face Wash,Skin,100 ml,Image,20443,1076,5.263,758,1853.66,27,4.674,27,-5.83,5,Falling,366,12.58,0,29.13,8664.48,1686.92,151,0,0,0,0,0,2.626,295,42,53,37,1076,82,10.818,33,28,1,3.571,2.509,2.889,3.158,40%,MAINTAIN,1853.66,1853.66,0.0,6.101,2674.7,10255.05,36.0,7.6,0.0,4.674,1686.92,30.53,58.56,1.0,82,59.28,Signals are within normal range; maintain current strategy.
2026-09-09,GR-FACEWASH-100ML,GR-FACEWASH,Ubtan Face Wash,Skin,100 ml,Carousel,19702,1048,5.319,752,1680.89,36,6.101,36,5.51,4,Rising,324,7.6,0,42.6,10255.05,2674.7,78,0,0,0,0,0,2.416,261,38,47,33,1048,87,11.569,44,38,2,5.263,3.435,8.72,7.455,40%,MAINTAIN,1680.89,1680.89,0.0,9.554,4752.15,15260.39,58.0,3.39,0.0,6.101,2674.7,56.6,77.67,1.0,90,61.58,Signals are within normal range; maintain current strategy.
2026-09-10,GR-FACEWASH-100ML,GR-FACEWASH,Ubtan Face Wash,Skin,100 ml,Video,17830,1130,6.338,954,1597.36,58,9.554,58,14.9,7,Rising,250,3.39,0,73.76,15260.39,4752.15,101,7536,4898,3493,2369,1605,2.98,292,42,53,37,1130,137,14.361,82,62,4,6.452,5.133,3.418,2.512,40%,PROTECT_INVENTORY,1597.36,1038.28,-35.0,8.584,3907.99,12806.78,54.0,2.76,0.0,9.554,4752.15,-10.15,-17.76,0.0,82,63.45,Inventory is close to stockout; protect availability before scaling ads.
2026-09-11,GR-FACEWASH-100ML,GR-FACEWASH,Ubtan Face Wash,Skin,100 ml,Image,25190,1343,5.331,1146,1492.01,54,8.584,54,11.61,12,Rising,184,2.76,0,66.52,12806.78,3907.99,0,0,0,0,0,0,3.467,480,69,87,61,1343,167,14.572,70,59,5,8.475,4.021,2.1,1.615,40%,PROTECT_INVENTORY,1492.01,969.81,-35.0,6.756,3112.43,12546.17,42.0,2.52,0.0,8.584,3907.99,-21.3,-20.36,0.0,82,62.63,Inventory is close to stockout; protect availability before scaling ads.
2026-09-12,GR-FACEWASH-100ML,GR-FACEWASH,Ubtan Face Wash,Skin,100 ml,Video,23028,1248,5.419,914,1857.01,42,6.756,42,-8.68,5,Falling,131,2.52,0,52.23,12546.17,3112.43,156,13371,8774,5236,2608,1435,4.322,547,79,99,69,1248,99,10.832,58,45,3,6.667,3.365,4.595,4.666,40%,PROTECT_INVENTORY,1857.01,1207.06,-35.0,7.931,4202.08,13860.36,56.0,1.44,0.0,6.756,3112.43,17.39,35.01,1.0,74,55.65,Inventory is close to stockout; protect availability before scaling ads.
2026-09-13,GR-FACEWASH-100ML,GR-FACEWASH,Ubtan Face Wash,Skin,100 ml,Image,22752,995,4.373,769,1747.52,56,7.931,56,0.31,13,Stable,78,1.44,0,53.75,13860.36,4202.08,75,0,0,0,0,0,3.195,399,58,72,50,995,114,14.824,65,58,2,3.448,5.628,4.578,3.638,40%,PROTECT_INVENTORY,1747.52,1135.89,-35.0,7.416,3729.77,13128.43,55.0,0.09,0.0,7.931,4202.08,-6.49,-11.24,0.0,82,59.9,Inventory is close to stockout; protect availability before scaling ads.
2026-09-14,GR-FACEWASH-100ML,GR-FACEWASH,Ubtan Face Wash,Skin,100 ml,Carousel,20047,1019,5.083,841,1770.23,55,7.416,55,6.01,6,Rising,6,0.09,0,71.25,13128.43,3729.77,0,0,0,0,0,0,4.379,482,70,87,61,1019,124,14.744,73,58,3,5.172,5.397,4.817,4.974,40%,PROTECT_INVENTORY,1770.23,1150.65,-35.0,6.175,2871.38,11292.34,47.0,0.0,1.0,7.416,3729.77,-16.73,-23.01,0.0,82,60.3,Inventory is close to stockout; protect availability before scaling ads.
2026-09-15,GR-FACEWASH-100ML,GR-FACEWASH,Ubtan Face Wash,Skin,100 ml,Influencer Video,17625,813,4.613,651,1828.62,47,6.175,47,8.98,7,Rising,0,0.0,1,56.13,11292.34,2871.38,0,9691,6374,4035,2739,1431,4.413,427,62,77,54,813,100,15.361,63,49,2,4.082,5.781,4.894,4.546,40%,PROTECT_INVENTORY,1828.62,1188.6,-35.0,4.576,1682.14,8318.34,35.0,0.0,1.0,6.175,2871.38,-25.89,-41.42,0.0,82,61.32,Inventory is close to stockout; protect availability before scaling ads.
2026-09-16,GR-FACEWASH-100ML,GR-FACEWASH,Ubtan Face Wash,Skin,100 ml,Influencer Video,29372,1533,5.219,1039,1817.86,35,4.576,35,7.39,3,Rising,0,0.0,1,43.58,8318.34,1682.14,0,12644,10222,6570,3963,2158,2.416,390,56,70,49,1533,91,8.758,49,39,4,10.256,2.283,6.379,6.238,40%,PROTECT_INVENTORY,1817.86,1181.61,-35.0,6.351,1989.65,8322.2,33.0,0.0,1.0,4.576,1682.14,38.79,18.28,1.0,82,53.5,Inventory is close to stockout; protect availability before scaling ads.
2026-09-17,GR-FACEWASH-100ML,GR-FACEWASH,Ubtan Face Wash,Skin,100 ml,Image,21132,1192,5.641,820,1310.35,33,6.351,33,1.31,4,Stable,0,0.0,1,38.75,8322.2,1989.65,0,0,0,0,0,0,3.859,448,65,81,57,1192,116,14.146,47,35,2,5.714,2.768,3.441,3.316,40%,PROTECT_INVENTORY,1310.35,851.73,-35.0,4.352,1285.14,6592.76,28.0,0.0,1.0,6.351,1989.65,-31.48,-35.41,0.0,82,58.87,Inventory is close to stockout; protect availability before scaling ads.
2026-09-18,GR-FACEWASH-100ML,GR-FACEWASH,Ubtan Face Wash,Skin,100 ml,Image,12965,763,5.885,646,1514.86,28,4.352,28,9.72,4,Rising,0,0.0,1,35.56,6592.76,1285.14,0,0,0,0,0,0,2.209,157,22,28,20,763,80,12.384,37,31,3,9.677,3.67,4.837,3.925,40%,PROTECT_INVENTORY,1514.86,984.66,-35.0,5.708,1867.67,7482.74,29.0,0.0,1.0,4.352,1285.14,31.16,45.33,1.0,82,55.34,Inventory is close to stockout; protect availability before scaling ads.
2026-09-19,GR-FACEWASH-100ML,GR-FACEWASH,Ubtan Face Wash,Skin,100 ml,Image,21591,1030,4.771,816,1311.02,29,5.708,29,3.75,6,Stable,0,0.0,1,34.81,7482.74,1867.67,92,0,0,0,0,0,3.771,447,65,81,56,1030,74,9.069,41,30,1,3.333,2.816,4.965,4.731,40%,PROTECT_INVENTORY,1311.02,852.16,-35.0,4.157,1400.46,7481.57,32.0,0.0,1.0,5.708,1867.67,-27.17,-25.02,0.0,82,55.55,Inventory is close to stockout; protect availability before scaling ads.
2026-09-20,GR-FACEWASH-100ML,GR-FACEWASH,Ubtan Face Wash,Skin,100 ml,Video,14706,849,5.773,632,1799.54,32,4.157,32,2.18,7,Stable,0,0.0,1,44.17,7481.57,1400.46,0,6251,4365,3419,2382,1323,3.073,248,36,45,31,849,88,13.924,44,36,4,11.111,3.769,5.673,4.538,40%,PROTECT_INVENTORY,1799.54,1169.7,-35.0,4.672,1694.33,8549.14,26.0,0.0,1.0,4.157,1400.46,12.39,20.98,1.0,82,53.82,Inventory is close to stockout; protect availability before scaling ads.
2026-09-21,GR-FACEWASH-100ML,GR-FACEWASH,Ubtan Face Wash,Skin,100 ml,Carousel,17684,916,5.18,670,1829.9,26,4.672,26,11.61,5,Rising,0,0.0,1,30.49,8549.14,1694.33,95,0,0,0,0,0,4.323,420,61,76,53,916,67,10.0,34,28,2,7.143,2.838,3.854,3.067,40%,PROTECT_INVENTORY,1829.9,1189.44,-35.0,4.035,1065.08,6597.46,27.0,0.0,1.0,4.672,1694.33,-13.63,-37.14,0.0,82,55.85,Inventory is close to stockout; protect availability before scaling ads.
2026-09-22,GR-FACEWASH-100ML,GR-FACEWASH,Ubtan Face Wash,Skin,100 ml,Video,23182,1294,5.582,966,1634.92,27,4.035,27,7.35,2,Rising,0,0.0,1,34.25,6597.46,1065.08,0,13557,9914,6512,3255,1926,4.058,517,75,94,65,1294,88,9.11,34,29,2,6.897,2.087,5.982,5.228,40%,PROTECT_INVENTORY,1634.92,1062.7,-35.0,10.754,5572.12,17182.41,68.0,0.0,1.0,4.035,1065.08,166.52,423.16,1.0,82,50.51,Inventory is close to stockout; protect availability before scaling ads.
2026-09-23,GR-FACEWASH-100ML,GR-FACEWASH,Ubtan Face Wash,Skin,100 ml,Influencer Video,28482,1627,5.712,1322,1597.82,68,10.754,68,3.47,6,Stable,0,0.0,1,86.21,17182.41,5572.12,73,10846,7532,5491,2811,1302,4.658,729,106,132,92,1627,211,15.961,93,74,6,8.108,4.179,4.923,4.392,40%,PROTECT_INVENTORY,1597.82,1038.58,-35.0,7.581,3223.97,11432.6,34.0,0.0,1.0,10.754,5572.12,-29.51,-42.14,0.0,82,60.66,Inventory is close to stockout; protect availability before scaling ads.
2026-09-24,GR-FACEWASH-100ML,GR-FACEWASH,Ubtan Face Wash,Skin,100 ml,Video,23358,1188,5.086,813,1508.12,34,7.581,34,11.78,5,Rising,0,0.0,1,37.08,11432.6,3223.97,150,13335,8968,5732,4452,2795,2.937,377,54,68,48,1188,102,12.546,48,37,3,8.108,2.862,3.721,3.159,40%,PROTECT_INVENTORY,1508.12,980.28,-35.0,5.559,2025.7,8750.97,36.0,0.0,1.0,7.581,3223.97,-26.67,-37.17,0.0,82,59.77,Inventory is close to stockout; protect availability before scaling ads.
2026-09-25,GR-FACEWASH-100ML,GR-FACEWASH,Ubtan Face Wash,Skin,100 ml,Image,23933,1379,5.762,1018,1574.3,36,5.559,36,7.68,4,Rising,0,0.0,1,39.88,8750.97,2025.7,0,0,0,0,0,0,4.227,556,80,101,70,1379,102,10.02,48,37,1,2.703,2.611,6.673,6.269,40%,PROTECT_INVENTORY,1574.3,1023.3,-35.0,7.499,2990.96,11315.78,45.0,0.0,1.0,5.559,2025.7,34.9,47.65,1.0,82,57.05,Inventory is close to stockout; protect availability before scaling ads.
2026-09-26,GR-FACEWASH-100ML,GR-FACEWASH,Ubtan Face Wash,Skin,100 ml,Video,16972,957,5.639,746,1509.04,45,7.499,45,5.24,6,Rising,0,0.0,1,54.72,11315.78,2990.96,0,9016,6223,3786,2450,1186,3.183,297,43,54,37,957,91,12.198,55,48,3,6.25,4.702,3.154,2.2,40%,PROTECT_INVENTORY,1509.04,980.88,-35.0,5.404,1938.94,7894.89,34.0,0.0,1.0,7.499,2990.96,-27.94,-35.17,0.0,82,58.2,Inventory is close to stockout; protect availability before scaling ads.
2026-09-27,GR-FACEWASH-100ML,GR-FACEWASH,Ubtan Face Wash,Skin,100 ml,Carousel,16147,775,4.8,619,1461.06,34,5.404,34,2.99,5,Stable,0,0.0,1,38.77,7894.89,1938.94,0,0,0,0,0,0,3.618,321,46,58,40,775,86,13.893,44,36,2,5.556,4.387,6.627,6.41,40%,PROTECT_INVENTORY,1461.06,949.69,-35.0,8.925,4411.93,14640.8,55.0,0.0,1.0,5.404,1938.94,65.16,127.54,1.0,82,59.02,Inventory is close to stockout; protect availability before scaling ads.
2026-09-28,GR-FACEWASH-100ML,GR-FACEWASH,Ubtan Face Wash,Skin,100 ml,Influencer Video,24397,1284,5.263,956,1640.41,55,8.925,55,13.45,5,Rising,0,0.0,1,69.75,14640.8,4411.93,164,14959,13463,9582,7075,4695,4.777,640,93,116,81,1284,149,15.586,75,61,6,9.836,4.283,2.412,2.264,40%,PROTECT_INVENTORY,1640.41,1066.27,-35.0,,,,,,,8.925,4411.93,,,,82,62.38,Inventory is close to stockout; protect availability before scaling ads.
2026-09-01,GR-FACEWASH-150ML,GR-FACEWASH,Ubtan Face Wash,Skin,150 ml,Image,24264,991,4.084,819,704.34,42,21.011,42,-17.0,7,Falling,1051,24.41,0,43.05,14799.15,6011.6,41,0,0,0,0,0,4.094,546,79,99,69,991,126,15.385,65,52,4,7.692,4.238,4.958,4.129,43%,MAINTAIN,704.34,704.34,0.0,19.296,5730.28,13887.81,43.0,23.5,0.0,21.011,6011.6,-8.16,-4.68,0.0,82,68.94,Signals are within normal range; maintain current strategy.
2026-09-02,GR-FACEWASH-150ML,GR-FACEWASH,Ubtan Face Wash,Skin,150 ml,Video,20875,1038,4.972,830,719.72,43,19.296,43,9.69,4,Rising,1008,23.5,0,42.89,13887.81,5730.28,0,11937,8251,5196,3294,2021,4.835,555,80,100,70,1038,118,14.217,56,48,5,10.417,4.143,6.368,5.525,43%,INCREASE_BUDGET,719.72,863.66,20.0,30.824,7389.02,17291.7,53.0,15.37,0.0,19.296,5730.28,59.74,28.95,1.0,90,72.95,"Strong ROAS, positive profit, rising sales and sufficient inventory."
2026-09-03,GR-FACEWASH-150ML,GR-FACEWASH,Ubtan Face Wash,Skin,150 ml,Video,24143,1217,5.041,960,560.98,53,30.824,53,-1.11,6,Stable,946,15.37,0,61.57,17291.7,7389.02,0,10019,6735,4934,3086,1890,3.485,462,67,84,58,1217,130,13.542,71,57,4,7.018,4.355,3.699,3.049,43%,MAINTAIN,560.98,560.98,0.0,25.47,6692.67,16742.04,49.0,16.73,0.0,30.824,7389.02,-17.37,-9.42,0.0,82,66.22,Signals are within normal range; maintain current strategy.
2026-09-04,GR-FACEWASH-150ML,GR-FACEWASH,Ubtan Face Wash,Skin,150 ml,Image,21218,991,4.671,782,657.33,49,25.47,49,5.23,7,Rising,893,16.73,0,53.38,16742.04,6692.67,0,0,0,0,0,0,2.819,328,47,59,41,991,115,14.706,61,50,1,2.0,4.945,2.309,2.74,43%,INCREASE_BUDGET,657.33,788.8,20.0,24.325,6713.28,17553.4,37.0,22.23,0.0,25.47,6692.67,-4.5,0.31,0.0,90,69.04,"Strong ROAS, positive profit, rising sales and sufficient inventory."
2026-09-05,GR-FACEWASH-150ML,GR-FACEWASH,Ubtan Face Wash,Skin,150 ml,Influencer Video,23189,1082,4.666,822,721.63,37,24.325,37,4.79,6,Stable,855,22.23,0,38.44,17553.4,6713.28,157,8773,6430,5110,2894,1448,4.308,549,79,99,69,1082,86,10.462,45,39,2,5.128,3.42,4.982,4.929,43%,INCREASE_BUDGET,721.63,865.96,20.0,17.814,4284.47,10708.76,30.0,26.24,0.0,24.325,6713.28,-26.77,-36.18,0.0,90,68.52,"Strong ROAS, positive profit, rising sales and sufficient inventory."
2026-09-06,GR-FACEWASH-150ML,GR-FACEWASH,Ubtan Face Wash,Skin,150 ml,Image,17458,900,5.155,696,601.13,30,17.814,30,7.88,5,Rising,823,26.24,0,31.38,10708.76,4284.47,126,0,0,0,0,0,3.642,349,50,63,44,900,71,10.201,40,32,2,6.25,3.333,5.927,5.723,43%,INCREASE_BUDGET,601.13,721.36,20.0,29.531,7188.42,18060.74,52.0,15.59,0.0,17.814,4284.47,65.77,67.78,1.0,90,70.95,"Strong ROAS, positive profit, rising sales and sufficient inventory."
2026-09-07,GR-FACEWASH-150ML,GR-FACEWASH,Ubtan Face Wash,Skin,150 ml,Video,22815,1172,5.137,934,611.58,52,29.531,52,-2.06,11,Stable,774,15.59,0,49.63,18060.74,7188.42,0,9698,8257,5279,3041,2182,2.734,343,49,62,43,1172,118,12.634,68,54,2,3.704,4.437,3.391,2.542,43%,MAINTAIN,611.58,611.58,0.0,12.974,3894.41,11060.31,24.0,31.04,0.0,29.531,7188.42,-56.07,-45.82,0.0,82,65.46,Signals are within normal range; maintain current strategy.
2026-09-08,GR-FACEWASH-150ML,GR-FACEWASH,Ubtan Face Wash,Skin,150 ml,Video,16033,724,4.516,536,852.5,24,12.974,24,0.9,5,Stable,750,31.04,0,24.14,11060.31,3894.41,111,8280,6016,3816,2175,985,3.788,334,48,60,42,724,81,15.112,33,27,3,11.111,3.315,4.325,3.557,43%,MAINTAIN,852.5,852.5,0.0,14.347,4417.92,12134.93,17.0,29.29,0.0,12.974,3894.41,10.58,13.44,1.0,90,75.11,Signals are within normal range; maintain current strategy.
2026-09-09,GR-FACEWASH-150ML,GR-FACEWASH,Ubtan Face Wash,Skin,150 ml,Carousel,24084,1216,5.049,913,845.84,17,14.347,17,2.24,2,Stable,725,29.29,0,24.75,12134.93,4417.92,184,0,0,0,0,0,3.261,432,62,78,54,1216,76,8.324,24,18,1,5.556,1.398,1.516,1.369,43%,CHANGE_CREATIVE,845.84,845.84,0.0,30.205,8887.03,21535.33,64.0,9.68,0.0,14.347,4417.92,110.53,101.16,1.0,82,69.94,High ad engagement but weak purchase conversion suggests creative-to-product mismatch.
2026-09-10,GR-FACEWASH-150ML,GR-FACEWASH,Ubtan Face Wash,Skin,150 ml,Video,25000,1236,4.944,926,712.97,64,30.205,64,10.35,10,Rising,657,9.68,0,67.85,21535.33,8887.03,0,12323,7873,4005,2271,1035,4.401,605,88,110,77,1236,136,14.687,82,65,1,1.538,5.178,4.047,4.06,43%,MAINTAIN,712.97,712.97,0.0,16.034,3986.01,10646.69,31.0,15.73,0.0,30.205,8887.03,-46.92,-55.15,0.0,90,66.53,Signals are within normal range; maintain current strategy.
2026-09-11,GR-FACEWASH-150ML,GR-FACEWASH,Ubtan Face Wash,Skin,150 ml,Influencer Video,12798,682,5.329,515,663.99,31,16.034,31,15.27,2,Rising,618,15.73,0,39.27,10646.69,3986.01,0,6702,5109,3808,2918,1520,4.832,340,49,61,43,682,79,15.34,43,33,2,6.061,4.545,7.006,6.093,43%,INCREASE_BUDGET,663.99,796.79,20.0,26.221,7122.53,17542.18,42.0,12.67,0.0,16.034,3986.01,63.53,78.69,1.0,90,71.02,"Strong ROAS, positive profit, rising sales and sufficient inventory."
2026-09-12,GR-FACEWASH-150ML,GR-FACEWASH,Ubtan Face Wash,Skin,150 ml,Video,22481,1140,5.071,783,669.02,42,26.221,42,16.92,6,Rising,572,12.67,0,45.2,17542.18,7122.53,102,10975,7994,5730,3494,1646,2.788,344,50,62,43,1140,103,13.155,53,46,4,8.696,3.684,4.155,3.751,43%,INCREASE_BUDGET,669.02,802.82,20.0,29.65,9164.63,23304.17,61.0,7.3,0.0,26.221,7122.53,13.08,28.67,1.0,90,68.19,"Strong ROAS, positive profit, rising sales and sufficient inventory."
2026-09-13,GR-FACEWASH-150ML,GR-FACEWASH,Ubtan Face Wash,Skin,150 ml,Image,27664,1397,5.05,1166,785.98,61,29.65,61,2.15,12,Stable,504,7.3,0,68.93,23304.17,9164.63,91,0,0,0,0,0,4.055,616,89,112,78,1397,149,12.779,85,68,4,5.882,4.366,4.089,3.256,43%,MAINTAIN,785.98,785.98,0.0,9.013,2006.93,6246.61,18.0,23.72,0.0,29.65,9164.63,-69.6,-78.1,0.0,90,62.26,Signals are within normal range; maintain current strategy.
2026-09-14,GR-FACEWASH-150ML,GR-FACEWASH,Ubtan Face Wash,Skin,150 ml,Video,14560,707,4.856,497,693.07,18,9.013,18,0.66,2,Stable,483,23.72,0,20.37,6246.61,2006.93,0,8880,7743,5924,3312,1978,5.119,409,59,74,52,707,44,8.853,22,18,0,0.0,2.546,3.969,4.128,43%,MAINTAIN,693.07,693.07,0.0,19.218,5278.12,13873.19,40.0,11.98,0.0,9.013,2006.93,113.23,162.99,1.0,90,67.23,Signals are within normal range; maintain current strategy.
2026-09-15,GR-FACEWASH-150ML,GR-FACEWASH,Ubtan Face Wash,Skin,150 ml,Video,22321,947,4.243,769,721.88,40,19.218,40,-7.71,7,Falling,446,11.98,0,37.23,13873.19,5278.12,0,8885,6375,4501,2301,1327,3.549,435,63,79,55,947,96,12.484,50,43,1,2.326,4.224,4.75,4.82,43%,MAINTAIN,721.88,721.88,0.0,16.114,4283.75,10736.14,33.0,9.47,0.0,19.218,5278.12,-16.15,-18.84,0.0,82,62.41,Signals are within normal range; maintain current strategy.
2026-09-16,GR-FACEWASH-150ML,GR-FACEWASH,Ubtan Face Wash,Skin,150 ml,Image,23449,1119,4.772,801,666.25,33,16.114,33,1.44,5,Stable,403,9.47,0,42.58,10736.14,4283.75,0,0,0,0,0,0,3.993,514,74,93,65,1119,96,11.985,41,34,1,2.941,2.949,4.262,3.116,43%,MAINTAIN,666.25,666.25,0.0,18.817,5302.91,13117.38,40.0,7.05,0.0,16.114,4283.75,16.77,23.79,1.0,90,62.61,Signals are within normal range; maintain current strategy.
2026-09-17,GR-FACEWASH-150ML,GR-FACEWASH,Ubtan Face Wash,Skin,150 ml,Influencer Video,29676,1616,5.445,1190,697.09,40,18.817,40,3.01,9,Stable,353,7.05,0,50.13,13117.38,5302.91,0,17474,13937,6821,3739,1843,5.216,851,123,154,108,1616,110,9.244,57,43,3,6.977,2.475,4.529,3.815,43%,MAINTAIN,697.09,697.09,0.0,8.808,2568.09,7788.86,19.0,14.26,0.0,18.817,5302.91,-53.19,-51.57,0.0,90,59.66,Signals are within normal range; maintain current strategy.
2026-09-18,GR-FACEWASH-150ML,GR-FACEWASH,Ubtan Face Wash,Skin,150 ml,Influencer Video,16042,749,4.669,491,884.26,19,8.808,19,13.41,2,Rising,330,14.26,0,23.14,7788.86,2568.09,115,6674,4299,2891,1604,1009,4.518,398,57,72,50,749,39,7.943,25,20,1,5.0,2.537,4.291,3.642,43%,INCREASE_BUDGET,884.26,1061.11,20.0,16.04,5553.3,14383.06,43.0,6.65,0.0,8.808,2568.09,82.11,116.24,1.0,90,64.37,"Strong ROAS, positive profit, rising sales and sufficient inventory."
2026-09-19,GR-FACEWASH-150ML,GR-FACEWASH,Ubtan Face Wash,Skin,150 ml,Image,24755,1202,4.856,898,896.7,43,16.04,43,12.48,6,Rising,287,6.65,0,43.12,14383.06,5553.3,0,0,0,0,0,0,3.776,514,74,93,65,1202,94,10.468,55,45,2,4.444,3.577,5.079,4.949,43%,MAINTAIN,896.7,896.7,0.0,30.526,7473.08,19137.01,54.0,4.43,0.0,16.04,5553.3,90.31,34.57,1.0,82,62.27,Signals are within normal range; maintain current strategy.
2026-09-20,GR-FACEWASH-150ML,GR-FACEWASH,Ubtan Face Wash,Skin,150 ml,Video,27103,1406,5.188,1010,626.92,54,30.526,54,9.56,10,Rising,234,4.43,0,52.8,19137.01,7473.08,0,12919,9766,6059,3899,2528,2.681,399,58,72,50,1406,177,17.525,83,60,6,10.0,3.841,3.544,3.272,43%,MAINTAIN,626.92,626.92,0.0,15.739,3985.47,10458.98,31.0,4.9,0.0,30.526,7473.08,-48.44,-46.67,0.0,82,65.87,Signals are within normal range; maintain current strategy.
2026-09-21,GR-FACEWASH-150ML,GR-FACEWASH,Ubtan Face Wash,Skin,150 ml,Carousel,18710,947,5.061,800,664.53,31,15.739,31,14.08,6,Rising,194,4.9,0,39.7,10458.98,3985.47,0,0,0,0,0,0,2.757,283,41,51,36,947,98,12.25,45,33,2,6.061,3.273,7.336,7.183,43%,MAINTAIN,664.53,664.53,0.0,49.25,11607.54,26716.16,81.0,1.57,0.0,15.739,3985.47,212.92,191.25,1.0,82,63.05,Signals are within normal range; maintain current strategy.
2026-09-22,GR-FACEWASH-150ML,GR-FACEWASH,Ubtan Face Wash,Skin,150 ml,Video,30526,1542,5.051,1197,542.46,81,49.25,81,16.47,9,Rising,119,1.57,0,75.8,26716.16,11607.54,0,17723,12020,7196,4523,1509,3.915,657,95,119,83,1542,189,15.789,119,86,5,5.814,5.253,5.994,5.436,43%,PROTECT_INVENTORY,542.46,352.6,-35.0,23.965,7769.62,18701.99,57.0,0.68,0.0,49.25,11607.54,-51.34,-33.06,0.0,82,64.52,Inventory is close to stockout; protect availability before scaling ads.
2026-09-23,GR-FACEWASH-150ML,GR-FACEWASH,Ubtan Face Wash,Skin,150 ml,Video,25994,1020,3.924,769,780.38,57,23.965,57,3.67,11,Stable,48,0.68,0,70.55,18701.99,7769.62,0,15029,12004,7136,4988,2087,4.404,629,91,114,80,1020,141,18.336,75,60,2,3.333,5.588,5.248,4.224,43%,PROTECT_INVENTORY,780.38,507.25,-35.0,23.354,7164.09,18354.53,53.0,0.0,1.0,23.965,7769.62,-2.55,-7.79,0.0,82,63.43,Inventory is close to stockout; protect availability before scaling ads.
2026-09-24,GR-FACEWASH-150ML,GR-FACEWASH,Ubtan Face Wash,Skin,150 ml,Influencer Video,23126,1083,4.683,942,785.91,53,23.354,53,10.22,12,Rising,0,0.0,1,61.43,18354.53,7164.09,0,11335,8540,5846,2647,1391,3.233,411,59,74,52,1083,129,13.694,64,55,2,3.636,4.894,5.724,5.386,43%,PROTECT_INVENTORY,785.91,510.84,-35.0,18.153,4892.89,11928.34,37.0,0.0,1.0,23.354,7164.09,-22.27,-31.7,0.0,82,60.91,Inventory is close to stockout; protect availability before scaling ads.
2026-09-25,GR-FACEWASH-150ML,GR-FACEWASH,Ubtan Face Wash,Skin,150 ml,Influencer Video,24956,1063,4.259,777,657.11,37,18.153,37,14.8,3,Rising,0,0.0,1,37.65,11928.34,4892.89,0,14487,11756,7994,5966,3989,3.612,495,72,90,63,1063,92,11.84,51,38,1,2.632,3.481,2.55,2.267,43%,PROTECT_INVENTORY,657.11,427.12,-35.0,35.851,10711.94,25763.46,62.0,0.0,1.0,18.153,4892.89,97.49,118.93,1.0,82,60.44,Inventory is close to stockout; protect availability before scaling ads.
2026-09-26,GR-FACEWASH-150ML,GR-FACEWASH,Ubtan Face Wash,Skin,150 ml,Video,26630,1313,4.931,1097,718.63,62,35.851,62,10.79,8,Rising,0,0.0,1,81.52,25763.46,10711.94,174,13565,11687,9875,4846,1986,2.463,360,52,65,45,1313,128,11.668,79,66,4,6.061,4.722,6.037,5.539,43%,PROTECT_INVENTORY,718.63,467.11,-35.0,25.62,7956.71,19042.7,58.0,0.0,1.0,35.851,10711.94,-28.54,-25.72,0.0,82,59.51,Inventory is close to stockout; protect availability before scaling ads.
2026-09-27,GR-FACEWASH-150ML,GR-FACEWASH,Ubtan Face Wash,Skin,150 ml,Image,27453,1308,4.765,1048,743.29,58,25.62,58,13.06,14,Rising,0,0.0,1,69.39,19042.7,7956.71,0,0,0,0,0,0,2.278,343,50,62,43,1308,135,12.882,77,62,4,6.452,4.434,5.692,5.651,43%,PROTECT_INVENTORY,743.29,483.14,-35.0,15.377,4105.87,10673.39,32.0,0.0,1.0,25.62,7956.71,-39.98,-48.4,0.0,82,60.87,Inventory is close to stockout; protect availability before scaling ads.
2026-09-28,GR-FACEWASH-150ML,GR-FACEWASH,Ubtan Face Wash,Skin,150 ml,Influencer Video,26659,1344,5.041,1099,694.13,32,15.377,32,5.26,5,Rising,0,0.0,1,39.81,10673.39,4105.87,0,13868,8707,6110,4039,2246,2.419,354,51,64,45,1344,93,8.462,42,32,0,0.0,2.381,5.809,5.266,43%,PROTECT_INVENTORY,694.13,451.18,-35.0,,,,,,,15.377,4105.87,,,,82,56.0,Inventory is close to stockout; protect availability before scaling ads.
2026-09-01,GR-HAIROIL-150ML,GR-HAIROIL,Onion Hair Oil,Hair,150 ml,Video,22697,940,4.142,731,832.72,42,19.34,42,-0.77,9,Stable,1062,25.62,0,41.44,16104.58,6727.28,0,12781,8628,6532,4431,2998,2.889,360,52,65,45,940,100,13.68,57,45,3,6.667,4.468,5.78,5.515,45%,MAINTAIN,832.72,832.72,0.0,18.869,5399.51,13594.67,34.0,28.44,0.0,19.34,6727.28,-2.44,-19.74,0.0,82,71.92,Signals are within normal range; maintain current strategy.
2026-09-02,GR-HAIROIL-150ML,GR-HAIROIL,Onion Hair Oil,Hair,150 ml,Video,15311,696,4.546,453,720.49,34,18.869,34,3.39,5,Stable,1026,28.44,0,36.06,13594.67,5399.51,0,6569,5492,2823,1549,1056,3.124,263,38,47,33,696,71,15.673,45,36,2,5.556,4.885,8.022,7.492,45%,INCREASE_BUDGET,720.49,864.59,20.0,24.639,8437.3,20243.3,46.0,19.37,0.0,18.869,5399.51,30.58,56.26,1.0,90,75.65,"Strong ROAS, positive profit, rising sales and sufficient inventory."
2026-09-03,GR-HAIROIL-150ML,GR-HAIROIL,Onion Hair Oil,Hair,150 ml,Video,22664,1046,4.615,752,821.59,46,24.639,46,6.59,7,Rising,975,19.37,0,50.33,20243.3,8437.3,105,13289,10128,7847,5785,3253,3.898,485,70,88,61,1046,116,15.426,66,47,1,2.128,4.398,5.548,4.465,45%,INCREASE_BUDGET,821.59,985.91,20.0,7.506,2305.75,6947.95,15.0,51.99,0.0,24.639,8437.3,-69.54,-72.67,0.0,90,71.57,"Strong ROAS, positive profit, rising sales and sufficient inventory."
2026-09-04,GR-HAIROIL-150ML,GR-HAIROIL,Onion Hair Oil,Hair,150 ml,Video,20236,856,4.23,633,925.66,15,7.506,15,0.88,2,Stable,957,51.99,0,18.4,6947.95,2305.75,107,9064,6669,4453,2872,1534,4.241,472,68,85,60,856,53,8.373,20,16,1,6.25,1.752,3.068,2.84,45%,MAINTAIN,925.66,925.66,0.0,24.904,7567.05,17755.52,46.0,16.0,0.0,7.506,2305.75,231.79,228.18,1.0,82,70.46,Signals are within normal range; maintain current strategy.
2026-09-05,GR-HAIROIL-150ML,GR-HAIROIL,Onion Hair Oil,Hair,150 ml,Image,25378,1011,3.984,919,712.95,46,24.904,46,12.26,10,Rising,901,16.0,0,56.27,17755.52,7567.05,0,0,0,0,0,0,1.084,151,22,27,19,1011,130,14.146,60,49,3,6.122,4.55,4.706,4.334,45%,INCREASE_BUDGET,712.95,855.54,20.0,15.537,4461.68,11781.97,29.0,24.03,0.0,24.904,7567.05,-37.61,-41.04,0.0,90,70.06,"Strong ROAS, positive profit, rising sales and sufficient inventory."
2026-09-06,GR-HAIROIL-150ML,GR-HAIROIL,Onion Hair Oil,Hair,150 ml,Carousel,23660,907,3.833,660,758.32,29,15.537,29,-5.08,5,Falling,865,24.03,0,35.97,11781.97,4461.68,0,0,0,0,0,0,4.592,597,86,108,76,907,79,11.97,38,31,2,6.452,3.197,3.102,2.679,45%,MAINTAIN,758.32,758.32,0.0,20.997,6147.3,14544.94,38.0,19.23,0.0,15.537,4461.68,35.14,37.78,1.0,82,68.98,Signals are within normal range; maintain current strategy.
2026-09-07,GR-HAIROIL-150ML,GR-HAIROIL,Onion Hair Oil,Hair,150 ml,Video,17826,774,4.342,520,692.7,38,20.997,38,15.8,3,Rising,822,19.23,0,42.73,14544.94,6147.3,0,7251,4816,3255,2069,1347,3.901,382,55,69,48,774,75,14.423,46,41,3,7.317,4.91,2.964,2.426,45%,INCREASE_BUDGET,692.7,831.24,20.0,21.695,6293.53,15760.65,39.0,16.48,0.0,20.997,6147.3,3.32,2.38,1.0,90,72.59,"Strong ROAS, positive profit, rising sales and sufficient inventory."
2026-09-08,GR-HAIROIL-150ML,GR-HAIROIL,Onion Hair Oil,Hair,150 ml,Video,24444,1237,5.061,944,726.47,39,21.695,39,8.7,6,Rising,775,16.48,0,47.01,15760.65,6293.53,0,10600,7105,5386,4416,2784,2.947,396,57,72,50,1237,128,13.559,54,42,3,7.143,3.153,4.916,4.411,45%,INCREASE_BUDGET,726.47,871.76,20.0,29.866,10002.68,22596.1,53.0,11.95,0.0,21.695,6293.53,37.66,58.94,1.0,90,69.15,"Strong ROAS, positive profit, rising sales and sufficient inventory."
2026-09-09,GR-HAIROIL-150ML,GR-HAIROIL,Onion Hair Oil,Hair,150 ml,Image,25666,1337,5.209,1095,756.58,53,29.866,53,-3.24,8,Stable,715,11.95,0,59.85,22596.1,10002.68,153,0,0,0,0,0,3.934,555,80,100,70,1337,146,13.333,63,55,2,3.636,3.964,4.888,4.349,45%,MAINTAIN,756.58,756.58,0.0,19.658,6350.44,16029.07,34.0,14.71,0.0,29.866,10002.68,-34.18,-36.51,0.0,82,64.33,Signals are within normal range; maintain current strategy.
2026-09-10,GR-HAIROIL-150ML,GR-HAIROIL,Onion Hair Oil,Hair,150 ml,Influencer Video,20491,769,3.753,633,815.4,34,19.658,34,-0.64,6,Stable,669,14.71,0,45.52,16029.07,6350.44,63,10914,7114,5154,3046,2208,4.2,473,68,86,60,769,87,13.744,45,37,3,8.108,4.421,6.299,5.765,45%,MAINTAIN,815.4,815.4,0.0,14.311,3680.18,9156.64,24.0,21.84,0.0,19.658,6350.44,-27.2,-42.05,0.0,82,66.54,Signals are within normal range; maintain current strategy.
2026-09-11,GR-HAIROIL-150ML,GR-HAIROIL,Onion Hair Oil,Hair,150 ml,Image,16528,593,3.588,491,639.82,24,14.311,24,2.7,5,Stable,640,21.84,0,29.32,9156.64,3680.18,0,0,0,0,0,0,3.775,343,49,62,43,593,64,13.035,41,26,2,7.692,4.047,5.234,3.718,45%,MAINTAIN,639.82,639.82,0.0,24.657,7414.7,16860.71,42.0,11.04,0.0,14.311,3680.18,72.29,101.48,1.0,90,70.24,Signals are within normal range; maintain current strategy.
2026-09-12,GR-HAIROIL-150ML,GR-HAIROIL,Onion Hair Oil,Hair,150 ml,Carousel,30468,1106,3.63,821,683.81,42,24.657,42,3.87,6,Stable,587,11.04,0,53.15,16860.71,7414.7,66,0,0,0,0,0,3.091,517,75,94,65,1106,108,13.155,53,45,3,6.667,3.797,4.811,3.6,45%,INCREASE_BUDGET,683.81,820.57,20.0,25.033,7583.16,17444.15,46.0,8.78,0.0,24.657,7414.7,1.52,2.27,1.0,90,65.16,"Strong ROAS, positive profit, rising sales and sufficient inventory."
2026-09-13,GR-HAIROIL-150ML,GR-HAIROIL,Onion Hair Oil,Hair,150 ml,Influencer Video,24064,983,4.085,838,696.84,46,25.033,46,7.05,7,Rising,527,8.78,0,60.01,17444.15,7583.16,0,9880,6823,3494,1837,1315,3.773,499,72,90,63,983,143,17.064,61,50,4,8.0,4.68,8.777,7.987,45%,MAINTAIN,696.84,696.84,0.0,16.172,6100.66,14867.61,39.0,10.33,0.0,25.033,7583.16,-35.4,-19.55,0.0,90,67.6,Signals are within normal range; maintain current strategy.
2026-09-14,GR-HAIROIL-150ML,GR-HAIROIL,Onion Hair Oil,Hair,150 ml,Influencer Video,22907,898,3.92,755,919.34,39,16.172,39,14.4,4,Rising,480,10.33,0,46.52,14867.61,6100.66,0,11887,9298,5379,3446,2075,4.424,557,81,101,70,898,119,15.762,54,42,3,7.143,4.343,5.255,4.643,45%,INCREASE_BUDGET,919.34,1103.21,20.0,14.545,4256.78,11321.17,24.0,14.87,0.0,16.172,6100.66,-10.06,-30.22,0.0,90,68.87,"Strong ROAS, positive profit, rising sales and sufficient inventory."
2026-09-15,GR-HAIROIL-150ML,GR-HAIROIL,Onion Hair Oil,Hair,150 ml,Image,17429,743,4.263,569,778.36,24,14.545,24,-1.07,3,Stable,450,14.87,0,30.28,11321.17,4256.78,80,0,0,0,0,0,2.633,252,36,45,32,743,63,11.072,31,25,1,4.0,3.23,4.931,4.058,45%,MAINTAIN,778.36,778.36,0.0,21.748,4387.68,10271.92,27.0,12.43,0.0,14.545,4256.78,49.52,3.08,1.0,82,64.53,Signals are within normal range; maintain current strategy.
2026-09-16,GR-HAIROIL-150ML,GR-HAIROIL,Onion Hair Oil,Hair,150 ml,Video,18287,759,4.15,605,472.32,27,21.748,27,9.99,4,Rising,417,12.43,0,33.53,10271.92,4387.68,0,11313,7677,5141,2911,1698,4.786,481,70,87,61,759,66,10.909,34,31,4,12.903,3.557,5.453,5.044,45%,FIX_PAYMENT,472.32,472.32,0.0,15.731,5431.08,13668.7,35.0,8.78,0.0,21.748,4387.68,-27.67,23.78,0.0,90,65.39,Payment failure rate is unusually high; conversion is leaking at payment.
2026-09-17,GR-HAIROIL-150ML,GR-HAIROIL,Onion Hair Oil,Hair,150 ml,Video,18677,805,4.31,655,868.92,35,15.731,35,2.02,4,Stable,374,8.78,0,42.59,13668.7,5431.08,0,9082,6457,3885,2481,1242,3.491,358,52,65,45,805,98,14.962,48,41,1,2.439,4.348,5.442,4.741,45%,MAINTAIN,868.92,868.92,0.0,16.019,4797.22,12539.25,31.0,9.65,0.0,15.731,5431.08,1.83,-11.67,1.0,90,65.02,Signals are within normal range; maintain current strategy.
2026-09-18,GR-HAIROIL-150ML,GR-HAIROIL,Onion Hair Oil,Hair,150 ml,Image,22612,961,4.25,649,782.78,31,16.019,31,3.45,4,Stable,339,9.65,0,35.11,12539.25,4797.22,0,0,0,0,0,0,2.605,323,47,58,41,961,74,11.402,43,33,2,6.061,3.226,4.045,3.761,45%,MAINTAIN,782.78,782.78,0.0,17.751,4756.38,11424.93,30.0,8.83,0.0,16.019,4797.22,10.81,-0.85,1.0,90,63.07,Signals are within normal range; maintain current strategy.
2026-09-19,GR-HAIROIL-150ML,GR-HAIROIL,Onion Hair Oil,Hair,150 ml,Video,14936,547,3.662,409,643.62,30,17.751,30,7.38,5,Rising,304,8.83,0,34.47,11424.93,4756.38,0,7339,5732,2941,1538,882,3.642,299,43,54,38,547,63,15.403,35,31,1,3.226,5.484,2.744,2.94,45%,MAINTAIN,643.62,643.62,0.0,23.473,6900.21,15487.39,42.0,5.51,0.0,17.751,4756.38,32.23,45.07,1.0,90,66.44,Signals are within normal range; maintain current strategy.
2026-09-20,GR-HAIROIL-150ML,GR-HAIROIL,Onion Hair Oil,Hair,150 ml,Video,18929,837,4.422,676,659.79,42,23.473,42,5.03,8,Rising,258,5.51,0,46.79,15487.39,6900.21,0,9000,6827,3315,2383,1376,2.205,229,33,41,29,837,88,13.018,55,44,2,4.545,5.018,8.013,7.474,45%,MAINTAIN,659.79,659.79,0.0,11.396,3380.83,8651.57,23.0,7.86,0.0,23.473,6900.21,-51.45,-51.0,0.0,82,62.52,Signals are within normal range; maintain current strategy.
2026-09-21,GR-HAIROIL-150ML,GR-HAIROIL,Onion Hair Oil,Hair,150 ml,Influencer Video,21131,753,3.563,604,759.17,23,11.396,23,7.74,4,Rising,229,7.86,0,29.07,8651.57,3380.83,0,14093,10280,7461,4838,3019,4.319,501,73,91,63,753,66,10.927,33,25,2,8.0,3.054,8.862,8.279,45%,MAINTAIN,759.17,759.17,0.0,8.411,2413.11,6955.19,18.0,8.77,0.0,11.396,3380.83,-26.19,-28.62,0.0,90,62.67,Signals are within normal range; maintain current strategy.
2026-09-22,GR-HAIROIL-150ML,GR-HAIROIL,Onion Hair Oil,Hair,150 ml,Video,15476,708,4.575,502,826.89,18,8.411,18,-3.66,3,Stable,205,8.77,0,23.41,6955.19,2413.11,0,7542,5416,3086,1618,687,4.671,397,57,72,50,708,54,10.757,21,18,0,0.0,2.542,7.621,6.865,45%,MAINTAIN,826.89,826.89,0.0,19.65,5259.17,13378.55,33.0,4.87,0.0,8.411,2413.11,133.62,117.94,1.0,82,60.72,Signals are within normal range; maintain current strategy.
2026-09-23,GR-HAIROIL-150ML,GR-HAIROIL,Onion Hair Oil,Hair,150 ml,Video,17275,731,4.232,599,680.83,33,19.65,33,14.43,5,Rising,170,4.87,0,34.97,13378.55,5259.17,0,9556,7344,6016,4736,2496,2.749,261,37,47,33,731,87,14.524,52,36,3,8.333,4.514,4.358,3.576,45%,MAINTAIN,680.83,680.83,0.0,16.746,3752.42,9504.66,24.0,5.83,0.0,19.65,5259.17,-14.78,-28.65,0.0,82,65.21,Signals are within normal range; maintain current strategy.
2026-09-24,GR-HAIROIL-150ML,GR-HAIROIL,Onion Hair Oil,Hair,150 ml,Video,15624,662,4.237,512,567.58,24,16.746,24,9.16,2,Rising,145,5.83,0,24.92,9504.66,3752.42,0,6674,4406,3574,2086,1139,4.783,411,59,74,52,662,74,14.453,34,26,2,7.692,3.625,4.789,5.004,45%,MAINTAIN,567.58,567.58,0.0,22.286,6658.44,16080.81,41.0,1.69,0.0,16.746,3752.42,33.08,77.44,1.0,82,64.59,Signals are within normal range; maintain current strategy.
2026-09-25,GR-HAIROIL-150ML,GR-HAIROIL,Onion Hair Oil,Hair,150 ml,Image,23464,991,4.223,722,721.56,41,22.286,41,6.34,9,Rising,91,1.69,0,54.07,16080.81,6658.44,0,0,0,0,0,0,2.947,380,55,69,48,991,103,14.266,50,43,2,4.651,4.137,6.004,5.883,45%,PROTECT_INVENTORY,721.56,469.01,-35.0,35.165,11526.99,25072.77,68.0,0.12,0.0,22.286,6658.44,57.79,73.12,1.0,82,61.81,Inventory is close to stockout; protect availability before scaling ads.
2026-09-26,GR-HAIROIL-150ML,GR-HAIROIL,Onion Hair Oil,Hair,150 ml,Influencer Video,24490,1187,4.847,812,713.01,68,35.165,68,3.84,16,Stable,10,0.12,0,81.6,25072.77,11526.99,0,15845,13228,9499,5412,2861,5.589,752,109,136,95,1187,148,18.227,89,71,3,4.225,5.729,7.29,6.648,45%,PROTECT_INVENTORY,713.01,463.46,-35.0,27.165,9338.78,21347.85,50.0,0.0,1.0,35.165,11526.99,-22.75,-18.98,0.0,82,63.5,Inventory is close to stockout; protect availability before scaling ads.
2026-09-27,GR-HAIROIL-150ML,GR-HAIROIL,Onion Hair Oil,Hair,150 ml,Video,23780,1112,4.676,925,785.85,50,27.165,50,16.99,7,Rising,0,0.0,1,56.27,21347.85,9338.78,140,10411,6412,4001,2582,1392,4.23,553,80,100,70,1112,111,12.0,65,52,2,3.846,4.496,4.638,4.458,45%,PROTECT_INVENTORY,785.85,510.8,-35.0,14.995,4635.13,11491.68,24.0,0.0,1.0,27.165,9338.78,-44.8,-50.37,0.0,82,61.4,Inventory is close to stockout; protect availability before scaling ads.
2026-09-28,GR-HAIROIL-150ML,GR-HAIROIL,Onion Hair Oil,Hair,150 ml,Video,20990,1022,4.869,741,766.37,24,14.995,24,5.61,4,Rising,0,0.0,1,33.17,11491.68,4635.13,79,11229,9018,6464,3663,1648,3.508,405,58,73,51,1022,107,14.44,39,26,2,7.692,2.348,3.444,2.962,45%,PROTECT_INVENTORY,766.37,498.14,-35.0,,,,,,,14.995,4635.13,,,,82,60.95,Inventory is close to stockout; protect availability before scaling ads.
2026-09-01,GR-HAIROIL-250ML,GR-HAIROIL,Onion Hair Oil,Hair,250 ml,Influencer Video,14490,479,3.306,404,1383.65,21,12.013,21,-2.23,3,Stable,567,21.47,0,26.41,16621.99,6735.52,70,5851,4760,4046,2114,1075,4.395,350,50,63,44,479,56,13.861,30,25,1,4.0,4.384,4.54,4.107,48%,MAINTAIN,1383.65,1383.65,0.0,18.214,10012.56,23631.96,39.0,10.33,0.0,12.013,6735.52,51.62,48.65,1.0,82,70.28,Signals are within normal range; maintain current strategy.
2026-09-02,GR-HAIROIL-250ML,GR-HAIROIL,Onion Hair Oil,Hair,250 ml,Video,25305,936,3.699,713,1297.44,39,18.214,39,0.36,9,Stable,517,10.33,0,50.05,23631.96,10012.56,0,11774,9207,5798,3309,2153,2.782,387,56,70,49,936,121,16.971,51,41,2,4.878,4.167,6.147,5.571,48%,MAINTAIN,1297.44,1297.44,0.0,10.24,6166.55,16081.06,24.0,15.07,0.0,18.214,10012.56,-43.78,-38.41,0.0,90,67.57,Signals are within normal range; maintain current strategy.
2026-09-03,GR-HAIROIL-250ML,GR-HAIROIL,Onion Hair Oil,Hair,250 ml,Video,19868,678,3.413,569,1570.48,24,10.24,24,7.62,3,Rising,485,15.07,0,32.17,16081.06,6166.55,61,8401,6655,4789,2710,1326,3.253,355,51,64,45,678,56,9.842,32,26,2,7.692,3.54,3.809,3.062,48%,INCREASE_BUDGET,1570.48,1884.58,20.0,8.237,4631.28,12955.47,20.0,17.37,0.0,10.24,6166.55,-19.56,-24.9,0.0,90,66.04,"Strong ROAS, positive profit, rising sales and sufficient inventory."
2026-09-04,GR-HAIROIL-250ML,GR-HAIROIL,Onion Hair Oil,Hair,250 ml,Influencer Video,15027,534,3.554,410,1572.84,20,8.237,20,-14.51,4,Falling,459,17.37,0,26.4,12955.47,4631.28,39,6380,4330,3576,2294,1017,5.084,420,61,76,53,534,57,13.902,27,22,2,9.091,3.745,3.205,2.061,48%,MAINTAIN,1572.84,1572.84,0.0,5.641,3161.69,9276.82,15.0,22.15,0.0,8.237,4631.28,-31.52,-31.73,0.0,82,65.81,Signals are within normal range; maintain current strategy.
2026-09-05,GR-HAIROIL-250ML,GR-HAIROIL,Onion Hair Oil,Hair,250 ml,Image,17965,576,3.206,474,1644.64,15,5.641,15,0.31,3,Stable,439,22.15,0,19.81,9276.82,3161.69,71,0,0,0,0,0,4.013,396,57,72,50,576,47,9.916,20,15,0,0.0,2.604,4.67,4.038,48%,MAINTAIN,1644.64,1644.64,0.0,5.951,3729.05,10598.81,19.0,20.56,0.0,5.641,3161.69,5.5,17.94,1.0,90,68.17,Signals are within normal range; maintain current strategy.
2026-09-06,GR-HAIROIL-250ML,GR-HAIROIL,Onion Hair Oil,Hair,250 ml,Image,22456,791,3.522,657,1780.95,19,5.951,19,4.8,2,Stable,418,20.56,0,20.35,10598.81,3729.05,0,0,0,0,0,0,5.073,626,91,113,79,791,71,10.807,26,19,0,0.0,2.402,6.915,5.473,48%,INCREASE_BUDGET,1780.95,2137.14,20.0,14.448,10295.0,24946.2,35.0,8.39,0.0,5.951,3729.05,142.78,176.08,1.0,90,68.95,"Strong ROAS, positive profit, rising sales and sufficient inventory."
2026-09-07,GR-HAIROIL-250ML,GR-HAIROIL,Onion Hair Oil,Hair,250 ml,Carousel,23476,890,3.791,603,1726.64,35,14.448,35,5.69,4,Rising,374,8.39,0,44.57,24946.2,10295.0,96,0,0,0,0,0,2.967,383,55,69,48,890,83,13.765,49,36,1,2.778,3.933,5.525,5.218,48%,MAINTAIN,1726.64,1726.64,0.0,4.207,1969.68,7574.7,13.0,25.15,0.0,14.448,10295.0,-70.88,-80.87,0.0,90,65.26,Signals are within normal range; maintain current strategy.
2026-09-08,GR-HAIROIL-250ML,GR-HAIROIL,Onion Hair Oil,Hair,250 ml,Influencer Video,12213,436,3.57,399,1800.32,13,4.207,13,-4.05,1,Stable,360,25.15,0,14.3,7574.7,1969.68,0,6687,6018,3607,1675,752,2.994,201,29,36,25,436,47,11.779,19,14,1,7.143,2.982,6.646,6.316,48%,MAINTAIN,1800.32,1800.32,0.0,11.053,6859.43,17408.96,27.0,10.23,0.0,4.207,1969.68,162.73,248.25,1.0,82,65.44,Signals are within normal range; maintain current strategy.
2026-09-09,GR-HAIROIL-250ML,GR-HAIROIL,Onion Hair Oil,Hair,250 ml,Influencer Video,19101,642,3.361,515,1575.0,27,11.053,27,-3.58,3,Stable,328,10.23,0,32.02,17408.96,6859.43,25,11489,9087,5167,3817,2752,3.857,405,58,73,51,642,68,13.204,38,29,2,6.897,4.206,7.025,6.572,48%,MAINTAIN,1575.0,1575.0,0.0,9.787,6972.09,16911.32,30.0,6.91,0.0,11.053,6859.43,-11.45,1.64,0.0,82,63.9,Signals are within normal range; maintain current strategy.
2026-09-10,GR-HAIROIL-250ML,GR-HAIROIL,Onion Hair Oil,Hair,250 ml,Video,20557,585,2.846,485,1727.91,30,9.787,30,7.42,4,Rising,286,6.91,0,41.41,16911.32,6972.09,0,10948,8000,4985,3234,1540,4.177,472,68,85,60,585,64,13.196,34,31,1,3.226,5.128,4.862,4.151,48%,MAINTAIN,1727.91,1727.91,0.0,5.235,2618.73,9063.85,15.0,13.75,0.0,9.787,6972.09,-46.51,-62.44,0.0,82,64.44,Signals are within normal range; maintain current strategy.
2026-09-11,GR-HAIROIL-250ML,GR-HAIROIL,Onion Hair Oil,Hair,250 ml,Video,14507,479,3.302,389,1731.27,15,5.235,15,-4.29,3,Stable,267,13.75,0,19.4,9063.85,2618.73,0,6433,4939,3156,1794,738,2.903,231,33,42,29,479,50,12.853,21,16,1,6.25,3.132,2.794,1.57,48%,MAINTAIN,1731.27,1731.27,0.0,9.91,6497.36,16079.79,28.0,7.02,0.0,5.235,2618.73,89.3,148.11,1.0,82,65.26,Signals are within normal range; maintain current strategy.
2026-09-12,GR-HAIROIL-250ML,GR-HAIROIL,Onion Hair Oil,Hair,250 ml,Image,18552,647,3.487,555,1622.64,28,9.91,28,2.6,3,Stable,233,7.02,0,33.25,16079.79,6497.36,0,0,0,0,0,0,4.222,430,62,78,54,647,73,13.153,38,32,4,12.5,4.328,1.86,1.132,48%,FIX_PAYMENT,1622.64,1622.64,0.0,16.413,12051.13,26795.49,38.0,4.65,0.0,9.91,6497.36,65.62,85.48,1.0,90,63.49,Payment failure rate is unusually high; conversion is leaking at payment.
2026-09-13,GR-HAIROIL-250ML,GR-HAIROIL,Onion Hair Oil,Hair,250 ml,Image,21072,725,3.441,586,1632.55,38,16.413,38,0.21,6,Stable,192,4.65,0,41.29,26795.49,12051.13,93,0,0,0,0,0,3.091,358,52,65,45,725,103,17.577,61,50,3,6.0,5.241,7.937,7.32,48%,MAINTAIN,1632.55,1632.55,0.0,12.233,6794.68,16212.33,28.0,5.0,0.0,16.413,12051.13,-25.47,-43.62,0.0,82,65.15,Signals are within normal range; maintain current strategy.
2026-09-14,GR-HAIROIL-250ML,GR-HAIROIL,Onion Hair Oil,Hair,250 ml,Influencer Video,18467,708,3.834,545,1325.32,28,12.233,28,-1.11,6,Stable,160,5.0,0,32.02,16212.33,6794.68,0,7019,5040,3286,2091,1063,3.374,342,49,62,43,708,58,10.642,36,30,2,6.667,3.955,4.738,4.482,48%,MAINTAIN,1325.32,1325.32,0.0,15.289,11846.07,27274.29,47.0,1.78,0.0,12.233,6794.68,24.98,74.34,1.0,74,59.86,Signals are within normal range; maintain current strategy.
2026-09-15,GR-HAIROIL-250ML,GR-HAIROIL,Onion Hair Oil,Hair,250 ml,Influencer Video,26775,986,3.683,839,1783.93,47,15.289,47,-0.58,4,Stable,103,1.78,0,57.52,27274.29,11846.07,0,12957,9235,5354,4000,1912,4.341,639,92,116,81,986,124,14.779,83,65,5,7.692,4.767,5.464,5.518,48%,PROTECT_INVENTORY,1783.93,1159.55,-35.0,9.315,4762.54,12364.66,21.0,3.42,0.0,15.289,11846.07,-39.07,-59.8,0.0,74,61.46,Inventory is close to stockout; protect availability before scaling ads.
2026-09-16,GR-HAIROIL-250ML,GR-HAIROIL,Onion Hair Oil,Hair,250 ml,Image,16617,582,3.502,474,1327.46,21,9.315,21,-0.37,3,Stable,79,3.42,0,23.23,12364.66,4762.54,0,0,0,0,0,0,3.84,350,51,63,44,582,54,11.392,27,22,1,4.545,3.608,4.902,3.949,48%,PROTECT_INVENTORY,1327.46,862.85,-35.0,9.216,6886.07,16716.56,30.0,1.15,0.0,9.315,4762.54,-1.06,44.59,0.0,74,59.78,Inventory is close to stockout; protect availability before scaling ads.
2026-09-17,GR-HAIROIL-250ML,GR-HAIROIL,Onion Hair Oil,Hair,250 ml,Video,20304,622,3.063,486,1813.93,30,9.216,30,4.62,5,Stable,42,1.15,0,36.91,16716.56,6886.07,0,10189,6279,3919,2502,1523,3.175,354,51,64,45,622,79,16.255,47,38,1,2.632,4.823,1.212,1.0,48%,PROTECT_INVENTORY,1813.93,1179.05,-35.0,11.181,7212.35,17257.74,24.0,0.74,0.0,9.216,6886.07,21.32,4.74,1.0,82,63.29,Inventory is close to stockout; protect availability before scaling ads.
2026-09-18,GR-HAIROIL-250ML,GR-HAIROIL,Onion Hair Oil,Hair,250 ml,Video,20453,672,3.286,547,1543.54,24,11.181,24,7.55,4,Rising,18,0.74,0,24.44,17257.74,7212.35,83,11268,8320,5536,3328,1854,3.642,409,59,74,52,672,74,13.528,33,26,2,7.692,3.571,3.709,3.428,48%,PROTECT_INVENTORY,1543.54,1003.3,-35.0,6.404,3288.72,9310.07,14.0,0.03,0.0,11.181,7212.35,-42.72,-54.4,0.0,82,61.63,Inventory is close to stockout; protect availability before scaling ads.
2026-09-19,GR-HAIROIL-250ML,GR-HAIROIL,Onion Hair Oil,Hair,250 ml,Video,19837,788,3.972,521,1453.9,14,6.404,14,13.22,2,Rising,0,0.03,0,17.56,9310.07,3288.72,36,7971,5724,3473,2225,1244,4.528,494,71,89,62,788,55,10.557,20,15,1,6.667,1.777,6.273,6.696,48%,PROTECT_INVENTORY,1453.9,945.04,-35.0,12.31,7047.2,17212.99,25.0,0.0,1.0,6.404,3288.72,92.22,114.28,1.0,74,60.18,Inventory is close to stockout; protect availability before scaling ads.
2026-09-20,GR-HAIROIL-250ML,GR-HAIROIL,Onion Hair Oil,Hair,250 ml,Video,18102,664,3.668,503,1398.24,25,12.31,25,-0.38,2,Stable,0,0.0,1,30.71,17212.99,7047.2,42,7759,4752,2918,1642,1280,3.517,350,50,63,44,664,53,10.537,31,26,1,3.846,3.765,5.666,5.939,48%,PROTECT_INVENTORY,1398.24,908.86,-35.0,20.337,11914.58,26857.43,41.0,0.0,1.0,12.31,7047.2,65.21,69.07,1.0,74,57.43,Inventory is close to stockout; protect availability before scaling ads.
2026-09-21,GR-HAIROIL-250ML,GR-HAIROIL,Onion Hair Oil,Hair,250 ml,Image,25830,887,3.434,684,1320.64,41,20.337,41,8.74,6,Rising,0,0.0,1,48.01,26857.43,11914.58,139,0,0,0,0,0,3.319,471,68,85,60,887,97,14.181,52,43,2,4.651,4.622,4.006,3.471,48%,PROTECT_INVENTORY,1320.64,858.42,-35.0,12.24,10921.28,26055.53,45.0,0.0,1.0,20.337,11914.58,-39.81,-8.34,0.0,82,61.98,Inventory is close to stockout; protect availability before scaling ads.
2026-09-22,GR-HAIROIL-250ML,GR-HAIROIL,Onion Hair Oil,Hair,250 ml,Video,26673,1096,4.109,829,2128.72,45,12.24,45,15.46,7,Rising,0,0.0,1,56.91,26055.53,10921.28,0,12805,8996,6446,3457,1995,2.596,380,55,69,48,1096,114,13.752,60,47,2,4.255,4.106,7.408,6.286,48%,PROTECT_INVENTORY,2128.72,1383.67,-35.0,7.542,4336.05,11041.82,20.0,0.0,1.0,12.24,10921.28,-38.38,-60.3,0.0,82,63.01,Inventory is close to stockout; protect availability before scaling ads.
2026-09-23,GR-HAIROIL-250ML,GR-HAIROIL,Onion Hair Oil,Hair,250 ml,Video,12532,434,3.463,342,1463.95,20,7.542,20,5.95,3,Rising,0,0.0,1,28.49,11041.82,4336.05,0,7420,5003,3741,2458,1671,3.162,217,31,39,27,434,48,14.035,25,20,0,0.0,4.608,5.094,4.303,48%,PROTECT_INVENTORY,1463.95,951.57,-35.0,16.762,11103.91,25151.95,33.0,0.0,1.0,7.542,4336.05,122.25,156.08,1.0,82,61.32,Inventory is close to stockout; protect availability before scaling ads.
2026-09-24,GR-HAIROIL-250ML,GR-HAIROIL,Onion Hair Oil,Hair,250 ml,Image,24446,949,3.882,755,1500.52,33,16.762,33,3.71,6,Stable,0,0.0,1,34.99,25151.95,11103.91,132,0,0,0,0,0,2.337,314,45,57,39,949,102,13.51,44,36,3,8.333,3.477,2.229,1.787,48%,PROTECT_INVENTORY,1500.52,975.34,-35.0,18.002,13379.23,31692.33,42.0,0.0,1.0,16.762,11103.91,7.4,20.49,1.0,82,60.47,Inventory is close to stockout; protect availability before scaling ads.
2026-09-25,GR-HAIROIL-250ML,GR-HAIROIL,Onion Hair Oil,Hair,250 ml,Influencer Video,32172,1088,3.382,803,1760.49,42,18.002,42,-2.26,5,Stable,0,0.0,1,45.98,31692.33,13379.23,108,16315,14683,9021,4761,3341,5.849,1034,150,188,131,1088,97,12.08,56,44,2,4.545,3.86,4.004,3.987,48%,PROTECT_INVENTORY,1760.49,1144.32,-35.0,8.008,5722.9,14551.07,26.0,0.0,1.0,18.002,13379.23,-55.52,-57.23,0.0,74,58.21,Inventory is close to stockout; protect availability before scaling ads.
2026-09-26,GR-HAIROIL-250ML,GR-HAIROIL,Onion Hair Oil,Hair,250 ml,Influencer Video,22415,869,3.877,766,1817.1,26,8.008,26,17.6,3,Rising,0,0.0,1,32.42,14551.07,5722.9,0,12636,9098,6907,3533,1691,3.921,483,70,87,61,869,67,8.747,34,27,1,3.704,2.992,5.261,5.274,48%,PROTECT_INVENTORY,1817.1,1181.12,-35.0,16.342,12031.02,26559.98,43.0,0.0,1.0,8.008,5722.9,104.07,110.23,1.0,82,59.68,Inventory is close to stockout; protect availability before scaling ads.
2026-09-27,GR-HAIROIL-250ML,GR-HAIROIL,Onion Hair Oil,Hair,250 ml,Influencer Video,24135,825,3.418,683,1625.22,43,16.342,43,16.07,6,Rising,0,0.0,1,54.38,26559.98,12031.02,118,7922,5658,3963,3029,1461,5.08,674,98,122,85,825,115,16.837,60,48,5,10.417,5.212,3.482,2.708,48%,PROTECT_INVENTORY,1625.22,1056.39,-35.0,8.586,4810.77,13322.81,19.0,0.0,1.0,16.342,12031.02,-47.46,-60.01,0.0,82,65.44,Inventory is close to stockout; protect availability before scaling ads.
2026-09-28,GR-HAIROIL-250ML,GR-HAIROIL,Onion Hair Oil,Hair,250 ml,Image,15416,503,3.263,395,1551.66,19,8.586,19,2.93,3,Stable,0,0.0,1,19.27,13322.81,4810.77,38,0,0,0,0,0,2.082,176,25,32,22,503,44,11.139,24,20,1,5.0,3.777,3.66,3.585,48%,PROTECT_INVENTORY,1551.66,1008.58,-35.0,,,,,,,8.586,4810.77,,,,82,58.54,Inventory is close to stockout; protect availability before scaling ads.
2026-09-01,GR-LIPBAL-CHERRY,GR-LIPBAL,Lip Balm,Lips,Cherry,Influencer Video,19727,951,4.821,764,1234.28,38,6.137,38,-5.62,3,Falling,288,6.82,0,42.2,7574.41,1425.72,0,8738,5213,3258,2195,1244,3.493,378,55,68,48,951,92,12.042,50,39,1,2.564,3.996,3.063,2.707,35%,MAINTAIN,1234.28,1234.28,0.0,3.896,657.78,6164.35,32.0,7.31,0.0,6.137,1425.72,-36.52,-53.86,0.0,74,58.32,Signals are within normal range; maintain current strategy.
2026-09-02,GR-LIPBAL-CHERRY,GR-LIPBAL,Lip Balm,Lips,Cherry,Influencer Video,15573,812,5.214,698,1582.22,32,3.896,32,8.19,3,Rising,253,7.31,0,34.61,6164.35,657.78,0,7660,5009,4257,1933,890,4.696,402,58,73,51,812,83,11.891,45,36,2,5.556,3.941,4.834,4.281,35%,MAINTAIN,1582.22,1582.22,0.0,7.872,2230.32,9695.17,43.0,4.74,0.0,3.896,657.78,102.05,239.07,1.0,90,54.59,Signals are within normal range; maintain current strategy.
2026-09-03,GR-LIPBAL-CHERRY,GR-LIPBAL,Lip Balm,Lips,Cherry,Influencer Video,24028,1137,4.732,968,1231.63,43,7.872,43,-2.98,8,Stable,209,4.74,0,44.13,9695.17,2230.32,92,11326,7632,5042,3015,1826,3.276,432,62,78,55,1137,108,11.157,58,48,3,6.25,3.782,5.151,4.115,35%,MAINTAIN,1231.63,1231.63,0.0,5.723,1396.34,8033.13,40.0,4.24,0.0,7.872,2230.32,-27.3,-37.39,0.0,74,57.14,Signals are within normal range; maintain current strategy.
2026-09-04,GR-LIPBAL-CHERRY,GR-LIPBAL,Lip Balm,Lips,Cherry,Video,22652,1287,5.682,959,1403.66,40,5.723,40,-3.28,5,Stable,169,4.24,0,39.91,8033.13,1396.34,0,10042,6209,3737,1954,1056,3.449,429,62,78,54,1287,151,15.746,72,56,2,3.571,3.108,6.624,5.473,35%,MAINTAIN,1403.66,1403.66,0.0,7.977,2612.13,11550.35,58.0,1.83,0.0,5.723,1396.34,39.38,87.07,1.0,74,60.27,Signals are within normal range; maintain current strategy.
2026-09-05,GR-LIPBAL-CHERRY,GR-LIPBAL,Lip Balm,Lips,Cherry,Influencer Video,29917,1545,5.164,1186,1447.87,58,7.977,58,-2.39,6,Stable,109,1.83,0,59.86,11550.35,2612.13,0,20941,16197,9117,4325,2041,4.467,734,106,133,93,1545,148,12.479,70,60,2,3.333,3.754,4.628,4.47,35%,PROTECT_INVENTORY,1447.87,941.12,-35.0,4.858,1082.46,7663.59,38.0,1.32,0.0,7.977,2612.13,-39.1,-58.56,0.0,74,56.8,Inventory is close to stockout; protect availability before scaling ads.
2026-09-06,GR-LIPBAL-CHERRY,GR-LIPBAL,Lip Balm,Lips,Cherry,Image,32672,1387,4.245,1078,1577.54,38,4.858,38,2.15,4,Stable,62,1.32,0,47.14,7663.59,1082.46,0,0,0,0,0,0,1.655,297,43,54,37,1387,138,12.801,59,43,5,11.628,2.74,4.487,3.905,35%,PROTECT_INVENTORY,1577.54,1025.4,-35.0,5.352,1596.91,8262.83,42.0,0.4,0.0,4.858,1082.46,10.17,47.53,1.0,82,56.84,Inventory is close to stockout; protect availability before scaling ads.
2026-09-07,GR-LIPBAL-CHERRY,GR-LIPBAL,Lip Balm,Lips,Cherry,Carousel,16451,972,5.908,771,1543.8,42,5.352,42,-0.72,4,Stable,18,0.4,0,44.36,8262.83,1596.91,111,0,0,0,0,0,3.459,312,45,56,39,972,130,16.861,63,54,4,7.407,4.321,3.038,2.566,35%,PROTECT_INVENTORY,1543.8,1003.47,-35.0,7.076,2175.28,10364.67,52.0,0.0,1.0,5.352,1596.91,32.21,36.22,1.0,74,59.7,Inventory is close to stockout; protect availability before scaling ads.
2026-09-08,GR-LIPBAL-CHERRY,GR-LIPBAL,Lip Balm,Lips,Cherry,Video,24678,1274,5.162,929,1464.72,52,7.076,52,6.1,9,Rising,0,0.0,1,61.18,10364.67,2175.28,0,14658,10649,7960,4046,2290,3.287,446,64,81,56,1274,135,14.532,82,70,6,8.571,4.082,3.741,3.485,35%,PROTECT_INVENTORY,1464.72,952.07,-35.0,5.761,1575.3,9072.38,45.0,0.0,1.0,7.076,2175.28,-18.58,-27.58,0.0,82,59.12,Inventory is close to stockout; protect availability before scaling ads.
2026-09-09,GR-LIPBAL-CHERRY,GR-LIPBAL,Lip Balm,Lips,Cherry,Influencer Video,29031,1218,4.196,855,1574.7,45,5.761,45,4.66,6,Stable,0,0.0,1,52.79,9072.38,1575.3,0,16463,11097,7848,4695,2696,3.965,633,92,115,80,1218,142,16.608,74,62,3,4.839,3.695,2.676,2.399,35%,PROTECT_INVENTORY,1574.7,1023.56,-35.0,5.215,1292.86,7603.72,37.0,0.0,1.0,5.761,1575.3,-9.48,-17.93,0.0,82,60.39,Inventory is close to stockout; protect availability before scaling ads.
2026-09-10,GR-LIPBAL-CHERRY,GR-LIPBAL,Lip Balm,Lips,Cherry,Image,25620,999,3.899,785,1458.03,37,5.215,37,-3.91,5,Stable,0,0.0,1,39.75,7603.72,1292.86,70,0,0,0,0,0,3.031,427,62,77,54,999,89,11.338,55,41,1,2.439,3.704,4.687,3.975,35%,PROTECT_INVENTORY,1458.03,947.72,-35.0,6.245,2046.45,9514.4,51.0,0.0,1.0,5.215,1292.86,19.75,58.29,1.0,74,54.72,Inventory is close to stockout; protect availability before scaling ads.
2026-09-11,GR-LIPBAL-CHERRY,GR-LIPBAL,Lip Balm,Lips,Cherry,Influencer Video,27489,1381,5.024,1168,1523.55,51,6.245,51,16.78,12,Rising,0,0.0,1,56.81,9514.4,2046.45,0,13162,11043,8922,5866,2966,3.138,474,69,86,60,1381,182,15.582,103,89,6,6.742,3.693,5.044,4.264,35%,PROTECT_INVENTORY,1523.55,990.31,-35.0,4.91,1273.7,8181.17,42.0,0.0,1.0,6.245,2046.45,-21.38,-37.76,0.0,82,62.04,Inventory is close to stockout; protect availability before scaling ads.
2026-09-12,GR-LIPBAL-CHERRY,GR-LIPBAL,Lip Balm,Lips,Cherry,Image,31930,1397,4.375,994,1666.3,42,4.91,42,11.77,9,Rising,0,0.0,1,42.48,8181.17,1273.7,0,0,0,0,0,0,3.38,593,86,107,75,1397,112,11.268,53,43,1,2.326,3.006,4.55,4.37,35%,PROTECT_INVENTORY,1666.3,1083.1,-35.0,11.337,4199.04,14987.22,71.0,0.0,1.0,4.91,1273.7,130.9,229.67,1.0,82,57.26,Inventory is close to stockout; protect availability before scaling ads.
2026-09-13,GR-LIPBAL-CHERRY,GR-LIPBAL,Lip Balm,Lips,Cherry,Influencer Video,39085,1859,4.756,1575,1321.94,71,11.337,71,0.86,16,Stable,0,0.0,1,81.35,14987.22,4199.04,135,17602,13236,10410,5413,3265,3.065,658,95,119,83,1859,163,10.349,94,76,5,6.579,3.819,2.062,1.869,35%,PROTECT_INVENTORY,1321.94,859.26,-35.0,5.17,1096.19,6631.66,28.0,0.0,1.0,11.337,4199.04,-54.4,-73.89,0.0,82,54.93,Inventory is close to stockout; protect availability before scaling ads.
2026-09-14,GR-LIPBAL-CHERRY,GR-LIPBAL,Lip Balm,Lips,Cherry,Video,19263,711,3.691,584,1282.63,28,5.17,28,5.64,6,Rising,0,0.0,1,32.58,6631.66,1096.19,105,11268,7268,4777,2809,1222,2.921,309,45,56,39,711,82,14.041,38,30,2,6.667,3.938,3.237,2.367,35%,PROTECT_INVENTORY,1282.63,833.71,-35.0,3.979,521.45,5231.4,23.0,0.0,1.0,5.17,1096.19,-23.04,-52.43,0.0,82,58.66,Inventory is close to stockout; protect availability before scaling ads.
2026-09-15,GR-LIPBAL-CHERRY,GR-LIPBAL,Lip Balm,Lips,Cherry,Video,16517,736,4.456,629,1314.86,23,3.979,23,11.87,2,Rising,0,0.0,1,26.14,5231.4,521.45,35,7103,4556,2814,1885,940,3.61,327,47,59,41,736,56,8.903,34,26,3,11.538,3.125,3.398,3.643,35%,PROTECT_INVENTORY,1314.86,854.66,-35.0,4.87,1126.66,7808.65,39.0,0.0,1.0,3.979,521.45,22.39,116.06,1.0,82,49.93,Inventory is close to stockout; protect availability before scaling ads.
2026-09-16,GR-LIPBAL-CHERRY,GR-LIPBAL,Lip Balm,Lips,Cherry,Influencer Video,24789,1241,5.006,946,1603.34,39,4.87,39,4.67,4,Stable,0,0.0,1,49.02,7808.65,1126.66,0,12984,10568,7803,3607,2215,4.44,605,88,110,77,1241,103,10.888,49,41,2,4.878,3.143,4.445,4.31,35%,PROTECT_INVENTORY,1603.34,1042.17,-35.0,10.075,3852.22,14158.76,57.0,0.0,1.0,4.87,1126.66,106.88,241.92,1.0,82,55.32,Inventory is close to stockout; protect availability before scaling ads.
2026-09-17,GR-LIPBAL-CHERRY,GR-LIPBAL,Lip Balm,Lips,Cherry,Carousel,20809,1331,6.396,1008,1405.28,57,10.075,57,3.31,11,Stable,0,0.0,1,70.62,14158.76,3852.22,187,0,0,0,0,0,5.92,677,98,123,86,1331,143,14.187,88,73,7,9.589,4.282,5.092,5.059,35%,PROTECT_INVENTORY,1405.28,913.43,-35.0,6.293,1433.19,7591.4,27.0,0.0,1.0,10.075,3852.22,-37.54,-62.8,0.0,82,58.3,Inventory is close to stockout; protect availability before scaling ads.
2026-09-18,GR-LIPBAL-CHERRY,GR-LIPBAL,Lip Balm,Lips,Cherry,Image,27040,1410,5.214,1128,1206.38,27,6.293,27,9.64,4,Rising,0,0.0,1,34.99,7591.4,1433.19,157,0,0,0,0,0,3.523,523,76,95,66,1410,84,7.447,37,29,2,6.897,1.915,3.068,2.538,35%,PROTECT_INVENTORY,1206.38,784.15,-35.0,9.672,3538.38,13300.8,57.0,0.0,1.0,6.293,1433.19,53.69,146.89,1.0,74,54.51,Inventory is close to stockout; protect availability before scaling ads.
2026-09-19,GR-LIPBAL-CHERRY,GR-LIPBAL,Lip Balm,Lips,Cherry,Video,30619,1747,5.706,1563,1375.14,57,9.672,57,7.23,13,Rising,0,0.0,1,69.69,13300.8,3538.38,274,14201,12749,8617,7065,4084,2.878,484,70,88,61,1747,193,12.348,93,69,2,2.899,3.263,2.974,1.487,35%,PROTECT_INVENTORY,1375.14,893.84,-35.0,7.298,2427.52,10209.86,52.0,0.0,1.0,9.672,3538.38,-24.55,-31.39,0.0,82,57.71,Inventory is close to stockout; protect availability before scaling ads.
2026-09-20,GR-LIPBAL-CHERRY,GR-LIPBAL,Lip Balm,Lips,Cherry,Video,27395,1191,4.348,932,1398.97,52,7.298,52,9.22,7,Rising,0,0.0,1,67.67,10209.86,2427.52,87,12325,9130,5618,3302,1857,3.207,483,70,87,61,1191,168,18.026,86,69,6,8.696,4.366,3.164,2.279,35%,PROTECT_INVENTORY,1398.97,909.33,-35.0,10.094,2872.66,11278.66,57.0,0.0,1.0,7.298,2427.52,38.31,18.34,1.0,82,62.36,Inventory is close to stockout; protect availability before scaling ads.
2026-09-21,GR-LIPBAL-CHERRY,GR-LIPBAL,Lip Balm,Lips,Cherry,Carousel,31657,1565,4.944,1377,1117.34,57,10.094,57,4.94,8,Stable,0,0.0,1,66.98,11278.66,2872.66,0,0,0,0,0,0,3.864,672,97,122,85,1565,219,15.904,120,90,9,10.0,3.642,6.796,6.446,35%,PROTECT_INVENTORY,1117.34,726.27,-35.0,5.588,1410.93,7266.64,31.0,0.0,1.0,10.094,2872.66,-44.64,-50.88,0.0,82,59.92,Inventory is close to stockout; protect availability before scaling ads.
2026-09-22,GR-LIPBAL-CHERRY,GR-LIPBAL,Lip Balm,Lips,Cherry,Image,20047,836,4.17,669,1300.43,31,5.588,31,8.35,3,Rising,0,0.0,1,37.98,7266.64,1410.93,88,0,0,0,0,0,1.998,220,32,40,28,836,86,12.855,46,40,0,0.0,3.708,5.8,4.989,35%,PROTECT_INVENTORY,1300.43,845.28,-35.0,5.07,1299.89,7463.06,35.0,0.0,1.0,5.588,1410.93,-9.27,-7.87,0.0,82,58.31,Inventory is close to stockout; protect availability before scaling ads.
2026-09-23,GR-LIPBAL-CHERRY,GR-LIPBAL,Lip Balm,Lips,Cherry,Carousel,21008,1009,4.803,776,1472.02,35,5.07,35,15.44,7,Rising,0,0.0,1,32.71,7463.06,1299.89,64,0,0,0,0,0,3.412,394,57,71,50,1009,152,19.588,73,60,6,10.0,3.469,4.73,3.878,35%,PROTECT_INVENTORY,1472.02,956.81,-35.0,4.073,869.11,6438.27,35.0,0.0,1.0,5.07,1299.89,-19.66,-33.14,0.0,82,64.78,Inventory is close to stockout; protect availability before scaling ads.
2026-09-24,GR-LIPBAL-CHERRY,GR-LIPBAL,Lip Balm,Lips,Cherry,Video,27033,1224,4.528,855,1580.89,35,4.073,35,9.82,3,Rising,0,0.0,1,33.94,6438.27,869.11,0,15031,10111,7693,4448,2964,2.596,385,56,70,49,1224,135,15.789,55,38,3,7.895,2.859,4.185,3.449,35%,PROTECT_INVENTORY,1580.89,1027.58,-35.0,7.021,2014.27,9085.14,40.0,0.0,1.0,4.073,869.11,72.38,131.76,1.0,82,55.24,Inventory is close to stockout; protect availability before scaling ads.
2026-09-25,GR-LIPBAL-CHERRY,GR-LIPBAL,Lip Balm,Lips,Cherry,Image,19180,1009,5.261,746,1294.05,40,7.021,40,9.08,7,Rising,0,0.0,1,52.37,9085.14,2014.27,105,0,0,0,0,0,3.496,368,53,67,46,1009,104,13.941,64,49,4,8.163,3.964,4.446,3.755,35%,PROTECT_INVENTORY,1294.05,841.13,-35.0,3.621,471.33,5889.68,25.0,0.0,1.0,7.021,2014.27,-48.43,-76.6,0.0,82,59.27,Inventory is close to stockout; protect availability before scaling ads.
2026-09-26,GR-LIPBAL-CHERRY,GR-LIPBAL,Lip Balm,Lips,Cherry,Image,20676,918,4.44,691,1626.53,25,3.621,25,6.66,5,Rising,0,0.0,1,32.53,5889.68,471.33,59,0,0,0,0,0,3.873,440,64,80,56,918,63,9.117,33,27,2,7.407,2.723,3.318,2.642,35%,PROTECT_INVENTORY,1626.53,1057.24,-35.0,6.94,2723.54,11704.4,63.0,0.0,1.0,3.621,471.33,91.66,477.84,1.0,82,46.9,Inventory is close to stockout; protect availability before scaling ads.
2026-09-27,GR-LIPBAL-CHERRY,GR-LIPBAL,Lip Balm,Lips,Cherry,Carousel,33424,1515,4.533,1134,1686.46,63,6.94,63,2.44,12,Stable,0,0.0,1,66.13,11704.4,2723.54,0,0,0,0,0,0,2.174,399,58,72,50,1515,202,17.813,85,71,2,2.817,4.158,5.087,4.543,35%,PROTECT_INVENTORY,1686.46,1096.2,-35.0,8.941,2948.85,12532.83,49.0,0.0,1.0,6.94,2723.54,28.83,8.27,1.0,82,60.85,Inventory is close to stockout; protect availability before scaling ads.
2026-09-28,GR-LIPBAL-CHERRY,GR-LIPBAL,Lip Balm,Lips,Cherry,Video,27175,1287,4.736,1023,1401.77,49,8.941,49,23.46,12,Rising,0,0.0,1,49.4,12532.83,2948.85,161,13055,9709,6347,4394,1897,2.757,412,59,74,52,1287,170,16.618,94,80,6,7.5,3.807,5.953,5.974,35%,PROTECT_INVENTORY,1401.77,911.15,-35.0,,,,,,,8.941,2948.85,,,,82,64.16,Inventory is close to stockout; protect availability before scaling ads.
2026-09-01,GR-LIPBAL-NATURAL,GR-LIPBAL,Lip Balm,Lips,Natural,Image,19045,748,3.928,662,1856.43,34,3.506,34,-1.5,5,Stable,355,8.84,0,40.13,6507.81,693.57,0,0,0,0,0,0,3.382,354,51,64,45,748,75,11.329,41,36,2,5.556,4.545,8.274,7.548,38%,MAINTAIN,1856.43,1856.43,0.0,2.964,283.75,6494.83,33.0,7.39,0.0,3.506,693.57,-15.46,-59.09,0.0,82,51.25,Signals are within normal range; maintain current strategy.
2026-09-02,GR-LIPBAL-NATURAL,GR-LIPBAL,Lip Balm,Lips,Natural,Influencer Video,15474,644,4.162,545,2191.25,33,2.964,33,9.88,8,Rising,313,7.39,0,42.27,6494.83,283.75,0,7883,5005,3213,1438,654,4.946,420,61,76,53,644,125,22.936,81,62,6,9.677,5.124,4.644,4.577,38%,MAINTAIN,2191.25,2191.25,0.0,4.784,1470.37,8941.49,37.0,5.26,0.0,2.964,283.75,61.4,418.19,1.0,90,56.06,Signals are within normal range; maintain current strategy.
2026-09-03,GR-LIPBAL-NATURAL,GR-LIPBAL,Lip Balm,Lips,Natural,Video,25652,1021,3.98,817,1869.02,37,4.784,37,3.64,7,Stable,263,5.26,0,49.9,8941.49,1470.37,92,12642,8258,5340,3154,1610,4.567,644,93,117,82,1021,96,11.75,47,39,2,5.128,3.624,6.288,5.325,38%,MAINTAIN,1869.02,1869.02,0.0,2.764,238.59,6146.07,29.0,6.37,0.0,4.784,1470.37,-42.22,-83.77,0.0,82,58.47,Signals are within normal range; maintain current strategy.
2026-09-04,GR-LIPBAL-NATURAL,GR-LIPBAL,Lip Balm,Lips,Natural,Influencer Video,22665,826,3.644,567,2223.55,29,2.764,29,0.12,3,Stable,227,6.37,0,35.66,6146.07,238.59,41,8141,6139,5114,3070,1611,3.596,448,65,81,57,826,73,12.875,36,30,1,3.333,3.511,7.595,7.548,38%,MAINTAIN,2223.55,2223.55,0.0,4.455,1618.28,8828.68,48.0,2.76,0.0,2.764,238.59,61.18,578.27,1.0,82,47.05,Signals are within normal range; maintain current strategy.
2026-09-05,GR-LIPBAL-NATURAL,GR-LIPBAL,Lip Balm,Lips,Natural,Carousel,19646,859,4.372,655,1981.72,48,4.455,48,5.91,6,Rising,167,2.76,0,60.33,8828.68,1618.28,0,0,0,0,0,0,3.475,375,54,68,47,859,93,14.198,65,57,5,8.772,5.588,4.352,3.733,38%,PROTECT_INVENTORY,1981.72,1288.12,-35.0,3.406,634.53,6523.84,34.0,3.45,0.0,4.455,1618.28,-23.55,-60.79,0.0,82,57.54,Inventory is close to stockout; protect availability before scaling ads.
2026-09-06,GR-LIPBAL-NATURAL,GR-LIPBAL,Lip Balm,Lips,Natural,Video,22761,1009,4.433,763,1915.47,34,3.406,34,13.38,6,Rising,129,3.45,0,37.47,6523.84,634.53,0,10670,7330,4845,3315,2085,3.164,396,57,72,50,1009,99,12.975,44,36,2,5.556,3.37,5.76,5.91,38%,PROTECT_INVENTORY,1915.47,1245.06,-35.0,3.31,535.79,7412.52,37.0,1.79,0.0,3.406,634.53,-2.82,-15.56,0.0,82,52.17,Inventory is close to stockout; protect availability before scaling ads.
2026-09-07,GR-LIPBAL-NATURAL,GR-LIPBAL,Lip Balm,Lips,Natural,Image,23148,1102,4.761,997,2239.21,37,3.31,37,8.73,7,Rising,83,1.79,0,46.35,7412.52,535.79,0,0,0,0,0,0,3.499,445,64,81,56,1102,133,13.34,54,40,3,7.5,3.358,5.205,4.897,38%,PROTECT_INVENTORY,2239.21,1455.49,-35.0,5.037,1956.21,9413.92,51.0,0.4,0.0,3.31,535.79,52.18,265.11,1.0,82,50.11,Inventory is close to stockout; protect availability before scaling ads.
2026-09-08,GR-LIPBAL-NATURAL,GR-LIPBAL,Lip Balm,Lips,Natural,Image,26040,1351,5.188,1011,1868.79,51,5.037,51,3.67,12,Stable,24,0.4,0,59.01,9413.92,1956.21,0,0,0,0,0,0,4.455,638,92,116,81,1351,150,14.837,70,55,4,7.273,3.775,5.138,4.48,38%,PROTECT_INVENTORY,1868.79,1214.71,-35.0,3.557,781.81,8691.65,43.0,0.0,1.0,5.037,1956.21,-29.38,-60.03,0.0,82,59.66,Inventory is close to stockout; protect availability before scaling ads.
2026-09-09,GR-LIPBAL-NATURAL,GR-LIPBAL,Lip Balm,Lips,Natural,Video,21744,920,4.231,746,2443.19,43,3.557,43,4.64,4,Stable,0,0.0,1,47.5,8691.65,781.81,0,13322,8005,4654,2877,1986,3.957,473,68,86,60,920,95,12.735,60,45,2,4.444,4.674,4.285,3.833,38%,PROTECT_INVENTORY,2443.19,1588.07,-35.0,3.563,932.66,8311.53,33.0,0.0,1.0,3.557,781.81,0.17,19.29,1.0,82,49.42,Inventory is close to stockout; protect availability before scaling ads.
2026-09-10,GR-LIPBAL-NATURAL,GR-LIPBAL,Lip Balm,Lips,Natural,Image,20587,1037,5.037,708,2332.52,33,3.563,33,-10.91,6,Falling,0,0.0,1,41.73,8311.53,932.66,146,0,0,0,0,0,5.105,578,84,105,73,1037,74,10.452,40,33,0,0.0,3.182,3.799,3.561,38%,PROTECT_INVENTORY,2332.52,1516.14,-35.0,3.516,794.86,7226.74,38.0,0.0,1.0,3.563,932.66,-1.32,-14.77,0.0,74,44.64,Inventory is close to stockout; protect availability before scaling ads.
2026-09-11,GR-LIPBAL-NATURAL,GR-LIPBAL,Lip Balm,Lips,Natural,Video,19590,907,4.63,690,2055.14,38,3.516,38,9.71,3,Rising,0,0.0,1,42.54,7226.74,794.86,0,7078,5433,2993,1408,719,5.19,559,81,101,71,907,97,14.058,46,40,2,5.0,4.19,3.483,2.821,38%,PROTECT_INVENTORY,2055.14,1335.84,-35.0,4.485,1484.04,8144.58,44.0,0.0,1.0,3.516,794.86,27.56,86.7,1.0,82,51.18,Inventory is close to stockout; protect availability before scaling ads.
2026-09-12,GR-LIPBAL-NATURAL,GR-LIPBAL,Lip Balm,Lips,Natural,Image,24155,1053,4.359,856,1815.96,44,4.485,44,5.75,5,Rising,0,0.0,1,54.95,8144.58,1484.04,0,0,0,0,0,0,3.11,413,60,75,52,1053,96,11.215,58,45,1,2.222,4.179,2.41,2.154,38%,PROTECT_INVENTORY,1815.96,1180.37,-35.0,3.774,1065.95,7961.13,33.0,0.0,1.0,4.485,1484.04,-15.85,-28.17,0.0,82,54.07,Inventory is close to stockout; protect availability before scaling ads.
2026-09-13,GR-LIPBAL-NATURAL,GR-LIPBAL,Lip Balm,Lips,Natural,Video,19492,780,4.002,637,2109.64,33,3.774,33,8.12,4,Rising,0,0.0,1,32.88,7961.13,1065.95,96,9999,7225,4958,2646,1489,3.13,335,48,61,42,780,72,11.303,44,35,2,5.714,4.231,5.752,5.198,38%,PROTECT_INVENTORY,2109.64,1371.27,-35.0,3.033,478.29,6337.93,31.0,0.0,1.0,3.774,1065.95,-19.63,-55.13,0.0,82,50.35,Inventory is close to stockout; protect availability before scaling ads.
2026-09-14,GR-LIPBAL-NATURAL,GR-LIPBAL,Lip Balm,Lips,Natural,Image,17422,759,4.357,601,2089.39,31,3.033,31,7.05,7,Rising,0,0.0,1,33.78,6337.93,478.29,66,0,0,0,0,0,3.268,313,45,56,39,759,82,13.644,48,34,3,8.824,4.084,6.531,5.701,38%,PROTECT_INVENTORY,2089.39,1358.1,-35.0,6.19,2430.75,11416.38,57.0,0.0,1.0,3.033,478.29,104.09,408.22,1.0,82,47.44,Inventory is close to stockout; protect availability before scaling ads.
2026-09-15,GR-LIPBAL-NATURAL,GR-LIPBAL,Lip Balm,Lips,Natural,Video,36721,1361,3.706,1032,1844.25,57,6.19,57,-3.53,9,Stable,0,0.0,1,69.2,11416.38,2430.75,0,15109,11054,8842,6698,3980,3.295,665,96,121,84,1361,135,13.081,79,62,5,8.065,4.188,4.365,3.834,38%,PROTECT_INVENTORY,1844.25,1198.76,-35.0,2.463,-121.68,5841.69,30.0,0.0,1.0,6.19,2430.75,-60.21,-105.01,0.0,74,56.7,Inventory is close to stockout; protect availability before scaling ads.
2026-09-16,GR-LIPBAL-NATURAL,GR-LIPBAL,Lip Balm,Lips,Natural,Image,17388,699,4.02,522,2371.68,30,2.463,30,1.32,4,Stable,0,0.0,1,36.72,5841.69,-121.68,0,0,0,0,0,0,4.186,400,58,72,50,699,71,13.602,40,33,3,9.091,4.292,5.463,4.26,38%,PROTECT_INVENTORY,2371.68,1541.59,-35.0,4.484,1550.59,8517.15,46.0,0.0,1.0,2.463,-121.68,82.05,1374.32,1.0,66,42.84,Inventory is close to stockout; protect availability before scaling ads.
2026-09-17,GR-LIPBAL-NATURAL,GR-LIPBAL,Lip Balm,Lips,Natural,Carousel,30817,1266,4.108,971,1899.41,46,4.484,46,8.26,4,Rising,0,0.0,1,48.58,8517.15,1550.59,0,0,0,0,0,0,4.673,791,115,143,100,1266,125,12.873,62,51,5,9.804,3.633,6.497,5.562,38%,PROTECT_INVENTORY,1899.41,1234.62,-35.0,4.816,1653.08,9663.44,43.0,0.0,1.0,4.484,1550.59,7.4,6.61,1.0,82,55.81,Inventory is close to stockout; protect availability before scaling ads.
2026-09-18,GR-LIPBAL-NATURAL,GR-LIPBAL,Lip Balm,Lips,Natural,Video,21136,899,4.253,835,2006.46,43,4.816,43,9.58,4,Rising,0,0.0,1,52.17,9663.44,1653.08,88,11461,8602,5943,2704,1567,3.831,445,64,80,56,899,104,12.455,59,45,2,4.444,4.783,4.936,5.057,38%,PROTECT_INVENTORY,2006.46,1304.2,-35.0,5.311,2072.59,10814.35,51.0,0.0,1.0,4.816,1653.08,10.28,25.38,1.0,82,57.75,Inventory is close to stockout; protect availability before scaling ads.
2026-09-19,GR-LIPBAL-NATURAL,GR-LIPBAL,Lip Balm,Lips,Natural,Carousel,31767,1271,4.001,945,2036.13,51,5.311,51,5.03,5,Rising,0,0.0,1,56.51,10814.35,2072.59,106,0,0,0,0,0,2.302,402,58,73,51,1271,146,15.45,62,57,6,10.526,4.013,5.797,4.834,38%,PROTECT_INVENTORY,2036.13,1323.48,-35.0,4.011,1533.86,10431.46,44.0,0.0,1.0,5.311,2072.59,-24.48,-25.99,0.0,82,60.19,Inventory is close to stockout; protect availability before scaling ads.
2026-09-20,GR-LIPBAL-NATURAL,GR-LIPBAL,Lip Balm,Lips,Natural,Video,23587,1151,4.88,898,2600.62,44,4.011,44,8.75,8,Rising,0,0.0,1,58.21,10431.46,1533.86,140,11127,7587,6122,3974,2533,4.616,598,87,108,76,1151,105,11.693,67,47,3,6.383,3.823,4.369,3.675,38%,PROTECT_INVENTORY,2600.62,1690.4,-35.0,2.512,-27.47,5533.03,29.0,0.0,1.0,4.011,1533.86,-37.37,-101.79,0.0,82,52.19,Inventory is close to stockout; protect availability before scaling ads.
2026-09-21,GR-LIPBAL-NATURAL,GR-LIPBAL,Lip Balm,Lips,Natural,Influencer Video,25022,1066,4.26,873,2202.47,29,2.512,29,-1.91,6,Stable,0,0.0,1,34.93,5533.03,-27.47,0,11065,7921,6221,3415,1443,5.004,688,100,125,87,1066,98,11.226,41,32,3,9.375,2.72,7.854,7.348,38%,PROTECT_INVENTORY,2202.47,1431.61,-35.0,4.378,1515.13,9314.39,43.0,0.0,1.0,2.512,-27.47,74.28,5615.58,1.0,66,40.71,Inventory is close to stockout; protect availability before scaling ads.
2026-09-22,GR-LIPBAL-NATURAL,GR-LIPBAL,Lip Balm,Lips,Natural,Image,24163,1232,5.099,896,2127.77,43,4.378,43,4.62,3,Stable,0,0.0,1,52.57,9314.39,1515.13,79,0,0,0,0,0,3.385,449,65,81,57,1232,158,17.634,51,44,1,2.273,3.49,4.317,4.73,38%,PROTECT_INVENTORY,2127.77,1383.05,-35.0,5.19,2163.3,10487.25,50.0,0.0,1.0,4.378,1515.13,18.55,42.78,1.0,82,58.02,Inventory is close to stockout; protect availability before scaling ads.
2026-09-23,GR-LIPBAL-NATURAL,GR-LIPBAL,Lip Balm,Lips,Natural,Carousel,26227,978,3.729,917,2020.82,50,5.19,50,22.76,9,Rising,0,0.0,1,57.14,10487.25,2163.3,142,0,0,0,0,0,1.895,273,39,49,34,978,182,19.847,81,71,3,4.225,5.112,5.704,5.508,38%,PROTECT_INVENTORY,2020.82,1313.53,-35.0,2.689,75.91,6853.97,35.0,0.0,1.0,5.19,2163.3,-48.19,-96.49,0.0,82,67.04,Inventory is close to stockout; protect availability before scaling ads.
2026-09-24,GR-LIPBAL-NATURAL,GR-LIPBAL,Lip Balm,Lips,Natural,Carousel,21511,972,4.519,749,2549.09,35,2.689,35,16.1,4,Rising,0,0.0,1,46.02,6853.97,75.91,0,0,0,0,0,0,4.258,503,73,91,64,972,74,9.88,47,37,2,5.405,3.601,5.146,4.725,38%,PROTECT_INVENTORY,2549.09,1656.91,-35.0,5.312,2305.43,10462.08,57.0,0.0,1.0,2.689,75.91,97.55,2937.06,1.0,82,44.36,Inventory is close to stockout; protect availability before scaling ads.
2026-09-25,GR-LIPBAL-NATURAL,GR-LIPBAL,Lip Balm,Lips,Natural,Carousel,29074,1305,4.489,1049,1969.57,57,5.312,57,2.56,13,Stable,0,0.0,1,63.16,10462.08,2305.43,0,0,0,0,0,0,2.5,399,58,72,50,1305,140,13.346,71,64,7,10.938,4.368,5.063,4.03,38%,PROTECT_INVENTORY,1969.57,1280.22,-35.0,5.312,2239.02,11214.15,58.0,0.0,1.0,5.312,2305.43,0.0,-2.88,1.0,82,58.12,Inventory is close to stockout; protect availability before scaling ads.
2026-09-26,GR-LIPBAL-NATURAL,GR-LIPBAL,Lip Balm,Lips,Natural,Image,27554,1148,4.166,866,2110.98,58,5.312,58,18.1,9,Rising,0,0.0,1,71.74,11214.15,2239.02,0,0,0,0,0,0,3.975,602,87,109,76,1148,163,18.822,87,74,1,1.351,5.052,5.202,4.215,38%,PROTECT_INVENTORY,2110.98,1372.14,-35.0,3.429,680.68,7952.65,40.0,0.0,1.0,5.312,2239.02,-35.45,-69.6,0.0,82,65.34,Inventory is close to stockout; protect availability before scaling ads.
2026-09-27,GR-LIPBAL-NATURAL,GR-LIPBAL,Lip Balm,Lips,Natural,Image,33442,1398,4.18,1176,2319.32,40,3.429,40,-0.56,4,Stable,0,0.0,1,37.88,7952.65,680.68,0,0,0,0,0,0,4.198,772,112,140,98,1398,124,10.544,56,43,3,6.977,2.861,4.535,4.272,38%,PROTECT_INVENTORY,2319.32,1507.56,-35.0,2.447,-196.73,6171.39,31.0,0.0,1.0,3.429,680.68,-28.64,-128.9,0.0,74,45.97,Inventory is close to stockout; protect availability before scaling ads.
2026-09-28,GR-LIPBAL-NATURAL,GR-LIPBAL,Lip Balm,Lips,Natural,Video,32965,1236,3.749,809,2521.73,31,2.447,31,12.67,3,Rising,0,0.0,1,40.86,6171.39,-196.73,0,13452,9622,7249,4072,2257,4.735,858,124,156,109,1236,113,13.968,42,32,1,3.125,2.508,5.212,4.433,38%,PROTECT_INVENTORY,2521.73,1639.12,-35.0,,,,,,,2.447,-196.73,,,,66,45.29,Inventory is close to stockout; protect availability before scaling ads.
2026-09-01,GR-LIPBAL-STRAWB,GR-LIPBAL,Lip Balm,Lips,Strawberry,Video,20109,732,3.64,555,1146.53,34,5.838,34,-8.54,4,Falling,513,12.14,0,42.24,6693.57,1302.14,31,14076,11118,6192,3979,2236,2.978,329,47,59,41,732,73,13.153,40,36,2,5.556,4.645,3.62,2.491,35%,MAINTAIN,1146.53,1146.53,0.0,3.172,190.28,3176.9,14.0,35.39,0.0,5.838,1302.14,-45.67,-85.39,0.0,82,61.23,Signals are within normal range; maintain current strategy.
2026-09-02,GR-LIPBAL-STRAWB,GR-LIPBAL,Lip Balm,Lips,Strawberry,Image,16696,485,2.905,382,1001.45,14,3.172,14,-6.73,2,Falling,499,35.39,0,14.09,3176.9,190.28,37,0,0,0,0,0,3.374,309,45,56,39,485,46,12.042,18,15,1,6.667,2.887,4.771,4.366,35%,MAINTAIN,1001.45,1001.45,0.0,3.466,250.56,3255.83,17.0,28.37,0.0,3.172,190.28,9.27,31.68,1.0,82,58.72,Signals are within normal range; maintain current strategy.
2026-09-03,GR-LIPBAL-STRAWB,GR-LIPBAL,Lip Balm,Lips,Strawberry,Carousel,22391,680,3.037,475,939.44,17,3.466,17,3.44,1,Stable,482,28.37,0,16.98,3255.83,250.56,0,0,0,0,0,0,4.649,572,83,104,72,680,58,12.211,24,19,2,10.526,2.5,6.098,5.254,35%,MAINTAIN,939.44,939.44,0.0,2.777,52.04,3549.42,19.0,19.85,0.0,3.466,250.56,-19.88,-79.23,0.0,90,61.83,Signals are within normal range; maintain current strategy.
2026-09-04,GR-LIPBAL-STRAWB,GR-LIPBAL,Lip Balm,Lips,Strawberry,Video,20956,664,3.169,521,1277.96,19,2.777,19,10.04,3,Rising,459,19.85,0,23.11,3549.42,52.04,0,13314,9138,6815,4630,2694,2.082,239,34,43,30,664,52,9.981,25,20,1,5.0,2.861,6.432,5.942,35%,MAINTAIN,1277.96,1277.96,0.0,5.388,1031.23,5758.36,30.0,11.42,0.0,2.777,52.04,94.02,1881.61,1.0,90,53.08,Signals are within normal range; maintain current strategy.
2026-09-05,GR-LIPBAL-STRAWB,GR-LIPBAL,Lip Balm,Lips,Strawberry,Image,24038,695,2.891,559,1068.77,30,5.388,30,-3.61,3,Stable,422,11.42,0,36.91,5758.36,1031.23,0,0,0,0,0,0,3.559,470,68,85,59,695,97,17.352,41,32,2,6.25,4.317,7.702,6.934,35%,MAINTAIN,1068.77,1068.77,0.0,5.124,884.39,5529.49,27.0,14.42,0.0,5.388,1031.23,-4.9,-14.24,0.0,82,65.0,Signals are within normal range; maintain current strategy.
2026-09-06,GR-LIPBAL-STRAWB,GR-LIPBAL,Lip Balm,Lips,Strawberry,Video,24559,613,2.496,436,1079.16,27,5.124,27,5.45,4,Rising,394,14.42,0,27.35,5529.49,884.39,44,14705,10351,7993,3779,2054,3.848,519,75,94,66,613,55,12.615,37,29,2,6.897,4.405,6.975,5.647,35%,INCREASE_BUDGET,1079.16,1294.99,20.0,5.24,1160.59,6818.53,30.0,8.46,0.0,5.124,884.39,2.26,31.23,1.0,90,64.76,"Strong ROAS, positive profit, rising sales and sufficient inventory."
2026-09-07,GR-LIPBAL-STRAWB,GR-LIPBAL,Lip Balm,Lips,Strawberry,Carousel,28293,901,3.185,759,1301.35,30,5.24,30,2.53,4,Stable,353,8.46,0,41.7,6818.53,1160.59,94,0,0,0,0,0,3.079,479,69,87,60,901,73,9.618,43,32,2,6.25,3.33,6.696,5.786,35%,MAINTAIN,1301.35,1301.35,0.0,5.336,1020.58,6327.02,28.0,8.66,0.0,5.24,1160.59,1.83,-12.06,1.0,90,58.95,Signals are within normal range; maintain current strategy.
2026-09-08,GR-LIPBAL-STRAWB,GR-LIPBAL,Lip Balm,Lips,Strawberry,Video,21035,571,2.715,423,1185.76,28,5.336,28,-0.39,4,Stable,316,8.66,0,36.52,6327.02,1020.58,49,9505,6366,3954,2450,1240,3.054,353,51,64,44,571,66,15.603,39,31,1,3.226,4.904,5.257,4.245,35%,MAINTAIN,1185.76,1185.76,0.0,5.145,1007.14,6420.68,31.0,8.64,0.0,5.336,1020.58,-3.58,-1.32,0.0,82,62.95,Signals are within normal range; maintain current strategy.
2026-09-09,GR-LIPBAL-STRAWB,GR-LIPBAL,Lip Balm,Lips,Strawberry,Video,22324,795,3.561,619,1248.05,31,5.145,31,-0.77,5,Stable,283,8.64,0,32.81,6420.68,1007.14,50,8824,6320,4804,2611,1425,3.211,394,57,71,50,795,70,11.309,42,32,1,3.125,3.899,5.701,5.316,35%,MAINTAIN,1248.05,1248.05,0.0,1.64,-552.44,2100.04,9.0,22.65,0.0,5.145,1007.14,-68.12,-154.85,0.0,82,59.65,Signals are within normal range; maintain current strategy.
2026-09-10,GR-LIPBAL-STRAWB,GR-LIPBAL,Lip Balm,Lips,Strawberry,Video,22153,551,2.487,367,1280.3,9,1.64,9,5.08,1,Rising,271,22.65,0,11.98,2100.04,-552.44,41,7576,5670,3567,2381,973,3.534,430,62,78,54,551,31,8.447,12,9,0,0.0,1.633,3.936,3.142,35%,DECREASE_BUDGET,1280.3,896.21,-30.0,3.101,132.37,4147.69,21.0,10.47,0.0,1.64,-552.44,89.09,123.96,1.0,66,45.52,Low ROAS or negative profit indicates weak marginal ad return.
2026-09-11,GR-LIPBAL-STRAWB,GR-LIPBAL,Lip Balm,Lips,Strawberry,Influencer Video,15614,389,2.491,308,1337.63,21,3.101,21,7.43,4,Rising,248,10.47,0,23.65,4147.69,132.37,0,5947,4158,3033,1807,849,5.912,507,73,92,64,389,43,13.961,29,27,2,7.407,5.398,5.012,4.291,35%,MAINTAIN,1337.63,1337.63,0.0,6.234,1278.03,6433.12,33.0,5.84,0.0,3.101,132.37,101.03,865.5,1.0,90,52.8,Signals are within normal range; maintain current strategy.
2026-09-12,GR-LIPBAL-STRAWB,GR-LIPBAL,Lip Balm,Lips,Strawberry,Influencer Video,25653,748,2.916,599,1031.97,33,6.234,33,14.54,6,Rising,211,5.84,0,36.23,6433.12,1278.03,0,12192,9630,5956,2886,1104,3.071,433,63,78,55,748,71,11.853,41,34,1,2.941,4.412,5.408,4.874,35%,MAINTAIN,1031.97,1031.97,0.0,3.715,378.26,4034.09,18.0,10.07,0.0,6.234,1278.03,-40.41,-70.4,0.0,82,61.72,Signals are within normal range; maintain current strategy.
2026-09-13,GR-LIPBAL-STRAWB,GR-LIPBAL,Lip Balm,Lips,Strawberry,Carousel,27642,857,3.1,662,1085.78,18,3.715,18,16.13,1,Rising,192,10.07,0,19.1,4034.09,378.26,89,0,0,0,0,0,1.859,282,41,51,35,857,51,7.704,25,19,1,5.263,2.1,5.3,4.859,35%,INCREASE_BUDGET,1085.78,1302.94,20.0,4.874,1004.72,5981.25,30.0,4.96,0.0,3.715,378.26,31.2,165.62,1.0,90,53.33,"Strong ROAS, positive profit, rising sales and sufficient inventory."
2026-09-14,GR-LIPBAL-STRAWB,GR-LIPBAL,Lip Balm,Lips,Strawberry,Video,23891,667,2.792,485,1227.11,30,4.874,30,1.18,5,Stable,160,4.96,0,32.25,5981.25,1004.72,40,14109,10876,8230,5313,3309,3.773,495,72,90,63,667,83,17.113,42,36,2,5.556,4.498,6.511,5.496,35%,MAINTAIN,1227.11,1227.11,0.0,4.479,768.17,5070.63,21.0,6.25,0.0,4.874,1004.72,-8.1,-23.54,0.0,82,61.79,Signals are within normal range; maintain current strategy.
2026-09-15,GR-LIPBAL-STRAWB,GR-LIPBAL,Lip Balm,Lips,Strawberry,Image,24581,637,2.591,509,1132.07,21,4.479,21,9.87,3,Rising,138,6.25,0,22.08,5070.63,768.17,68,0,0,0,0,0,4.017,543,78,98,69,637,51,10.02,26,22,1,4.545,3.297,1.898,1.0,35%,MAINTAIN,1132.07,1132.07,0.0,5.002,985.39,6018.2,25.0,4.46,0.0,4.479,768.17,11.68,28.28,1.0,82,56.49,Signals are within normal range; maintain current strategy.
2026-09-16,GR-LIPBAL-STRAWB,GR-LIPBAL,Lip Balm,Lips,Strawberry,Influencer Video,21314,582,2.731,407,1203.07,25,5.002,25,2.25,4,Stable,113,4.46,0,25.28,6018.2,985.39,67,7212,4990,3289,2088,949,3.741,438,63,79,55,582,76,18.673,39,28,1,3.571,4.296,2.651,2.393,35%,MAINTAIN,1203.07,1203.07,0.0,4.689,569.95,3563.8,19.0,4.4,0.0,5.002,985.39,-6.26,-42.16,0.0,82,63.68,Signals are within normal range; maintain current strategy.
2026-09-17,GR-LIPBAL-STRAWB,GR-LIPBAL,Lip Balm,Lips,Strawberry,Carousel,23429,539,2.301,385,760.05,19,4.689,19,4.7,2,Stable,92,4.4,0,20.87,3563.8,569.95,0,0,0,0,0,0,3.509,452,65,82,57,539,52,13.506,24,19,0,0.0,3.525,5.151,4.66,35%,MAINTAIN,760.05,760.05,0.0,3.013,76.28,3355.7,17.0,2.84,0.0,4.689,569.95,-35.74,-86.62,0.0,82,58.4,Signals are within normal range; maintain current strategy.
2026-09-18,GR-LIPBAL-STRAWB,GR-LIPBAL,Lip Balm,Lips,Strawberry,Image,25089,674,2.686,430,1113.72,17,3.013,17,18.21,3,Rising,68,2.84,0,23.92,3355.7,76.28,0,0,0,0,0,0,4.376,603,87,109,76,674,51,11.86,22,18,1,5.556,2.522,5.763,5.569,35%,PROTECT_INVENTORY,1113.72,723.92,-35.0,3.648,459.08,5220.61,27.0,0.81,0.0,3.013,76.28,21.08,501.84,1.0,82,49.04,Inventory is close to stockout; protect availability before scaling ads.
2026-09-19,GR-LIPBAL-STRAWB,GR-LIPBAL,Lip Balm,Lips,Strawberry,Video,25412,913,3.593,792,1430.92,27,3.648,27,3.62,2,Stable,30,0.81,0,37.44,5220.61,459.08,0,17171,11035,7124,3948,2431,4.337,606,88,110,77,913,65,8.207,36,28,1,3.571,2.957,6.288,5.792,35%,PROTECT_INVENTORY,1430.92,930.1,-35.0,7.004,1670.84,7513.85,33.0,0.0,1.0,3.648,459.08,92.0,263.95,1.0,82,46.17,Inventory is close to stockout; protect availability before scaling ads.
2026-09-20,GR-LIPBAL-STRAWB,GR-LIPBAL,Lip Balm,Lips,Strawberry,Carousel,28848,721,2.499,590,1072.74,33,7.004,33,6.22,6,Rising,0,0.0,1,42.03,7513.85,1670.84,63,0,0,0,0,0,4.792,760,110,138,96,721,76,12.881,40,36,3,8.333,4.577,4.932,4.475,35%,PROTECT_INVENTORY,1072.74,697.28,-35.0,6.018,1367.32,6515.88,35.0,0.0,1.0,7.004,1670.84,-14.08,-18.17,0.0,82,57.9,Inventory is close to stockout; protect availability before scaling ads.
2026-09-21,GR-LIPBAL-STRAWB,GR-LIPBAL,Lip Balm,Lips,Strawberry,Influencer Video,27218,789,2.899,693,1082.68,35,6.018,35,7.78,4,Rising,0,0.0,1,36.83,6515.88,1367.32,0,12448,7692,4065,2643,1037,3.021,452,65,82,57,789,83,11.977,42,38,3,7.895,4.436,6.577,6.743,35%,PROTECT_INVENTORY,1082.68,703.74,-35.0,7.387,2065.84,9431.72,43.0,0.0,1.0,6.018,1367.32,22.75,51.09,1.0,82,57.54,Inventory is close to stockout; protect availability before scaling ads.
2026-09-22,GR-LIPBAL-STRAWB,GR-LIPBAL,Lip Balm,Lips,Strawberry,Carousel,31337,988,3.153,770,1276.81,43,7.387,43,13.53,5,Rising,0,0.0,1,47.34,9431.72,2065.84,56,0,0,0,0,0,2.272,391,56,71,49,988,126,16.364,62,48,5,10.417,4.352,4.608,3.848,35%,PROTECT_INVENTORY,1276.81,829.93,-35.0,5.332,1115.52,5996.08,32.0,0.0,1.0,7.387,2065.84,-27.82,-46.0,0.0,82,61.98,Inventory is close to stockout; protect availability before scaling ads.
2026-09-23,GR-LIPBAL-STRAWB,GR-LIPBAL,Lip Balm,Lips,Strawberry,Carousel,23673,734,3.101,579,1124.48,32,5.332,32,-1.25,6,Stable,0,0.0,1,37.1,5996.08,1115.52,0,0,0,0,0,0,3.576,465,67,84,59,734,80,13.817,47,35,3,8.571,4.36,2.324,1.298,35%,PROTECT_INVENTORY,1124.48,730.91,-35.0,5.727,1347.63,7114.98,37.0,0.0,1.0,5.332,1115.52,7.41,20.81,1.0,74,57.11,Inventory is close to stockout; protect availability before scaling ads.
2026-09-24,GR-LIPBAL-STRAWB,GR-LIPBAL,Lip Balm,Lips,Strawberry,Image,27718,935,3.373,678,1242.37,37,5.727,37,10.35,6,Rising,0,0.0,1,42.29,7114.98,1347.63,0,0,0,0,0,0,2.76,420,61,76,53,935,107,15.782,53,42,5,11.905,3.957,5.624,5.044,35%,PROTECT_INVENTORY,1242.37,807.54,-35.0,5.249,1449.31,7824.38,42.0,0.0,1.0,5.727,1347.63,-8.35,7.55,0.0,82,60.91,Inventory is close to stockout; protect availability before scaling ads.
2026-09-25,GR-LIPBAL-STRAWB,GR-LIPBAL,Lip Balm,Lips,Strawberry,Influencer Video,24159,821,3.398,707,1490.69,42,5.249,42,8.91,9,Rising,0,0.0,1,39.48,7824.38,1449.31,0,12390,8694,4606,2719,1617,3.452,458,66,83,58,821,127,17.963,50,45,2,4.444,5.116,7.1,6.919,35%,PROTECT_INVENTORY,1490.69,968.95,-35.0,5.432,1172.95,6212.68,32.0,0.0,1.0,5.249,1449.31,3.49,-19.07,1.0,82,62.25,Inventory is close to stockout; protect availability before scaling ads.
2026-09-26,GR-LIPBAL-STRAWB,GR-LIPBAL,Lip Balm,Lips,Strawberry,Video,30598,816,2.667,591,1143.72,32,5.432,32,12.91,3,Rising,0,0.0,1,36.26,6212.68,1172.95,43,13790,10205,6120,3026,1684,2.997,504,73,91,64,816,69,11.675,46,34,2,5.882,3.922,6.361,5.694,35%,PROTECT_INVENTORY,1143.72,743.42,-35.0,3.85,530.84,4906.45,23.0,0.0,1.0,5.432,1172.95,-29.12,-54.74,0.0,82,58.34,Inventory is close to stockout; protect availability before scaling ads.
2026-09-27,GR-LIPBAL-STRAWB,GR-LIPBAL,Lip Balm,Lips,Strawberry,Video,20949,638,3.045,536,1274.55,23,3.85,23,10.16,2,Rising,0,0.0,1,27.48,4906.45,530.84,33,11260,8906,4607,3158,2018,2.426,279,40,50,35,638,56,10.448,30,26,2,7.692,3.605,6.759,6.008,35%,PROTECT_INVENTORY,1274.55,828.46,-35.0,5.787,1498.87,7529.62,40.0,0.0,1.0,3.85,530.84,50.31,182.36,1.0,82,49.97,Inventory is close to stockout; protect availability before scaling ads.
2026-09-28,GR-LIPBAL-STRAWB,GR-LIPBAL,Lip Balm,Lips,Strawberry,Image,29041,894,3.078,708,1301.13,40,5.787,40,8.71,7,Rising,0,0.0,1,50.25,7529.62,1498.87,0,0,0,0,0,0,3.312,529,76,96,67,894,83,11.723,53,40,0,0.0,4.474,4.486,3.806,35%,PROTECT_INVENTORY,1301.13,845.73,-35.0,,,,,,,5.787,1498.87,,,,82,57.53,Inventory is close to stockout; protect availability before scaling ads.
2026-09-01,GR-MOIST-100G,GR-MOIST,Aloe Moisturizer,Skin,100 g,Image,9013,348,3.861,277,2437.32,10,3.152,10,-2.65,2,Stable,748,51.22,0,14.61,7682.82,1477.08,30,0,0,0,0,0,2.725,135,19,24,17,348,31,11.191,15,12,1,8.333,2.874,6.787,5.937,49%,MAINTAIN,2437.32,2437.32,0.0,9.052,8649.34,22193.2,33.0,22.3,0.0,3.152,1477.08,187.18,485.57,1.0,82,61.58,Signals are within normal range; maintain current strategy.
2026-09-02,GR-MOIST-100G,GR-MOIST,Aloe Moisturizer,Skin,100 g,Video,27934,1097,3.927,873,2451.84,33,9.052,33,2.46,3,Stable,716,22.3,0,32.11,22193.2,8649.34,61,12900,8906,6410,3482,2199,3.054,469,68,85,59,1097,131,15.006,66,51,3,5.882,3.008,4.924,4.602,49%,MAINTAIN,2451.84,2451.84,0.0,4.216,2419.16,8687.66,14.0,38.94,0.0,9.052,8649.34,-53.42,-72.03,0.0,90,72.7,Signals are within normal range; maintain current strategy.
2026-09-03,GR-MOIST-100G,GR-MOIST,Aloe Moisturizer,Skin,100 g,Carousel,17824,610,3.422,453,2060.84,14,4.216,14,-3.6,2,Stable,698,38.94,0,17.93,8687.66,2419.16,0,0,0,0,0,0,2.806,275,40,50,35,610,37,8.168,17,14,0,0.0,2.295,4.292,4.259,49%,MAINTAIN,2060.84,2060.84,0.0,6.94,6138.52,16186.41,22.0,24.67,0.0,4.216,2419.16,64.61,153.75,1.0,82,65.5,Signals are within normal range; maintain current strategy.
2026-09-04,GR-MOIST-100G,GR-MOIST,Aloe Moisturizer,Skin,100 g,Image,16138,649,4.022,544,2332.49,22,6.94,22,-1.31,2,Stable,671,24.67,0,27.2,16186.41,6138.52,60,0,0,0,0,0,1.72,152,22,27,19,649,57,10.478,26,23,1,4.348,3.39,5.304,4.383,49%,MAINTAIN,2332.49,2332.49,0.0,5.667,4933.19,13753.72,23.0,28.05,0.0,6.94,6138.52,-18.34,-19.64,0.0,82,69.73,Signals are within normal range; maintain current strategy.
2026-09-05,GR-MOIST-100G,GR-MOIST,Aloe Moisturizer,Skin,100 g,Image,16819,699,4.156,599,2426.81,23,5.667,23,7.12,4,Rising,648,28.05,0,23.1,13753.72,4933.19,0,0,0,0,0,0,2.543,235,34,42,29,699,77,12.855,35,29,1,3.448,3.29,6.266,6.141,49%,INCREASE_BUDGET,2426.81,2912.17,20.0,6.977,4526.64,13070.95,20.0,26.31,0.0,5.667,4933.19,23.12,-8.24,1.0,90,74.89,"Strong ROAS, positive profit, rising sales and sufficient inventory."
2026-09-06,GR-MOIST-100G,GR-MOIST,Aloe Moisturizer,Skin,100 g,Video,19047,638,3.35,544,1873.36,20,6.977,20,4.63,4,Stable,624,26.31,0,23.73,13070.95,4526.64,0,9326,7376,4602,2599,1575,3.416,357,52,65,45,638,79,14.522,40,34,2,5.882,3.135,5.41,4.786,49%,INCREASE_BUDGET,1873.36,2248.03,20.0,4.07,2490.28,9401.49,15.0,32.12,0.0,6.977,4526.64,-41.67,-44.99,0.0,90,74.77,"Strong ROAS, positive profit, rising sales and sufficient inventory."
2026-09-07,GR-MOIST-100G,GR-MOIST,Aloe Moisturizer,Skin,100 g,Video,16729,522,3.12,449,2309.72,15,4.07,15,1.55,1,Stable,605,32.12,0,18.85,9401.49,2490.28,0,9366,6856,5044,3797,2565,3.486,320,46,58,40,522,35,7.795,19,15,0,0.0,2.874,6.346,5.23,49%,MAINTAIN,2309.72,2309.72,0.0,7.307,6634.46,16992.27,28.0,15.75,0.0,4.07,2490.28,79.53,166.41,1.0,90,65.38,Signals are within normal range; maintain current strategy.
2026-09-08,GR-MOIST-100G,GR-MOIST,Aloe Moisturizer,Skin,100 g,Video,22828,921,4.035,731,2325.54,28,7.307,28,6.08,6,Rising,569,15.75,0,36.14,16992.27,6634.46,0,9595,7155,4969,2806,1736,1.956,245,35,44,31,921,100,13.68,57,41,1,2.439,3.04,5.559,4.53,49%,INCREASE_BUDGET,2325.54,2790.65,20.0,5.401,3570.87,10776.57,15.0,29.67,0.0,7.307,6634.46,-26.08,-46.18,0.0,90,69.15,"Strong ROAS, positive profit, rising sales and sufficient inventory."
2026-09-09,GR-MOIST-100G,GR-MOIST,Aloe Moisturizer,Skin,100 g,Video,18871,648,3.434,523,1995.41,15,5.401,15,14.31,3,Rising,551,29.67,0,18.56,10776.57,3570.87,55,8538,5890,3785,2363,1575,4.05,420,61,76,53,648,47,8.987,22,16,1,6.25,2.315,4.585,4.64,49%,INCREASE_BUDGET,1995.41,2394.49,20.0,5.464,3699.62,11258.62,18.0,19.42,0.0,5.401,3570.87,1.17,3.61,1.0,90,74.24,"Strong ROAS, positive profit, rising sales and sufficient inventory."
2026-09-10,GR-MOIST-100G,GR-MOIST,Aloe Moisturizer,Skin,100 g,Influencer Video,14310,535,3.739,443,2060.38,18,5.464,18,4.29,3,Stable,524,19.42,0,26.98,11258.62,3699.62,0,5736,4094,2956,1874,1175,4.713,370,53,67,47,535,61,13.77,36,30,2,6.667,3.364,3.497,3.133,49%,INCREASE_BUDGET,2060.38,2472.46,20.0,5.389,4165.65,12040.0,20.0,18.82,0.0,5.464,3699.62,-1.37,12.6,0.0,90,70.7,"Strong ROAS, positive profit, rising sales and sufficient inventory."
2026-09-11,GR-MOIST-100G,GR-MOIST,Aloe Moisturizer,Skin,100 g,Image,17354,610,3.515,461,2234.35,20,5.389,20,-0.82,3,Stable,497,18.82,0,26.43,12040.0,4165.65,0,0,0,0,0,0,4.147,395,57,71,50,610,51,11.063,28,21,1,4.762,3.279,1.626,1.448,49%,MAINTAIN,2234.35,2234.35,0.0,6.977,5817.39,15227.48,25.0,15.5,0.0,5.389,4165.65,29.47,39.65,1.0,82,67.34,Signals are within normal range; maintain current strategy.
2026-09-12,GR-MOIST-100G,GR-MOIST,Aloe Moisturizer,Skin,100 g,Image,21856,811,3.711,576,2182.61,25,6.977,25,12.5,2,Rising,467,15.5,0,30.15,15227.48,5817.39,0,0,0,0,0,0,4.552,547,79,99,69,811,102,17.708,52,43,3,6.977,3.083,4.828,4.262,49%,INCREASE_BUDGET,2182.61,2619.13,20.0,10.174,8710.06,22077.9,34.0,11.25,0.0,6.977,5817.39,45.82,49.72,1.0,90,73.33,"Strong ROAS, positive profit, rising sales and sufficient inventory."
2026-09-13,GR-MOIST-100G,GR-MOIST,Aloe Moisturizer,Skin,100 g,Image,29190,986,3.378,760,2169.94,34,10.174,34,9.6,3,Rising,429,11.25,0,38.13,22077.9,8710.06,0,0,0,0,0,0,3.869,621,90,112,79,986,105,13.816,54,42,3,7.143,3.448,4.491,3.651,49%,INCREASE_BUDGET,2169.94,2603.93,20.0,4.37,2204.7,8545.13,13.0,24.91,0.0,10.174,8710.06,-57.05,-74.69,0.0,90,67.71,"Strong ROAS, positive profit, rising sales and sufficient inventory."
2026-09-14,GR-MOIST-100G,GR-MOIST,Aloe Moisturizer,Skin,100 g,Influencer Video,17170,658,3.832,416,1955.3,13,4.37,13,10.26,1,Rising,413,24.91,0,16.56,8545.13,2204.7,0,7963,6644,4661,2539,1319,2.66,251,36,45,31,658,36,8.654,18,13,0,0.0,1.976,4.072,3.73,49%,INCREASE_BUDGET,1955.3,2346.36,20.0,7.476,6624.62,17366.26,24.0,12.8,0.0,4.37,2204.7,71.08,200.48,1.0,82,67.02,"Strong ROAS, positive profit, rising sales and sufficient inventory."
2026-09-15,GR-MOIST-100G,GR-MOIST,Aloe Moisturizer,Skin,100 g,Video,21940,846,3.856,689,2322.84,24,7.476,24,23.56,4,Rising,383,12.8,0,29.89,17366.26,6624.62,87,13631,12267,9612,5506,2963,1.961,236,34,43,30,846,76,11.03,29,24,0,0.0,2.837,5.514,5.081,49%,INCREASE_BUDGET,2322.84,2787.41,20.0,6.97,5195.72,15084.65,23.0,13.13,0.0,7.476,6624.62,-6.77,-21.57,0.0,90,69.18,"Strong ROAS, positive profit, rising sales and sufficient inventory."
2026-09-16,GR-MOIST-100G,GR-MOIST,Aloe Moisturizer,Skin,100 g,Influencer Video,16210,642,3.961,532,2164.28,23,6.97,23,3.38,4,Stable,356,13.13,0,27.08,15084.65,5195.72,0,8175,6319,3344,1615,1055,4.416,393,57,71,50,642,57,10.714,29,24,1,4.167,3.583,6.733,5.336,49%,INCREASE_BUDGET,2164.28,2597.14,20.0,11.73,11613.48,27638.69,32.0,8.6,0.0,6.97,5195.72,68.29,123.52,1.0,90,65.08,"Strong ROAS, positive profit, rising sales and sufficient inventory."
2026-09-17,GR-MOIST-100G,GR-MOIST,Aloe Moisturizer,Skin,100 g,Video,31512,1290,4.094,1014,2356.2,32,11.73,32,13.9,3,Rising,318,8.6,0,37.05,27638.69,11613.48,131,14854,13368,8628,3935,2164,3.85,667,97,121,84,1290,83,8.185,46,33,1,3.03,2.481,5.735,5.531,49%,MAINTAIN,2356.2,2356.2,0.0,7.056,6601.86,17453.41,25.0,9.02,0.0,11.73,11613.48,-39.85,-43.15,0.0,90,63.02,Signals are within normal range; maintain current strategy.
2026-09-18,GR-MOIST-100G,GR-MOIST,Aloe Moisturizer,Skin,100 g,Video,21436,829,3.867,637,2473.67,25,7.056,25,8.72,3,Rising,287,9.02,0,31.79,17453.41,6601.86,100,10453,8396,5118,3128,1508,3.576,421,61,76,53,829,87,13.658,37,28,2,7.143,3.016,8.115,7.083,49%,MAINTAIN,2473.67,2473.67,0.0,7.345,5812.34,16067.98,25.0,9.21,0.0,7.056,6601.86,4.1,-11.96,1.0,90,66.3,Signals are within normal range; maintain current strategy.
2026-09-19,GR-MOIST-100G,GR-MOIST,Aloe Moisturizer,Skin,100 g,Image,23145,891,3.85,616,2187.66,25,7.345,25,7.15,5,Rising,259,9.21,0,28.07,16067.98,5812.34,0,0,0,0,0,0,3.047,387,56,70,49,891,62,10.065,35,28,3,10.714,2.806,5.063,4.811,49%,MAINTAIN,2187.66,2187.66,0.0,7.329,5777.89,16219.1,20.0,11.45,0.0,7.345,5812.34,-0.22,-0.59,0.0,90,63.38,Signals are within normal range; maintain current strategy.
2026-09-20,GR-MOIST-100G,GR-MOIST,Aloe Moisturizer,Skin,100 g,Carousel,20944,698,3.333,573,2212.86,20,7.329,20,2.44,4,Stable,238,11.45,0,20.77,16219.1,5777.89,78,0,0,0,0,0,4.26,490,71,89,62,698,67,11.693,44,35,2,5.714,2.865,5.075,4.581,49%,MAINTAIN,2212.86,2212.86,0.0,2.515,714.29,5945.95,8.0,23.6,0.0,7.329,5777.89,-65.68,-87.64,0.0,90,64.78,Signals are within normal range; maintain current strategy.
2026-09-21,GR-MOIST-100G,GR-MOIST,Aloe Moisturizer,Skin,100 g,Influencer Video,15339,489,3.188,403,2364.59,8,2.515,8,9.1,1,Rising,228,23.6,0,9.67,5945.95,714.29,20,7513,5451,3288,2494,1575,2.846,240,34,43,30,489,28,6.948,12,9,1,11.111,1.636,6.779,5.934,49%,MAINTAIN,2364.59,2364.59,0.0,8.909,7744.71,19380.56,31.0,6.08,0.0,2.515,714.29,254.23,984.25,1.0,82,53.72,Signals are within normal range; maintain current strategy.
2026-09-22,GR-MOIST-100G,GR-MOIST,Aloe Moisturizer,Skin,100 g,Video,23388,930,3.976,791,2175.29,31,8.909,31,9.2,6,Rising,196,6.08,0,32.24,19380.56,7744.71,0,10577,7161,4922,3263,1934,3.335,429,62,78,54,930,93,11.757,51,41,4,9.756,3.333,5.596,5.29,49%,MAINTAIN,2175.29,2175.29,0.0,5.496,4555.93,14084.01,19.0,6.81,0.0,8.909,7744.71,-38.31,-41.17,0.0,82,63.5,Signals are within normal range; maintain current strategy.
2026-09-23,GR-MOIST-100G,GR-MOIST,Aloe Moisturizer,Skin,100 g,Video,20445,722,3.531,493,2562.68,19,5.496,19,3.92,3,Stable,171,6.81,0,25.1,14084.01,4555.93,58,9208,6148,3595,2236,949,3.747,421,61,76,53,722,53,10.751,24,20,1,5.0,2.632,3.045,2.645,49%,MAINTAIN,2562.68,2562.68,0.0,3.278,1330.14,7178.33,11.0,11.18,0.0,5.496,4555.93,-40.36,-70.8,0.0,82,62.05,Signals are within normal range; maintain current strategy.
2026-09-24,GR-MOIST-100G,GR-MOIST,Aloe Moisturizer,Skin,100 g,Influencer Video,14820,470,3.171,348,2189.86,11,3.278,11,6.32,0,Rising,157,11.18,0,14.02,7178.33,1330.14,0,6705,4266,2557,1395,562,2.978,242,35,44,30,470,43,12.356,14,11,0,0.0,2.34,4.746,4.491,49%,RETARGET,2189.86,1970.87,-10.0,2.971,1414.23,7206.27,12.0,9.96,0.0,3.278,1330.14,-9.37,6.32,0.0,90,55.59,Strong cart intent but weak purchase conversion suggests recoverable demand.
2026-09-25,GR-MOIST-100G,GR-MOIST,Aloe Moisturizer,Skin,100 g,Carousel,14592,560,3.838,404,2425.77,12,2.971,12,16.94,1,Rising,143,9.96,0,14.31,7206.27,1414.23,0,0,0,0,0,0,5.516,442,64,80,56,560,31,7.673,15,12,0,0.0,2.143,6.575,6.041,49%,MAINTAIN,2425.77,2425.77,0.0,8.895,5740.98,14401.03,23.0,4.14,0.0,2.971,1414.23,199.39,305.94,1.0,90,51.75,Signals are within normal range; maintain current strategy.
2026-09-26,GR-MOIST-100G,GR-MOIST,Aloe Moisturizer,Skin,100 g,Image,24156,852,3.527,707,1619.02,23,8.895,23,21.17,4,Rising,115,4.14,0,27.73,14401.03,5740.98,0,0,0,0,0,0,2.461,327,47,59,41,852,89,12.588,52,47,5,10.638,2.7,2.909,2.291,49%,MAINTAIN,1619.02,1619.02,0.0,3.901,2100.13,8035.39,13.0,5.27,0.0,8.895,5740.98,-56.14,-63.42,0.0,82,65.54,Signals are within normal range; maintain current strategy.
2026-09-27,GR-MOIST-100G,GR-MOIST,Aloe Moisturizer,Skin,100 g,Video,20375,623,3.058,482,2059.87,13,3.901,13,7.6,2,Rising,96,5.27,0,18.3,8035.39,2100.13,0,10154,7511,3833,1848,865,4.211,471,68,85,60,623,37,7.676,16,13,0,0.0,2.087,5.407,5.134,49%,MAINTAIN,2059.87,2059.87,0.0,2.817,882.65,6527.44,10.0,5.84,0.0,3.901,2100.13,-27.79,-57.97,0.0,82,53.12,Signals are within normal range; maintain current strategy.
2026-09-28,GR-MOIST-100G,GR-MOIST,Aloe Moisturizer,Skin,100 g,Video,15233,551,3.617,421,2317.35,10,2.817,10,10.85,1,Rising,82,5.84,0,14.11,6527.44,882.65,0,7804,5401,3700,2049,952,3.58,299,43,54,38,551,27,6.413,12,10,0,0.0,1.815,7.507,6.72,49%,MAINTAIN,2317.35,2317.35,0.0,,,,,,,2.817,882.65,,,,74,46.6,Signals are within normal range; maintain current strategy.
2026-09-01,GR-MOIST-50G,GR-MOIST,Aloe Moisturizer,Skin,50 g,Image,23846,1174,4.923,932,2399.19,58,9.333,58,2.5,9,Stable,585,8.17,0,71.64,22392.32,8620.81,0,0,0,0,0,0,3.734,489,71,89,62,1174,133,14.27,84,65,7,10.769,4.94,3.678,2.956,48%,MAINTAIN,2399.19,2399.19,0.0,5.342,3271.45,10944.28,28.0,16.88,0.0,9.333,8620.81,-42.76,-62.05,0.0,90,64.89,Signals are within normal range; maintain current strategy.
2026-09-02,GR-MOIST-50G,GR-MOIST,Aloe Moisturizer,Skin,50 g,Carousel,13976,675,4.83,524,2048.55,28,5.342,28,4.08,5,Stable,553,16.88,0,32.74,10944.28,3271.45,0,0,0,0,0,0,4.462,342,49,62,43,675,61,11.641,36,29,1,3.448,4.148,3.64,2.523,48%,INCREASE_BUDGET,2048.55,2458.26,20.0,4.573,2885.1,10180.33,21.0,18.67,0.0,5.342,3271.45,-14.4,-11.81,0.0,90,67.59,"Strong ROAS, positive profit, rising sales and sufficient inventory."
2026-09-03,GR-MOIST-50G,GR-MOIST,Aloe Moisturizer,Skin,50 g,Influencer Video,15709,611,3.889,446,2226.05,21,4.573,21,7.38,2,Rising,525,18.67,0,28.09,10180.33,2885.1,72,9179,6478,4248,2613,1285,3.868,334,48,60,42,611,51,11.435,26,22,1,4.545,3.437,5.889,5.419,48%,INCREASE_BUDGET,2226.05,2671.26,20.0,2.7,997.06,7373.29,18.0,22.61,0.0,4.573,2885.1,-40.96,-65.44,0.0,90,66.43,"Strong ROAS, positive profit, rising sales and sufficient inventory."
2026-09-04,GR-MOIST-50G,GR-MOIST,Aloe Moisturizer,Skin,50 g,Image,14180,635,4.478,477,2730.83,18,2.7,18,-4.73,2,Stable,502,22.61,0,22.22,7373.29,997.06,28,0,0,0,0,0,2.658,207,30,37,26,635,48,10.063,25,19,1,5.263,2.835,2.357,2.606,48%,MAINTAIN,2730.83,2730.83,0.0,3.464,2138.7,9704.2,26.0,14.45,0.0,2.7,997.06,28.3,114.5,1.0,82,53.71,Signals are within normal range; maintain current strategy.
2026-09-05,GR-MOIST-50G,GR-MOIST,Aloe Moisturizer,Skin,50 g,Influencer Video,14684,684,4.658,523,2801.3,26,3.464,26,8.6,5,Rising,470,14.45,0,32.52,9704.2,2138.7,0,7984,6188,3767,2411,1358,2.956,238,34,43,30,684,60,11.472,33,27,1,3.704,3.801,3.128,2.884,48%,MAINTAIN,2801.3,2801.3,0.0,7.374,7095.25,19134.54,51.0,6.9,0.0,3.464,2138.7,112.88,231.76,1.0,90,57.93,Signals are within normal range; maintain current strategy.
2026-09-06,GR-MOIST-50G,GR-MOIST,Aloe Moisturizer,Skin,50 g,Video,30588,1329,4.345,1062,2594.75,51,7.374,51,0.13,5,Stable,410,6.9,0,59.47,19134.54,7095.25,0,14827,11199,8563,5679,3138,4.841,814,118,148,103,1329,125,11.77,63,53,2,3.774,3.837,4.755,4.517,48%,MAINTAIN,2594.75,2594.75,0.0,5.35,3626.76,12255.24,27.0,13.65,0.0,7.374,7095.25,-27.45,-48.88,0.0,82,61.9,Signals are within normal range; maintain current strategy.
2026-09-07,GR-MOIST-50G,GR-MOIST,Aloe Moisturizer,Skin,50 g,Carousel,14089,644,4.571,573,2290.72,27,5.35,27,0.41,4,Stable,382,13.65,0,28.01,12255.24,3626.76,49,0,0,0,0,0,3.653,283,41,51,36,644,60,10.471,33,28,1,3.571,4.193,7.144,6.903,48%,MAINTAIN,2290.72,2290.72,0.0,5.91,4854.27,13981.34,38.0,8.5,0.0,5.35,3626.76,10.47,33.85,1.0,90,64.36,Signals are within normal range; maintain current strategy.
2026-09-08,GR-MOIST-50G,GR-MOIST,Aloe Moisturizer,Skin,50 g,Video,18998,868,4.569,659,2365.73,38,5.91,38,15.57,7,Rising,342,8.5,0,40.26,13981.34,4854.27,0,7459,6102,4981,2893,1520,3.018,315,45,57,40,868,99,15.023,49,40,2,5.0,4.378,6.536,6.762,48%,MAINTAIN,2365.73,2365.73,0.0,3.234,1697.02,8644.29,23.0,12.86,0.0,5.91,4854.27,-45.28,-65.04,0.0,90,68.23,Signals are within normal range; maintain current strategy.
2026-09-09,GR-MOIST-50G,GR-MOIST,Aloe Moisturizer,Skin,50 g,Influencer Video,19904,902,4.532,563,2672.98,23,3.234,23,1.36,5,Stable,317,12.86,0,24.69,8644.29,1697.02,0,8863,6090,3560,2213,1486,3.125,342,49,62,43,902,67,11.901,30,24,1,4.167,2.55,5.021,4.174,48%,MAINTAIN,2672.98,2672.98,0.0,7.672,6989.68,19260.18,50.0,5.47,0.0,3.234,1697.02,137.23,311.88,1.0,90,54.63,Signals are within normal range; maintain current strategy.
2026-09-10,GR-MOIST-50G,GR-MOIST,Aloe Moisturizer,Skin,50 g,Influencer Video,24240,1153,4.757,947,2510.32,50,7.672,50,6.41,7,Rising,268,5.47,0,49.02,19260.18,6989.68,0,11248,8060,6290,3744,2001,3.49,465,67,84,59,1153,131,13.833,59,55,2,3.636,4.337,4.852,4.061,48%,MAINTAIN,2510.32,2510.32,0.0,1.946,-164.84,5126.81,13.0,17.8,0.0,7.672,6989.68,-74.64,-102.36,0.0,82,63.99,Signals are within normal range; maintain current strategy.
2026-09-11,GR-MOIST-50G,GR-MOIST,Aloe Moisturizer,Skin,50 g,Influencer Video,16179,766,4.735,566,2634.84,13,1.946,13,-1.37,1,Stable,254,17.8,0,14.27,5126.81,-164.84,0,7431,4057,2514,1596,800,3.416,303,44,55,38,766,35,6.184,18,13,0,0.0,1.697,5.427,4.566,48%,DECREASE_BUDGET,2634.84,1844.39,-30.0,5.682,5110.39,15317.84,35.0,6.04,0.0,1.946,-164.84,191.98,3200.21,1.0,58,44.54,Low ROAS or negative profit indicates weak marginal ad return.
2026-09-12,GR-MOIST-50G,GR-MOIST,Aloe Moisturizer,Skin,50 g,Carousel,18327,892,4.867,713,2695.71,35,5.682,35,15.14,8,Rising,218,6.04,0,36.08,15317.84,5110.39,72,0,0,0,0,0,3.152,317,46,57,40,892,96,13.464,44,37,2,5.405,3.924,5.232,5.242,48%,MAINTAIN,2695.71,2695.71,0.0,10.341,8626.06,20974.01,48.0,3.42,0.0,5.682,5110.39,82.0,68.79,1.0,82,65.75,Signals are within normal range; maintain current strategy.
2026-09-13,GR-MOIST-50G,GR-MOIST,Aloe Moisturizer,Skin,50 g,Image,28228,1285,4.552,995,2028.26,48,10.341,48,-1.39,5,Stable,169,3.42,0,49.38,20974.01,8626.06,100,0,0,0,0,0,1.679,260,37,47,33,1285,123,12.362,57,50,2,4.0,3.735,6.444,5.766,48%,PROTECT_INVENTORY,2028.26,1318.37,-35.0,8.184,6915.78,19594.43,49.0,2.51,0.0,10.341,8626.06,-20.86,-19.83,0.0,74,60.3,Inventory is close to stockout; protect availability before scaling ads.
2026-09-14,GR-MOIST-50G,GR-MOIST,Aloe Moisturizer,Skin,50 g,Video,21661,962,4.441,760,2394.22,49,8.184,49,-1.94,11,Stable,121,2.51,0,48.07,19594.43,6915.78,0,10793,8771,6902,3579,2013,3.893,463,67,84,59,962,106,13.947,66,57,6,10.526,5.094,5.105,4.812,48%,PROTECT_INVENTORY,2394.22,1556.24,-35.0,7.594,5793.9,16794.91,37.0,1.83,0.0,8.184,6915.78,-7.21,-16.22,0.0,74,60.93,Inventory is close to stockout; protect availability before scaling ads.
2026-09-15,GR-MOIST-50G,GR-MOIST,Aloe Moisturizer,Skin,50 g,Video,22538,1158,5.138,852,2211.72,37,7.594,37,-0.96,3,Stable,78,1.83,0,42.66,16794.91,5793.9,63,10521,6824,5326,3417,2235,1.898,235,34,42,29,1158,111,13.028,52,37,0,0.0,3.195,9.319,8.827,48%,PROTECT_INVENTORY,2211.72,1437.62,-35.0,3.625,2269.25,9680.88,26.0,1.35,0.0,7.594,5793.9,-52.26,-60.83,0.0,74,60.09,Inventory is close to stockout; protect availability before scaling ads.
2026-09-16,GR-MOIST-50G,GR-MOIST,Aloe Moisturizer,Skin,50 g,Carousel,20076,859,4.279,673,2670.75,26,3.625,26,1.35,5,Stable,45,1.35,0,33.12,9680.88,2269.25,0,0,0,0,0,0,5.748,634,92,115,80,859,79,11.738,35,27,1,3.704,3.027,6.36,5.614,48%,PROTECT_INVENTORY,2670.75,1735.99,-35.0,4.516,2723.92,10007.9,26.0,0.56,0.0,3.625,2269.25,24.58,20.04,1.0,82,51.1,Inventory is close to stockout; protect availability before scaling ads.
2026-09-17,GR-MOIST-50G,GR-MOIST,Aloe Moisturizer,Skin,50 g,Video,13155,544,4.135,489,2216.08,26,4.516,26,4.96,2,Stable,16,0.56,0,28.63,10007.9,2723.92,0,7496,3938,2915,1716,827,2.59,187,27,34,23,544,75,15.337,32,27,1,3.704,4.779,2.439,1.674,48%,PROTECT_INVENTORY,2216.08,1440.45,-35.0,7.426,6890.68,19613.48,42.0,0.0,1.0,4.516,2723.92,64.44,152.97,1.0,82,59.47,Inventory is close to stockout; protect availability before scaling ads.
2026-09-18,GR-MOIST-50G,GR-MOIST,Aloe Moisturizer,Skin,50 g,Carousel,25537,1160,4.542,841,2641.14,42,7.426,42,1.37,6,Stable,0,0.0,1,45.44,19613.48,6890.68,142,0,0,0,0,0,3.267,458,66,83,58,1160,87,10.345,58,47,5,10.638,3.621,2.786,2.561,48%,PROTECT_INVENTORY,2641.14,1716.74,-35.0,3.971,2794.58,11252.11,26.0,0.0,1.0,7.426,6890.68,-46.53,-59.44,0.0,82,57.63,Inventory is close to stockout; protect availability before scaling ads.
2026-09-19,GR-MOIST-50G,GR-MOIST,Aloe Moisturizer,Skin,50 g,Influencer Video,15455,657,4.251,525,2833.33,26,3.971,26,9.63,4,Rising,0,0.0,1,30.6,11252.11,2794.58,81,8045,6560,4108,2447,1322,2.094,177,25,32,22,657,67,12.762,36,28,2,7.143,3.957,7.687,7.119,48%,PROTECT_INVENTORY,2833.33,1841.66,-35.0,6.703,5313.4,15745.76,34.0,0.0,1.0,3.971,2794.58,68.8,90.13,1.0,82,54.92,Inventory is close to stockout; protect availability before scaling ads.
2026-09-20,GR-MOIST-50G,GR-MOIST,Aloe Moisturizer,Skin,50 g,Image,24387,1065,4.367,869,2349.17,34,6.703,34,-4.29,4,Stable,0,0.0,1,43.16,15745.76,5313.4,82,0,0,0,0,0,3.051,409,59,74,52,1065,87,10.012,45,36,2,5.556,3.192,3.896,3.546,48%,PROTECT_INVENTORY,2349.17,1526.96,-35.0,4.021,2223.05,9396.69,24.0,0.0,1.0,6.703,5313.4,-40.01,-58.16,0.0,74,56.25,Inventory is close to stockout; protect availability before scaling ads.
2026-09-21,GR-MOIST-50G,GR-MOIST,Aloe Moisturizer,Skin,50 g,Carousel,15172,569,3.75,442,2336.95,24,4.021,24,6.12,2,Rising,0,0.0,1,24.46,9396.69,2223.05,0,0,0,0,0,0,2.093,174,25,31,22,569,64,14.48,31,25,1,4.0,4.218,3.657,3.666,48%,PROTECT_INVENTORY,2336.95,1519.02,-35.0,6.348,4982.93,15322.05,37.0,0.0,1.0,4.021,2223.05,57.87,124.15,1.0,82,55.81,Inventory is close to stockout; protect availability before scaling ads.
2026-09-22,GR-MOIST-50G,GR-MOIST,Aloe Moisturizer,Skin,50 g,Image,23323,985,4.223,696,2413.65,37,6.348,37,-0.53,4,Stable,0,0.0,1,39.01,15322.05,4982.93,43,0,0,0,0,0,3.443,441,64,80,56,985,87,12.5,47,40,3,7.5,3.756,3.367,2.339,48%,PROTECT_INVENTORY,2413.65,1568.87,-35.0,11.822,8947.76,22627.31,54.0,0.0,1.0,6.348,4982.93,86.23,79.57,1.0,74,58.87,Inventory is close to stockout; protect availability before scaling ads.
2026-09-23,GR-MOIST-50G,GR-MOIST,Aloe Moisturizer,Skin,50 g,Image,21578,1119,5.186,960,1914.03,54,11.822,54,-1.76,5,Stable,0,0.0,1,57.05,22627.31,8947.76,111,0,0,0,0,0,3.179,377,54,68,48,1119,158,16.458,73,58,4,6.897,4.826,8.14,7.955,48%,PROTECT_INVENTORY,1914.03,1244.12,-35.0,7.016,6184.12,16600.03,45.0,0.0,1.0,11.822,8947.76,-40.65,-30.89,0.0,74,61.59,Inventory is close to stockout; protect availability before scaling ads.
2026-09-24,GR-MOIST-50G,GR-MOIST,Aloe Moisturizer,Skin,50 g,Carousel,25334,1259,4.97,1099,2365.88,45,7.016,45,-2.01,10,Stable,0,0.0,1,59.57,16600.03,6184.12,0,0,0,0,0,0,3.439,479,69,87,60,1259,126,11.465,63,50,5,10.0,3.574,4.243,3.769,48%,PROTECT_INVENTORY,2365.88,1537.82,-35.0,3.44,1555.26,7068.17,19.0,0.0,1.0,7.016,6184.12,-50.97,-74.85,0.0,74,57.8,Inventory is close to stockout; protect availability before scaling ads.
2026-09-25,GR-MOIST-50G,GR-MOIST,Aloe Moisturizer,Skin,50 g,Video,20915,976,4.667,765,2054.74,19,3.44,19,16.54,2,Rising,0,0.0,1,24.71,7068.17,1555.26,0,8267,5466,4005,2089,960,2.498,287,41,52,36,976,63,8.235,27,20,1,5.0,1.947,4.611,4.013,48%,PROTECT_INVENTORY,2054.74,1335.58,-35.0,1.905,-37.39,4413.68,12.0,0.0,1.0,3.44,1555.26,-44.62,-102.4,0.0,74,49.72,Inventory is close to stockout; protect availability before scaling ads.
2026-09-26,GR-MOIST-50G,GR-MOIST,Aloe Moisturizer,Skin,50 g,Influencer Video,11557,477,4.127,345,2317.39,12,1.905,12,0.31,1,Stable,0,0.0,1,17.73,4413.68,-37.39,0,4185,2875,1732,1012,524,4.636,294,42,53,37,477,34,9.855,17,13,1,7.692,2.516,4.732,4.247,48%,PROTECT_INVENTORY,2317.39,1506.3,-35.0,13.776,13756.94,34528.37,81.0,0.0,1.0,1.905,-37.39,623.15,36893.1,1.0,66,38.48,Inventory is close to stockout; protect availability before scaling ads.
2026-09-27,GR-MOIST-50G,GR-MOIST,Aloe Moisturizer,Skin,50 g,Video,32232,1555,4.824,1327,2506.39,81,13.776,81,8.86,19,Rising,0,0.0,1,78.1,34528.37,13756.94,135,14502,11946,9468,6949,3671,3.792,672,97,122,85,1555,211,15.901,107,86,5,5.814,5.209,5.233,3.736,48%,PROTECT_INVENTORY,2506.39,1629.15,-35.0,3.313,1390.63,7983.28,20.0,0.0,1.0,13.776,13756.94,-75.95,-89.89,0.0,82,63.3,Inventory is close to stockout; protect availability before scaling ads.
2026-09-28,GR-MOIST-50G,GR-MOIST,Aloe Moisturizer,Skin,50 g,Image,14292,632,4.422,453,2409.37,20,3.313,20,8.76,2,Rising,0,0.0,1,21.75,7983.28,1390.63,0,0,0,0,0,0,4.016,315,45,57,40,632,56,12.362,27,21,1,4.762,3.165,4.367,3.765,48%,PROTECT_INVENTORY,2409.37,1566.09,-35.0,,,,,,,3.313,1390.63,,,,82,50.5,Inventory is close to stockout; protect availability before scaling ads.
2026-09-01,GR-RET-15ML,GR-RET,Retinol Serum,Skin,15 ml,Video,23118,757,3.275,651,1617.06,27,11.445,27,2.71,3,Stable,239,7.81,0,30.63,18507.81,8102.94,0,9325,6158,4796,2293,939,2.845,361,52,65,46,757,76,11.674,40,30,2,6.667,3.567,5.14,4.538,52%,MAINTAIN,1617.06,1617.06,0.0,4.537,2324.06,7728.13,8.0,21.79,0.0,11.445,8102.94,-60.36,-71.32,0.0,90,63.6,Signals are within normal range; maintain current strategy.
2026-09-02,GR-RET-15ML,GR-RET,Retinol Serum,Skin,15 ml,Image,15823,633,4.001,478,1703.2,8,4.537,8,-2.93,0,Stable,229,21.79,0,10.5,7728.13,2324.06,55,0,0,0,0,0,3.571,310,45,56,39,633,36,7.531,11,8,0,0.0,1.264,4.955,3.998,52%,CHANGE_CREATIVE,1703.2,1703.2,0.0,3.555,1625.32,6296.47,8.0,20.51,0.0,4.537,2324.06,-21.64,-30.07,0.0,74,63.58,High ad engagement but weak purchase conversion suggests creative-to-product mismatch.
2026-09-03,GR-RET-15ML,GR-RET,Retinol Serum,Skin,15 ml,Video,11447,418,3.652,339,1771.11,8,3.555,8,-7.54,0,Falling,218,20.51,0,10.64,6296.47,1625.32,20,5616,3210,2065,1477,685,3.807,239,34,43,30,418,20,5.9,11,8,0,0.0,1.914,6.343,5.879,52%,MAINTAIN,1771.11,1771.11,0.0,4.497,2301.04,7460.67,11.0,14.07,0.0,3.555,1625.32,26.5,41.57,1.0,74,54.9,Signals are within normal range; maintain current strategy.
2026-09-04,GR-RET-15ML,GR-RET,Retinol Serum,Skin,15 ml,Influencer Video,13787,385,2.792,324,1658.96,11,4.497,11,-3.86,1,Stable,204,14.07,0,14.48,7460.67,2301.04,0,7475,5521,3140,2264,1227,2.951,223,32,40,28,385,37,11.42,15,11,0,0.0,2.857,5.177,4.377,52%,MAINTAIN,1658.96,1658.96,0.0,4.487,2798.98,9102.73,12.0,15.79,0.0,4.497,2301.04,-0.22,21.64,0.0,82,62.21,Signals are within normal range; maintain current strategy.
2026-09-05,GR-RET-15ML,GR-RET,Retinol Serum,Skin,15 ml,Influencer Video,15197,498,3.277,381,2028.84,12,4.487,12,-5.26,1,Falling,192,15.79,0,12.14,9102.73,2798.98,47,7582,5072,3308,1940,1228,3.634,303,44,55,38,498,32,8.399,15,12,0,0.0,2.41,4.935,3.875,52%,MAINTAIN,2028.84,2028.84,0.0,6.34,4552.05,12474.15,13.0,9.25,0.0,4.487,2798.98,41.3,62.63,1.0,82,60.46,Signals are within normal range; maintain current strategy.
2026-09-06,GR-RET-15ML,GR-RET,Retinol Serum,Skin,15 ml,Image,17300,621,3.59,534,1967.45,13,6.34,13,6.69,3,Rising,173,9.25,0,18.7,12474.15,4552.05,65,0,0,0,0,0,4.426,421,61,76,53,621,52,9.738,18,13,0,0.0,2.093,5.441,4.191,52%,MAINTAIN,1967.45,1967.45,0.0,6.428,3944.96,10770.41,13.0,8.78,0.0,6.34,4552.05,1.39,-13.34,1.0,90,63.67,Signals are within normal range; maintain current strategy.
2026-09-07,GR-RET-15ML,GR-RET,Retinol Serum,Skin,15 ml,Influencer Video,11712,421,3.595,360,1675.62,13,6.428,13,6.13,1,Rising,155,8.78,0,17.67,10770.41,3944.96,63,7287,4770,3664,2162,1188,4.807,309,45,56,39,421,28,7.778,16,13,0,0.0,3.088,8.308,8.035,52%,MAINTAIN,1675.62,1675.62,0.0,6.618,4849.83,13171.71,19.0,5.69,0.0,6.428,3944.96,2.96,22.94,1.0,90,61.85,Signals are within normal range; maintain current strategy.
2026-09-08,GR-RET-15ML,GR-RET,Retinol Serum,Skin,15 ml,Carousel,17872,524,2.932,449,1990.17,19,6.618,19,1.3,3,Stable,132,5.69,0,23.21,13171.71,4849.83,0,0,0,0,0,0,4.467,439,63,79,55,524,54,12.027,27,20,1,5.0,3.626,4.586,4.23,52%,MAINTAIN,1990.17,1990.17,0.0,7.04,4460.54,11682.93,17.0,4.45,0.0,6.618,4849.83,6.38,-8.03,1.0,82,62.53,Signals are within normal range; maintain current strategy.
2026-09-09,GR-RET-15ML,GR-RET,Retinol Serum,Skin,15 ml,Video,17630,610,3.46,484,1659.46,17,7.04,17,9.03,2,Rising,108,4.45,0,24.2,11682.93,4460.54,0,7519,5816,3703,1973,1005,2.104,204,29,37,25,610,46,9.504,24,17,0,0.0,2.787,3.862,3.317,52%,MAINTAIN,1659.46,1659.46,0.0,8.98,6020.32,14904.92,15.0,5.36,0.0,7.04,4460.54,27.56,34.97,1.0,82,61.56,Signals are within normal range; maintain current strategy.
2026-09-10,GR-RET-15ML,GR-RET,Retinol Serum,Skin,15 ml,Image,14238,565,3.968,379,1659.86,15,8.98,15,8.49,1,Rising,91,5.36,0,16.96,14904.92,6020.32,74,0,0,0,0,0,3.769,295,42,53,37,565,38,10.026,20,15,0,0.0,2.655,5.027,4.853,52%,MAINTAIN,1659.86,1659.86,0.0,4.227,1913.68,6764.86,9.0,6.98,0.0,8.98,6020.32,-52.93,-68.21,0.0,82,62.3,Signals are within normal range; maintain current strategy.
2026-09-11,GR-RET-15ML,GR-RET,Retinol Serum,Skin,15 ml,Image,10591,384,3.626,292,1600.51,9,4.227,9,11.41,0,Rising,79,6.98,0,11.38,6764.86,1913.68,24,0,0,0,0,0,3.596,209,30,38,26,384,31,10.616,13,9,0,0.0,2.344,6.99,6.299,52%,MAINTAIN,1600.51,1600.51,0.0,5.87,3625.22,10418.61,15.0,3.29,0.0,4.227,1913.68,38.87,89.44,1.0,82,59.5,Signals are within normal range; maintain current strategy.
2026-09-12,GR-RET-15ML,GR-RET,Retinol Serum,Skin,15 ml,Image,21406,676,3.158,559,1774.78,15,5.87,15,-6.97,2,Falling,61,3.29,0,18.55,10418.61,3625.22,0,0,0,0,0,0,3.429,403,58,73,51,676,37,6.619,20,16,1,6.25,2.219,6.521,5.9,52%,PROTECT_INVENTORY,1774.78,1153.61,-35.0,5.449,3482.23,10449.12,15.0,2.23,0.0,5.87,3625.22,-7.17,-3.94,0.0,74,55.62,Inventory is close to stockout; protect availability before scaling ads.
2026-09-13,GR-RET-15ML,GR-RET,Retinol Serum,Skin,15 ml,Image,20965,669,3.191,556,1917.77,15,5.449,15,19.34,2,Rising,42,2.23,0,18.88,10449.12,3482.23,0,0,0,0,0,0,4.336,499,72,90,63,669,34,6.115,18,15,0,0.0,2.242,3.595,3.15,52%,PROTECT_INVENTORY,1917.77,1246.55,-35.0,7.272,3756.5,9333.21,14.0,1.36,0.0,5.449,3482.23,33.46,7.88,1.0,82,59.97,Inventory is close to stockout; protect availability before scaling ads.
2026-09-14,GR-RET-15ML,GR-RET,Retinol Serum,Skin,15 ml,Image,16260,505,3.106,428,1283.5,14,7.272,14,2.68,1,Stable,24,1.36,0,17.83,9333.21,3756.5,0,0,0,0,0,0,3.139,280,40,51,35,505,41,9.579,17,14,0,0.0,2.772,1.712,1.301,52%,PROTECT_INVENTORY,1283.5,834.28,-35.0,4.723,2828.2,8746.43,13.0,0.33,0.0,7.272,3756.5,-35.05,-24.71,0.0,82,58.8,Inventory is close to stockout; protect availability before scaling ads.
2026-09-15,GR-RET-15ML,GR-RET,Retinol Serum,Skin,15 ml,Image,14048,425,3.025,357,1851.8,13,4.723,13,3.01,1,Stable,6,0.33,0,18.23,8746.43,2828.2,0,0,0,0,0,0,2.876,222,32,40,28,425,59,16.527,39,31,3,9.677,3.059,4.325,4.275,52%,PROTECT_INVENTORY,1851.8,1203.67,-35.0,3.752,1597.85,5960.42,8.0,0.0,1.0,4.723,2828.2,-20.56,-43.5,0.0,82,61.9,Inventory is close to stockout; protect availability before scaling ads.
2026-09-16,GR-RET-15ML,GR-RET,Retinol Serum,Skin,15 ml,Influencer Video,13266,376,2.834,305,1588.45,8,3.752,8,2.26,1,Stable,0,0.0,1,9.58,5960.42,1597.85,25,6572,4507,3319,2442,1103,5.573,406,59,73,51,376,25,8.197,11,8,0,0.0,2.128,6.555,5.51,52%,PROTECT_INVENTORY,1588.45,1032.49,-35.0,7.152,4219.81,10173.76,14.0,0.0,1.0,3.752,1597.85,90.62,164.09,1.0,82,49.51,Inventory is close to stockout; protect availability before scaling ads.
2026-09-17,GR-RET-15ML,GR-RET,Retinol Serum,Skin,15 ml,Image,14755,405,2.745,363,1422.59,14,7.152,14,3.05,2,Stable,0,0.0,1,15.82,10173.76,4219.81,36,0,0,0,0,0,2.646,214,31,39,27,405,46,12.672,26,23,0,0.0,3.457,6.05,5.336,52%,PROTECT_INVENTORY,1422.59,924.68,-35.0,8.312,6142.95,14770.93,22.0,0.0,1.0,7.152,4219.81,16.22,45.57,1.0,82,60.51,Inventory is close to stockout; protect availability before scaling ads.
2026-09-18,GR-RET-15ML,GR-RET,Retinol Serum,Skin,15 ml,Video,18373,642,3.494,534,1777.05,22,8.312,22,5.09,2,Rising,0,0.0,1,26.08,14770.93,6142.95,0,9125,6225,4491,2621,1433,3.685,372,54,67,47,642,63,11.798,31,24,1,4.167,3.427,6.412,6.034,52%,PROTECT_INVENTORY,1777.05,1155.08,-35.0,4.819,2797.81,9070.49,13.0,0.0,1.0,8.312,6142.95,-42.02,-54.45,0.0,82,60.27,Inventory is close to stockout; protect availability before scaling ads.
2026-09-19,GR-RET-15ML,GR-RET,Retinol Serum,Skin,15 ml,Image,12202,420,3.442,373,1882.19,13,4.819,13,3.71,2,Stable,0,0.0,1,13.91,9070.49,2797.81,0,0,0,0,0,0,2.45,164,23,29,20,420,33,8.847,18,13,0,0.0,3.095,6.48,5.814,52%,PROTECT_INVENTORY,1882.19,1223.42,-35.0,4.7,1985.23,5897.26,9.0,0.0,1.0,4.819,2797.81,-2.47,-29.04,0.0,82,56.69,Inventory is close to stockout; protect availability before scaling ads.
2026-09-20,GR-RET-15ML,GR-RET,Retinol Serum,Skin,15 ml,Influencer Video,15643,524,3.35,384,1254.77,9,4.7,9,12.29,1,Rising,0,0.0,1,12.53,5897.26,1985.23,0,7426,5770,3533,2281,947,4.093,352,51,64,44,524,32,8.333,12,9,0,0.0,1.718,6.326,5.488,52%,PROTECT_INVENTORY,1254.77,815.6,-35.0,12.107,7462.34,16172.6,22.0,0.0,1.0,4.7,1985.23,157.6,275.89,1.0,74,57.31,Inventory is close to stockout; protect availability before scaling ads.
2026-09-21,GR-RET-15ML,GR-RET,Retinol Serum,Skin,15 ml,Carousel,18253,662,3.627,506,1335.75,22,12.107,22,8.65,5,Rising,0,0.0,1,26.58,16172.6,7462.34,44,0,0,0,0,0,4.494,451,65,82,57,662,56,11.067,32,27,2,7.407,3.323,3.758,3.267,52%,PROTECT_INVENTORY,1335.75,868.24,-35.0,7.792,5392.11,14086.41,20.0,0.0,1.0,12.107,7462.34,-35.64,-27.74,0.0,82,60.43,Inventory is close to stockout; protect availability before scaling ads.
2026-09-22,GR-RET-15ML,GR-RET,Retinol Serum,Skin,15 ml,Video,21591,637,2.95,497,1807.89,20,7.792,20,0.05,3,Stable,0,0.0,1,26.29,14086.41,5392.11,0,10768,7788,4020,2489,1360,2.455,291,42,53,37,637,49,9.859,27,21,1,4.762,3.14,4.543,5.255,52%,PROTECT_INVENTORY,1807.89,1175.13,-35.0,3.484,1456.18,6214.22,9.0,0.0,1.0,7.792,5392.11,-55.29,-72.99,0.0,82,57.8,Inventory is close to stockout; protect availability before scaling ads.
2026-09-23,GR-RET-15ML,GR-RET,Retinol Serum,Skin,15 ml,Influencer Video,22976,631,2.746,406,1783.82,9,3.484,9,22.0,0,Rising,0,0.0,1,12.48,6214.22,1456.18,0,13741,11053,7945,4001,2336,4.513,570,82,103,72,631,27,6.65,13,10,1,10.0,1.426,7.525,6.808,52%,PROTECT_INVENTORY,1783.82,1159.48,-35.0,9.306,6807.3,16856.21,21.0,0.0,1.0,3.484,1456.18,167.11,367.48,1.0,74,50.69,Inventory is close to stockout; protect availability before scaling ads.
2026-09-24,GR-RET-15ML,GR-RET,Retinol Serum,Skin,15 ml,Influencer Video,15395,536,3.482,488,1811.42,21,9.306,21,9.96,2,Rising,0,0.0,1,25.14,16856.21,6807.3,65,7423,4821,2320,1466,686,4.4,372,54,67,47,536,45,9.221,27,23,2,8.696,3.918,4.556,3.923,52%,PROTECT_INVENTORY,1811.42,1177.42,-35.0,7.618,5483.59,12995.1,19.0,0.0,1.0,9.306,6807.3,-18.14,-19.45,0.0,82,59.31,Inventory is close to stockout; protect availability before scaling ads.
2026-09-25,GR-RET-15ML,GR-RET,Retinol Serum,Skin,15 ml,Influencer Video,19203,634,3.302,484,1705.91,19,7.618,19,10.16,3,Rising,0,0.0,1,23.56,12995.1,5483.59,26,11557,7579,4260,2070,1303,5.183,547,79,99,69,634,59,12.19,36,28,2,7.143,2.997,4.815,4.849,52%,PROTECT_INVENTORY,1705.91,1108.84,-35.0,12.357,12264.29,26919.02,31.0,0.0,1.0,7.618,5483.59,62.21,123.65,1.0,82,61.57,Inventory is close to stockout; protect availability before scaling ads.
2026-09-26,GR-RET-15ML,GR-RET,Retinol Serum,Skin,15 ml,Image,23948,839,3.503,732,2178.43,31,12.357,31,8.27,3,Rising,0,0.0,1,38.74,26919.02,12264.29,99,0,0,0,0,0,3.091,407,59,74,51,839,74,10.109,41,33,1,3.03,3.695,6.237,6.093,52%,PROTECT_INVENTORY,2178.43,1415.98,-35.0,4.292,2656.0,8686.9,13.0,0.0,1.0,12.357,12264.29,-65.27,-78.34,0.0,82,59.64,Inventory is close to stockout; protect availability before scaling ads.
2026-09-27,GR-RET-15ML,GR-RET,Retinol Serum,Skin,15 ml,Influencer Video,14932,435,2.913,350,2024.0,13,4.292,13,1.18,2,Stable,0,0.0,1,16.81,8686.9,2656.0,0,6383,5051,3469,2096,832,3.407,279,40,50,35,435,33,9.429,17,14,1,7.143,2.989,6.408,5.432,52%,PROTECT_INVENTORY,2024.0,1315.6,-35.0,5.624,2571.41,7809.16,11.0,0.0,1.0,4.292,2656.0,31.03,-3.18,1.0,82,53.46,Inventory is close to stockout; protect availability before scaling ads.
2026-09-28,GR-RET-15ML,GR-RET,Retinol Serum,Skin,15 ml,Video,12570,445,3.54,367,1388.59,11,5.624,11,9.45,1,Rising,0,0.0,1,13.29,7809.16,2571.41,0,7568,5338,3543,2064,1101,4.022,278,40,50,35,445,30,8.174,15,11,0,0.0,2.472,5.672,5.408,52%,PROTECT_INVENTORY,1388.59,902.58,-35.0,,,,,,,5.624,2571.41,,,,82,58.42,Inventory is close to stockout; protect availability before scaling ads.
2026-09-01,GR-RET-30ML,GR-RET,Retinol Serum,Skin,30 ml,Video,19793,1042,5.264,757,1423.78,28,21.03,28,11.14,4,Rising,162,4.32,0,37.61,29942.03,15096.22,0,8280,5294,4461,2884,1583,2.588,281,40,51,35,1042,96,12.682,55,46,3,6.522,2.687,5.516,4.629,54%,MAINTAIN,1423.78,1423.78,0.0,23.775,16530.17,31737.2,23.0,4.08,0.0,21.03,15096.22,13.05,9.5,1.0,82,64.7,Signals are within normal range; maintain current strategy.
2026-09-02,GR-RET-30ML,GR-RET,Retinol Serum,Skin,30 ml,Video,18150,1058,5.829,772,1334.88,23,23.775,23,9.27,2,Rising,130,4.08,0,31.99,31737.2,16530.17,81,10207,8330,5382,2866,1287,3.329,332,48,60,42,1058,66,8.549,30,25,2,8.0,2.174,4.498,3.32,54%,MAINTAIN,1334.88,1334.88,0.0,13.314,9119.63,19976.22,18.0,5.71,0.0,23.775,16530.17,-44.0,-44.83,0.0,82,61.11,Signals are within normal range; maintain current strategy.
2026-09-03,GR-RET-30ML,GR-RET,Retinol Serum,Skin,30 ml,Influencer Video,15099,789,5.226,539,1500.37,18,13.314,18,17.74,3,Rising,111,5.71,0,19.44,19976.22,9119.63,0,7315,5142,4370,2290,1533,3.675,305,44,55,38,789,54,10.019,25,18,0,0.0,2.281,6.708,5.411,54%,MAINTAIN,1500.37,1500.37,0.0,24.822,19646.86,39545.18,36.0,2.04,0.0,13.314,9119.63,86.44,115.43,1.0,82,64.72,Signals are within normal range; maintain current strategy.
2026-09-04,GR-RET-30ML,GR-RET,Retinol Serum,Skin,30 ml,Video,25515,1227,4.809,1004,1593.14,36,24.822,36,11.19,4,Rising,74,2.04,0,36.5,39545.18,19646.86,0,11573,8775,6420,4468,1994,4.732,664,96,120,84,1227,101,10.06,55,44,2,4.545,2.934,6.553,6.339,54%,PROTECT_INVENTORY,1593.14,1035.54,-35.0,22.476,17361.59,34127.3,32.0,1.18,0.0,24.822,19646.86,-9.45,-11.63,0.0,82,61.6,Inventory is close to stockout; protect availability before scaling ads.
2026-09-05,GR-RET-30ML,GR-RET,Retinol Serum,Skin,30 ml,Video,18945,954,5.036,742,1518.41,32,22.476,32,-4.69,7,Stable,40,1.18,0,34.08,34127.3,17361.59,0,9948,7308,5076,2581,1225,2.794,291,42,52,37,954,67,9.03,38,33,1,3.03,3.354,3.491,3.538,54%,PROTECT_INVENTORY,1518.41,986.97,-35.0,16.262,11593.2,22552.9,22.0,0.31,0.0,22.476,17361.59,-27.65,-33.23,0.0,74,57.22,Inventory is close to stockout; protect availability before scaling ads.
2026-09-06,GR-RET-30ML,GR-RET,Retinol Serum,Skin,30 ml,Carousel,19303,973,5.041,769,1386.8,22,16.262,22,15.1,3,Rising,9,0.31,0,30.89,22552.9,11593.2,0,0,0,0,0,0,3.517,373,54,67,47,973,53,6.892,29,22,0,0.0,2.261,5.151,4.728,54%,PROTECT_INVENTORY,1386.8,901.42,-35.0,9.13,6199.08,13428.77,13.0,0.0,1.0,16.262,11593.2,-43.86,-46.53,0.0,82,59.14,Inventory is close to stockout; protect availability before scaling ads.
2026-09-07,GR-RET-30ML,GR-RET,Retinol Serum,Skin,30 ml,Image,11490,541,4.708,436,1470.92,13,9.13,13,-3.23,2,Stable,0,0.0,1,18.68,13428.77,6199.08,0,0,0,0,0,0,2.588,163,23,29,20,541,30,6.881,17,13,0,0.0,2.403,2.615,2.631,54%,PROTECT_INVENTORY,1470.92,956.1,-35.0,13.786,9749.02,20140.56,19.0,0.0,1.0,9.13,6199.08,51.0,57.27,1.0,74,55.31,Inventory is close to stockout; protect availability before scaling ads.
2026-09-08,GR-RET-30ML,GR-RET,Retinol Serum,Skin,30 ml,Influencer Video,11891,577,4.852,465,1460.98,19,13.786,19,4.67,2,Stable,0,0.0,1,22.2,20140.56,9749.02,0,6058,4553,3219,2138,1474,5.206,340,49,61,43,577,53,11.398,35,30,2,6.667,3.293,3.873,3.916,54%,PROTECT_INVENTORY,1460.98,949.64,-35.0,14.545,11907.83,24175.85,23.0,0.0,1.0,13.786,9749.02,5.51,22.14,1.0,82,60.28,Inventory is close to stockout; protect availability before scaling ads.
2026-09-09,GR-RET-30ML,GR-RET,Retinol Serum,Skin,30 ml,Video,19102,757,3.963,618,1662.17,23,14.545,23,2.68,2,Stable,0,0.0,1,29.91,24175.85,11907.83,0,8497,6341,4147,2823,1294,2.356,247,35,44,31,757,72,11.65,32,25,1,4.0,3.038,2.4,2.321,54%,PROTECT_INVENTORY,1662.17,1080.41,-35.0,32.94,21835.79,41945.46,28.0,0.0,1.0,14.545,11907.83,126.47,83.37,1.0,82,60.07,Inventory is close to stockout; protect availability before scaling ads.
2026-09-10,GR-RET-30ML,GR-RET,Retinol Serum,Skin,30 ml,Image,18570,903,4.863,778,1273.39,28,32.94,28,8.9,4,Rising,0,0.0,1,35.97,41945.46,21835.79,121,0,0,0,0,0,3.641,371,54,67,47,903,79,10.154,38,32,4,12.5,3.101,7.469,6.892,54%,PROTECT_INVENTORY,1273.39,827.7,-35.0,24.357,20876.26,39832.95,25.0,0.0,1.0,32.94,21835.79,-26.06,-4.39,0.0,82,60.2,Inventory is close to stockout; protect availability before scaling ads.
2026-09-11,GR-RET-30ML,GR-RET,Retinol Serum,Skin,30 ml,Video,18675,1087,5.821,751,1635.36,25,24.357,25,7.92,2,Rising,0,0.0,1,34.7,39832.95,20876.26,151,8076,5157,2419,1260,677,3.464,355,51,64,45,1087,64,8.522,29,27,2,7.407,2.3,5.59,5.371,54%,PROTECT_INVENTORY,1635.36,1062.98,-35.0,13.644,9672.49,20978.35,19.0,0.0,1.0,24.357,20876.26,-43.98,-53.67,0.0,82,58.78,Inventory is close to stockout; protect availability before scaling ads.
2026-09-12,GR-RET-30ML,GR-RET,Retinol Serum,Skin,30 ml,Influencer Video,12951,634,4.895,534,1537.51,19,13.644,19,3.04,3,Stable,0,0.0,1,27.15,20978.35,9672.49,0,6065,4704,2738,1711,982,4.51,321,46,58,40,634,45,8.427,28,22,2,9.091,2.997,3.091,2.162,54%,PROTECT_INVENTORY,1537.51,999.38,-35.0,17.242,13791.23,26704.02,26.0,0.0,1.0,13.644,9672.49,26.37,42.58,1.0,82,57.73,Inventory is close to stockout; protect availability before scaling ads.
2026-09-13,GR-RET-30ML,GR-RET,Retinol Serum,Skin,30 ml,Carousel,19168,779,4.064,558,1548.77,26,17.242,26,3.89,2,Stable,0,0.0,1,28.66,26704.02,13791.23,0,0,0,0,0,0,4.089,431,62,78,54,779,61,10.932,35,27,1,3.704,3.338,7.085,6.611,54%,PROTECT_INVENTORY,1548.77,1006.7,-35.0,19.661,14929.02,30471.79,25.0,0.0,1.0,17.242,13791.23,14.03,8.25,1.0,82,59.78,Inventory is close to stockout; protect availability before scaling ads.
2026-09-14,GR-RET-30ML,GR-RET,Retinol Serum,Skin,30 ml,Video,19568,923,4.717,781,1549.9,25,19.661,25,6.1,5,Rising,0,0.0,1,30.21,30471.79,14929.02,44,9198,6473,3133,1973,949,3.25,349,50,63,44,923,60,7.682,32,27,2,7.407,2.709,2.891,2.089,54%,PROTECT_INVENTORY,1549.9,1007.44,-35.0,23.541,18571.68,35036.92,34.0,0.0,1.0,19.661,14929.02,19.73,24.4,1.0,82,57.78,Inventory is close to stockout; protect availability before scaling ads.
2026-09-15,GR-RET-30ML,GR-RET,Retinol Serum,Skin,30 ml,Image,19517,1093,5.6,928,1488.32,34,23.541,34,6.97,3,Rising,0,0.0,1,42.32,35036.92,18571.68,0,0,0,0,0,0,4.313,463,67,84,58,1093,102,10.991,55,47,2,4.255,3.111,4.561,4.409,54%,PROTECT_INVENTORY,1488.32,967.41,-35.0,19.699,14199.3,29678.08,23.0,0.0,1.0,23.541,18571.68,-16.32,-23.54,0.0,82,60.44,Inventory is close to stockout; protect availability before scaling ads.
2026-09-16,GR-RET-30ML,GR-RET,Retinol Serum,Skin,30 ml,Influencer Video,18059,799,4.424,648,1506.56,23,19.699,23,-1.12,2,Stable,0,0.0,1,26.41,29678.08,14199.3,96,8458,5692,3861,1956,1028,2.822,280,40,50,35,799,65,10.031,31,24,1,4.167,2.879,4.198,3.964,54%,PROTECT_INVENTORY,1506.56,979.26,-35.0,15.914,9675.51,20546.46,16.0,0.0,1.0,19.699,14199.3,-19.21,-31.86,0.0,74,58.1,Inventory is close to stockout; protect availability before scaling ads.
2026-09-17,GR-RET-30ML,GR-RET,Retinol Serum,Skin,30 ml,Influencer Video,16137,875,5.422,713,1291.1,16,15.914,16,10.65,3,Rising,0,0.0,1,16.09,20546.46,9675.51,116,8893,7073,4686,2770,1439,4.04,358,52,65,45,875,62,8.696,24,17,1,5.882,1.829,2.754,2.447,54%,PROTECT_INVENTORY,1291.1,839.21,-35.0,19.383,12298.99,24635.97,23.0,0.0,1.0,15.914,9675.51,21.8,27.11,1.0,74,59.45,Inventory is close to stockout; protect availability before scaling ads.
2026-09-18,GR-RET-30ML,GR-RET,Retinol Serum,Skin,30 ml,Image,13283,639,4.811,573,1271.01,23,19.383,23,8.16,5,Rising,0,0.0,1,24.63,24635.97,12298.99,0,0,0,0,0,0,3.221,235,34,42,29,639,66,11.518,31,24,1,4.167,3.599,2.367,2.503,54%,PROTECT_INVENTORY,1271.01,826.16,-35.0,25.169,17585.99,32568.64,32.0,0.0,1.0,19.383,12298.99,29.85,42.99,1.0,82,61.07,Inventory is close to stockout; protect availability before scaling ads.
2026-09-19,GR-RET-30ML,GR-RET,Retinol Serum,Skin,30 ml,Influencer Video,22371,1118,4.998,883,1294.01,32,25.169,32,13.23,6,Rising,0,0.0,1,39.22,32568.64,17585.99,0,8969,6065,3767,1841,1057,5.546,682,99,124,86,1118,99,11.212,44,37,1,2.703,2.862,4.613,4.514,54%,PROTECT_INVENTORY,1294.01,841.11,-35.0,15.608,9910.74,20278.27,19.0,0.0,1.0,25.169,17585.99,-37.99,-43.64,0.0,82,61.86,Inventory is close to stockout; protect availability before scaling ads.
2026-09-20,GR-RET-30ML,GR-RET,Retinol Serum,Skin,30 ml,Image,18588,755,4.062,571,1299.26,19,15.608,19,-4.11,3,Stable,0,0.0,1,22.7,20278.27,9910.74,0,0,0,0,0,0,2.281,233,33,42,29,755,50,8.757,24,20,1,5.0,2.517,2.787,2.858,54%,PROTECT_INVENTORY,1299.26,844.52,-35.0,24.024,16764.93,32894.39,28.0,0.0,1.0,15.608,9910.74,53.92,69.16,1.0,74,56.55,Inventory is close to stockout; protect availability before scaling ads.
2026-09-21,GR-RET-30ML,GR-RET,Retinol Serum,Skin,30 ml,Influencer Video,20654,827,4.004,707,1369.22,28,24.024,28,15.15,6,Rising,0,0.0,1,38.24,32894.39,16764.93,115,9312,5957,3984,2917,1659,5.631,639,93,116,81,827,70,9.901,46,37,2,5.405,3.386,3.793,3.166,54%,PROTECT_INVENTORY,1369.22,889.99,-35.0,16.797,12644.67,25897.92,22.0,0.0,1.0,24.024,16764.93,-30.08,-24.58,0.0,82,61.26,Inventory is close to stockout; protect availability before scaling ads.
2026-09-22,GR-RET-30ML,GR-RET,Retinol Serum,Skin,30 ml,Carousel,17550,956,5.447,795,1541.82,22,16.797,22,7.32,4,Rising,0,0.0,1,30.16,25897.92,12644.67,63,0,0,0,0,0,2.683,258,37,47,32,956,66,8.302,27,23,1,4.348,2.301,5.062,4.098,54%,PROTECT_INVENTORY,1541.82,1002.18,-35.0,12.178,10124.24,20407.85,20.0,0.0,1.0,16.797,12644.67,-27.5,-19.93,0.0,82,58.49,Inventory is close to stockout; protect availability before scaling ads.
2026-09-23,GR-RET-30ML,GR-RET,Retinol Serum,Skin,30 ml,Video,13756,726,5.278,615,1675.76,20,12.178,20,-4.74,2,Stable,0,0.0,1,22.21,20407.85,10124.24,0,6629,5434,3568,1822,875,3.287,248,36,45,31,726,52,8.455,28,20,0,0.0,2.755,5.733,5.431,54%,PROTECT_INVENTORY,1675.76,1089.24,-35.0,19.55,14452.27,28889.32,27.0,0.0,1.0,12.178,10124.24,60.54,42.75,1.0,74,56.19,Inventory is close to stockout; protect availability before scaling ads.
2026-09-24,GR-RET-30ML,GR-RET,Retinol Serum,Skin,30 ml,Carousel,19266,943,4.895,772,1477.73,27,19.55,27,1.08,3,Stable,0,0.0,1,32.97,28889.32,14452.27,0,0,0,0,0,0,3.941,417,60,75,53,943,70,9.067,36,30,3,10.0,2.863,6.975,6.668,54%,PROTECT_INVENTORY,1477.73,960.52,-35.0,18.072,12788.97,24777.22,24.0,0.0,1.0,19.55,14452.27,-7.56,-11.51,0.0,82,57.82,Inventory is close to stockout; protect availability before scaling ads.
2026-09-25,GR-RET-30ML,GR-RET,Retinol Serum,Skin,30 ml,Video,18298,888,4.853,662,1371.03,24,18.072,24,11.92,5,Rising,0,0.0,1,25.51,24777.22,12788.97,0,7517,5553,3915,1485,508,3.022,304,44,55,38,888,90,13.595,48,41,3,7.317,2.703,4.979,4.875,54%,PROTECT_INVENTORY,1371.03,891.17,-35.0,27.045,20359.71,39763.91,37.0,0.0,1.0,18.072,12788.97,49.65,59.2,1.0,82,63.38,Inventory is close to stockout; protect availability before scaling ads.
2026-09-26,GR-RET-30ML,GR-RET,Retinol Serum,Skin,30 ml,Carousel,28704,1394,4.856,1034,1470.29,37,27.045,37,15.86,6,Rising,0,0.0,1,39.99,39763.91,20359.71,0,0,0,0,0,0,3.507,553,80,100,70,1394,95,9.188,46,38,1,2.632,2.654,4.679,4.382,54%,PROTECT_INVENTORY,1470.29,955.69,-35.0,46.007,29568.31,53908.57,47.0,0.0,1.0,27.045,20359.71,70.11,45.23,1.0,82,60.86,Inventory is close to stockout; protect availability before scaling ads.
2026-09-27,GR-RET-30ML,GR-RET,Retinol Serum,Skin,30 ml,Video,25914,1370,5.287,1143,1171.75,47,46.007,47,-2.01,7,Stable,0,0.0,1,52.26,53908.57,29568.31,137,12426,7850,5076,3044,1861,3.483,496,72,90,63,1370,123,10.761,70,56,3,5.357,3.431,4.999,4.665,54%,PROTECT_INVENTORY,1171.75,761.64,-35.0,10.556,6848.3,14901.96,14.0,0.0,1.0,46.007,29568.31,-77.06,-76.84,0.0,74,58.47,Inventory is close to stockout; protect availability before scaling ads.
2026-09-28,GR-RET-30ML,GR-RET,Retinol Serum,Skin,30 ml,Video,12033,575,4.779,519,1411.7,14,10.556,14,12.96,2,Rising,0,0.0,1,16.8,14901.96,6848.3,0,6188,3239,2095,1276,719,2.662,176,25,32,22,575,42,8.092,18,14,0,0.0,2.435,2.804,2.618,54%,PROTECT_INVENTORY,1411.7,917.6,-35.0,,,,,,,10.556,6848.3,,,,82,59.46,Inventory is close to stockout; protect availability before scaling ads.
2026-09-01,GR-SHAMP-250ML,GR-SHAMP,Onion Shampoo,Hair,250 ml,Image,18871,551,2.92,381,1985.11,15,2.628,15,4.07,2,Stable,1004,58.55,0,17.15,5216.92,-785.11,0,0,0,0,0,0,3.025,313,45,57,39,551,47,12.336,28,23,1,4.348,2.722,5.866,5.253,23%,DECREASE_BUDGET,1985.11,1389.58,-30.0,3.421,-319.31,5745.08,17.0,44.49,0.0,2.628,-785.11,30.18,59.33,1.0,82,55.43,Low ROAS or negative profit indicates weak marginal ad return.
2026-09-02,GR-SHAMP-250ML,GR-SHAMP,Onion Shampoo,Hair,250 ml,Video,20042,655,3.268,535,1679.31,17,3.421,17,-2.96,4,Stable,982,44.49,0,22.07,5745.08,-319.31,0,8665,6229,3154,1795,841,2.84,313,45,56,39,655,59,11.028,30,25,1,4.0,2.595,6.381,5.886,23%,DECREASE_BUDGET,1679.31,1175.52,-30.0,3.775,-202.54,6405.71,15.0,57.82,0.0,3.421,-319.31,10.35,36.57,1.0,74,57.8,Low ROAS or negative profit indicates weak marginal ad return.
2026-09-03,GR-SHAMP-250ML,GR-SHAMP,Onion Shampoo,Hair,250 ml,Image,16707,659,3.944,445,1697.01,15,3.775,15,7.1,1,Rising,965,57.82,0,16.69,6405.71,-202.54,54,0,0,0,0,0,3.487,320,46,58,40,659,47,10.562,23,16,1,6.25,2.276,5.418,5.094,23%,DECREASE_BUDGET,1697.01,1187.91,-30.0,3.069,-369.64,4571.4,14.0,56.03,0.0,3.775,-202.54,-18.7,-82.5,0.0,82,61.59,Low ROAS or negative profit indicates weak marginal ad return.
2026-09-04,GR-SHAMP-250ML,GR-SHAMP,Onion Shampoo,Hair,250 ml,Carousel,16922,583,3.445,433,1489.64,14,3.069,14,4.9,3,Stable,948,56.03,0,16.92,4571.4,-369.64,0,0,0,0,0,0,3.087,287,41,52,36,583,57,13.164,24,20,1,5.0,2.401,6.146,6.042,23%,DECREASE_BUDGET,1489.64,1042.75,-30.0,3.259,-394.67,5197.75,15.0,43.85,0.0,3.069,-369.64,6.19,-6.77,1.0,82,58.87,Low ROAS or negative profit indicates weak marginal ad return.
2026-09-05,GR-SHAMP-250ML,GR-SHAMP,Onion Shampoo,Hair,250 ml,Image,13875,460,3.315,378,1594.67,15,3.259,15,6.46,3,Rising,927,43.85,0,21.14,5197.75,-394.67,0,0,0,0,0,0,3.815,291,42,52,37,460,38,10.053,23,17,1,5.882,3.261,5.254,4.289,23%,DECREASE_BUDGET,1594.67,1116.27,-30.0,3.121,-454.3,4790.99,12.0,56.04,0.0,3.259,-394.67,-4.23,-15.11,0.0,82,57.99,Low ROAS or negative profit indicates weak marginal ad return.
2026-09-06,GR-SHAMP-250ML,GR-SHAMP,Onion Shampoo,Hair,250 ml,Video,16930,537,3.172,412,1534.88,12,3.121,12,0.63,1,Stable,911,56.04,0,16.25,4790.99,-454.3,71,6148,3922,2713,1651,926,4.815,448,65,81,57,537,29,7.039,15,13,1,7.692,2.235,4.338,4.048,23%,DECREASE_BUDGET,1534.88,1074.42,-30.0,2.741,-532.02,4342.61,11.0,71.61,0.0,3.121,-454.3,-12.18,-17.11,0.0,82,53.73,Low ROAS or negative profit indicates weak marginal ad return.
2026-09-07,GR-SHAMP-250ML,GR-SHAMP,Onion Shampoo,Hair,250 ml,Image,19216,654,3.403,538,1584.24,11,2.741,11,11.35,2,Rising,898,71.61,0,12.54,4342.61,-532.02,99,0,0,0,0,0,2.562,270,39,49,34,654,44,8.178,18,12,1,8.333,1.682,6.164,5.192,23%,DECREASE_BUDGET,1584.24,1108.97,-30.0,2.496,-809.87,4617.29,13.0,50.63,0.0,2.741,-532.02,-8.94,-52.23,0.0,74,54.45,Low ROAS or negative profit indicates weak marginal ad return.
2026-09-08,GR-SHAMP-250ML,GR-SHAMP,Onion Shampoo,Hair,250 ml,Influencer Video,20488,695,3.392,535,1849.87,13,2.496,13,7.73,1,Rising,881,50.63,0,17.4,4617.29,-809.87,0,8127,6292,4361,2948,1351,4.888,550,80,100,70,695,44,8.224,18,13,0,0.0,1.871,3.184,2.817,23%,DECREASE_BUDGET,1849.87,1294.91,-30.0,2.043,-904.16,3481.97,10.0,82.96,0.0,2.496,-809.87,-18.15,-11.64,0.0,66,52.29,Low ROAS or negative profit indicates weak marginal ad return.
2026-09-09,GR-SHAMP-250ML,GR-SHAMP,Onion Shampoo,Hair,250 ml,Influencer Video,13709,409,2.983,303,1704.16,10,2.043,10,3.28,1,Stable,870,82.96,0,10.49,3481.97,-904.16,0,7452,5066,3610,2518,1682,3.813,287,41,52,36,409,36,11.881,15,10,0,0.0,2.445,4.895,5.092,23%,DECREASE_BUDGET,1704.16,1192.91,-30.0,2.585,-746.15,4617.2,13.0,41.47,0.0,2.043,-904.16,26.53,17.48,1.0,74,51.42,Low ROAS or negative profit indicates weak marginal ad return.
2026-09-10,GR-SHAMP-250ML,GR-SHAMP,Onion Shampoo,Hair,250 ml,Carousel,13725,502,3.658,377,1786.15,13,2.585,13,7.99,1,Rising,850,41.47,0,20.49,4617.2,-746.15,0,0,0,0,0,0,3.92,295,43,53,37,502,39,10.345,18,14,1,7.143,2.59,5.989,5.323,23%,DECREASE_BUDGET,1786.15,1250.3,-30.0,3.538,-178.49,5159.74,16.0,38.24,0.0,2.585,-746.15,36.87,76.08,1.0,82,54.47,Low ROAS or negative profit indicates weak marginal ad return.
2026-09-11,GR-SHAMP-250ML,GR-SHAMP,Onion Shampoo,Hair,250 ml,Image,17195,561,3.263,477,1458.49,16,3.538,16,4.76,2,Stable,828,38.24,0,21.66,5159.74,-178.49,0,0,0,0,0,0,2.558,241,35,43,30,561,48,10.063,23,19,0,0.0,2.852,2.26,2.74,23%,DECREASE_BUDGET,1458.49,1020.94,-30.0,5.259,307.96,7420.29,16.0,40.26,0.0,3.538,-178.49,48.64,272.54,1.0,82,59.33,Low ROAS or negative profit indicates weak marginal ad return.
2026-09-12,GR-SHAMP-250ML,GR-SHAMP,Onion Shampoo,Hair,250 ml,Image,17812,541,3.037,426,1410.84,16,5.259,16,7.12,3,Rising,808,40.26,0,20.07,7420.29,307.96,68,0,0,0,0,0,3.206,314,45,57,39,541,43,10.094,23,19,1,5.263,2.957,5.822,5.662,23%,INCREASE_BUDGET,1410.84,1693.01,20.0,2.386,-860.56,4726.34,14.0,41.18,0.0,5.259,307.96,-54.63,-379.44,0.0,90,68.59,"Strong ROAS, positive profit, rising sales and sufficient inventory."
2026-09-13,GR-SHAMP-250ML,GR-SHAMP,Onion Shampoo,Hair,250 ml,Video,16360,564,3.447,453,1980.56,14,2.386,14,5.9,3,Rising,789,41.18,0,19.16,4726.34,-860.56,0,8036,5350,3110,1645,721,4.469,402,58,73,51,564,33,7.285,19,15,1,6.667,2.482,5.119,4.807,23%,DECREASE_BUDGET,1980.56,1386.39,-30.0,1.128,-1096.87,1688.32,5.0,125.01,0.0,2.386,-860.56,-52.72,-27.46,0.0,74,50.56,Low ROAS or negative profit indicates weak marginal ad return.
2026-09-14,GR-SHAMP-250ML,GR-SHAMP,Onion Shampoo,Hair,250 ml,Image,5030,165,3.28,132,1496.87,5,1.128,5,7.85,0,Rising,783,125.01,0,6.26,1688.32,-1096.87,0,0,0,0,0,0,3.04,84,12,15,10,165,11,8.333,6,5,0,0.0,3.03,4.811,4.984,23%,DECREASE_BUDGET,1496.87,1047.81,-30.0,3.213,-415.22,5066.72,12.0,49.04,0.0,1.128,-1096.87,184.84,62.15,1.0,74,44.19,Low ROAS or negative profit indicates weak marginal ad return.
2026-09-15,GR-SHAMP-250ML,GR-SHAMP,Onion Shampoo,Hair,250 ml,Image,14468,419,2.896,375,1577.04,12,3.213,12,-0.3,1,Stable,767,49.04,0,15.64,5066.72,-415.22,55,0,0,0,0,0,3.701,294,42,53,37,419,47,12.533,24,19,1,5.263,2.864,4.25,2.988,23%,DECREASE_BUDGET,1577.04,1103.93,-30.0,2.439,-753.08,4388.45,8.0,60.14,0.0,3.213,-415.22,-24.09,-81.37,0.0,74,58.22,Low ROAS or negative profit indicates weak marginal ad return.
2026-09-16,GR-SHAMP-250ML,GR-SHAMP,Onion Shampoo,Hair,250 ml,Influencer Video,11992,429,3.577,341,1799.16,8,2.439,8,-0.23,0,Stable,755,60.14,0,12.55,4388.45,-753.08,56,6888,5125,2740,1661,701,4.646,306,44,55,38,429,20,5.865,9,8,0,0.0,1.865,5.735,5.994,23%,DECREASE_BUDGET,1799.16,1259.41,-30.0,5.339,475.87,8564.47,26.0,21.14,0.0,2.439,-753.08,118.9,163.19,1.0,58,48.59,Low ROAS or negative profit indicates weak marginal ad return.
2026-09-17,GR-SHAMP-250ML,GR-SHAMP,Onion Shampoo,Hair,250 ml,Influencer Video,24333,824,3.386,655,1604.13,26,5.339,26,1.02,3,Stable,720,21.14,0,34.07,8564.47,475.87,0,13096,10097,5665,2874,1529,4.156,556,80,101,70,824,76,11.603,48,38,2,5.263,3.155,4.783,3.938,23%,MAINTAIN,1604.13,1604.13,0.0,5.006,207.94,8170.17,23.0,23.72,0.0,5.339,475.87,-6.24,-56.3,0.0,90,64.08,Signals are within normal range; maintain current strategy.
2026-09-18,GR-SHAMP-250ML,GR-SHAMP,Onion Shampoo,Hair,250 ml,Image,21098,807,3.825,702,1632.06,23,5.006,23,4.04,5,Stable,691,23.72,0,29.14,8170.17,207.94,0,0,0,0,0,0,3.463,401,58,73,51,807,67,9.544,43,34,1,2.941,2.85,4.495,4.075,23%,INCREASE_BUDGET,1632.06,1958.47,20.0,2.994,-485.86,5047.3,15.0,34.71,0.0,5.006,207.94,-40.19,-333.65,0.0,90,64.43,"Strong ROAS, positive profit, rising sales and sufficient inventory."
2026-09-19,GR-SHAMP-250ML,GR-SHAMP,Onion Shampoo,Hair,250 ml,Video,17042,574,3.368,539,1685.86,15,2.994,15,1.03,2,Stable,672,34.71,0,19.36,5047.3,-485.86,0,7060,5175,3647,2294,1345,4.205,394,57,71,50,574,62,11.503,34,28,2,7.143,2.613,5.42,5.164,23%,DECREASE_BUDGET,1685.86,1180.1,-30.0,2.462,-787.28,4858.35,12.0,41.81,0.0,2.994,-485.86,-17.77,-62.04,0.0,82,56.4,Low ROAS or negative profit indicates weak marginal ad return.
2026-09-20,GR-SHAMP-250ML,GR-SHAMP,Onion Shampoo,Hair,250 ml,Carousel,14568,540,3.707,438,1973.41,12,2.462,12,22.31,1,Rising,656,41.81,0,15.7,4858.35,-787.28,73,0,0,0,0,0,3.486,279,40,50,35,540,33,7.534,17,13,0,0.0,2.222,3.01,3.023,23%,DECREASE_BUDGET,1973.41,1381.39,-30.0,1.676,-962.06,2685.48,8.0,50.04,0.0,2.462,-787.28,-31.93,-22.2,0.0,74,54.48,Low ROAS or negative profit indicates weak marginal ad return.
2026-09-21,GR-SHAMP-250ML,GR-SHAMP,Onion Shampoo,Hair,250 ml,Image,12547,441,3.515,308,1602.06,8,1.676,8,5.99,0,Rising,643,50.04,0,12.86,2685.48,-962.06,0,0,0,0,0,0,4.507,311,45,56,39,441,29,9.416,11,8,0,0.0,1.814,4.844,4.603,23%,DECREASE_BUDGET,1602.06,1121.44,-30.0,2.275,-962.04,4737.57,14.0,38.77,0.0,1.676,-962.06,35.74,0.0,1.0,66,47.92,Low ROAS or negative profit indicates weak marginal ad return.
2026-09-22,GR-SHAMP-250ML,GR-SHAMP,Onion Shampoo,Hair,250 ml,Video,17591,607,3.451,504,2082.04,14,2.275,14,2.03,2,Stable,627,38.77,0,16.18,4737.57,-962.04,0,9223,7248,4830,2393,1087,3.732,361,52,65,45,607,39,7.738,18,14,0,0.0,2.306,7.102,6.468,23%,DECREASE_BUDGET,2082.04,1457.43,-30.0,2.063,-856.23,3581.96,11.0,37.66,0.0,2.275,-962.04,-9.32,11.0,0.0,74,49.46,Low ROAS or negative profit indicates weak marginal ad return.
2026-09-23,GR-SHAMP-250ML,GR-SHAMP,Onion Shampoo,Hair,250 ml,Image,15779,463,2.934,323,1736.23,11,2.063,11,8.99,2,Rising,611,37.66,0,16.22,3581.96,-856.23,0,0,0,0,0,0,4.159,360,52,65,45,463,29,8.978,15,12,1,8.333,2.376,3.226,3.224,23%,DECREASE_BUDGET,1736.23,1215.36,-30.0,4.396,44.53,6637.81,16.0,31.15,0.0,2.063,-856.23,113.09,105.2,1.0,74,50.51,Low ROAS or negative profit indicates weak marginal ad return.
2026-09-24,GR-SHAMP-250ML,GR-SHAMP,Onion Shampoo,Hair,250 ml,Influencer Video,16951,609,3.593,448,1509.88,16,4.396,16,12.69,3,Rising,592,31.15,0,19.01,6637.81,44.53,71,7719,5015,3241,2247,1378,3.945,367,53,66,46,609,39,8.705,20,16,0,0.0,2.627,4.626,3.654,23%,INCREASE_BUDGET,1509.88,1811.86,20.0,1.602,-1077.87,2752.33,8.0,50.53,0.0,4.396,44.53,-63.56,-2520.55,0.0,90,65.04,"Strong ROAS, positive profit, rising sales and sufficient inventory."
2026-09-25,GR-SHAMP-250ML,GR-SHAMP,Onion Shampoo,Hair,250 ml,Video,12308,374,3.039,299,1717.87,8,1.602,8,7.2,1,Rising,580,50.53,0,11.49,2752.33,-1077.87,0,5509,4234,2025,1280,558,4.516,305,44,55,38,374,28,9.365,11,8,0,0.0,2.139,4.931,4.604,23%,DECREASE_BUDGET,1717.87,1202.51,-30.0,2.729,-545.95,4366.32,11.0,45.12,0.0,1.602,-1077.87,70.35,49.35,1.0,74,47.68,Low ROAS or negative profit indicates weak marginal ad return.
2026-09-26,GR-SHAMP-250ML,GR-SHAMP,Onion Shampoo,Hair,250 ml,Video,15641,559,3.574,431,1599.73,11,2.729,11,10.26,2,Rising,568,45.12,0,12.59,4366.32,-545.95,67,7437,5237,2673,1406,657,4.109,353,51,64,44,559,55,12.761,30,24,2,8.333,1.968,5.905,5.497,23%,DECREASE_BUDGET,1599.73,1119.81,-30.0,4.83,242.52,8723.11,18.0,26.09,0.0,2.729,-545.95,76.99,144.42,1.0,74,57.6,Low ROAS or negative profit indicates weak marginal ad return.
2026-09-27,GR-SHAMP-250ML,GR-SHAMP,Onion Shampoo,Hair,250 ml,Image,18777,649,3.456,524,1805.94,18,4.83,18,16.76,4,Rising,547,26.09,0,20.96,8723.11,242.52,100,0,0,0,0,0,4.234,437,63,79,55,649,56,10.687,29,22,0,0.0,2.773,5.022,3.792,23%,INCREASE_BUDGET,1805.94,2167.13,20.0,4.439,35.71,9785.52,28.0,14.57,0.0,4.83,242.52,-8.1,-85.28,0.0,90,67.99,"Strong ROAS, positive profit, rising sales and sufficient inventory."
2026-09-28,GR-SHAMP-250ML,GR-SHAMP,Onion Shampoo,Hair,250 ml,Image,26429,1036,3.92,866,2204.29,28,4.439,28,16.45,3,Rising,512,14.57,0,35.12,9785.52,35.71,0,0,0,0,0,0,3.905,567,82,103,72,1036,90,10.393,36,28,0,0.0,2.703,6.232,5.975,23%,INCREASE_BUDGET,2204.29,2645.15,20.0,,,,,,,4.439,35.71,,,,90,59.6,"Strong ROAS, positive profit, rising sales and sufficient inventory."
2026-09-01,GR-SHAMP-400ML,GR-SHAMP,Onion Shampoo,Hair,400 ml,Image,15770,476,3.018,365,2035.62,7,2.347,7,-3.81,1,Stable,731,69.06,0,10.59,4778.17,-693.93,50,0,0,0,0,0,2.237,194,28,35,24,476,19,5.205,9,7,0,0.0,1.471,4.512,4.332,28%,DECREASE_BUDGET,2035.62,1424.93,-30.0,3.102,-123.67,4726.84,10.0,55.35,0.0,2.347,-693.93,32.17,82.18,1.0,58,47.82,Low ROAS or negative profit indicates weak marginal ad return.
2026-09-02,GR-SHAMP-400ML,GR-SHAMP,Onion Shampoo,Hair,400 ml,Influencer Video,19858,490,2.468,388,1523.67,10,3.102,10,5.76,1,Rising,718,55.35,0,12.98,4726.84,-123.67,0,8621,6485,3484,2565,1284,3.88,423,61,77,53,490,25,6.443,12,10,0,0.0,2.041,4.692,4.869,28%,DECREASE_BUDGET,1523.67,1066.57,-30.0,4.065,226.13,7618.01,15.0,47.09,0.0,3.102,-123.67,31.04,282.85,1.0,82,55.2,Low ROAS or negative profit indicates weak marginal ad return.
2026-09-03,GR-SHAMP-400ML,GR-SHAMP,Onion Shampoo,Hair,400 ml,Video,15424,399,2.587,355,1873.87,15,4.065,15,-8.74,2,Falling,703,47.09,0,14.94,7618.01,226.13,0,8102,5449,3295,1775,896,4.284,363,52,66,46,399,43,12.113,25,19,1,5.263,3.759,4.966,4.178,28%,MAINTAIN,1873.87,1873.87,0.0,5.961,1138.09,8683.57,15.0,37.39,0.0,4.065,226.13,46.64,403.29,1.0,82,62.33,Signals are within normal range; maintain current strategy.
2026-09-04,GR-SHAMP-400ML,GR-SHAMP,Onion Shampoo,Hair,400 ml,Video,20151,518,2.571,383,1456.71,15,5.961,15,-3.5,3,Stable,685,37.39,0,18.32,8683.57,1138.09,79,11457,8891,5747,3008,1665,3.912,433,63,78,55,518,38,9.922,20,15,0,0.0,2.896,6.003,5.126,28%,MAINTAIN,1456.71,1456.71,0.0,4.19,499.11,9335.41,18.0,24.03,0.0,5.961,1138.09,-29.71,-56.14,0.0,82,67.34,Signals are within normal range; maintain current strategy.
2026-09-05,GR-SHAMP-400ML,GR-SHAMP,Onion Shampoo,Hair,400 ml,Video,19523,530,2.715,437,2227.87,18,4.19,18,-0.02,3,Stable,658,24.03,0,27.37,9335.41,499.11,66,8427,6155,3837,2292,1412,3.592,385,56,70,49,530,56,12.815,31,27,2,7.407,3.396,6.253,5.757,28%,MAINTAIN,2227.87,2227.87,0.0,1.336,-1288.56,2805.44,5.0,60.14,0.0,4.19,499.11,-68.11,-358.17,0.0,82,62.36,Signals are within normal range; maintain current strategy.
2026-09-06,GR-SHAMP-400ML,GR-SHAMP,Onion Shampoo,Hair,400 ml,Carousel,13124,293,2.233,213,2099.9,5,1.336,5,4.39,1,Stable,647,60.14,0,10.76,2805.44,-1288.56,30,0,0,0,0,0,3.96,285,41,51,36,293,15,7.042,7,5,0,0.0,1.706,5.889,5.463,28%,DECREASE_BUDGET,2099.9,1469.93,-30.0,4.802,891.28,10509.37,22.0,26.03,0.0,1.336,-1288.56,259.43,169.17,1.0,66,44.78,Low ROAS or negative profit indicates weak marginal ad return.
2026-09-07,GR-SHAMP-400ML,GR-SHAMP,Onion Shampoo,Hair,400 ml,Image,28980,655,2.26,471,2188.72,22,4.802,22,-3.7,3,Stable,623,26.03,0,23.93,10509.37,891.28,0,0,0,0,0,0,3.402,542,78,98,69,655,75,15.924,38,29,1,3.448,3.359,3.803,3.116,28%,MAINTAIN,2188.72,2188.72,0.0,2.298,-764.62,5616.81,12.0,37.19,0.0,4.802,891.28,-52.14,-185.79,0.0,82,68.63,Signals are within normal range; maintain current strategy.
2026-09-08,GR-SHAMP-400ML,GR-SHAMP,Onion Shampoo,Hair,400 ml,Image,18118,507,2.798,425,2444.62,12,2.298,12,1.86,1,Stable,607,37.19,0,16.32,5616.81,-764.62,0,0,0,0,0,0,2.947,293,42,53,37,507,32,7.529,18,13,1,7.692,2.367,3.347,3.233,28%,DECREASE_BUDGET,2444.62,1711.23,-30.0,5.899,956.5,7952.14,13.0,37.3,0.0,2.298,-764.62,156.7,225.09,1.0,74,50.41,Low ROAS or negative profit indicates weak marginal ad return.
2026-09-09,GR-SHAMP-400ML,GR-SHAMP,Onion Shampoo,Hair,400 ml,Image,14093,438,3.108,368,1348.06,13,5.899,13,8.9,1,Rising,591,37.3,0,15.84,7952.14,956.5,55,0,0,0,0,0,2.769,214,31,39,27,438,34,9.239,22,18,0,0.0,2.968,4.327,3.433,28%,INCREASE_BUDGET,1348.06,1617.67,20.0,2.43,-574.28,4589.01,8.0,44.61,0.0,5.899,956.5,-58.81,-160.04,0.0,90,69.31,"Strong ROAS, positive profit, rising sales and sufficient inventory."
2026-09-10,GR-SHAMP-400ML,GR-SHAMP,Onion Shampoo,Hair,400 ml,Influencer Video,13728,410,2.987,348,1888.68,8,2.43,8,15.18,1,Rising,578,44.61,0,12.96,4589.01,-574.28,58,6003,3960,2540,1542,749,1.714,129,18,23,16,410,26,7.471,10,8,0,0.0,1.951,6.777,5.822,28%,DECREASE_BUDGET,1888.68,1322.08,-30.0,2.462,-634.19,5273.68,10.0,38.5,0.0,2.43,-574.28,1.32,-10.43,1.0,66,53.82,Low ROAS or negative profit indicates weak marginal ad return.
2026-09-11,GR-SHAMP-400ML,GR-SHAMP,Onion Shampoo,Hair,400 ml,Image,13464,299,2.221,260,2142.08,10,2.462,10,7.85,2,Rising,563,38.5,0,14.63,5273.68,-634.19,25,0,0,0,0,0,2.761,204,29,37,26,299,28,10.769,15,11,0,0.0,3.344,2.218,2.177,28%,DECREASE_BUDGET,2142.08,1499.46,-30.0,4.259,434.38,7094.54,15.0,27.17,0.0,2.462,-634.19,72.99,168.49,1.0,74,55.02,Low ROAS or negative profit indicates weak marginal ad return.
2026-09-12,GR-SHAMP-400ML,GR-SHAMP,Onion Shampoo,Hair,400 ml,Influencer Video,15593,420,2.694,321,1665.62,15,4.259,15,2.36,2,Stable,543,27.17,0,20.0,7094.54,434.38,0,6314,3950,1932,881,390,2.805,240,34,43,30,420,44,13.707,19,16,1,6.25,3.571,5.239,4.24,28%,MAINTAIN,1665.62,1665.62,0.0,3.203,-151.36,5417.48,11.0,37.41,0.0,4.259,434.38,-24.79,-134.85,0.0,90,65.49,Signals are within normal range; maintain current strategy.
2026-09-13,GR-SHAMP-400ML,GR-SHAMP,Onion Shampoo,Hair,400 ml,Video,15904,424,2.666,344,1691.36,11,3.203,11,0.92,2,Stable,529,37.41,0,14.15,5417.48,-151.36,0,7377,5353,3772,2347,1179,3.876,339,49,61,43,424,34,9.884,14,11,0,0.0,2.594,3.36,2.841,28%,DECREASE_BUDGET,1691.36,1183.95,-30.0,2.904,-338.57,6673.91,14.0,26.91,0.0,3.203,-151.36,-9.33,-123.69,0.0,82,57.41,Low ROAS or negative profit indicates weak marginal ad return.
2026-09-14,GR-SHAMP-400ML,GR-SHAMP,Onion Shampoo,Hair,400 ml,Image,14569,490,3.363,421,2298.57,14,2.904,14,8.16,1,Rising,510,26.91,0,18.96,6673.91,-338.57,0,0,0,0,0,0,4.202,336,48,61,42,490,60,14.252,30,26,2,7.692,2.857,4.672,3.814,28%,DECREASE_BUDGET,2298.57,1609.0,-30.0,3.895,271.4,8758.0,18.0,19.69,0.0,2.904,-338.57,34.13,180.16,1.0,82,58.8,Low ROAS or negative profit indicates weak marginal ad return.
2026-09-15,GR-SHAMP-400ML,GR-SHAMP,Onion Shampoo,Hair,400 ml,Video,15483,506,3.268,395,2248.6,18,3.895,18,1.19,1,Stable,486,19.69,0,24.66,8758.0,271.4,0,7937,5764,3673,1782,1278,3.94,335,48,61,42,506,45,11.392,26,22,1,4.545,3.557,2.048,2.31,28%,MAINTAIN,2248.6,2248.6,0.0,5.284,917.44,9332.67,15.0,22.96,0.0,3.895,271.4,35.66,238.04,1.0,90,57.6,Signals are within normal range; maintain current strategy.
2026-09-16,GR-SHAMP-400ML,GR-SHAMP,Onion Shampoo,Hair,400 ml,Video,15677,446,2.845,379,1766.25,15,5.284,15,-4.09,1,Stable,465,22.96,0,20.26,9332.67,917.44,44,6957,5318,3752,2212,1156,3.186,274,39,49,34,446,36,9.499,21,16,1,6.25,3.363,6.032,5.555,28%,MAINTAIN,1766.25,1766.25,0.0,2.411,-753.58,6204.9,13.0,26.53,0.0,5.284,917.44,-54.37,-182.14,0.0,82,63.39,Signals are within normal range; maintain current strategy.
2026-09-17,GR-SHAMP-400ML,GR-SHAMP,Onion Shampoo,Hair,400 ml,Influencer Video,17085,519,3.038,433,2573.58,13,2.411,13,-1.52,3,Stable,448,26.53,0,16.9,6204.9,-753.58,0,8416,6977,4459,2328,1641,4.039,379,55,69,48,519,51,11.778,24,18,1,5.556,2.505,5.731,4.98,28%,DECREASE_BUDGET,2573.58,1801.51,-30.0,3.684,215.26,7973.89,17.0,21.6,0.0,2.411,-753.58,52.8,128.56,1.0,66,51.86,Low ROAS or negative profit indicates weak marginal ad return.
2026-09-18,GR-SHAMP-400ML,GR-SHAMP,Onion Shampoo,Hair,400 ml,Video,20800,582,2.798,451,2164.74,17,3.684,17,-1.89,2,Stable,429,21.6,0,19.84,7973.89,215.26,0,12516,8568,4799,2769,1541,4.349,497,72,90,63,582,41,9.091,24,18,1,5.556,2.921,4.801,4.636,28%,MAINTAIN,2164.74,2164.74,0.0,5.761,1360.85,10710.56,23.0,13.2,0.0,3.684,215.26,56.38,532.19,1.0,82,54.94,Signals are within normal range; maintain current strategy.
2026-09-19,GR-SHAMP-400ML,GR-SHAMP,Onion Shampoo,Hair,400 ml,Video,18013,600,3.331,488,1859.15,23,5.761,23,12.5,1,Rising,398,13.2,0,30.17,10710.56,1360.85,0,8910,5811,3227,1526,940,2.962,293,42,53,37,600,67,13.73,37,28,1,3.571,3.833,3.265,3.296,28%,INCREASE_BUDGET,1859.15,2230.98,20.0,1.822,-957.35,3785.2,8.0,33.46,0.0,5.761,1360.85,-68.37,-170.35,0.0,90,65.0,"Strong ROAS, positive profit, rising sales and sufficient inventory."
2026-09-20,GR-SHAMP-400ML,GR-SHAMP,Onion Shampoo,Hair,400 ml,Influencer Video,17743,535,3.015,486,2077.35,8,1.822,8,11.77,0,Rising,387,33.46,0,11.56,3785.2,-957.35,0,7613,4903,2962,1937,1099,3.29,321,46,58,40,535,20,4.115,10,8,0,0.0,1.495,6.896,6.261,28%,DECREASE_BUDGET,2077.35,1454.14,-30.0,3.547,26.97,6856.53,14.0,19.58,0.0,1.822,-957.35,94.68,102.82,1.0,66,46.97,Low ROAS or negative profit indicates weak marginal ad return.
2026-09-21,GR-SHAMP-400ML,GR-SHAMP,Onion Shampoo,Hair,400 ml,Image,18767,463,2.467,358,1933.03,14,3.547,14,5.0,2,Rising,368,19.58,0,18.8,6856.53,26.97,0,0,0,0,0,0,2.982,307,44,55,39,463,37,10.335,17,15,1,6.667,3.024,4.283,3.633,28%,INCREASE_BUDGET,1933.03,2319.64,20.0,2.418,-525.52,4656.26,10.0,24.67,0.0,3.547,26.97,-31.83,-2048.54,0.0,90,55.42,"Strong ROAS, positive profit, rising sales and sufficient inventory."
2026-09-22,GR-SHAMP-400ML,GR-SHAMP,Onion Shampoo,Hair,400 ml,Image,15042,380,2.526,305,1925.52,10,2.418,10,3.03,1,Stable,354,24.67,0,14.34,4656.26,-525.52,0,0,0,0,0,0,2.825,233,33,42,29,380,28,9.18,12,10,0,0.0,2.632,3.36,3.253,28%,DECREASE_BUDGET,1925.52,1347.86,-30.0,4.367,444.27,8390.59,13.0,25.33,0.0,2.418,-525.52,80.6,184.54,1.0,74,49.93,Low ROAS or negative profit indicates weak marginal ad return.
2026-09-23,GR-SHAMP-400ML,GR-SHAMP,Onion Shampoo,Hair,400 ml,Video,17204,448,2.604,342,1921.32,13,4.367,13,17.75,2,Rising,340,25.33,0,13.43,8390.59,444.27,53,9976,6210,3356,1754,1165,5.136,485,70,88,61,448,36,10.526,21,16,0,0.0,2.902,6.877,6.694,28%,INCREASE_BUDGET,1921.32,2305.58,20.0,4.983,980.28,11149.73,16.0,18.25,0.0,4.367,444.27,14.11,120.65,1.0,90,65.91,"Strong ROAS, positive profit, rising sales and sufficient inventory."
2026-09-24,GR-SHAMP-400ML,GR-SHAMP,Onion Shampoo,Hair,400 ml,Influencer Video,20147,539,2.675,418,2237.76,16,4.983,16,-3.69,2,Stable,323,18.25,0,17.68,11149.73,980.28,70,10333,6589,4788,2756,1621,3.495,387,56,70,49,539,51,12.201,22,16,0,0.0,2.968,4.499,3.565,28%,MAINTAIN,2237.76,2237.76,0.0,2.833,-391.95,6119.56,10.0,25.63,0.0,4.983,980.28,-43.15,-139.98,0.0,82,63.04,Signals are within normal range; maintain current strategy.
2026-09-25,GR-SHAMP-400ML,GR-SHAMP,Onion Shampoo,Hair,400 ml,Video,12344,334,2.706,283,2160.07,10,2.833,10,1.82,0,Stable,310,25.63,0,12.11,6119.56,-391.95,37,4584,3256,2427,1614,711,3.683,250,36,45,31,334,31,10.954,13,10,0,0.0,2.994,4.824,4.355,28%,DECREASE_BUDGET,2160.07,1512.05,-30.0,2.519,-478.65,4724.6,8.0,22.13,0.0,2.833,-391.95,-11.08,-22.12,0.0,82,53.99,Low ROAS or negative profit indicates weak marginal ad return.
2026-09-26,GR-SHAMP-400ML,GR-SHAMP,Onion Shampoo,Hair,400 ml,Influencer Video,18769,516,2.749,443,1875.22,8,2.519,8,-2.49,1,Stable,297,22.13,0,13.42,4724.6,-478.65,30,7279,5509,3222,2138,1420,3.962,408,59,74,52,516,27,6.095,11,9,1,11.111,1.55,6.62,5.793,28%,DECREASE_BUDGET,1875.22,1312.65,-30.0,3.014,-302.27,6601.1,12.0,21.79,0.0,2.519,-478.65,19.65,36.85,1.0,66,45.85,Low ROAS or negative profit indicates weak marginal ad return.
2026-09-27,GR-SHAMP-400ML,GR-SHAMP,Onion Shampoo,Hair,400 ml,Video,19056,532,2.792,413,2189.81,12,3.014,12,2.28,2,Stable,284,21.79,0,13.04,6601.1,-302.27,31,6254,4622,2971,1969,1331,2.824,296,43,53,37,532,32,7.748,15,12,0,0.0,2.256,4.312,3.296,28%,DECREASE_BUDGET,2189.81,1532.87,-30.0,3.005,-380.95,7034.25,14.0,15.52,0.0,3.014,-302.27,-0.3,-26.03,0.0,82,50.85,Low ROAS or negative profit indicates weak marginal ad return.
2026-09-28,GR-SHAMP-400ML,GR-SHAMP,Onion Shampoo,Hair,400 ml,Video,20184,565,2.799,483,2340.95,14,3.005,14,-1.2,1,Stable,267,15.52,0,17.2,7034.25,-380.95,0,9454,6751,3565,2505,1488,3.439,381,55,69,48,565,39,8.075,18,14,0,0.0,2.478,7.268,6.086,28%,DECREASE_BUDGET,2340.95,1638.66,-30.0,,,,,,,3.005,-380.95,,,,74,47.21,Low ROAS or negative profit indicates weak marginal ad return.
2026-09-01,GR-SUNSCR-100G,GR-SUNSCR,Sunscreen SPF 50,Skin,100 g,Influencer Video,15172,636,4.192,460,1416.3,16,8.134,16,-0.21,1,Stable,279,12.34,0,22.64,11520.18,4343.7,0,6305,4779,3384,2289,1360,4.379,365,53,66,46,636,48,10.435,19,16,0,0.0,2.516,5.967,4.983,48%,MAINTAIN,1416.3,1416.3,0.0,17.55,10918.43,26296.93,31.0,7.6,0.0,8.134,4343.7,115.76,151.36,1.0,82,63.55,Signals are within normal range; maintain current strategy.
2026-09-02,GR-SUNSCR-100G,GR-SUNSCR,Sunscreen SPF 50,Skin,100 g,Influencer Video,19680,975,4.954,754,1498.39,31,17.55,31,1.88,4,Stable,247,7.6,0,32.46,26296.93,10918.43,68,9926,7015,4781,2657,1782,4.453,481,70,87,61,975,71,9.416,37,33,1,3.03,3.179,5.88,5.409,48%,MAINTAIN,1498.39,1498.39,0.0,3.907,1441.52,5620.45,8.0,16.56,0.0,17.55,10918.43,-77.74,-86.8,0.0,90,60.84,Signals are within normal range; maintain current strategy.
2026-09-03,GR-SUNSCR-100G,GR-SUNSCR,Sunscreen SPF 50,Skin,100 g,Influencer Video,8743,364,4.163,285,1438.48,8,3.907,8,3.4,1,Stable,233,16.56,0,14.06,5620.45,1441.52,0,3835,2558,1604,891,553,4.095,196,28,35,25,364,25,8.772,12,10,0,0.0,2.198,2.715,1.73,48%,INCREASE_BUDGET,1438.48,1726.18,20.0,11.62,8672.69,20535.33,29.0,4.99,0.0,3.907,1441.52,197.41,501.64,1.0,90,58.58,"Strong ROAS, positive profit, rising sales and sufficient inventory."
2026-09-04,GR-SUNSCR-100G,GR-SUNSCR,Sunscreen SPF 50,Skin,100 g,Image,18116,887,4.896,668,1767.31,29,11.62,29,2.0,2,Stable,194,4.99,0,38.89,20535.33,8672.69,0,0,0,0,0,0,2.654,264,38,48,33,887,65,9.731,42,36,2,5.556,3.269,4.848,3.578,48%,MAINTAIN,1767.31,1767.31,0.0,10.047,6743.47,17032.21,19.0,6.54,0.0,11.62,8672.69,-13.54,-22.24,0.0,82,59.79,Signals are within normal range; maintain current strategy.
2026-09-05,GR-SUNSCR-100G,GR-SUNSCR,Sunscreen SPF 50,Skin,100 g,Video,14697,707,4.811,546,1695.3,19,10.047,19,-0.19,4,Stable,168,6.54,0,25.74,17032.21,6743.47,53,8623,5347,3433,2243,1151,3.521,284,41,51,36,707,52,9.524,29,20,1,5.0,2.687,3.299,2.726,48%,MAINTAIN,1695.3,1695.3,0.0,10.666,6715.67,17583.38,19.0,5.79,0.0,10.047,6743.47,6.16,-0.41,1.0,74,59.98,Signals are within normal range; maintain current strategy.
2026-09-06,GR-SUNSCR-100G,GR-SUNSCR,Sunscreen SPF 50,Skin,100 g,Video,16059,745,4.639,669,1648.54,19,10.666,19,16.07,4,Rising,143,5.79,0,24.76,17583.38,6715.67,49,7800,5232,3358,1881,1085,2.973,262,38,47,33,745,47,7.025,26,23,2,8.696,2.55,5.149,3.952,48%,MAINTAIN,1648.54,1648.54,0.0,5.801,4087.53,11790.4,17.0,6.96,0.0,10.666,6715.67,-45.61,-39.13,0.0,82,60.98,Signals are within normal range; maintain current strategy.
2026-09-07,GR-SUNSCR-100G,GR-SUNSCR,Sunscreen SPF 50,Skin,100 g,Influencer Video,13680,598,4.371,507,2032.47,17,5.801,17,7.69,4,Rising,125,6.96,0,18.02,11790.4,4087.53,0,7947,5389,2846,1750,1092,4.747,357,51,64,45,598,55,10.848,36,26,2,7.692,2.843,8.195,7.404,48%,MAINTAIN,2032.47,2032.47,0.0,6.748,3785.43,10867.43,12.0,6.35,0.0,5.801,4087.53,16.32,-7.39,1.0,82,62.75,Signals are within normal range; maintain current strategy.
2026-09-08,GR-SUNSCR-100G,GR-SUNSCR,Sunscreen SPF 50,Skin,100 g,Image,14955,652,4.36,516,1610.38,12,6.748,12,-9.7,1,Falling,108,6.35,0,17.05,10867.43,3785.43,38,0,0,0,0,0,3.548,291,42,53,37,652,35,6.783,15,13,1,7.692,1.84,3.038,2.563,48%,MAINTAIN,1610.38,1610.38,0.0,13.487,9164.57,22303.15,24.0,2.38,0.0,6.748,3785.43,99.87,142.1,1.0,66,55.92,Signals are within normal range; maintain current strategy.
2026-09-09,GR-SUNSCR-100G,GR-SUNSCR,Sunscreen SPF 50,Skin,100 g,Image,17497,799,4.566,616,1653.69,24,13.487,24,-1.93,4,Stable,76,2.38,0,32.09,22303.15,9164.57,64,0,0,0,0,0,3.266,314,45,57,40,799,75,12.175,42,34,1,2.941,3.004,5.332,4.595,48%,PROTECT_INVENTORY,1653.69,1074.9,-35.0,13.297,9296.66,22369.26,22.0,2.63,0.0,13.487,9164.57,-1.41,1.44,0.0,74,59.54,Inventory is close to stockout; protect availability before scaling ads.
2026-09-10,GR-SUNSCR-100G,GR-SUNSCR,Sunscreen SPF 50,Skin,100 g,Image,20697,873,4.218,710,1682.27,22,13.297,22,7.29,3,Rising,55,2.63,0,21.04,22369.26,9296.66,134,0,0,0,0,0,4.261,485,70,88,61,873,64,9.014,34,28,1,3.571,2.52,3.593,3.076,48%,PROTECT_INVENTORY,1682.27,1093.48,-35.0,18.09,10749.86,25072.2,27.0,0.69,0.0,13.297,9296.66,36.05,15.63,1.0,82,59.13,Inventory is close to stockout; protect availability before scaling ads.
2026-09-11,GR-SUNSCR-100G,GR-SUNSCR,Sunscreen SPF 50,Skin,100 g,Image,22501,974,4.329,889,1385.98,27,18.09,27,12.85,4,Rising,23,0.69,0,32.7,25072.2,10749.86,128,0,0,0,0,0,4.169,515,75,93,65,974,81,9.111,45,33,1,3.03,2.772,8.122,7.527,48%,PROTECT_INVENTORY,1385.98,900.89,-35.0,11.048,7329.74,18453.31,25.0,0.0,1.0,18.09,10749.86,-38.93,-31.82,0.0,82,59.35,Inventory is close to stockout; protect availability before scaling ads.
2026-09-12,GR-SUNSCR-100G,GR-SUNSCR,Sunscreen SPF 50,Skin,100 g,Influencer Video,25023,1049,4.192,786,1670.26,25,11.048,25,11.64,2,Rising,0,0.0,1,33.01,18453.31,7329.74,0,9501,6892,4984,4086,1960,3.235,445,64,80,56,1049,78,9.924,41,30,0,0.0,2.383,8.435,7.449,48%,PROTECT_INVENTORY,1670.26,1085.67,-35.0,10.784,6796.81,15995.47,23.0,0.0,1.0,11.048,7329.74,-2.39,-7.27,0.0,82,59.37,Inventory is close to stockout; protect availability before scaling ads.
2026-09-13,GR-SUNSCR-100G,GR-SUNSCR,Sunscreen SPF 50,Skin,100 g,Video,15062,781,5.185,685,1483.19,23,10.784,23,5.7,3,Rising,0,0.0,1,27.28,15995.47,6796.81,0,6750,4223,2452,1578,879,3.928,325,47,59,41,781,62,9.051,33,29,1,3.448,2.945,2.76,2.753,48%,PROTECT_INVENTORY,1483.19,964.07,-35.0,10.117,6335.01,16035.71,22.0,0.0,1.0,10.784,6796.81,-6.19,-6.79,0.0,82,57.53,Inventory is close to stockout; protect availability before scaling ads.
2026-09-14,GR-SUNSCR-100G,GR-SUNSCR,Sunscreen SPF 50,Skin,100 g,Video,20463,832,4.066,691,1584.99,22,10.117,22,6.11,3,Rising,0,0.0,1,26.48,16035.71,6335.01,0,8531,5907,4398,2891,1898,3.112,350,50,63,44,832,82,11.867,40,30,2,6.667,2.644,2.709,2.883,48%,PROTECT_INVENTORY,1584.99,1030.24,-35.0,11.672,8251.38,19849.46,23.0,0.0,1.0,10.117,6335.01,15.37,30.25,1.0,82,59.72,Inventory is close to stockout; protect availability before scaling ads.
2026-09-15,GR-SUNSCR-100G,GR-SUNSCR,Sunscreen SPF 50,Skin,100 g,Video,20721,998,4.816,736,1700.67,23,11.672,23,-3.03,2,Stable,0,0.0,1,24.74,19849.46,8251.38,62,9342,6564,4809,3176,1444,3.552,404,58,73,51,998,59,8.016,28,23,0,0.0,2.305,5.454,5.446,48%,PROTECT_INVENTORY,1700.67,1105.44,-35.0,10.987,6764.87,16646.69,23.0,0.0,1.0,11.672,8251.38,-5.87,-18.02,0.0,74,55.01,Inventory is close to stockout; protect availability before scaling ads.
2026-09-16,GR-SUNSCR-100G,GR-SUNSCR,Sunscreen SPF 50,Skin,100 g,Image,18265,940,5.146,704,1515.13,23,10.987,23,10.73,3,Rising,0,0.0,1,23.82,16646.69,6764.87,0,0,0,0,0,0,3.601,361,52,65,46,940,72,10.227,35,28,1,3.571,2.447,2.827,3.035,48%,PROTECT_INVENTORY,1515.13,984.83,-35.0,11.261,6549.95,15427.58,22.0,0.0,1.0,10.987,6764.87,2.49,-3.18,1.0,82,59.42,Inventory is close to stockout; protect availability before scaling ads.
2026-09-17,GR-SUNSCR-100G,GR-SUNSCR,Sunscreen SPF 50,Skin,100 g,Carousel,23333,1017,4.359,662,1370.05,22,11.261,22,12.05,3,Rising,0,0.0,1,29.18,15427.58,6549.95,0,0,0,0,0,0,3.811,489,71,88,62,1017,51,7.704,26,23,1,4.348,2.163,5.673,4.987,48%,PROTECT_INVENTORY,1370.05,890.53,-35.0,8.489,6074.0,15670.72,22.0,0.0,1.0,11.261,6549.95,-24.62,-7.27,0.0,82,57.79,Inventory is close to stockout; protect availability before scaling ads.
2026-09-18,GR-SUNSCR-100G,GR-SUNSCR,Sunscreen SPF 50,Skin,100 g,Video,22037,1141,5.178,867,1846.0,22,8.489,22,10.0,2,Rising,0,0.0,1,24.09,15670.72,6074.0,0,10065,7461,4432,2569,1294,2.928,354,51,64,45,1141,66,7.612,30,24,2,8.333,1.928,4.254,3.682,48%,PROTECT_INVENTORY,1846.0,1199.9,-35.0,12.228,8380.78,20777.93,28.0,0.0,1.0,8.489,6074.0,44.05,37.98,1.0,74,57.31,Inventory is close to stockout; protect availability before scaling ads.
2026-09-19,GR-SUNSCR-100G,GR-SUNSCR,Sunscreen SPF 50,Skin,100 g,Video,24729,1119,4.525,926,1699.22,28,12.228,28,13.73,6,Rising,0,0.0,1,35.42,20777.93,8380.78,0,10815,7436,5131,2952,1497,2.054,279,40,50,35,1119,97,10.475,36,29,1,3.448,2.502,6.603,5.97,48%,PROTECT_INVENTORY,1699.22,1104.49,-35.0,8.205,5411.64,14673.14,20.0,0.0,1.0,12.228,8380.78,-32.9,-35.43,0.0,82,60.2,Inventory is close to stockout; protect availability before scaling ads.
2026-09-20,GR-SUNSCR-100G,GR-SUNSCR,Sunscreen SPF 50,Skin,100 g,Video,15443,752,4.87,574,1788.36,20,8.205,20,2.16,1,Stable,0,0.0,1,26.18,14673.14,5411.64,0,6182,4740,2980,1949,1110,3.066,260,37,47,33,752,59,10.279,34,28,2,7.143,2.66,3.49,3.266,48%,PROTECT_INVENTORY,1788.36,1162.43,-35.0,14.712,10567.2,24609.62,34.0,0.0,1.0,8.205,5411.64,79.31,95.27,1.0,82,57.74,Inventory is close to stockout; protect availability before scaling ads.
2026-09-21,GR-SUNSCR-100G,GR-SUNSCR,Sunscreen SPF 50,Skin,100 g,Video,22546,1118,4.959,849,1672.8,34,14.712,34,8.63,3,Rising,0,0.0,1,37.51,24609.62,10567.2,0,9201,6468,3694,2111,863,3.982,493,71,89,62,1118,90,10.601,56,52,2,3.846,3.041,5.198,4.516,48%,PROTECT_INVENTORY,1672.8,1087.32,-35.0,17.587,12261.33,27989.92,30.0,0.0,1.0,14.712,10567.2,19.54,16.03,1.0,82,59.28,Inventory is close to stockout; protect availability before scaling ads.
2026-09-22,GR-SUNSCR-100G,GR-SUNSCR,Sunscreen SPF 50,Skin,100 g,Image,18228,1034,5.673,826,1591.49,30,17.587,30,7.21,7,Rising,0,0.0,1,39.09,27989.92,12261.33,85,0,0,0,0,0,3.918,392,57,71,49,1034,91,11.017,42,32,2,6.25,2.901,5.649,4.588,48%,PROTECT_INVENTORY,1591.49,1034.47,-35.0,10.361,6619.77,16404.64,13.0,0.0,1.0,17.587,12261.33,-41.09,-46.01,0.0,82,59.3,Inventory is close to stockout; protect availability before scaling ads.
2026-09-23,GR-SUNSCR-100G,GR-SUNSCR,Sunscreen SPF 50,Skin,100 g,Carousel,13955,678,4.858,529,1583.36,13,10.361,13,21.47,1,Rising,0,0.0,1,16.89,16404.64,6619.77,101,0,0,0,0,0,4.675,358,52,65,45,678,34,6.427,17,14,1,7.143,1.917,5.901,5.617,48%,PROTECT_INVENTORY,1583.36,1029.18,-35.0,13.238,10549.25,24600.29,28.0,0.0,1.0,10.361,6619.77,27.77,59.36,1.0,74,58.71,Inventory is close to stockout; protect availability before scaling ads.
2026-09-24,GR-SUNSCR-100G,GR-SUNSCR,Sunscreen SPF 50,Skin,100 g,Carousel,17344,944,5.443,778,1858.29,28,13.238,28,16.7,4,Rising,0,0.0,1,28.7,24600.29,10549.25,70,0,0,0,0,0,2.396,228,33,41,29,944,92,11.825,56,45,3,6.667,2.966,4.099,3.365,48%,PROTECT_INVENTORY,1858.29,1207.89,-35.0,5.355,2993.64,9030.59,13.0,0.0,1.0,13.238,10549.25,-59.55,-71.62,0.0,82,61.81,Inventory is close to stockout; protect availability before scaling ads.
2026-09-25,GR-SUNSCR-100G,GR-SUNSCR,Sunscreen SPF 50,Skin,100 g,Video,12782,670,5.242,503,1686.36,13,5.355,13,10.79,1,Rising,0,0.0,1,14.62,9030.59,2993.64,0,4212,2664,2168,1417,755,4.577,321,46,58,40,670,36,7.157,20,14,1,7.143,1.94,2.97,2.246,48%,PROTECT_INVENTORY,1686.36,1096.13,-35.0,13.59,10516.28,25108.58,28.0,0.0,1.0,5.355,2993.64,153.78,251.29,1.0,74,57.13,Inventory is close to stockout; protect availability before scaling ads.
2026-09-26,GR-SUNSCR-100G,GR-SUNSCR,Sunscreen SPF 50,Skin,100 g,Image,24527,1085,4.424,766,1847.59,28,13.59,28,10.5,4,Rising,0,0.0,1,35.41,25108.58,10516.28,115,0,0,0,0,0,3.077,415,60,75,52,1085,68,8.877,36,30,2,6.667,2.581,5.917,5.064,48%,PROTECT_INVENTORY,1847.59,1200.93,-35.0,18.676,14095.75,30883.05,35.0,0.0,1.0,13.59,10516.28,37.42,34.04,1.0,82,58.36,Inventory is close to stockout; protect availability before scaling ads.
2026-09-27,GR-SUNSCR-100G,GR-SUNSCR,Sunscreen SPF 50,Skin,100 g,Video,22457,1076,4.791,783,1653.63,35,18.676,35,12.13,4,Rising,0,0.0,1,40.61,30883.05,14095.75,88,5696,4605,2962,1751,993,3.488,430,62,78,54,1076,74,9.451,43,38,2,5.263,3.253,5.279,5.17,48%,PROTECT_INVENTORY,1653.63,1074.86,-35.0,8.177,6810.52,17903.13,25.0,0.0,1.0,18.676,14095.75,-56.22,-51.68,0.0,82,59.11,Inventory is close to stockout; protect availability before scaling ads.
2026-09-28,GR-SUNSCR-100G,GR-SUNSCR,Sunscreen SPF 50,Skin,100 g,Video,19827,941,4.746,695,2189.48,25,8.177,25,15.4,5,Rising,0,0.0,1,31.06,17903.13,6810.52,0,8500,5564,3764,1741,941,4.077,444,64,80,56,941,83,11.942,35,27,1,3.704,2.657,3.938,3.258,48%,PROTECT_INVENTORY,2189.48,1423.16,-35.0,,,,,,,8.177,6810.52,,,,82,61.64,Inventory is close to stockout; protect availability before scaling ads.
2026-09-01,GR-SUNSCR-50G,GR-SUNSCR,Sunscreen SPF 50,Skin,50 g,Influencer Video,17400,717,4.121,578,1693.26,10,3.829,10,-1.88,1,Stable,257,18.29,0,14.05,6484.19,1500.46,112,8011,5135,3542,2591,1454,4.754,454,66,82,57,717,23,3.979,13,10,0,0.0,1.395,2.527,2.703,47%,CHANGE_CREATIVE,1693.26,1693.26,0.0,8.073,4635.65,13435.79,30.0,5.35,0.0,3.829,1500.46,110.84,208.95,1.0,74,54.13,High ad engagement but weak purchase conversion suggests creative-to-product mismatch.
2026-09-02,GR-SUNSCR-50G,GR-SUNSCR,Sunscreen SPF 50,Skin,50 g,Image,22752,698,3.068,586,1664.35,30,8.073,30,10.63,2,Rising,216,5.35,0,40.48,13435.79,4635.65,0,0,0,0,0,0,4.233,529,77,96,67,698,64,10.922,36,32,2,6.25,4.298,8.383,6.779,47%,MAINTAIN,1664.35,1664.35,0.0,4.125,1246.01,5255.46,12.0,12.0,0.0,8.073,4635.65,-48.9,-73.12,0.0,82,62.39,Signals are within normal range; maintain current strategy.
2026-09-03,GR-SUNSCR-50G,GR-SUNSCR,Sunscreen SPF 50,Skin,50 g,Carousel,21968,626,2.85,540,1273.99,12,4.125,12,-6.82,2,Falling,200,12.0,0,16.65,5255.46,1246.01,0,0,0,0,0,0,4.068,491,71,89,62,626,27,5.0,15,12,0,0.0,1.917,6.356,5.975,47%,MAINTAIN,1273.99,1273.99,0.0,2.491,357.33,4340.24,10.0,12.24,0.0,4.125,1246.01,-39.61,-71.32,0.0,74,52.54,Signals are within normal range; maintain current strategy.
2026-09-04,GR-SUNSCR-50G,GR-SUNSCR,Sunscreen SPF 50,Skin,50 g,Video,18342,572,3.119,460,1742.67,10,2.491,10,-2.03,1,Stable,185,12.24,0,15.09,4340.24,357.33,0,9565,7837,6032,3599,2113,3.232,326,47,59,41,572,27,5.87,14,10,0,0.0,1.748,4.588,3.801,47%,MAINTAIN,1742.67,1742.67,0.0,6.484,3188.28,9282.75,22.0,4.96,0.0,2.491,357.33,160.3,792.25,1.0,66,44.46,Signals are within normal range; maintain current strategy.
2026-09-05,GR-SUNSCR-50G,GR-SUNSCR,Sunscreen SPF 50,Skin,50 g,Image,25088,941,3.751,693,1431.72,22,6.484,22,4.41,5,Stable,154,4.96,0,31.01,9282.75,3188.28,0,0,0,0,0,0,3.504,483,70,87,61,941,67,9.668,31,23,1,4.348,2.338,5.256,5.359,47%,MAINTAIN,1431.72,1431.72,0.0,6.104,3397.9,11305.93,25.0,5.01,0.0,6.484,3188.28,-5.86,6.57,0.0,82,60.01,Signals are within normal range; maintain current strategy.
2026-09-06,GR-SUNSCR-50G,GR-SUNSCR,Sunscreen SPF 50,Skin,50 g,Influencer Video,22423,1000,4.46,678,1852.1,25,6.104,25,-8.79,4,Falling,128,5.01,0,25.56,11305.93,3397.9,0,11819,9240,7347,3915,1817,4.27,526,76,95,67,1000,58,8.555,30,26,1,3.846,2.5,5.624,4.972,47%,MAINTAIN,1852.1,1852.1,0.0,9.227,5257.43,13652.8,23.0,3.68,0.0,6.104,3397.9,51.16,54.73,1.0,74,56.56,Signals are within normal range; maintain current strategy.
2026-09-07,GR-SUNSCR-50G,GR-SUNSCR,Sunscreen SPF 50,Skin,50 g,Video,18007,690,3.832,450,1479.62,23,9.227,23,-1.01,5,Stable,101,3.68,0,27.4,13652.8,5257.43,107,10280,7341,5266,3524,1825,3.503,346,50,63,44,690,47,10.444,28,25,2,8.0,3.333,5.553,5.145,47%,PROTECT_INVENTORY,1479.62,961.75,-35.0,6.446,3586.88,10682.72,18.0,3.71,0.0,9.227,5257.43,-30.14,-31.78,0.0,74,58.87,Inventory is close to stockout; protect availability before scaling ads.
2026-09-08,GR-SUNSCR-50G,GR-SUNSCR,Sunscreen SPF 50,Skin,50 g,Carousel,14437,605,4.191,424,1657.35,18,6.446,18,4.65,2,Stable,79,3.71,0,21.38,10682.72,3586.88,86,0,0,0,0,0,3.398,269,39,49,34,605,38,8.962,21,18,0,0.0,2.975,4.454,4.171,47%,PROTECT_INVENTORY,1657.35,1077.28,-35.0,7.324,3229.13,9875.74,18.0,2.65,0.0,6.446,3586.88,13.62,-9.97,1.0,82,58.91,Inventory is close to stockout; protect availability before scaling ads.
2026-09-09,GR-SUNSCR-50G,GR-SUNSCR,Sunscreen SPF 50,Skin,50 g,Image,13946,535,3.836,407,1348.47,18,7.324,18,9.56,3,Rising,58,2.65,0,21.73,9875.74,3229.13,41,0,0,0,0,0,3.811,292,42,53,37,535,43,10.565,23,18,0,0.0,3.364,4.582,4.288,47%,PROTECT_INVENTORY,1348.47,876.51,-35.0,4.274,1947.93,7830.09,18.0,1.7,0.0,7.324,3229.13,-41.64,-39.68,0.0,82,60.56,Inventory is close to stockout; protect availability before scaling ads.
2026-09-10,GR-SUNSCR-50G,GR-SUNSCR,Sunscreen SPF 50,Skin,50 g,Video,20867,633,3.033,469,1832.07,18,4.274,18,5.98,2,Rising,36,1.7,0,21.31,7830.09,1947.93,0,12212,8241,4659,2802,1350,4.117,472,68,85,60,633,50,10.661,25,19,1,5.263,2.844,5.435,4.589,47%,PROTECT_INVENTORY,1832.07,1190.85,-35.0,7.186,3385.14,10401.98,17.0,0.48,0.0,4.274,1947.93,68.13,73.78,1.0,82,55.09,Inventory is close to stockout; protect availability before scaling ads.
2026-09-11,GR-SUNSCR-50G,GR-SUNSCR,Sunscreen SPF 50,Skin,50 g,Video,22814,844,3.699,679,1447.44,17,7.186,17,2.63,1,Stable,12,0.48,0,24.51,10401.98,3385.14,124,11465,8381,6708,4706,2537,3.694,463,67,84,58,844,49,7.216,24,17,0,0.0,2.014,5.582,4.351,47%,PROTECT_INVENTORY,1447.44,940.84,-35.0,6.847,3972.03,11626.11,27.0,0.0,1.0,7.186,3385.14,-4.72,17.34,0.0,82,55.58,Inventory is close to stockout; protect availability before scaling ads.
2026-09-12,GR-SUNSCR-50G,GR-SUNSCR,Sunscreen SPF 50,Skin,50 g,Image,17428,680,3.902,504,1697.97,27,6.847,27,7.48,3,Rising,0,0.0,1,32.91,11626.11,3972.03,0,0,0,0,0,0,4.086,391,56,71,49,680,59,11.706,31,27,0,0.0,3.971,3.499,3.583,47%,PROTECT_INVENTORY,1697.97,1103.68,-35.0,4.858,2058.44,7376.33,13.0,0.0,1.0,6.847,3972.03,-29.05,-48.18,0.0,82,59.68,Inventory is close to stockout; protect availability before scaling ads.
2026-09-13,GR-SUNSCR-50G,GR-SUNSCR,Sunscreen SPF 50,Skin,50 g,Influencer Video,15290,493,3.224,379,1518.54,13,4.858,13,8.07,1,Rising,0,0.0,1,16.6,7376.33,2058.44,67,5882,4445,3026,1996,937,4.927,414,60,75,52,493,35,9.235,16,13,0,0.0,2.637,2.533,1.869,47%,PROTECT_INVENTORY,1518.54,987.05,-35.0,8.763,4341.58,11641.2,27.0,0.0,1.0,4.858,2058.44,80.38,110.92,1.0,82,57.09,Inventory is close to stockout; protect availability before scaling ads.
2026-09-14,GR-SUNSCR-50G,GR-SUNSCR,Sunscreen SPF 50,Skin,50 g,Image,20531,872,4.247,747,1328.42,27,8.763,27,-8.76,6,Falling,0,0.0,1,37.68,11641.2,4341.58,0,0,0,0,0,0,3.204,361,52,65,46,872,86,11.513,38,29,2,6.897,3.096,4.572,4.654,47%,PROTECT_INVENTORY,1328.42,863.47,-35.0,6.578,3473.46,10097.25,20.0,0.0,1.0,8.763,4341.58,-24.93,-20.0,0.0,74,56.28,Inventory is close to stockout; protect availability before scaling ads.
2026-09-15,GR-SUNSCR-50G,GR-SUNSCR,Sunscreen SPF 50,Skin,50 g,Video,15872,532,3.352,392,1535.1,20,6.578,20,5.89,3,Rising,0,0.0,1,25.08,10097.25,3473.46,40,6931,5377,3509,2069,1415,4.178,364,53,66,46,532,47,11.99,26,21,1,4.762,3.759,4.307,3.779,47%,PROTECT_INVENTORY,1535.1,997.82,-35.0,7.229,3610.15,10293.62,22.0,0.0,1.0,6.578,3473.46,9.9,3.94,1.0,82,59.57,Inventory is close to stockout; protect availability before scaling ads.
2026-09-16,GR-SUNSCR-50G,GR-SUNSCR,Sunscreen SPF 50,Skin,50 g,Influencer Video,13731,579,4.217,462,1423.88,22,7.229,22,7.42,2,Rising,0,0.0,1,23.69,10293.62,3610.15,87,8812,6450,4227,2603,1180,3.357,253,36,46,32,579,50,10.823,29,23,1,4.348,3.8,5.316,4.867,47%,PROTECT_INVENTORY,1423.88,925.52,-35.0,7.823,4775.57,14242.74,29.0,0.0,1.0,7.229,3610.15,8.22,32.28,1.0,82,59.0,Inventory is close to stockout; protect availability before scaling ads.
2026-09-17,GR-SUNSCR-50G,GR-SUNSCR,Sunscreen SPF 50,Skin,50 g,Video,25243,1034,4.096,772,1820.6,29,7.823,29,15.35,5,Rising,0,0.0,1,31.3,14242.74,4775.57,75,11104,8734,5998,4331,1552,3.944,547,79,99,69,1034,78,10.104,39,30,1,3.333,2.805,4.755,4.946,47%,PROTECT_INVENTORY,1820.6,1183.39,-35.0,3.639,1110.3,5894.13,13.0,0.0,1.0,7.823,4775.57,-53.48,-76.75,0.0,82,60.05,Inventory is close to stockout; protect availability before scaling ads.
2026-09-18,GR-SUNSCR-50G,GR-SUNSCR,Sunscreen SPF 50,Skin,50 g,Influencer Video,15924,529,3.322,361,1619.7,13,3.639,13,6.26,2,Rising,0,0.0,1,16.05,5894.13,1110.3,0,4472,3335,1897,1108,662,4.844,424,61,77,53,529,32,8.864,15,13,0,0.0,2.457,3.467,3.34,47%,PROTECT_INVENTORY,1619.7,1052.8,-35.0,4.127,1671.55,6832.98,14.0,0.0,1.0,3.639,1110.3,13.41,50.55,1.0,82,49.13,Inventory is close to stockout; protect availability before scaling ads.
2026-09-19,GR-SUNSCR-50G,GR-SUNSCR,Sunscreen SPF 50,Skin,50 g,Influencer Video,12950,413,3.189,326,1655.83,14,4.127,14,5.45,3,Rising,0,0.0,1,16.69,6832.98,1671.55,20,5506,3301,1842,805,548,4.093,291,42,53,37,413,42,12.883,17,14,0,0.0,3.39,7.181,6.259,47%,PROTECT_INVENTORY,1655.83,1076.29,-35.0,6.935,3332.01,10387.97,23.0,0.0,1.0,4.127,1671.55,68.04,99.34,1.0,82,54.91,Inventory is close to stockout; protect availability before scaling ads.
2026-09-20,GR-SUNSCR-50G,GR-SUNSCR,Sunscreen SPF 50,Skin,50 g,Influencer Video,24697,967,3.915,714,1497.99,23,6.935,23,1.87,5,Stable,0,0.0,1,31.5,10387.97,3332.01,0,10853,6700,4362,3098,1411,3.254,442,64,80,56,967,75,10.504,34,25,2,8.0,2.378,5.779,5.031,47%,PROTECT_INVENTORY,1497.99,973.69,-35.0,9.726,5379.08,15084.13,33.0,0.0,1.0,6.935,3332.01,40.25,61.44,1.0,82,57.65,Inventory is close to stockout; protect availability before scaling ads.
2026-09-21,GR-SUNSCR-50G,GR-SUNSCR,Sunscreen SPF 50,Skin,50 g,Influencer Video,18354,636,3.465,578,1550.92,33,9.726,33,8.25,6,Rising,0,0.0,1,35.51,15084.13,5379.08,0,9163,6252,4723,3121,1748,3.508,354,51,64,45,636,76,13.149,41,36,3,8.333,5.189,5.583,4.967,47%,PROTECT_INVENTORY,1550.92,1008.1,-35.0,8.026,4495.26,12800.12,29.0,0.0,1.0,9.726,5379.08,-17.48,-16.43,0.0,82,60.91,Inventory is close to stockout; protect availability before scaling ads.
2026-09-22,GR-SUNSCR-50G,GR-SUNSCR,Sunscreen SPF 50,Skin,50 g,Carousel,21367,889,4.161,723,1594.74,29,8.026,29,2.07,3,Stable,0,0.0,1,33.01,12800.12,4495.26,0,0,0,0,0,0,3.809,447,65,81,56,889,74,10.235,37,31,2,6.452,3.262,5.643,4.764,47%,PROTECT_INVENTORY,1594.74,1036.58,-35.0,7.499,4508.25,13437.06,30.0,0.0,1.0,8.026,4495.26,-6.57,0.29,0.0,82,57.49,Inventory is close to stockout; protect availability before scaling ads.
2026-09-23,GR-SUNSCR-50G,GR-SUNSCR,Sunscreen SPF 50,Skin,50 g,Carousel,17709,706,3.987,540,1791.75,30,7.499,30,13.73,5,Rising,0,0.0,1,35.79,13437.06,4508.25,0,0,0,0,0,0,4.766,464,67,84,59,706,66,12.222,41,31,1,3.226,4.249,1.0,1.0,47%,PROTECT_INVENTORY,1791.75,1164.64,-35.0,5.581,2555.1,8953.34,15.0,0.0,1.0,7.499,4508.25,-25.58,-43.32,0.0,82,61.31,Inventory is close to stockout; protect availability before scaling ads.
2026-09-24,GR-SUNSCR-50G,GR-SUNSCR,Sunscreen SPF 50,Skin,50 g,Influencer Video,15876,537,3.382,425,1604.33,15,5.581,15,0.92,3,Stable,0,0.0,1,22.26,8953.34,2555.1,73,7832,6184,3959,2369,1131,2.373,207,30,37,26,537,38,8.941,20,16,1,6.25,2.793,6.319,5.783,47%,PROTECT_INVENTORY,1604.33,1042.81,-35.0,5.959,2429.42,8048.62,18.0,0.0,1.0,5.581,2555.1,6.77,-4.92,1.0,82,56.29,Inventory is close to stockout; protect availability before scaling ads.
2026-09-25,GR-SUNSCR-50G,GR-SUNSCR,Sunscreen SPF 50,Skin,50 g,Carousel,9786,420,4.292,373,1350.58,18,5.959,18,-2.09,3,Stable,0,0.0,1,18.51,8048.62,2429.42,0,0,0,0,0,0,4.591,247,35,44,31,420,43,11.528,23,18,0,0.0,4.286,4.414,4.304,47%,PROTECT_INVENTORY,1350.58,877.88,-35.0,8.189,5429.62,15672.34,30.0,0.0,1.0,5.959,2429.42,37.42,123.49,1.0,74,57.63,Inventory is close to stockout; protect availability before scaling ads.
2026-09-26,GR-SUNSCR-50G,GR-SUNSCR,Sunscreen SPF 50,Skin,50 g,Video,26235,941,3.587,699,1913.72,30,8.189,30,7.69,4,Rising,0,0.0,1,41.04,15672.34,5429.62,100,13525,11485,8573,5586,3269,3.382,487,70,88,62,941,86,12.303,42,32,2,6.25,3.188,4.671,4.44,47%,PROTECT_INVENTORY,1913.72,1243.92,-35.0,4.491,2172.04,8164.19,19.0,0.0,1.0,8.189,5429.62,-45.16,-60.0,0.0,82,60.17,Inventory is close to stockout; protect availability before scaling ads.
2026-09-27,GR-SUNSCR-50G,GR-SUNSCR,Sunscreen SPF 50,Skin,50 g,Carousel,24721,727,2.941,540,1817.96,19,4.491,19,6.12,4,Rising,0,0.0,1,21.64,8164.19,2172.04,0,0,0,0,0,0,4.817,654,95,119,83,727,48,8.889,24,20,1,5.0,2.613,4.767,4.533,47%,PROTECT_INVENTORY,1817.96,1181.67,-35.0,6.719,3842.93,10864.43,26.0,0.0,1.0,4.491,2172.04,49.61,76.93,1.0,82,54.24,Inventory is close to stockout; protect availability before scaling ads.
2026-09-28,GR-SUNSCR-50G,GR-SUNSCR,Sunscreen SPF 50,Skin,50 g,Video,19509,763,3.911,715,1617.07,26,6.719,26,11.42,6,Rising,0,0.0,1,31.77,10864.43,3842.93,0,9590,6454,4180,2582,1287,4.785,513,74,93,65,763,65,9.091,32,28,2,7.143,3.408,6.349,5.3,47%,PROTECT_INVENTORY,1617.07,1051.1,-35.0,,,,,,,6.719,3842.93,,,,82,58.5,Inventory is close to stockout; protect availability before scaling ads.
2026-09-01,GR-VITC-15ML,GR-VITC,Vitamin C Serum,Skin,15 ml,Carousel,28138,1478,5.253,1249,2389.98,72,12.222,72,7.49,11,Rising,918,10.11,0,90.8,29209.57,14165.75,72,0,0,0,0,0,3.595,556,80,101,70,1478,184,14.732,101,79,3,3.797,4.871,6.578,5.353,53%,INCREASE_BUDGET,2389.98,2867.98,20.0,7.405,8170.46,19209.39,44.0,15.73,0.0,12.222,14165.75,-39.41,-42.32,0.0,90,68.2,"Strong ROAS, positive profit, rising sales and sufficient inventory."
2026-09-02,GR-VITC-15ML,GR-VITC,Vitamin C Serum,Skin,15 ml,Video,26637,1457,5.47,1011,2594.09,44,7.405,44,-2.83,5,Stable,863,15.73,0,54.89,19209.39,8170.46,102,10853,8054,4560,3060,1666,3.296,482,70,87,61,1457,121,11.968,58,46,2,4.348,3.02,4.749,4.312,53%,MAINTAIN,2594.09,2594.09,0.0,7.641,8317.12,19889.57,52.0,13.14,0.0,7.405,8170.46,3.19,1.8,1.0,82,66.88,Signals are within normal range; maintain current strategy.
2026-09-03,GR-VITC-15ML,GR-VITC,Vitamin C Serum,Skin,15 ml,Carousel,27155,1405,5.174,1201,2602.88,52,7.641,52,-1.3,10,Stable,802,13.14,0,61.07,19889.57,8317.12,0,0,0,0,0,0,3.932,587,85,106,74,1405,109,9.076,68,55,3,5.455,3.701,4.729,4.118,53%,MAINTAIN,2602.88,2602.88,0.0,4.447,3265.83,10492.93,24.0,23.76,0.0,7.641,8317.12,-41.8,-60.73,0.0,82,63.72,Signals are within normal range; maintain current strategy.
2026-09-04,GR-VITC-15ML,GR-VITC,Vitamin C Serum,Skin,15 ml,Influencer Video,16262,862,5.301,671,2359.66,24,4.447,24,-2.71,3,Stable,770,23.76,0,32.41,10492.93,3265.83,74,8450,5286,3115,1416,728,3.926,351,51,63,44,862,68,10.134,32,25,1,4.0,2.784,4.059,3.572,53%,MAINTAIN,2359.66,2359.66,0.0,9.102,9448.9,21034.8,56.0,12.45,0.0,4.447,3265.83,104.68,189.33,1.0,82,66.22,Signals are within normal range; maintain current strategy.
2026-09-05,GR-VITC-15ML,GR-VITC,Vitamin C Serum,Skin,15 ml,Video,37549,1435,3.822,1231,2311.1,56,9.102,56,1.27,10,Stable,713,12.45,0,57.23,21034.8,9448.9,0,17240,13161,7437,4231,2076,1.786,368,53,67,46,1435,135,10.967,77,60,4,6.667,3.902,6.441,5.982,53%,MAINTAIN,2311.1,2311.1,0.0,5.461,4476.76,13398.3,33.0,17.53,0.0,9.102,9448.9,-40.0,-52.62,0.0,90,65.3,Signals are within normal range; maintain current strategy.
2026-09-06,GR-VITC-15ML,GR-VITC,Vitamin C Serum,Skin,15 ml,Carousel,13860,763,5.505,564,2453.24,33,5.461,33,0.93,2,Stable,674,17.53,0,38.46,13398.3,4476.76,0,0,0,0,0,0,4.258,324,47,59,41,763,108,19.149,44,36,3,8.333,4.325,4.678,4.721,53%,MAINTAIN,2453.24,2453.24,0.0,9.636,11241.84,25910.21,62.0,8.15,0.0,5.461,4476.76,76.45,151.12,1.0,90,73.91,Signals are within normal range; maintain current strategy.
2026-09-07,GR-VITC-15ML,GR-VITC,Vitamin C Serum,Skin,15 ml,Image,25203,1106,4.388,872,2688.82,62,9.636,62,4.78,10,Stable,600,8.15,0,73.7,25910.21,11241.84,156,0,0,0,0,0,3.747,519,75,94,66,1106,140,16.055,75,64,1,1.562,5.606,4.215,3.96,53%,MAINTAIN,2688.82,2688.82,0.0,5.52,5298.54,14801.65,38.0,11.61,0.0,9.636,11241.84,-42.71,-52.87,0.0,90,67.67,Signals are within normal range; maintain current strategy.
2026-09-08,GR-VITC-15ML,GR-VITC,Vitamin C Serum,Skin,15 ml,Video,20804,1070,5.143,733,2681.46,38,5.52,38,5.39,6,Rising,553,11.61,0,47.61,14801.65,5298.54,0,10268,7700,6261,2966,1745,1.99,227,33,41,28,1070,105,14.325,54,42,4,9.524,3.551,2.934,2.423,53%,INCREASE_BUDGET,2681.46,3217.75,20.0,8.695,12372.37,28161.69,69.0,6.11,0.0,5.52,5298.54,57.52,133.51,1.0,90,68.23,"Strong ROAS, positive profit, rising sales and sufficient inventory."
2026-09-09,GR-VITC-15ML,GR-VITC,Vitamin C Serum,Skin,15 ml,Carousel,24312,1265,5.203,1123,3238.66,69,8.695,69,8.02,10,Rising,475,6.11,0,77.71,28161.69,12372.37,59,0,0,0,0,0,3.98,532,77,96,67,1265,173,15.405,104,74,4,5.405,5.455,5.058,4.498,53%,MAINTAIN,3238.66,3238.66,0.0,8.39,9623.68,23205.04,49.0,8.85,0.0,8.695,12372.37,-3.51,-22.22,0.0,82,66.81,Signals are within normal range; maintain current strategy.
2026-09-10,GR-VITC-15ML,GR-VITC,Vitamin C Serum,Skin,15 ml,Video,25172,1119,4.445,850,2765.66,49,8.39,49,1.71,5,Stable,427,8.85,0,48.25,23205.04,9623.68,167,12607,8936,4493,2594,1206,3.145,435,63,79,55,1119,135,15.882,67,52,3,5.769,4.379,3.731,3.168,53%,MAINTAIN,2765.66,2765.66,0.0,7.088,5802.33,15224.67,32.0,11.68,0.0,8.39,9623.68,-15.52,-39.71,0.0,90,67.28,Signals are within normal range; maintain current strategy.
2026-09-11,GR-VITC-15ML,GR-VITC,Vitamin C Serum,Skin,15 ml,Influencer Video,22419,868,3.872,782,2147.83,32,7.088,32,7.74,6,Rising,393,11.68,0,33.66,15224.67,5802.33,77,8739,6025,3689,2422,1254,3.326,410,59,74,52,868,77,9.847,44,34,2,5.882,3.687,2.41,1.845,53%,INCREASE_BUDGET,2147.83,2577.4,20.0,7.802,8508.93,19711.78,50.0,7.07,0.0,7.088,5802.33,10.07,46.65,1.0,90,65.37,"Strong ROAS, positive profit, rising sales and sufficient inventory."
2026-09-12,GR-VITC-15ML,GR-VITC,Vitamin C Serum,Skin,15 ml,Video,21921,1291,5.889,907,2526.58,50,7.802,50,9.33,10,Rising,344,7.07,0,48.73,19711.78,8508.93,62,12718,8999,6994,4578,2235,2.715,327,47,59,41,1291,122,13.451,71,55,5,9.091,3.873,5.925,5.167,53%,MAINTAIN,2526.58,2526.58,0.0,5.675,4070.35,11462.44,29.0,9.77,0.0,7.802,8508.93,-27.26,-52.16,0.0,90,66.09,Signals are within normal range; maintain current strategy.
2026-09-13,GR-VITC-15ML,GR-VITC,Vitamin C Serum,Skin,15 ml,Video,23401,916,3.914,614,2019.65,29,5.675,29,0.4,2,Stable,313,9.77,0,31.98,11462.44,4070.35,0,11439,8650,5084,2914,1470,2.952,379,55,69,48,916,79,12.866,40,30,1,3.333,3.166,5.038,4.408,53%,MAINTAIN,2019.65,2019.65,0.0,10.996,12430.48,26237.54,60.0,3.54,0.0,5.675,4070.35,93.76,205.39,1.0,90,65.21,Signals are within normal range; maintain current strategy.
2026-09-14,GR-VITC-15ML,GR-VITC,Vitamin C Serum,Skin,15 ml,Influencer Video,29486,1302,4.416,1113,2386.2,60,10.996,60,11.58,7,Rising,244,3.54,0,68.85,26237.54,12430.48,164,17092,11081,7875,5960,3364,4.072,660,96,120,84,1302,140,12.579,81,62,2,3.226,4.608,8.346,7.283,53%,PROTECT_INVENTORY,2386.2,1551.03,-35.0,3.507,2514.34,9769.77,23.0,9.79,0.0,10.996,12430.48,-68.11,-79.77,0.0,82,64.12,Inventory is close to stockout; protect availability before scaling ads.
2026-09-15,GR-VITC-15ML,GR-VITC,Vitamin C Serum,Skin,15 ml,Image,17885,803,4.49,564,2785.46,23,3.507,23,8.11,5,Rising,221,9.79,0,22.59,9769.77,2514.34,83,0,0,0,0,0,3.604,354,51,64,45,803,63,11.17,33,25,2,8.0,2.864,4.814,4.462,53%,MAINTAIN,2785.46,2785.46,0.0,5.412,4554.3,13410.57,32.0,4.88,0.0,3.507,2514.34,54.32,81.13,1.0,90,56.54,Signals are within normal range; maintain current strategy.
2026-09-16,GR-VITC-15ML,GR-VITC,Vitamin C Serum,Skin,15 ml,Video,19143,927,4.843,697,2477.86,32,5.412,32,8.28,7,Rising,183,4.88,0,37.57,13410.57,4554.3,51,10919,9209,5886,3445,1503,3.815,401,58,73,51,927,83,11.908,41,35,3,8.571,3.452,6.142,5.336,53%,MAINTAIN,2477.86,2477.86,0.0,5.744,5486.71,15528.95,39.0,2.86,0.0,5.412,4554.3,6.13,20.47,1.0,82,63.63,Signals are within normal range; maintain current strategy.
2026-09-17,GR-VITC-15ML,GR-VITC,Vitamin C Serum,Skin,15 ml,Image,27398,1239,4.522,1124,2703.29,39,5.744,39,4.87,8,Stable,136,2.86,0,47.49,15528.95,5486.71,0,0,0,0,0,0,3.744,564,82,102,71,1239,153,13.612,58,40,1,2.5,3.148,4.112,3.75,53%,PROTECT_INVENTORY,2703.29,1757.14,-35.0,6.29,5149.56,13840.39,35.0,2.21,0.0,5.744,5486.71,9.51,-6.14,1.0,82,63.21,Inventory is close to stockout; protect availability before scaling ads.
2026-09-18,GR-VITC-15ML,GR-VITC,Vitamin C Serum,Skin,15 ml,Influencer Video,23267,927,3.984,680,2200.44,35,6.29,35,6.56,8,Rising,94,2.21,0,42.42,13840.39,5149.56,0,11715,10543,7189,4759,2339,5.497,703,102,127,89,927,89,13.088,45,38,3,7.895,3.776,4.104,3.47,53%,PROTECT_INVENTORY,2200.44,1430.29,-35.0,5.689,5740.74,15642.42,37.0,1.3,0.0,6.29,5149.56,-9.55,11.48,0.0,82,62.83,Inventory is close to stockout; protect availability before scaling ads.
2026-09-19,GR-VITC-15ML,GR-VITC,Vitamin C Serum,Skin,15 ml,Influencer Video,17400,833,4.787,622,2749.38,37,5.689,37,8.25,4,Rising,53,1.3,0,40.68,15642.42,5740.74,101,8336,6687,4256,2748,1499,3.415,326,47,59,41,833,94,15.113,46,39,2,5.128,4.442,5.678,4.583,53%,PROTECT_INVENTORY,2749.38,1787.1,-35.0,8.667,9511.52,23128.25,58.0,0.0,1.0,5.689,5740.74,52.35,65.68,1.0,82,64.23,Inventory is close to stockout; protect availability before scaling ads.
2026-09-20,GR-VITC-15ML,GR-VITC,Vitamin C Serum,Skin,15 ml,Image,27176,1161,4.272,944,2668.48,58,8.667,58,8.96,12,Rising,0,0.0,1,59.41,23128.25,9511.52,0,0,0,0,0,0,3.273,489,71,88,62,1161,149,15.784,86,62,4,6.452,4.996,4.894,4.991,53%,PROTECT_INVENTORY,2668.48,1734.51,-35.0,6.265,5751.63,15276.9,39.0,0.0,1.0,8.667,9511.52,-27.71,-39.53,0.0,82,64.23,Inventory is close to stockout; protect availability before scaling ads.
2026-09-21,GR-VITC-15ML,GR-VITC,Vitamin C Serum,Skin,15 ml,Influencer Video,25173,1181,4.692,830,2438.37,39,6.265,39,10.75,7,Rising,0,0.0,1,46.13,15276.9,5751.63,0,8816,6770,4387,2633,1228,5.455,755,109,137,96,1181,106,12.771,55,42,3,7.143,3.302,5.373,4.643,53%,PROTECT_INVENTORY,2438.37,1584.94,-35.0,6.046,5573.87,15818.18,39.0,0.0,1.0,6.265,5751.63,-3.5,-3.09,0.0,82,62.33,Inventory is close to stockout; protect availability before scaling ads.
2026-09-22,GR-VITC-15ML,GR-VITC,Vitamin C Serum,Skin,15 ml,Video,18219,843,4.627,693,2616.13,39,6.046,39,0.43,9,Stable,0,0.0,1,41.15,15818.18,5573.87,0,8697,6455,4437,2925,1742,3.311,331,48,60,42,843,105,15.152,50,39,0,0.0,4.626,6.177,5.989,53%,PROTECT_INVENTORY,2616.13,1700.48,-35.0,8.186,10147.92,23699.15,52.0,0.0,1.0,6.046,5573.87,35.4,82.06,1.0,82,62.05,Inventory is close to stockout; protect availability before scaling ads.
2026-09-23,GR-VITC-15ML,GR-VITC,Vitamin C Serum,Skin,15 ml,Image,22628,1140,5.038,855,2895.25,52,8.186,52,6.81,4,Rising,0,0.0,1,61.23,23699.15,10147.92,149,0,0,0,0,0,3.048,379,55,68,48,1140,112,13.099,71,53,1,1.887,4.561,6.586,6.644,53%,PROTECT_INVENTORY,2895.25,1881.91,-35.0,11.759,11716.37,25924.12,53.0,0.0,1.0,8.186,10147.92,43.65,15.46,1.0,82,61.79,Inventory is close to stockout; protect availability before scaling ads.
2026-09-24,GR-VITC-15ML,GR-VITC,Vitamin C Serum,Skin,15 ml,Video,28546,1453,5.09,1159,2204.58,53,11.759,53,4.44,7,Stable,0,0.0,1,67.21,25924.12,11716.37,181,13095,10898,6669,5187,3143,4.156,652,94,118,83,1453,165,14.236,70,58,5,8.621,3.648,4.627,4.535,53%,PROTECT_INVENTORY,2204.58,1432.98,-35.0,6.425,5180.93,13935.62,35.0,0.0,1.0,11.759,11716.37,-45.36,-55.78,0.0,82,62.16,Inventory is close to stockout; protect availability before scaling ads.
2026-09-25,GR-VITC-15ML,GR-VITC,Vitamin C Serum,Skin,15 ml,Influencer Video,22506,1035,4.599,773,2169.07,35,6.425,35,4.23,3,Stable,0,0.0,1,43.17,13935.62,5180.93,0,11931,7654,4933,2896,1049,3.736,462,67,84,58,1035,103,13.325,48,39,4,10.256,3.382,3.318,2.858,53%,PROTECT_INVENTORY,2169.07,1409.9,-35.0,7.882,9104.41,20930.64,56.0,0.0,1.0,6.425,5180.93,22.68,75.73,1.0,82,61.44,Inventory is close to stockout; protect availability before scaling ads.
2026-09-26,GR-VITC-15ML,GR-VITC,Vitamin C Serum,Skin,15 ml,Influencer Video,27771,1260,4.537,1141,2655.59,56,7.882,56,5.22,7,Rising,0,0.0,1,63.54,20930.64,9104.41,0,13811,10152,6770,4536,2068,3.757,573,83,104,73,1260,182,15.951,83,70,2,2.857,4.444,5.541,5.157,53%,PROTECT_INVENTORY,2655.59,1726.13,-35.0,6.775,7690.49,19035.79,50.0,0.0,1.0,7.882,9104.41,-14.04,-15.53,0.0,82,63.61,Inventory is close to stockout; protect availability before scaling ads.
2026-09-27,GR-VITC-15ML,GR-VITC,Vitamin C Serum,Skin,15 ml,Influencer Video,23278,967,4.154,867,2809.51,50,6.775,50,12.13,7,Rising,0,0.0,1,63.68,19035.79,7690.49,0,11364,8886,4777,3019,1820,3.995,511,74,92,65,967,152,17.532,69,55,3,5.455,5.171,6.055,5.394,53%,PROTECT_INVENTORY,2809.51,1826.18,-35.0,5.337,5426.47,14848.91,36.0,0.0,1.0,6.775,7690.49,-21.23,-29.44,0.0,82,66.18,Inventory is close to stockout; protect availability before scaling ads.
2026-09-28,GR-VITC-15ML,GR-VITC,Vitamin C Serum,Skin,15 ml,Video,15360,719,4.681,512,2782.34,36,5.337,36,11.82,8,Rising,0,0.0,1,45.93,14848.91,5426.47,33,8118,4989,3028,1875,1263,4.429,374,54,68,47,719,89,17.383,53,45,2,4.444,5.007,3.094,2.914,53%,PROTECT_INVENTORY,2782.34,1808.52,-35.0,,,,,,,5.337,5426.47,,,,82,66.0,Inventory is close to stockout; protect availability before scaling ads.
2026-09-01,GR-VITC-30ML,GR-VITC,Vitamin C Serum,Skin,30 ml,Carousel,22298,735,3.296,521,841.23,28,23.059,28,4.66,6,Stable,1397,40.09,0,34.86,19397.6,10002.55,78,0,0,0,0,0,4.482,549,79,99,69,735,67,12.86,44,30,2,6.667,3.81,4.654,4.451,53%,INCREASE_BUDGET,841.23,1009.48,20.0,20.202,9646.5,18454.98,33.0,30.27,0.0,23.059,10002.55,-12.39,-3.56,0.0,90,76.18,"Strong ROAS, positive profit, rising sales and sufficient inventory."
2026-09-02,GR-VITC-30ML,GR-VITC,Vitamin C Serum,Skin,30 ml,Video,18931,619,3.27,507,913.5,33,20.202,33,11.61,6,Rising,1353,30.27,0,44.69,18454.98,9646.5,0,8371,5915,3981,2906,1497,4.481,466,67,84,59,619,99,19.527,69,65,4,6.154,5.331,3.897,3.663,53%,INCREASE_BUDGET,913.5,1096.2,20.0,25.864,11630.57,21969.64,39.0,28.73,0.0,20.202,9646.5,28.03,20.57,1.0,90,82.57,"Strong ROAS, positive profit, rising sales and sufficient inventory."
2026-09-03,GR-VITC-30ML,GR-VITC,Vitamin C Serum,Skin,30 ml,Image,24611,764,3.104,636,849.43,39,25.864,39,-1.44,5,Stable,1307,28.73,0,45.5,21969.64,11630.57,0,0,0,0,0,0,4.221,571,83,103,72,764,96,15.094,55,41,2,4.878,5.105,5.861,4.988,53%,MAINTAIN,849.43,849.43,0.0,22.014,10207.85,19936.76,30.0,35.99,0.0,25.864,11630.57,-14.89,-12.23,0.0,82,76.0,Signals are within normal range; maintain current strategy.
2026-09-04,GR-VITC-30ML,GR-VITC,Vitamin C Serum,Skin,30 ml,Video,21351,639,2.993,504,905.65,30,22.014,30,4.11,5,Stable,1272,35.99,0,35.34,19936.76,10207.85,59,10991,7523,4958,3173,1760,2.623,308,44,56,39,639,73,14.484,38,31,1,3.226,4.695,3.955,4.31,53%,INCREASE_BUDGET,905.65,1086.78,20.0,25.241,10475.98,19591.42,32.0,32.46,0.0,22.014,10207.85,14.66,2.63,1.0,90,77.28,"Strong ROAS, positive profit, rising sales and sufficient inventory."
2026-09-05,GR-VITC-30ML,GR-VITC,Vitamin C Serum,Skin,30 ml,Video,23453,848,3.616,629,776.17,32,25.241,32,0.82,5,Stable,1234,32.46,0,38.01,19591.42,10475.98,91,10942,6796,4717,2878,1662,3.118,402,58,73,51,848,84,13.355,45,35,3,8.571,3.774,4.836,4.69,53%,MAINTAIN,776.17,776.17,0.0,25.155,12031.84,24492.24,32.0,33.94,0.0,25.241,10475.98,-0.34,14.85,0.0,90,75.78,Signals are within normal range; maintain current strategy.
2026-09-06,GR-VITC-30ML,GR-VITC,Vitamin C Serum,Skin,30 ml,Influencer Video,24650,873,3.542,718,973.65,32,25.155,32,1.68,7,Stable,1198,33.94,0,35.31,24492.24,12031.84,105,9205,7316,5215,2537,1327,1.906,258,37,46,32,873,82,11.421,43,34,2,5.882,3.666,2.559,2.72,53%,MAINTAIN,973.65,973.65,0.0,4.238,1084.38,3541.13,6.0,118.67,0.0,25.155,12031.84,-83.15,-90.99,0.0,90,74.5,Signals are within normal range; maintain current strategy.
2026-09-07,GR-VITC-30ML,GR-VITC,Vitamin C Serum,Skin,30 ml,Image,16963,641,3.779,417,835.62,6,4.238,6,2.07,0,Stable,1188,118.67,0,10.02,3541.13,1084.38,0,0,0,0,0,0,4.401,410,59,74,52,641,25,5.995,8,6,0,0.0,0.936,4.261,3.302,53%,CHANGE_CREATIVE,835.62,835.62,0.0,17.193,9387.5,20159.32,33.0,32.68,0.0,4.238,1084.38,305.69,765.7,1.0,82,65.94,High ad engagement but weak purchase conversion suggests creative-to-product mismatch.
2026-09-08,GR-VITC-30ML,GR-VITC,Vitamin C Serum,Skin,30 ml,Carousel,22399,747,3.335,558,1172.5,33,17.193,33,2.92,6,Stable,1153,32.68,0,35.29,20159.32,9387.5,0,0,0,0,0,0,3.329,410,59,74,52,747,78,13.978,41,33,0,0.0,4.418,3.803,3.236,53%,MAINTAIN,1172.5,1172.5,0.0,33.751,12029.44,23846.27,35.0,25.92,0.0,17.193,9387.5,96.31,28.14,1.0,90,76.67,Signals are within normal range; maintain current strategy.
2026-09-09,GR-VITC-30ML,GR-VITC,Vitamin C Serum,Skin,30 ml,Image,22153,771,3.48,665,706.54,35,33.751,35,3.87,6,Stable,1110,25.92,0,42.83,23846.27,12029.44,86,0,0,0,0,0,5.479,667,97,121,84,771,112,16.842,70,52,1,1.923,4.54,6.351,5.665,53%,INCREASE_BUDGET,706.54,847.85,20.0,23.759,11169.38,22457.97,34.0,24.66,0.0,33.751,12029.44,-29.61,-7.15,0.0,90,76.97,"Strong ROAS, positive profit, rising sales and sufficient inventory."
2026-09-10,GR-VITC-30ML,GR-VITC,Vitamin C Serum,Skin,30 ml,Video,23722,681,2.871,487,945.25,34,23.759,34,13.04,4,Rising,1067,24.66,0,43.27,22457.97,11169.38,42,11602,7628,5128,2528,1425,4.338,566,82,102,72,681,68,13.963,42,36,2,5.556,4.993,5.616,4.796,53%,INCREASE_BUDGET,945.25,1134.3,20.0,34.58,14290.7,25911.0,47.0,19.09,0.0,23.759,11169.38,45.54,27.95,1.0,90,76.01,"Strong ROAS, positive profit, rising sales and sufficient inventory."
2026-09-11,GR-VITC-30ML,GR-VITC,Vitamin C Serum,Skin,30 ml,Video,32849,1120,3.41,940,749.3,47,34.58,47,-7.11,6,Falling,1014,19.09,0,53.11,25911.0,14290.7,0,17766,12623,7908,5215,3615,2.36,426,62,77,54,1120,121,12.872,70,52,2,3.846,4.196,5.368,4.9,53%,MAINTAIN,749.3,749.3,0.0,15.732,7118.44,13869.01,25.0,34.87,0.0,34.58,14290.7,-54.51,-50.19,0.0,82,68.38,Signals are within normal range; maintain current strategy.
2026-09-12,GR-VITC-30ML,GR-VITC,Vitamin C Serum,Skin,30 ml,Video,26328,762,2.894,568,881.56,25,15.732,25,13.49,3,Rising,986,34.87,0,28.27,13869.01,7118.44,0,15442,10495,6998,4198,2280,3.789,548,79,99,69,762,58,10.211,37,27,2,7.407,3.281,5.444,5.237,53%,INCREASE_BUDGET,881.56,1057.87,20.0,27.091,8056.82,15798.81,27.0,25.9,0.0,15.732,7118.44,72.2,13.18,1.0,90,75.96,"Strong ROAS, positive profit, rising sales and sufficient inventory."
2026-09-13,GR-VITC-30ML,GR-VITC,Vitamin C Serum,Skin,30 ml,Image,21599,766,3.546,649,583.18,27,27.091,27,0.9,4,Stable,949,25.9,0,36.64,15798.81,8056.82,0,0,0,0,0,0,3.331,395,57,71,50,766,68,10.478,38,28,1,3.571,3.525,4.322,3.793,53%,MAINTAIN,583.18,583.18,0.0,28.369,12915.5,23957.53,43.0,20.33,0.0,27.091,8056.82,4.72,60.31,1.0,90,71.59,Signals are within normal range; maintain current strategy.
2026-09-14,GR-VITC-30ML,GR-VITC,Vitamin C Serum,Skin,30 ml,Video,23799,827,3.475,625,844.5,43,28.369,43,0.82,6,Stable,905,20.33,0,44.49,23957.53,12915.5,0,13744,10665,7396,3449,2268,4.172,546,79,99,69,827,108,17.28,59,47,4,8.511,5.2,4.019,3.202,53%,MAINTAIN,844.5,844.5,0.0,16.268,6549.36,13531.93,21.0,30.43,0.0,28.369,12915.5,-42.66,-49.29,0.0,90,73.89,Signals are within normal range; maintain current strategy.
2026-09-15,GR-VITC-30ML,GR-VITC,Vitamin C Serum,Skin,30 ml,Carousel,28254,975,3.451,702,831.83,21,16.268,21,6.98,2,Rising,876,30.43,0,28.78,13531.93,6549.36,96,0,0,0,0,0,1.261,196,28,35,24,975,58,8.262,28,22,1,4.545,2.154,8.906,8.201,53%,INCREASE_BUDGET,831.83,998.2,20.0,16.938,6868.26,13749.09,24.0,32.68,0.0,16.268,6549.36,4.12,4.87,1.0,90,73.19,"Strong ROAS, positive profit, rising sales and sufficient inventory."
2026-09-16,GR-VITC-30ML,GR-VITC,Vitamin C Serum,Skin,30 ml,Influencer Video,20598,633,3.073,522,811.74,24,16.938,24,16.99,4,Rising,850,32.68,0,26.01,13749.09,6868.26,0,8860,5470,3871,2321,1133,6.366,721,104,131,91,633,59,11.303,34,26,2,7.692,3.791,3.946,3.314,53%,INCREASE_BUDGET,811.74,974.09,20.0,15.791,6613.03,13863.12,18.0,31.66,0.0,16.938,6868.26,-6.77,-3.72,0.0,90,77.48,"Strong ROAS, positive profit, rising sales and sufficient inventory."
2026-09-17,GR-VITC-30ML,GR-VITC,Vitamin C Serum,Skin,30 ml,Influencer Video,18581,666,3.584,454,877.93,18,15.791,18,27.13,2,Rising,824,31.66,0,26.02,13863.12,6613.03,102,8770,5676,4319,3541,1675,4.857,496,72,90,63,666,56,12.335,23,19,1,5.263,2.703,5.343,4.514,53%,INCREASE_BUDGET,877.93,1053.52,20.0,8.324,2761.35,6369.21,10.0,70.63,0.0,15.791,6613.03,-47.29,-58.24,0.0,90,80.28,"Strong ROAS, positive profit, rising sales and sufficient inventory."
2026-09-18,GR-VITC-30ML,GR-VITC,Vitamin C Serum,Skin,30 ml,Carousel,11129,308,2.768,253,765.19,10,8.324,10,4.22,0,Stable,812,70.63,0,11.5,6369.21,2761.35,13,0,0,0,0,0,3.154,193,28,35,24,308,26,10.277,13,10,0,0.0,3.247,9.803,9.455,53%,INCREASE_BUDGET,765.19,918.23,20.0,25.329,9589.52,19259.16,28.0,27.86,0.0,8.324,2761.35,204.29,247.28,1.0,90,74.15,"Strong ROAS, positive profit, rising sales and sufficient inventory."
2026-09-19,GR-VITC-30ML,GR-VITC,Vitamin C Serum,Skin,30 ml,Influencer Video,20562,647,3.147,550,760.37,28,25.329,28,5.91,6,Rising,784,27.86,0,28.15,19259.16,9589.52,72,12270,8735,6458,3227,1824,4.078,461,67,83,58,647,70,12.727,34,30,2,6.667,4.328,3.664,3.196,53%,INCREASE_BUDGET,760.37,912.44,20.0,25.575,10174.25,20857.38,24.0,27.93,0.0,25.329,9589.52,0.97,6.1,1.0,90,75.26,"Strong ROAS, positive profit, rising sales and sufficient inventory."
2026-09-20,GR-VITC-30ML,GR-VITC,Vitamin C Serum,Skin,30 ml,Video,21871,789,3.608,651,815.53,24,25.575,24,12.14,2,Rising,757,27.93,0,27.11,20857.38,10174.25,105,5745,4491,3373,1934,969,2.146,258,37,46,32,789,65,9.985,33,25,1,4.0,3.042,4.888,4.613,53%,INCREASE_BUDGET,815.53,978.64,20.0,29.415,12766.18,24507.57,35.0,17.01,0.0,25.575,10174.25,15.01,25.48,1.0,90,74.48,"Strong ROAS, positive profit, rising sales and sufficient inventory."
2026-09-21,GR-VITC-30ML,GR-VITC,Vitamin C Serum,Skin,30 ml,Image,24867,789,3.173,618,833.17,35,29.415,35,10.18,4,Rising,715,17.01,0,42.04,24507.57,12766.18,101,0,0,0,0,0,3.325,454,66,82,57,789,85,13.754,48,37,2,5.405,4.436,5.763,5.278,53%,INCREASE_BUDGET,833.17,999.8,20.0,42.063,12965.82,25650.62,32.0,22.43,0.0,29.415,12766.18,43.0,1.56,1.0,90,71.46,"Strong ROAS, positive profit, rising sales and sufficient inventory."
2026-09-22,GR-VITC-30ML,GR-VITC,Vitamin C Serum,Skin,30 ml,Video,23320,834,3.576,654,609.82,32,42.063,32,11.77,6,Rising,684,22.43,0,30.52,25650.62,12965.82,111,11812,6857,4364,3102,1425,3.191,409,59,74,52,834,97,14.832,57,48,2,4.167,3.837,4.108,4.001,53%,INCREASE_BUDGET,609.82,731.78,20.0,31.873,14182.34,26473.65,36.0,15.27,0.0,42.063,12965.82,-24.23,9.38,0.0,90,75.29,"Strong ROAS, positive profit, rising sales and sufficient inventory."
2026-09-23,GR-VITC-30ML,GR-VITC,Vitamin C Serum,Skin,30 ml,Image,24136,799,3.31,653,830.6,36,31.873,36,8.14,6,Rising,642,15.27,0,42.07,26473.65,14182.34,126,0,0,0,0,0,3.288,436,63,79,55,799,108,16.539,57,49,3,6.122,4.506,3.79,3.534,53%,INCREASE_BUDGET,830.6,996.72,20.0,18.15,7505.52,14782.52,26.0,21.46,0.0,31.873,14182.34,-43.06,-47.08,0.0,90,72.27,"Strong ROAS, positive profit, rising sales and sufficient inventory."
2026-09-24,GR-VITC-30ML,GR-VITC,Vitamin C Serum,Skin,30 ml,Video,25376,881,3.472,681,814.48,26,18.15,26,-0.43,3,Stable,614,21.46,0,28.6,14782.52,7505.52,0,12307,9376,7955,4667,3124,4.102,572,83,104,72,881,65,9.545,34,28,2,7.143,2.951,6.283,5.689,53%,MAINTAIN,814.48,814.48,0.0,18.217,8839.3,17749.04,25.0,18.73,0.0,18.15,7505.52,0.37,17.77,1.0,82,68.4,Signals are within normal range; maintain current strategy.
2026-09-25,GR-VITC-30ML,GR-VITC,Vitamin C Serum,Skin,30 ml,Video,22859,658,2.879,495,974.3,25,18.217,25,3.4,6,Stable,583,18.73,0,31.11,17749.04,8839.3,60,12090,7106,4638,2387,1460,3.725,468,68,85,59,658,58,11.717,30,25,0,0.0,3.799,5.457,4.734,53%,INCREASE_BUDGET,974.3,1169.16,20.0,21.402,6457.62,12464.08,22.0,18.59,0.0,18.217,8839.3,17.48,-26.94,1.0,90,69.43,"Strong ROAS, positive profit, rising sales and sufficient inventory."
2026-09-26,GR-VITC-30ML,GR-VITC,Vitamin C Serum,Skin,30 ml,Image,24578,848,3.45,686,582.38,22,21.402,22,-4.72,2,Stable,553,18.59,0,29.75,12464.08,6457.62,0,0,0,0,0,0,3.756,507,73,92,64,848,69,10.058,29,23,1,4.348,2.594,3.798,2.705,53%,MAINTAIN,582.38,582.38,0.0,9.768,3877.69,9009.44,15.0,30.71,0.0,21.402,6457.62,-54.36,-39.95,0.0,82,66.49,Signals are within normal range; maintain current strategy.
2026-09-27,GR-VITC-30ML,GR-VITC,Vitamin C Serum,Skin,30 ml,Carousel,18065,478,2.646,399,922.31,15,9.768,15,1.16,2,Stable,536,30.71,0,17.44,9009.44,3877.69,0,0,0,0,0,0,3.0,298,43,54,37,478,48,12.03,22,16,1,6.25,3.138,2.357,1.731,53%,MAINTAIN,922.31,922.31,0.0,25.959,10692.66,20234.05,30.0,12.26,0.0,9.768,3877.69,165.76,175.75,1.0,90,74.85,Signals are within normal range; maintain current strategy.
2026-09-28,GR-VITC-30ML,GR-VITC,Vitamin C Serum,Skin,30 ml,Image,28522,841,2.949,616,779.45,30,25.959,30,0.23,5,Stable,495,12.26,0,40.39,20234.05,10692.66,120,0,0,0,0,0,2.281,357,52,65,45,841,77,12.5,40,32,2,6.25,3.567,3.538,3.558,53%,MAINTAIN,779.45,779.45,0.0,,,,,,,25.959,10692.66,,,,90,66.15,Signals are within normal range; maintain current strategy.
