date,sku,product,category,variant,ad_type,ad_spend_inr,roas,sales_volume,sales_growth_pct,stock_on_hand,days_of_inventory_remaining,click_rate_pct,add_to_cart_rate_pct,purchase_rate_pct,payment_failed_rate_pct,margin_pct,predicted_next_day_roas,predicted_next_day_revenue_inr,predicted_next_day_profit_inr,inventory_status,opportunity_score_calculated,recommended_action_calculated,recommended_budget_change_pct,current_daily_ad_spend_inr,recommended_daily_budget_inr,decision_confidence_pct,decision_reason_calculated
2026-09-01,GR-BODYLOT-200ML,Body Lotion,Body,200 ml,Image,1811.68,6.053,23,-0.17,552,19.09,4.236,8.403,3.059,4.167,46,5.137154967761969,9306.880911995004,2469.485219517702,STRONG,61.2,MAINTAIN,0,1811.68,1811.68,60,Predicted ROAS is 5.14 and predicted profit is ₹2469.49. Signals are within acceptable range. Maintain current budget.
2026-09-02,GR-BODYLOT-200ML,Body Lotion,Body,200 ml,Image,1991.96,4.92,18,-0.79,528,22.36,4.122,9.945,2.844,5.263,46,4.698271233488418,9358.76836625959,2313.073448479411,STRONG,61.4,RETARGET,0,1991.96,1991.96,60,High add-to-cart activity but weak purchase conversion. Retarget high-intent users.
2026-09-03,GR-BODYLOT-200ML,Body Lotion,Body,200 ml,Influencer Video,1887.72,3.995,15,11.64,508,25.04,4.059,9.524,2.451,0.0,46,4.561932091031149,8611.650446881322,2073.6392055654087,STRONG,66.98,RETARGET,0,1887.72,1887.72,60,High add-to-cart activity but weak purchase conversion. Retarget high-intent users.
2026-09-04,GR-BODYLOT-200ML,Body Lotion,Body,200 ml,Video,1614.96,5.101,14,-1.47,489,24.95,3.62,12.888,2.806,3.846,46,6.1013164399395725,9853.381997844812,2917.5957190086137,STRONG,67.74,RETARGET,0,1614.96,1614.96,60,High add-to-cart activity but weak purchase conversion. Retarget high-intent users.
2026-09-05,GR-BODYLOT-200ML,Body Lotion,Body,200 ml,Video,1888.66,6.397,19,-13.49,464,18.82,4.006,12.598,3.893,4.348,46,5.826571689897488,11004.41288784179,3173.3699284072236,STRONG,59.27,MAINTAIN,0,1888.66,1888.66,60,Predicted ROAS is 5.83 and predicted profit is ₹3173.37. Signals are within acceptable range. Maintain current budget.
2026-09-06,GR-BODYLOT-200ML,Body Lotion,Body,200 ml,Image,2173.41,6.62,28,-0.08,430,12.6,4.089,10.762,3.883,3.448,46,4.408724925231925,9581.966839748318,2234.2947462842267,HEALTHY,55.18,MAINTAIN,0,2173.41,2173.41,50,Predicted ROAS is 4.41 and predicted profit is ₹2234.29. Signals are within acceptable range. Maintain current budget.
2026-09-07,GR-BODYLOT-200ML,Body Lotion,Body,200 ml,Video,2558.06,3.585,19,6.11,404,15.83,3.608,10.606,2.687,5.0,46,4.640736474297992,11871.282345442722,2902.7298789036518,STRONG,59.27,RETARGET,0,2558.06,2558.06,60,High add-to-cart activity but weak purchase conversion. Retarget high-intent users.
2026-09-08,GR-BODYLOT-200ML,Body Lotion,Body,200 ml,Influencer Video,2375.08,4.782,23,-2.32,377,14.03,3.604,12.044,3.549,6.667,46,4.852514754921854,11525.110744119796,2926.4709422951064,HEALTHY,56.52,MAINTAIN,0,2375.08,2375.08,50,Predicted ROAS is 4.85 and predicted profit is ₹2926.47. Signals are within acceptable range. Maintain current budget.
2026-09-09,GR-BODYLOT-200ML,Body Lotion,Body,200 ml,Video,2161.98,4.961,22,8.32,353,14.73,3.997,11.89,3.543,4.348,46,3.52537398041594,7621.788038179654,1344.042497562641,HEALTHY,56.32,DECREASE_BUDGET,-15,2161.98,1837.68,50,Predicted ROAS is 3.53 and predicted profit is ₹1344.04. Reduce inefficient ad spend.
2026-09-10,GR-BODYLOT-200ML,Body Lotion,Body,200 ml,Video,2251.57,2.737,13,10.71,336,19.25,3.779,6.737,2.022,7.143,46,3.8502806493646524,8669.17640168997,1736.251144777386,STRONG,59.85,CHANGE_CREATIVE,0,2251.57,2251.57,60,CTR is strong but purchase conversion is weak. Test new creatives or landing-page messaging.
2026-09-11,GR-BODYLOT-200ML,Body Lotion,Body,200 ml,Image,2284.33,3.153,15,-8.74,317,17.22,3.721,10.894,3.112,5.556,46,5.603423816669765,12800.069127133243,3603.701798481292,STRONG,58.43,MAINTAIN,0,2284.33,2284.33,60,Predicted ROAS is 5.6 and predicted profit is ₹3603.7. Signals are within acceptable range. Maintain current budget.
2026-09-12,GR-BODYLOT-200ML,Body Lotion,Body,200 ml,Image,1750.04,5.895,19,14.91,292,11.39,4.157,8.382,2.533,0.0,46,3.926125851823292,6870.877285724834,1410.5635514334235,HEALTHY,56.96,RETARGET,0,1750.04,1750.04,50,High add-to-cart activity but weak purchase conversion. Retarget high-intent users.
2026-09-13,GR-BODYLOT-200ML,Body Lotion,Body,200 ml,Influencer Video,2036.32,2.899,12,-1.58,276,17.34,3.66,6.579,1.754,0.0,46,5.55717986948149,11316.196511822547,3169.130395438372,STRONG,59.67,CHANGE_CREATIVE,0,2036.32,2036.32,60,CTR is strong but purchase conversion is weak. Test new creatives or landing-page messaging.
2026-09-14,GR-BODYLOT-200ML,Body Lotion,Body,200 ml,Image,1933.3,6.181,24,16.3,249,9.41,4.203,13.193,3.822,4.0,46,3.209101565612206,6204.156056798078,920.6117861271161,HEALTHY,54.94,DECREASE_BUDGET,-15,1933.3,1643.3,50,Predicted ROAS is 3.21 and predicted profit is ₹920.61. Reduce inefficient ad spend.
2026-09-15,GR-BODYLOT-200ML,Body Lotion,Body,200 ml,Image,1900.13,2.354,9,12.41,237,18.86,3.592,7.519,1.965,0.0,46,3.895125600363364,7401.2450070184395,1504.442703228482,STRONG,60.33,CHANGE_CREATIVE,0,1900.13,1900.13,60,CTR is strong but purchase conversion is weak. Test new creatives or landing-page messaging.
2026-09-16,GR-BODYLOT-200ML,Body Lotion,Body,200 ml,Video,2667.77,3.207,17,6.05,217,11.04,3.91,7.488,2.471,5.556,46,4.441740369043098,11849.541704322104,2783.0191839881686,HEALTHY,55.15,CHANGE_CREATIVE,0,2667.77,2667.77,50,CTR is strong but purchase conversion is weak. Test new creatives or landing-page messaging.
2026-09-17,GR-BODYLOT-200ML,Body Lotion,Body,200 ml,Influencer Video,1831.88,4.445,17,9.06,195,8.82,3.936,8.974,2.603,0.0,46,3.4452171746970337,6311.224437984002,1071.2832414726413,HEALTHY,51.44,RETARGET,0,1831.88,1831.88,50,High add-to-cart activity but weak purchase conversion. Retarget high-intent users.
2026-09-18,GR-BODYLOT-200ML,Body Lotion,Body,200 ml,Video,1981.75,2.182,9,-4.4,183,15.41,4.01,6.344,2.123,0.0,46,5.838083530582328,11569.622036731529,3340.276136896503,STRONG,58.68,CHANGE_CREATIVE,0,1981.75,1981.75,60,CTR is strong but purchase conversion is weak. Test new creatives or landing-page messaging.
2026-09-19,GR-BODYLOT-200ML,Body Lotion,Body,200 ml,Carousel,2413.29,5.538,27,7.48,150,4.45,4.531,12.297,3.919,6.897,46,3.232825977582803,7801.7466034408035,1175.5134375827697,LOW,48.51,DECREASE_BUDGET,-15,2413.29,2051.3,50,Predicted ROAS is 3.23 and predicted profit is ₹1175.51. Reduce inefficient ad spend.
2026-09-20,GR-BODYLOT-200ML,Body Lotion,Body,200 ml,Image,2291.42,1.924,9,0.34,138,11.95,3.207,10.031,1.907,0.0,46,5.274658620356748,12086.458255857859,3268.350797694615,HEALTHY,55.96,RETARGET,0,2291.42,2291.42,50,High add-to-cart activity but weak purchase conversion. Retarget high-intent users.
2026-09-21,GR-BODYLOT-200ML,Body Lotion,Body,200 ml,Video,1467.62,5.762,14,12.84,119,6.33,3.461,13.939,2.846,0.0,46,4.463758063446307,6551.100609075069,1545.8862801745317,LOW,55.0,RETARGET,0,1467.62,1467.62,50,High add-to-cart activity but weak purchase conversion. Retarget high-intent users.
2026-09-22,GR-BODYLOT-200ML,Body Lotion,Body,200 ml,Video,2142.11,3.446,10,10.69,104,6.69,4.307,5.31,1.453,0.0,46,4.458695701941557,9551.016650086029,2251.357659039573,LOW,53.03,CHANGE_CREATIVE,0,2142.11,2142.11,50,CTR is strong but purchase conversion is weak. Test new creatives or landing-page messaging.
2026-09-23,GR-BODYLOT-200ML,Body Lotion,Body,200 ml,Image,2303.89,1.426,7,26.85,94,9.56,3.773,4.826,1.323,0.0,46,5.5267332816660515,12732.985540297599,3553.283348536895,HEALTHY,62.04,CHANGE_CREATIVE,0,2303.89,2303.89,50,CTR is strong but purchase conversion is weak. Test new creatives or landing-page messaging.
2026-09-24,GR-BODYLOT-200ML,Body Lotion,Body,200 ml,Video,2210.09,5.147,21,10.23,67,2.51,3.833,12.095,3.328,8.696,46,3.9589045971884245,8749.535461200165,1814.6963121520757,CRITICAL,50.19,PROTECT_INVENTORY,0,2210.09,2210.09,30,Inventory is critical with 2.5 days remaining. Protect stock before scaling ads.
2026-09-25,GR-BODYLOT-200ML,Body Lotion,Body,200 ml,Video,1878.07,3.121,12,12.02,52,3.46,2.964,9.639,2.174,0.0,46,4.347637959921518,8165.168423389805,1877.9074747593102,LOW,51.7,RETARGET,0,1878.07,1878.07,50,High add-to-cart activity but weak purchase conversion. Retarget high-intent users.
2026-09-26,GR-BODYLOT-200ML,Body Lotion,Body,200 ml,Video,2008.05,3.644,13,7.1,34,1.9,3.48,7.889,1.884,7.143,46,4.598273004910629,9233.562107510788,2239.3885694549626,CRITICAL,49.41,PROTECT_INVENTORY,0,2008.05,2008.05,30,Inventory is critical with 1.9 days remaining. Protect stock before scaling ads.
2026-09-27,GR-BODYLOT-200ML,Body Lotion,Body,200 ml,Image,2218.17,3.625,12,8.02,16,0.87,4.539,8.0,1.902,7.692,46,4.302046852721075,9542.671267300308,2171.4587829581415,CRITICAL,48.05,PROTECT_INVENTORY,0,2218.17,2218.17,30,Inventory is critical with 0.9 days remaining. Protect stock before scaling ads.
2026-09-28,GR-BODYLOT-200ML,Body Lotion,Body,200 ml,Video,2076.67,4.758,16,4.08,0,0.0,3.545,10.618,2.41,5.882,46,4.519703130738141,9385.931900509975,2240.8586742345888,CRITICAL,47.26,PROTECT_INVENTORY,0,2076.67,2076.67,30,Inventory is critical with 0.0 days remaining. Protect stock before scaling ads.
2026-09-01,GR-BODYLOT-400ML,Body Lotion,Body,400 ml,Video,623.61,20.99,17,-2.1,478,20.52,2.708,13.636,2.599,3.333,48,9.078332461640219,5661.338906403457,2093.8326750736596,STRONG,74.77,RETARGET,0,623.61,623.61,90,High add-to-cart activity but weak purchase conversion. Retarget high-intent users.
2026-09-02,GR-BODYLOT-400ML,Body Lotion,Body,400 ml,Image,1030.21,3.588,5,-8.21,468,47.05,2.584,5.797,1.397,0.0,48,10.210845400192403,10519.315039732215,4019.061219071463,STRONG,80.82,CHANGE_CREATIVE,0,1030.21,1030.21,90,CTR is strong but purchase conversion is weak. Test new creatives or landing-page messaging.
2026-09-03,GR-BODYLOT-400ML,Body Lotion,Body,400 ml,Image,922.42,9.647,11,1.88,454,33.02,3.059,9.351,2.259,0.0,48,10.942370361795243,10093.461269127167,3922.4414091810395,STRONG,85.46,RETARGET,0,922.42,922.42,90,High add-to-cart activity but weak purchase conversion. Retarget high-intent users.
2026-09-04,GR-BODYLOT-400ML,Body Lotion,Body,400 ml,Image,1006.2,8.531,9,2.77,441,33.84,2.907,11.62,2.679,6.667,48,15.519028880250032,15615.246859307583,6489.11849246764,STRONG,86.22,RETARGET,0,1006.2,1006.2,90,High add-to-cart activity but weak purchase conversion. Retarget high-intent users.
2026-09-05,GR-BODYLOT-400ML,Body Lotion,Body,400 ml,Influencer Video,885.23,16.926,19,-0.49,414,15.41,3.459,8.681,2.707,5.0,48,11.752982287037042,10404.092509953802,4108.734404777824,STRONG,75.3,RETARGET,0,885.23,885.23,90,High add-to-cart activity but weak purchase conversion. Retarget high-intent users.
2026-09-06,GR-BODYLOT-400ML,Body Lotion,Body,400 ml,Influencer Video,980.4,11.557,14,-1.85,395,20.11,2.936,11.051,3.415,9.524,48,11.407628713521929,11184.039190736898,4387.938811553711,STRONG,78.63,MAINTAIN,0,980.4,980.4,90,Predicted ROAS is 11.41 and predicted profit is ₹4387.94. Signals are within acceptable range. Maintain current budget.
2026-09-07,GR-BODYLOT-400ML,Body Lotion,Body,400 ml,Video,994.62,11.383,13,5.28,376,20.38,2.875,12.286,3.016,4.762,48,8.27570991848702,8231.18659912556,2956.3495675802687,STRONG,75.05,INCREASE_BUDGET,15,994.62,1143.81,90,Predicted ROAS is 8.28 with predicted profit of ₹2956.35. Sales growth is 5.3%. Inventory is sufficient. Scale budget.
2026-09-08,GR-BODYLOT-400ML,Body Lotion,Body,400 ml,Video,1025.41,6.096,8,2.43,364,30.82,2.894,6.176,1.985,0.0,48,11.481042797653666,11772.776095142046,4625.5225256681815,STRONG,85.4,CHANGE_CREATIVE,0,1025.41,1025.41,90,CTR is strong but purchase conversion is weak. Test new creatives or landing-page messaging.
2026-09-09,GR-BODYLOT-400ML,Body Lotion,Body,400 ml,Carousel,1030.66,12.382,17,3.59,343,16.53,2.825,12.009,3.38,4.0,48,12.260025038421485,12635.917406099488,5034.580354927755,STRONG,78.25,INCREASE_BUDGET,15,1030.66,1185.26,90,Predicted ROAS is 12.26 with predicted profit of ₹5034.58. Sales growth is 3.6%. Inventory is sufficient. Scale budget.
2026-09-10,GR-BODYLOT-400ML,Body Lotion,Body,400 ml,Image,996.43,10.401,14,-3.99,326,18.74,3.126,9.162,2.513,0.0,48,7.657311450784183,7629.974848904883,2665.957927474344,STRONG,67.81,RETARGET,0,996.43,996.43,60,High add-to-cart activity but weak purchase conversion. Retarget high-intent users.
2026-09-11,GR-BODYLOT-400ML,Body Lotion,Body,400 ml,Image,1220.66,5.548,9,21.99,311,20.34,2.772,12.451,2.632,0.0,48,11.504457001304898,14043.030483212837,5519.9946319421615,STRONG,86.19,RETARGET,0,1220.66,1220.66,90,High add-to-cart activity but weak purchase conversion. Retarget high-intent users.
2026-09-12,GR-BODYLOT-400ML,Body Lotion,Body,400 ml,Carousel,1142.41,9.888,14,2.93,296,19.84,3.445,7.641,1.799,0.0,48,10.03436597616225,11463.360034827518,4360.002816717208,STRONG,78.62,CHANGE_CREATIVE,0,1142.41,1142.41,90,CTR is strong but purchase conversion is weak. Test new creatives or landing-page messaging.
2026-09-13,GR-BODYLOT-400ML,Body Lotion,Body,400 ml,Carousel,1221.87,10.77,14,11.24,279,16.61,2.942,7.952,2.697,0.0,48,11.376255225889688,13900.304972857832,5450.276386971759,STRONG,80.49,CHANGE_CREATIVE,0,1221.87,1221.87,90,CTR is strong but purchase conversion is weak. Test new creatives or landing-page messaging.
2026-09-14,GR-BODYLOT-400ML,Body Lotion,Body,400 ml,Video,893.76,13.095,14,4.49,263,16.55,2.766,14.384,3.357,0.0,48,12.161264666666673,10869.251908480006,4323.480916070403,STRONG,78.57,INCREASE_BUDGET,15,893.76,1027.82,90,Predicted ROAS is 12.16 with predicted profit of ₹4323.48. Sales growth is 4.5%. Inventory is sufficient. Scale budget.
2026-09-15,GR-BODYLOT-400ML,Body Lotion,Body,400 ml,Image,932.14,10.364,13,7.91,248,16.65,2.283,11.589,3.25,0.0,48,11.226882586390918,10465.02633407843,4091.072640357646,STRONG,79.82,INCREASE_BUDGET,15,932.14,1071.96,90,Predicted ROAS is 11.23 with predicted profit of ₹4091.07. Sales growth is 7.9%. Inventory is sufficient. Scale budget.
2026-09-16,GR-BODYLOT-400ML,Body Lotion,Body,400 ml,Video,1095.19,12.804,17,12.81,223,8.84,3.231,9.783,2.946,5.556,48,12.814681759920648,14034.511316647495,5641.3754319907985,HEALTHY,76.14,RETARGET,0,1095.19,1095.19,80,High add-to-cart activity but weak purchase conversion. Retarget high-intent users.
2026-09-17,GR-BODYLOT-400ML,Body Lotion,Body,400 ml,Video,1131.34,11.886,14,5.67,207,12.91,2.572,8.864,2.318,0.0,48,6.742694601465831,7628.280110422353,2530.2344530027294,HEALTHY,64.15,RETARGET,0,1131.34,1131.34,50,High add-to-cart activity but weak purchase conversion. Retarget high-intent users.
2026-09-18,GR-BODYLOT-400ML,Body Lotion,Body,400 ml,Carousel,1162.26,4.562,7,-5.13,196,17.9,2.858,6.178,2.215,0.0,48,17.629562321319938,20490.13510357731,8673.00484971711,STRONG,74.72,CHANGE_CREATIVE,0,1162.26,1162.26,90,CTR is strong but purchase conversion is weak. Test new creatives or landing-page messaging.
2026-09-19,GR-BODYLOT-400ML,Body Lotion,Body,400 ml,Video,972.49,27.898,29,4.92,164,5.17,3.231,11.352,3.066,4.878,48,12.970439773809522,12613.622975632023,5082.0490283033705,LOW,70.86,MAINTAIN,0,972.49,972.49,80,Predicted ROAS is 12.97 and predicted profit is ₹5082.05. Signals are within acceptable range. Maintain current budget.
2026-09-20,GR-BODYLOT-400ML,Body Lotion,Body,400 ml,Video,905.6,10.72,12,3.64,147,8.68,2.83,10.032,2.85,7.692,48,14.151706652287288,12815.785544311368,5245.9770612694565,HEALTHY,72.5,RETARGET,0,905.6,905.6,80,High add-to-cart activity but weak purchase conversion. Retarget high-intent users.
2026-09-21,GR-BODYLOT-400ML,Body Lotion,Body,400 ml,Carousel,1087.23,16.232,22,6.59,117,3.87,3.13,12.564,3.793,4.348,48,15.790260654761909,17167.64509167679,7153.23964400486,LOW,71.34,MAINTAIN,0,1087.23,1087.23,80,Predicted ROAS is 15.79 and predicted profit is ₹7153.24. Signals are within acceptable range. Maintain current budget.
2026-09-22,GR-BODYLOT-400ML,Body Lotion,Body,400 ml,Video,1036.88,12.404,14,3.12,99,5.59,2.494,14.842,2.941,3.846,48,13.294423948091959,13784.722303297593,5579.786705582845,LOW,70.34,RETARGET,0,1036.88,1036.88,80,High add-to-cart activity but weak purchase conversion. Retarget high-intent users.
2026-09-23,GR-BODYLOT-400ML,Body Lotion,Body,400 ml,Image,1128.16,12.562,12,6.75,87,7.06,2.889,8.708,2.505,0.0,48,13.499315976495739,15229.388312043433,6181.946389780848,HEALTHY,72.24,RETARGET,0,1128.16,1128.16,80,High add-to-cart activity but weak purchase conversion. Retarget high-intent users.
2026-09-24,GR-BODYLOT-400ML,Body Lotion,Body,400 ml,Influencer Video,1254.84,4.33,7,5.05,74,5.71,2.27,9.96,2.09,0.0,48,13.804235036777149,17322.106293549437,7059.771020903729,LOW,70.29,RETARGET,0,1254.84,1254.84,80,High add-to-cart activity but weak purchase conversion. Retarget high-intent users.
2026-09-25,GR-BODYLOT-400ML,Body Lotion,Body,400 ml,Carousel,1003.73,7.978,9,5.15,62,5.3,2.974,6.713,1.636,0.0,48,10.624171999603986,10663.80016116251,4114.894077358005,LOW,69.6,CHANGE_CREATIVE,0,1003.73,1003.73,65,CTR is strong but purchase conversion is weak. Test new creatives or landing-page messaging.
2026-09-26,GR-BODYLOT-400ML,Body Lotion,Body,400 ml,Carousel,1008.32,14.968,18,20.39,35,1.31,2.946,9.331,2.889,5.263,48,17.551868821428577,17697.900370022864,7486.672177610975,CRITICAL,73.76,PROTECT_INVENTORY,0,1008.32,1008.32,60,Inventory is critical with 1.3 days remaining. Protect stock before scaling ads.
2026-09-27,GR-BODYLOT-400ML,Body Lotion,Body,400 ml,Video,918.77,12.439,12,18.99,21,1.45,2.726,8.14,2.312,7.692,48,14.19199601984127,13039.180183149563,5340.0364879117915,CRITICAL,72.9,PROTECT_INVENTORY,0,918.77,918.77,60,Inventory is critical with 1.4 days remaining. Protect stock before scaling ads.
2026-09-28,GR-BODYLOT-400ML,Body Lotion,Body,400 ml,Video,1174.04,9.92,15,9.86,2,0.1,2.54,12.698,3.212,4.545,48,8.96342891279419,10523.424080776891,3877.203558772908,CRITICAL,65.85,PROTECT_INVENTORY,0,1174.04,1174.04,45,Inventory is critical with 0.1 days remaining. Protect stock before scaling ads.
2026-09-01,GR-COMBO-FULL,Glow Combo,Combos,Full (30ml + 150ml),Video,1582.83,18.527,26,-8.05,697,21.98,5.336,11.268,2.805,3.704,51,21.630783496031754,34237.85304102394,15878.475050922209,STRONG,76.94,RETARGET,0,1582.83,1582.83,90,High add-to-cart activity but weak purchase conversion. Retarget high-intent users.
2026-09-02,GR-COMBO-FULL,Glow Combo,Combos,Full (30ml + 150ml),Video,1875.49,23.475,51,1.31,643,11.78,5.508,12.644,3.947,10.526,51,20.826808115800862,39060.47035310336,18045.34988008271,HEALTHY,74.79,FIX_PAYMENT,0,1875.49,1875.49,80,Payment failure rate is 10.5%. Fix payment issues before increasing spend.
2026-09-03,GR-COMBO-FULL,Glow Combo,Combos,Full (30ml + 150ml),Influencer Video,1447.38,23.07,36,-0.14,602,14.76,5.343,12.594,2.74,5.263,51,15.851492694444444,22943.133496085,10253.618083003348,HEALTHY,75.03,RETARGET,0,1447.38,1447.38,80,High add-to-cart activity but weak purchase conversion. Retarget high-intent users.
2026-09-04,GR-COMBO-FULL,Glow Combo,Combos,Full (30ml + 150ml),Video,1975.38,13.869,32,7.49,565,15.39,5.813,9.821,2.331,5.882,51,26.77954498544974,52899.77757335771,25003.506562412433,STRONG,77.9,RETARGET,0,1975.38,1975.38,90,High add-to-cart activity but weak purchase conversion. Retarget high-intent users.
2026-09-05,GR-COMBO-FULL,Glow Combo,Combos,Full (30ml + 150ml),Influencer Video,1919.95,29.711,61,4.04,487,6.23,5.006,10.946,3.248,4.688,51,22.9143381521164,43994.38353515588,20517.185602929498,LOW,71.42,MAINTAIN,0,1919.95,1919.95,80,Predicted ROAS is 22.91 and predicted profit is ₹20517.19. Signals are within acceptable range. Maintain current budget.
2026-09-06,GR-COMBO-FULL,Glow Combo,Combos,Full (30ml + 150ml),Image,1696.55,25.733,55,1.95,432,7.87,4.655,12.489,3.876,5.172,51,21.324747892857133,36178.50103762677,16754.485529189653,HEALTHY,72.35,INCREASE_BUDGET,15,1696.55,1951.03,80,Predicted ROAS is 21.32 with predicted profit of ₹16754.49. Sales growth is 1.9%. Inventory is sufficient. Scale budget.
2026-09-07,GR-COMBO-FULL,Glow Combo,Combos,Full (30ml + 150ml),Influencer Video,1547.73,23.9,43,3.74,390,9.28,5.308,10.47,3.041,4.444,51,21.445312180495442,33191.55302111821,15379.96204077029,HEALTHY,73.13,INCREASE_BUDGET,15,1547.73,1779.89,80,Predicted ROAS is 21.45 with predicted profit of ₹15379.96. Sales growth is 3.7%. Inventory is sufficient. Scale budget.
2026-09-08,GR-COMBO-FULL,Glow Combo,Combos,Full (30ml + 150ml),Image,1505.03,23.391,45,1.17,333,5.87,4.907,9.35,3.28,4.255,51,15.93145507130831,23977.317825971146,10723.402091245283,LOW,70.13,MAINTAIN,0,1505.03,1505.03,80,Predicted ROAS is 15.93 and predicted profit is ₹10723.4. Signals are within acceptable range. Maintain current budget.
2026-09-09,GR-COMBO-FULL,Glow Combo,Combos,Full (30ml + 150ml),Carousel,2096.02,13.085,33,6.0,294,7.56,4.685,12.106,3.634,7.5,51,16.717237337668465,35039.663804499854,15774.208540294923,HEALTHY,73.42,INCREASE_BUDGET,15,2096.02,2410.42,80,Predicted ROAS is 16.72 with predicted profit of ₹15774.21. Sales growth is 6.0%. Inventory is sufficient. Scale budget.
2026-09-10,GR-COMBO-FULL,Glow Combo,Combos,Full (30ml + 150ml),Influencer Video,1755.47,16.762,34,0.63,258,7.17,5.538,13.433,3.116,8.696,51,19.785581456474674,34732.9946793976,15958.357286492776,HEALTHY,70.63,INCREASE_BUDGET,15,1755.47,2018.79,80,Predicted ROAS is 19.79 with predicted profit of ₹15958.36. Sales growth is 0.6%. Inventory is sufficient. Scale budget.
2026-09-11,GR-COMBO-FULL,Glow Combo,Combos,Full (30ml + 150ml),Image,1651.92,20.828,43,10.54,211,4.46,5.517,10.753,3.011,4.444,51,22.025733380351138,36384.74948566965,16904.302237691518,LOW,72.44,MAINTAIN,0,1651.92,1651.92,80,Predicted ROAS is 22.03 and predicted profit is ₹16904.3. Signals are within acceptable range. Maintain current budget.
2026-09-12,GR-COMBO-FULL,Glow Combo,Combos,Full (30ml + 150ml),Video,1606.4,22.229,45,10.58,155,2.74,5.111,15.244,3.903,5.0,51,20.385996552910044,32748.064862594696,15095.113079923298,CRITICAL,72.2,PROTECT_INVENTORY,0,1606.4,1606.4,60,Inventory is critical with 2.7 days remaining. Protect stock before scaling ads.
2026-09-13,GR-COMBO-FULL,Glow Combo,Combos,Full (30ml + 150ml),Influencer Video,1591.64,20.375,39,6.49,112,2.61,4.161,11.163,3.385,6.818,51,16.76965963286311,26691.261058050244,12020.903139605625,CRITICAL,70.06,PROTECT_INVENTORY,0,1591.64,1591.64,60,Inventory is critical with 2.6 days remaining. Protect stock before scaling ads.
2026-09-14,GR-COMBO-FULL,Glow Combo,Combos,Full (30ml + 150ml),Influencer Video,1783.76,15.079,24,7.31,80,2.48,4.713,8.902,2.746,7.692,51,24.719196722222193,44093.11434523106,20703.72831606784,CRITICAL,69.64,PROTECT_INVENTORY,0,1783.76,1783.76,45,Inventory is critical with 2.5 days remaining. Protect stock before scaling ads.
2026-09-15,GR-COMBO-FULL,Glow Combo,Combos,Full (30ml + 150ml),Video,1730.08,25.843,53,15.1,31,0.62,4.868,14.131,3.62,8.108,51,20.44283807539681,35367.745297482514,16307.470101716082,CRITICAL,72.2,PROTECT_INVENTORY,0,1730.08,1730.08,60,Inventory is critical with 0.6 days remaining. Protect stock before scaling ads.
2026-09-16,GR-COMBO-FULL,Glow Combo,Combos,Full (30ml + 150ml),Image,1697.34,19.156,38,13.64,0,0.0,5.091,16.078,3.804,2.273,51,22.77342791798942,38654.25014232016,18016.327572583283,CRITICAL,71.42,PROTECT_INVENTORY,0,1697.34,1697.34,60,Inventory is critical with 0.0 days remaining. Protect stock before scaling ads.
2026-09-17,GR-COMBO-FULL,Glow Combo,Combos,Full (30ml + 150ml),Influencer Video,1300.3,24.21,38,13.2,0,0.0,5.459,12.943,2.402,7.317,51,18.415134859266335,23945.199857504012,10911.751927327046,CRITICAL,69.85,PROTECT_INVENTORY,0,1300.3,1300.3,45,Inventory is critical with 0.0 days remaining. Protect stock before scaling ads.
2026-09-18,GR-COMBO-FULL,Glow Combo,Combos,Full (30ml + 150ml),Carousel,1666.37,17.862,37,9.81,0,0.0,5.92,8.489,2.48,11.905,51,22.090498312890823,36810.94367365188,17107.211273562458,CRITICAL,68.66,PROTECT_INVENTORY,0,1666.37,1666.37,45,Inventory is critical with 0.0 days remaining. Protect stock before scaling ads.
2026-09-19,GR-COMBO-FULL,Glow Combo,Combos,Full (30ml + 150ml),Image,1708.04,23.098,47,15.83,0,0.0,6.614,8.168,2.348,6.0,51,24.743212048941782,42262.39590807452,19845.781913118004,CRITICAL,70.78,PROTECT_INVENTORY,0,1708.04,1708.04,60,Inventory is critical with 0.0 days remaining. Protect stock before scaling ads.
2026-09-20,GR-COMBO-FULL,Glow Combo,Combos,Full (30ml + 150ml),Video,2092.91,26.674,59,23.69,0,0.0,5.757,11.595,4.129,7.692,51,22.47770409126983,47043.81166965953,21899.433951526364,CRITICAL,74.13,PROTECT_INVENTORY,0,2092.91,2092.91,60,Inventory is critical with 0.0 days remaining. Protect stock before scaling ads.
2026-09-21,GR-COMBO-FULL,Glow Combo,Combos,Full (30ml + 150ml),Influencer Video,1821.58,23.432,36,5.02,0,0.0,6.131,9.783,2.901,5.263,51,28.268082525132275,51492.573766130445,24439.632620726523,CRITICAL,67.28,PROTECT_INVENTORY,0,1821.58,1821.58,45,Inventory is critical with 0.0 days remaining. Protect stock before scaling ads.
2026-09-22,GR-COMBO-FULL,Glow Combo,Combos,Full (30ml + 150ml),Video,1727.46,31.501,59,17.22,0,0.0,4.994,13.34,4.272,8.696,51,23.045212363756598,39809.68254989497,18575.478100446435,CRITICAL,73.23,PROTECT_INVENTORY,0,1727.46,1727.46,60,Inventory is critical with 0.0 days remaining. Protect stock before scaling ads.
2026-09-23,GR-COMBO-FULL,Glow Combo,Combos,Full (30ml + 150ml),Video,1588.52,27.076,29,9.36,0,0.0,5.464,10.446,1.773,3.333,51,21.183054535714298,33649.705791072876,15572.829953447166,CRITICAL,67.78,PROTECT_INVENTORY,0,1588.52,1588.52,45,Inventory is critical with 0.0 days remaining. Protect stock before scaling ads.
2026-09-24,GR-COMBO-FULL,Glow Combo,Combos,Full (30ml + 150ml),Influencer Video,1925.95,13.122,32,11.19,0,0.0,4.172,12.916,3.113,5.882,51,17.229292608772028,33182.756099864484,14997.255610930886,CRITICAL,69.81,PROTECT_INVENTORY,0,1925.95,1925.95,45,Inventory is critical with 0.0 days remaining. Protect stock before scaling ads.
2026-09-25,GR-COMBO-FULL,Glow Combo,Combos,Full (30ml + 150ml),Video,2002.61,10.839,27,-1.36,0,0.0,4.902,14.576,4.0,5.0,51,7.862848520425526,15746.219075489362,6027.961728499575,CRITICAL,58.51,PROTECT_INVENTORY,0,2002.61,2002.61,30,Inventory is critical with 0.0 days remaining. Protect stock before scaling ads.
2026-09-26,GR-COMBO-FULL,Glow Combo,Combos,Full (30ml + 150ml),Image,2136.65,23.218,61,8.93,0,0.0,5.339,12.712,3.095,8.333,51,26.014918697089943,55584.77603413723,26211.585777409982,CRITICAL,68.94,PROTECT_INVENTORY,0,2136.65,2136.65,45,Inventory is critical with 0.0 days remaining. Protect stock before scaling ads.
2026-09-27,GR-COMBO-FULL,Glow Combo,Combos,Full (30ml + 150ml),Video,1842.46,20.355,34,11.8,0,0.0,5.761,11.477,3.058,2.857,51,23.511759730158737,43319.47683242827,20250.47318453842,CRITICAL,69.98,PROTECT_INVENTORY,0,1842.46,1842.46,45,Inventory is critical with 0.0 days remaining. Protect stock before scaling ads.
2026-09-28,GR-COMBO-FULL,Glow Combo,Combos,Full (30ml + 150ml),Influencer Video,1833.68,20.42,31,-1.27,0,0.0,4.867,18.997,3.091,7.353,51,21.453956694444443,39339.69131146889,18229.56256884913,CRITICAL,65.11,PROTECT_INVENTORY,0,1833.68,1833.68,45,Inventory is critical with 0.0 days remaining. Protect stock before scaling ads.
2026-09-01,GR-COMBO-STARTER,Glow Combo,Combos,Starter (15ml + 100ml),Image,1976.99,7.197,22,11.04,639,23.97,3.111,16.991,2.929,4.167,43,5.638462453121006,11147.183885195698,2816.2990706341507,STRONG,70.28,RETARGET,0,1976.99,1976.99,75,High add-to-cart activity but weak purchase conversion. Retarget high-intent users.
2026-09-02,GR-COMBO-STARTER,Glow Combo,Combos,Starter (15ml + 100ml),Carousel,2175.88,4.477,17,0.48,621,33.61,3.548,6.99,1.83,5.556,43,6.769162384805676,14728.885049850975,4157.540571435919,STRONG,73.2,CHANGE_CREATIVE,0,2175.88,2175.88,75,CTR is strong but purchase conversion is weak. Test new creatives or landing-page messaging.
2026-09-03,GR-COMBO-STARTER,Glow Combo,Combos,Starter (15ml + 100ml),Influencer Video,1777.66,6.844,16,3.83,600,29.2,3.553,11.312,2.435,0.0,43,8.17777643047302,14537.30604939467,4473.381601239708,STRONG,79.46,RETARGET,0,1777.66,1777.66,90,High add-to-cart activity but weak purchase conversion. Retarget high-intent users.
2026-09-04,GR-COMBO-STARTER,Glow Combo,Combos,Starter (15ml + 100ml),Video,1560.95,8.906,21,-0.03,578,25.9,3.031,15.064,2.954,13.158,43,10.768021121838547,16808.342570133882,5666.637305157569,STRONG,82.71,FIX_PAYMENT,0,1560.95,1560.95,90,Payment failure rate is 13.2%. Fix payment issues before increasing spend.
2026-09-05,GR-COMBO-STARTER,Glow Combo,Combos,Starter (15ml + 100ml),Image,1846.11,12.174,31,3.07,541,14.47,3.497,11.001,3.359,0.0,43,8.182363357689526,15105.542818264212,4649.273411853612,HEALTHY,70.3,INCREASE_BUDGET,15,1846.11,2123.03,80,Predicted ROAS is 8.18 with predicted profit of ₹4649.27. Sales growth is 3.1%. Inventory is sufficient. Scale budget.
2026-09-06,GR-COMBO-STARTER,Glow Combo,Combos,Starter (15ml + 100ml),Video,2324.03,8.051,32,7.56,496,11.15,3.01,13.517,3.426,8.108,43,6.9589192367308215,16172.737073739532,4630.246941707999,HEALTHY,65.55,MAINTAIN,0,2324.03,2324.03,50,Predicted ROAS is 6.96 and predicted profit is ₹4630.25. Signals are within acceptable range. Maintain current budget.
2026-09-07,GR-COMBO-STARTER,Glow Combo,Combos,Starter (15ml + 100ml),Carousel,2025.44,7.079,19,9.27,470,17.77,2.676,12.237,3.226,4.545,43,5.2029593109858325,10538.281906843145,2506.021219942552,STRONG,64.26,MAINTAIN,0,2025.44,2025.44,60,Predicted ROAS is 5.2 and predicted profit is ₹2506.02. Signals are within acceptable range. Maintain current budget.
2026-09-08,GR-COMBO-STARTER,Glow Combo,Combos,Starter (15ml + 100ml),Video,2227.72,4.204,16,-6.4,448,20.66,3.33,9.511,2.847,0.0,43,5.925385884234389,13200.100642026633,3448.3232760714523,STRONG,62.46,RETARGET,0,2227.72,2227.72,60,High add-to-cart activity but weak purchase conversion. Retarget high-intent users.
2026-09-09,GR-COMBO-STARTER,Glow Combo,Combos,Starter (15ml + 100ml),Image,1835.22,4.789,14,-12.06,427,20.16,3.023,14.696,3.794,5.263,43,6.984034008755561,12817.238893548381,3676.1927242258034,STRONG,64.66,MAINTAIN,0,1835.22,1835.22,60,Predicted ROAS is 6.98 and predicted profit is ₹3676.19. Signals are within acceptable range. Maintain current budget.
2026-09-10,GR-COMBO-STARTER,Glow Combo,Combos,Starter (15ml + 100ml),Video,2189.68,6.935,27,1.71,390,10.7,3.405,12.996,3.803,0.0,43,7.858246474012244,17207.04513921513,5209.349409862505,HEALTHY,66.58,MAINTAIN,0,2189.68,2189.68,50,Predicted ROAS is 7.86 and predicted profit is ₹5209.35. Signals are within acceptable range. Maintain current budget.
2026-09-11,GR-COMBO-STARTER,Glow Combo,Combos,Starter (15ml + 100ml),Video,1714.26,8.778,27,2.65,363,13.38,3.476,10.777,3.151,3.333,43,7.277674437784552,12475.826181716546,3650.3452581381143,HEALTHY,66.04,MAINTAIN,0,1714.26,1714.26,50,Predicted ROAS is 7.28 and predicted profit is ₹3650.35. Signals are within acceptable range. Maintain current budget.
2026-09-12,GR-COMBO-STARTER,Glow Combo,Combos,Starter (15ml + 100ml),Video,2217.39,6.676,25,5.06,335,12.1,2.809,9.06,2.43,7.407,43,7.549981134135773,16741.252667021323,4981.3486468191695,HEALTHY,66.32,RETARGET,0,2217.39,2217.39,50,High add-to-cart activity but weak purchase conversion. Retarget high-intent users.
2026-09-13,GR-COMBO-STARTER,Glow Combo,Combos,Starter (15ml + 100ml),Video,1934.9,8.074,28,5.15,305,10.14,3.513,13.251,3.562,7.143,43,7.2999573337003225,14124.687444976755,4138.715601340005,HEALTHY,65.3,MAINTAIN,0,1934.9,1934.9,50,Predicted ROAS is 7.3 and predicted profit is ₹4138.72. Signals are within acceptable range. Maintain current budget.
2026-09-14,GR-COMBO-STARTER,Glow Combo,Combos,Starter (15ml + 100ml),Image,1871.64,7.319,21,10.65,276,9.25,3.435,14.233,3.286,5.882,43,6.771045181971792,12672.959004385686,3577.732371885845,HEALTHY,64.65,MAINTAIN,0,1871.64,1871.64,50,Predicted ROAS is 6.77 and predicted profit is ₹3577.73. Signals are within acceptable range. Maintain current budget.
2026-09-15,GR-COMBO-STARTER,Glow Combo,Combos,Starter (15ml + 100ml),Carousel,2116.1,7.911,20,2.5,251,10.01,2.698,9.983,2.66,4.762,43,5.234141242446963,11075.966283142017,2646.5655017510676,HEALTHY,56.09,RETARGET,0,2116.1,2116.1,50,High add-to-cart activity but weak purchase conversion. Retarget high-intent users.
2026-09-16,GR-COMBO-STARTER,Glow Combo,Combos,Starter (15ml + 100ml),Image,1723.91,4.116,12,14.89,233,12.94,3.072,14.721,2.206,7.692,43,7.839265621204081,13514.188397049928,4087.191010731469,HEALTHY,71.35,RETARGET,0,1723.91,1723.91,65,High add-to-cart activity but weak purchase conversion. Retarget high-intent users.
2026-09-17,GR-COMBO-STARTER,Glow Combo,Combos,Starter (15ml + 100ml),Image,1841.97,9.917,30,11.47,197,5.52,3.125,15.409,3.421,5.128,43,7.661444037364225,14112.150073503783,4226.254531606626,LOW,65.72,MAINTAIN,0,1841.97,1841.97,50,Predicted ROAS is 7.66 and predicted profit is ₹4226.25. Signals are within acceptable range. Maintain current budget.
2026-09-18,GR-COMBO-STARTER,Glow Combo,Combos,Starter (15ml + 100ml),Video,1946.05,7.94,28,13.95,161,4.51,3.514,13.246,2.991,7.143,43,6.828150149079113,13287.921597615408,3767.756286974626,LOW,62.63,RETARGET,0,1946.05,1946.05,50,High add-to-cart activity but weak purchase conversion. Retarget high-intent users.
2026-09-19,GR-COMBO-STARTER,Glow Combo,Combos,Starter (15ml + 100ml),Image,1656.97,6.693,19,25.92,135,5.28,3.129,10.208,2.43,5.0,43,6.902619713218972,11437.433786212441,3261.1265280713496,LOW,65.11,RETARGET,0,1656.97,1656.97,50,High add-to-cart activity but weak purchase conversion. Retarget high-intent users.
2026-09-20,GR-COMBO-STARTER,Glow Combo,Combos,Starter (15ml + 100ml),Influencer Video,1594.84,6.927,16,0.3,115,5.73,3.269,10.104,3.2,0.0,43,6.854888448292898,10932.450292875445,3106.113625936441,LOW,58.62,MAINTAIN,0,1594.84,1594.84,50,Predicted ROAS is 6.85 and predicted profit is ₹3106.11. Signals are within acceptable range. Maintain current budget.
2026-09-21,GR-COMBO-STARTER,Glow Combo,Combos,Starter (15ml + 100ml),Video,1837.6,6.402,20,4.42,91,3.83,3.177,12.597,3.263,6.897,43,10.366557518484646,19049.586095967385,6353.722021265976,LOW,69.97,MAINTAIN,0,1837.6,1837.6,65,Predicted ROAS is 10.37 and predicted profit is ₹6353.72. Signals are within acceptable range. Maintain current budget.
2026-09-22,GR-COMBO-STARTER,Glow Combo,Combos,Starter (15ml + 100ml),Influencer Video,1314.03,14.689,27,2.08,58,1.75,3.573,15.136,2.342,6.579,43,15.764784939038416,20715.40035344465,7593.592151981199,CRITICAL,66.79,PROTECT_INVENTORY,0,1314.03,1314.03,45,Inventory is critical with 1.8 days remaining. Protect stock before scaling ads.
2026-09-23,GR-COMBO-STARTER,Glow Combo,Combos,Starter (15ml + 100ml),Video,1746.49,8.869,25,18.85,28,0.93,3.032,8.482,2.904,3.846,43,7.097147306989296,12395.096800183735,3583.401624079007,CRITICAL,62.93,PROTECT_INVENTORY,0,1746.49,1746.49,30,Inventory is critical with 0.9 days remaining. Protect stock before scaling ads.
2026-09-24,GR-COMBO-STARTER,Glow Combo,Combos,Starter (15ml + 100ml),Video,2215.18,6.14,22,15.54,2,0.08,3.533,17.658,3.264,2.326,43,7.132067120361098,15798.812443681496,4578.309350783044,CRITICAL,61.61,PROTECT_INVENTORY,0,2215.18,2215.18,30,Inventory is critical with 0.1 days remaining. Protect stock before scaling ads.
2026-09-25,GR-COMBO-STARTER,Glow Combo,Combos,Starter (15ml + 100ml),Image,2369.11,5.277,21,7.78,0,0.0,3.231,12.179,2.679,3.571,43,6.193866365541602,14673.950745268266,3940.6888204653546,CRITICAL,54.78,PROTECT_INVENTORY,0,2369.11,2369.11,30,Inventory is critical with 0.0 days remaining. Protect stock before scaling ads.
2026-09-26,GR-COMBO-STARTER,Glow Combo,Combos,Starter (15ml + 100ml),Image,1971.91,11.191,37,7.17,0,0.0,3.84,15.118,3.426,7.407,43,6.92379623394682,13653.103031682076,3898.924303623293,CRITICAL,57.85,PROTECT_INVENTORY,0,1971.91,1971.91,30,Inventory is critical with 0.0 days remaining. Protect stock before scaling ads.
2026-09-27,GR-COMBO-STARTER,Glow Combo,Combos,Starter (15ml + 100ml),Video,2238.57,10.256,37,-3.78,0,0.0,3.471,12.64,2.925,5.128,43,6.3929803156462945,14311.133945196327,3915.21759643442,CRITICAL,51.38,PROTECT_INVENTORY,0,2238.57,2238.57,30,Inventory is critical with 0.0 days remaining. Protect stock before scaling ads.
2026-09-28,GR-COMBO-STARTER,Glow Combo,Combos,Starter (15ml + 100ml),Image,2497.68,5.766,24,7.2,0,0.0,2.986,8.814,2.97,4.0,43,5.941009408644899,14838.740379784189,3882.9783633072016,CRITICAL,53.96,PROTECT_INVENTORY,0,2497.68,2497.68,30,Inventory is critical with 0.0 days remaining. Protect stock before scaling ads.
2026-09-01,GR-FACEWASH-100ML,Ubtan Face Wash,Skin,100 ml,Influencer Video,1532.28,6.916,35,-11.45,782,17.98,6.077,13.387,4.93,5.405,40,6.823475852571061,10455.475579377586,2649.910231751034,STRONG,64.01,MAINTAIN,0,1532.28,1532.28,60,Predicted ROAS is 6.82 and predicted profit is ₹2649.91. Signals are within acceptable range. Maintain current budget.
2026-09-02,GR-FACEWASH-100ML,Ubtan Face Wash,Skin,100 ml,Image,1797.36,5.51,39,0.63,738,16.49,4.166,11.598,3.625,9.302,40,9.163350664047044,16469.839949531593,4790.575979812638,STRONG,74.43,INCREASE_BUDGET,15,1797.36,2066.96,90,Predicted ROAS is 9.16 with predicted profit of ₹4790.58. Sales growth is 0.6%. Inventory is sufficient. Scale budget.
2026-09-03,GR-FACEWASH-100ML,Ubtan Face Wash,Skin,100 ml,Video,1459.34,11.308,58,13.92,674,10.54,5.894,13.552,5.54,6.452,40,10.741599620907296,15675.645990774852,4810.918396309941,HEALTHY,80.29,INCREASE_BUDGET,15,1459.34,1678.24,80,Predicted ROAS is 10.74 with predicted profit of ₹4810.92. Sales growth is 13.9%. Inventory is sufficient. Scale budget.
2026-09-04,GR-FACEWASH-100ML,Ubtan Face Wash,Skin,100 ml,Influencer Video,1507.96,13.451,81,-0.23,577,5.98,5.955,15.617,5.075,6.897,40,10.240319973152577,15441.99290671516,4668.837162686064,LOW,71.48,MAINTAIN,0,1507.96,1507.96,80,Predicted ROAS is 10.24 and predicted profit is ₹4668.84. Signals are within acceptable range. Maintain current budget.
2026-09-05,GR-FACEWASH-100ML,Ubtan Face Wash,Skin,100 ml,Video,1519.69,6.768,44,14.24,526,10.21,5.377,15.148,4.721,0.0,40,9.128198567833056,13872.032081550218,4029.1228326200867,HEALTHY,76.32,INCREASE_BUDGET,15,1519.69,1747.64,80,Predicted ROAS is 9.13 with predicted profit of ₹4029.12. Sales growth is 14.2%. Inventory is sufficient. Scale budget.
2026-09-06,GR-FACEWASH-100ML,Ubtan Face Wash,Skin,100 ml,Image,1425.84,10.58,55,-0.59,453,6.27,4.843,12.678,5.506,1.786,40,8.76551771923405,12498.225784792676,3573.45031391707,LOW,67.64,MAINTAIN,0,1425.84,1425.84,65,Predicted ROAS is 8.77 and predicted profit is ₹3573.45. Signals are within acceptable range. Maintain current budget.
2026-09-07,GR-FACEWASH-100ML,Ubtan Face Wash,Skin,100 ml,Video,1577.53,9.814,57,11.6,396,6.84,5.408,15.47,5.616,5.0,40,6.5965182712808765,10406.205468493721,2584.952187397488,LOW,65.11,MAINTAIN,0,1577.53,1577.53,50,Predicted ROAS is 6.6 and predicted profit is ₹2584.95. Signals are within acceptable range. Maintain current budget.
2026-09-08,GR-FACEWASH-100ML,Ubtan Face Wash,Skin,100 ml,Image,1853.66,4.674,27,-5.83,366,12.58,5.263,10.818,2.509,3.571,40,6.35871266086744,11786.891310943538,2861.0965243774153,HEALTHY,58.46,RETARGET,0,1853.66,1853.66,50,High add-to-cart activity but weak purchase conversion. Retarget high-intent users.
2026-09-09,GR-FACEWASH-100ML,Ubtan Face Wash,Skin,100 ml,Carousel,1680.89,6.101,36,5.51,324,7.6,5.319,11.569,3.435,5.263,40,8.416444452995105,14147.117316594942,3977.956926637976,HEALTHY,67.53,INCREASE_BUDGET,15,1680.89,1933.02,65,Predicted ROAS is 8.42 with predicted profit of ₹3977.96. Sales growth is 5.5%. Inventory is sufficient. Scale budget.
2026-09-10,GR-FACEWASH-100ML,Ubtan Face Wash,Skin,100 ml,Video,1597.36,9.554,58,14.9,250,3.39,6.338,14.361,5.133,6.452,40,8.42170405932334,13452.493196200729,3783.6372784802916,LOW,69.96,MAINTAIN,0,1597.36,1597.36,65,Predicted ROAS is 8.42 and predicted profit is ₹3783.64. Signals are within acceptable range. Maintain current budget.
2026-09-11,GR-FACEWASH-100ML,Ubtan Face Wash,Skin,100 ml,Image,1492.01,8.584,54,11.61,184,2.76,5.331,14.572,4.021,8.475,40,6.987031521099408,10424.720899795528,2677.8783599182116,CRITICAL,62.17,PROTECT_INVENTORY,0,1492.01,1492.01,30,Inventory is critical with 2.8 days remaining. Protect stock before scaling ads.
2026-09-12,GR-FACEWASH-100ML,Ubtan Face Wash,Skin,100 ml,Video,1857.01,6.756,42,-8.68,131,2.52,5.419,10.832,3.365,6.667,40,7.195900731365025,13362.859617152166,3488.1338468608665,CRITICAL,54.48,PROTECT_INVENTORY,0,1857.01,1857.01,30,Inventory is critical with 2.5 days remaining. Protect stock before scaling ads.
2026-09-13,GR-FACEWASH-100ML,Ubtan Face Wash,Skin,100 ml,Image,1747.52,7.931,56,0.31,78,1.44,4.373,14.824,5.628,3.448,40,6.7557213910302325,11805.758245253151,2974.7832981012602,CRITICAL,57.85,PROTECT_INVENTORY,0,1747.52,1747.52,30,Inventory is critical with 1.4 days remaining. Protect stock before scaling ads.
2026-09-14,GR-FACEWASH-100ML,Ubtan Face Wash,Skin,100 ml,Carousel,1770.23,7.416,55,6.01,6,0.09,5.083,14.744,5.397,5.172,40,6.218544724005273,11008.254426775855,2633.0717707103418,CRITICAL,56.98,PROTECT_INVENTORY,0,1770.23,1770.23,30,Inventory is critical with 0.1 days remaining. Protect stock before scaling ads.
2026-09-15,GR-FACEWASH-100ML,Ubtan Face Wash,Skin,100 ml,Influencer Video,1828.62,6.175,47,8.98,0,0.0,4.613,15.361,5.781,4.082,40,5.425818374394029,9921.759995784409,2140.0839983137635,CRITICAL,55.64,PROTECT_INVENTORY,0,1828.62,1828.62,30,Inventory is critical with 0.0 days remaining. Protect stock before scaling ads.
2026-09-16,GR-FACEWASH-100ML,Ubtan Face Wash,Skin,100 ml,Influencer Video,1817.86,4.576,35,7.39,0,0.0,5.219,8.758,2.283,10.256,40,6.588117526162698,11976.27532611012,2972.650130444048,CRITICAL,55.61,PROTECT_INVENTORY,0,1817.86,1817.86,30,Inventory is critical with 0.0 days remaining. Protect stock before scaling ads.
2026-09-17,GR-FACEWASH-100ML,Ubtan Face Wash,Skin,100 ml,Image,1310.35,6.351,33,1.31,0,0.0,5.641,14.146,2.768,5.714,40,5.440404848622091,7128.834493391956,1541.1837973567826,CRITICAL,49.8,PROTECT_INVENTORY,0,1310.35,1310.35,30,Inventory is critical with 0.0 days remaining. Protect stock before scaling ads.
2026-09-18,GR-FACEWASH-100ML,Ubtan Face Wash,Skin,100 ml,Image,1514.86,4.352,28,9.72,0,0.0,5.885,12.384,3.67,9.677,40,5.949923079247964,9013.30047582957,2090.460190331828,CRITICAL,55.64,PROTECT_INVENTORY,0,1514.86,1514.86,30,Inventory is critical with 0.0 days remaining. Protect stock before scaling ads.
2026-09-19,GR-FACEWASH-100ML,Ubtan Face Wash,Skin,100 ml,Image,1311.02,5.708,29,3.75,0,0.0,4.771,9.069,2.816,3.333,40,5.119143643774376,6711.299699861082,1373.499879944433,CRITICAL,49.64,PROTECT_INVENTORY,0,1311.02,1311.02,30,Inventory is critical with 0.0 days remaining. Protect stock before scaling ads.
2026-09-20,GR-FACEWASH-100ML,Ubtan Face Wash,Skin,100 ml,Video,1799.54,4.157,32,2.18,0,0.0,5.773,13.924,3.769,11.111,40,5.644085219171621,10156.757115308099,2263.16284612324,CRITICAL,51.84,PROTECT_INVENTORY,0,1799.54,1799.54,30,Inventory is critical with 0.0 days remaining. Protect stock before scaling ads.
2026-09-21,GR-FACEWASH-100ML,Ubtan Face Wash,Skin,100 ml,Carousel,1829.9,4.672,26,11.61,0,0.0,5.18,10.0,2.838,7.143,40,5.221693597200553,9555.177113517293,1992.1708454069167,CRITICAL,52.97,PROTECT_INVENTORY,0,1829.9,1829.9,30,Inventory is critical with 0.0 days remaining. Protect stock before scaling ads.
2026-09-22,GR-FACEWASH-100ML,Ubtan Face Wash,Skin,100 ml,Video,1634.92,4.035,27,7.35,0,0.0,5.582,9.11,2.087,6.897,40,6.224440195338062,10176.461764162104,2435.664705664841,CRITICAL,54.13,PROTECT_INVENTORY,0,1634.92,1634.92,30,Inventory is critical with 0.0 days remaining. Protect stock before scaling ads.
2026-09-23,GR-FACEWASH-100ML,Ubtan Face Wash,Skin,100 ml,Influencer Video,1597.82,10.754,68,3.47,0,0.0,5.712,15.961,4.179,8.108,40,7.006145008845158,11194.55861803297,2880.0034472131883,CRITICAL,57.5,PROTECT_INVENTORY,0,1597.82,1597.82,30,Inventory is critical with 0.0 days remaining. Protect stock before scaling ads.
2026-09-24,GR-FACEWASH-100ML,Ubtan Face Wash,Skin,100 ml,Video,1508.12,7.581,34,11.78,0,0.0,5.086,12.546,2.862,8.108,40,6.962457314945336,10500.22112581536,2691.968450326144,CRITICAL,59.15,PROTECT_INVENTORY,0,1508.12,1508.12,30,Inventory is critical with 0.0 days remaining. Protect stock before scaling ads.
2026-09-25,GR-FACEWASH-100ML,Ubtan Face Wash,Skin,100 ml,Image,1574.3,5.559,36,7.68,0,0.0,5.762,10.02,2.611,2.703,40,6.755563225257739,10635.283185523258,2679.813274209303,CRITICAL,56.64,PROTECT_INVENTORY,0,1574.3,1574.3,30,Inventory is critical with 0.0 days remaining. Protect stock before scaling ads.
2026-09-26,GR-FACEWASH-100ML,Ubtan Face Wash,Skin,100 ml,Video,1509.04,7.499,45,5.24,0,0.0,5.639,12.198,4.702,6.25,40,7.526747701527743,11358.163351513425,3034.2253406053696,CRITICAL,60.51,PROTECT_INVENTORY,0,1509.04,1509.04,30,Inventory is critical with 0.0 days remaining. Protect stock before scaling ads.
2026-09-27,GR-FACEWASH-100ML,Ubtan Face Wash,Skin,100 ml,Carousel,1461.06,5.404,34,2.99,0,0.0,4.8,13.893,4.387,5.556,40,6.450781212265587,9424.97839799276,2308.931359197104,CRITICAL,55.59,PROTECT_INVENTORY,0,1461.06,1461.06,30,Inventory is critical with 0.0 days remaining. Protect stock before scaling ads.
2026-09-28,GR-FACEWASH-100ML,Ubtan Face Wash,Skin,100 ml,Influencer Video,1640.41,8.925,55,13.45,0,0.0,5.263,15.586,4.283,9.836,40,7.146477772378116,11723.153602586786,3048.8514410347143,CRITICAL,61.84,PROTECT_INVENTORY,0,1640.41,1640.41,30,Inventory is critical with 0.0 days remaining. Protect stock before scaling ads.
2026-09-01,GR-FACEWASH-150ML,Ubtan Face Wash,Skin,150 ml,Image,704.34,21.011,42,-17.0,1051,24.41,4.084,15.385,4.238,7.692,43,20.103466406183678,14159.675528531412,5384.320477268507,STRONG,76.64,MAINTAIN,0,704.34,704.34,90,Predicted ROAS is 20.1 and predicted profit is ₹5384.32. Signals are within acceptable range. Maintain current budget.
2026-09-02,GR-FACEWASH-150ML,Ubtan Face Wash,Skin,150 ml,Video,719.72,19.296,43,9.69,1008,23.5,4.972,14.217,4.143,10.417,43,26.391268424603204,18994.323710555418,7447.83919553883,STRONG,85.94,FIX_PAYMENT,0,719.72,719.72,90,Payment failure rate is 10.4%. Fix payment issues before increasing spend.
2026-09-03,GR-FACEWASH-150ML,Ubtan Face Wash,Skin,150 ml,Video,560.98,30.824,53,-1.11,946,15.37,5.041,13.542,4.355,7.018,43,23.006813206349218,12906.362072497785,4988.755691174047,STRONG,76.69,MAINTAIN,0,560.98,560.98,90,Predicted ROAS is 23.01 and predicted profit is ₹4988.76. Signals are within acceptable range. Maintain current budget.
2026-09-04,GR-FACEWASH-150ML,Ubtan Face Wash,Skin,150 ml,Image,657.33,25.47,49,5.23,893,16.73,4.671,14.706,4.945,2.0,43,22.38653439814814,14715.340655934717,5670.2664820519285,STRONG,80.56,INCREASE_BUDGET,15,657.33,755.93,90,Predicted ROAS is 22.39 with predicted profit of ₹5670.27. Sales growth is 5.2%. Inventory is sufficient. Scale budget.
2026-09-05,GR-FACEWASH-150ML,Ubtan Face Wash,Skin,150 ml,Influencer Video,721.63,24.325,37,4.79,855,22.23,4.666,10.462,3.42,5.128,43,19.275350997789232,13909.671540534644,5259.528762429896,STRONG,82.54,INCREASE_BUDGET,15,721.63,829.87,90,Predicted ROAS is 19.28 with predicted profit of ₹5259.53. Sales growth is 4.8%. Inventory is sufficient. Scale budget.
2026-09-06,GR-FACEWASH-150ML,Ubtan Face Wash,Skin,150 ml,Image,601.13,17.814,30,7.88,823,26.24,5.155,10.201,3.333,6.25,43,28.305540044011547,17015.309286656662,6715.4529932623645,STRONG,86.28,INCREASE_BUDGET,15,601.13,691.3,90,Predicted ROAS is 28.31 with predicted profit of ₹6715.45. Sales growth is 7.9%. Inventory is sufficient. Scale budget.
2026-09-07,GR-FACEWASH-150ML,Ubtan Face Wash,Skin,150 ml,Video,611.58,29.531,52,-2.06,774,15.59,5.137,12.634,4.437,3.704,43,15.967453470899464,9765.375193732694,3587.531333305059,STRONG,76.56,MAINTAIN,0,611.58,611.58,90,Predicted ROAS is 15.97 and predicted profit is ₹3587.53. Signals are within acceptable range. Maintain current budget.
2026-09-08,GR-FACEWASH-150ML,Ubtan Face Wash,Skin,150 ml,Video,852.5,12.974,24,0.9,750,31.04,4.516,15.112,3.315,11.111,43,17.229703490019254,14688.322225241414,5463.478556853809,STRONG,86.15,FIX_PAYMENT,0,852.5,852.5,90,Payment failure rate is 11.1%. Fix payment issues before increasing spend.
2026-09-09,GR-FACEWASH-150ML,Ubtan Face Wash,Skin,150 ml,Carousel,845.84,14.347,17,2.24,725,29.29,5.049,8.324,1.398,5.556,43,26.420311256974525,22347.356073599334,8763.523111647713,STRONG,84.26,RETARGET,0,845.84,845.84,90,High add-to-cart activity but weak purchase conversion. Retarget high-intent users.
2026-09-10,GR-FACEWASH-150ML,Ubtan Face Wash,Skin,150 ml,Video,712.97,30.205,64,10.35,657,9.68,4.944,14.687,5.178,1.538,43,17.62002080378478,12562.546232474435,4688.924879964006,HEALTHY,78.01,INCREASE_BUDGET,15,712.97,819.92,80,Predicted ROAS is 17.62 with predicted profit of ₹4688.92. Sales growth is 10.3%. Inventory is sufficient. Scale budget.
2026-09-11,GR-FACEWASH-150ML,Ubtan Face Wash,Skin,150 ml,Influencer Video,663.99,16.034,31,15.27,618,15.73,5.329,15.34,4.545,6.061,43,27.115962911375668,18004.72821352433,7078.0431318154615,STRONG,83.26,INCREASE_BUDGET,15,663.99,763.59,90,Predicted ROAS is 27.12 with predicted profit of ₹7078.04. Sales growth is 15.3%. Inventory is sufficient. Scale budget.
2026-09-12,GR-FACEWASH-150ML,Ubtan Face Wash,Skin,150 ml,Video,669.02,26.221,42,16.92,572,12.67,5.071,13.155,3.684,8.696,43,25.0823785613553,16780.61290511792,6546.643549200706,HEALTHY,80.98,INCREASE_BUDGET,15,669.02,769.37,80,Predicted ROAS is 25.08 with predicted profit of ₹6546.64. Sales growth is 16.9%. Inventory is sufficient. Scale budget.
2026-09-13,GR-FACEWASH-150ML,Ubtan Face Wash,Skin,150 ml,Image,785.98,29.65,61,2.15,504,7.3,5.05,12.779,4.366,5.882,43,13.724188468253967,10786.937652278253,3852.403190479649,HEALTHY,72.54,INCREASE_BUDGET,15,785.98,903.88,80,Predicted ROAS is 13.72 with predicted profit of ₹3852.4. Sales growth is 2.1%. Inventory is sufficient. Scale budget.
2026-09-14,GR-FACEWASH-150ML,Ubtan Face Wash,Skin,150 ml,Video,693.07,9.013,18,0.66,483,23.72,4.856,8.853,2.546,0.0,43,17.036668450338677,11807.603802876229,4384.199635236779,STRONG,81.11,RETARGET,0,693.07,693.07,90,High add-to-cart activity but weak purchase conversion. Retarget high-intent users.
2026-09-15,GR-FACEWASH-150ML,Ubtan Face Wash,Skin,150 ml,Video,721.88,19.218,40,-7.71,446,11.98,4.243,12.484,4.224,2.326,43,16.291954580453844,11760.83617253802,4335.279554191348,HEALTHY,71.82,MAINTAIN,0,721.88,721.88,80,Predicted ROAS is 16.29 and predicted profit is ₹4335.28. Signals are within acceptable range. Maintain current budget.
2026-09-16,GR-FACEWASH-150ML,Ubtan Face Wash,Skin,150 ml,Image,666.25,16.114,33,1.44,403,9.47,4.772,11.985,2.949,2.941,43,20.431866957650726,13612.731360534795,5187.224485029962,HEALTHY,72.3,RETARGET,0,666.25,666.25,80,High add-to-cart activity but weak purchase conversion. Retarget high-intent users.
2026-09-17,GR-FACEWASH-150ML,Ubtan Face Wash,Skin,150 ml,Influencer Video,697.09,18.817,40,3.01,353,7.05,5.445,9.244,2.475,6.977,43,13.269346209503453,9249.928549182763,3280.3792761485884,HEALTHY,70.8,RETARGET,0,697.09,697.09,80,High add-to-cart activity but weak purchase conversion. Retarget high-intent users.
2026-09-18,GR-FACEWASH-150ML,Ubtan Face Wash,Skin,150 ml,Influencer Video,884.26,8.808,19,13.41,330,14.26,4.669,7.943,2.537,5.0,43,14.880467611435842,13158.202290088257,4773.76698473795,HEALTHY,79.57,CHANGE_CREATIVE,0,884.26,884.26,80,CTR is strong but purchase conversion is weak. Test new creatives or landing-page messaging.
2026-09-19,GR-FACEWASH-150ML,Ubtan Face Wash,Skin,150 ml,Image,896.7,16.04,43,12.48,287,6.65,4.856,10.468,3.577,4.444,43,24.709493737012995,22157.003033979552,8630.811304611207,LOW,75.19,MAINTAIN,0,896.7,896.7,80,Predicted ROAS is 24.71 and predicted profit is ₹8630.81. Signals are within acceptable range. Maintain current budget.
2026-09-20,GR-FACEWASH-150ML,Ubtan Face Wash,Skin,150 ml,Video,626.92,30.526,54,9.56,234,4.43,5.188,17.525,3.841,10.0,43,16.36027798544975,10256.585474638156,3783.411754094407,LOW,72.88,FIX_PAYMENT,0,626.92,626.92,80,Payment failure rate is 10.0%. Fix payment issues before increasing spend.
2026-09-21,GR-FACEWASH-150ML,Ubtan Face Wash,Skin,150 ml,Carousel,664.53,15.739,31,14.08,194,4.9,5.061,12.25,3.273,6.061,43,32.97755849338625,21914.576945609962,8758.738086612284,LOW,74.32,MAINTAIN,0,664.53,664.53,80,Predicted ROAS is 32.98 and predicted profit is ₹8758.74. Signals are within acceptable range. Maintain current budget.
2026-09-22,GR-FACEWASH-150ML,Ubtan Face Wash,Skin,150 ml,Video,542.46,49.25,81,16.47,119,1.57,5.051,15.789,5.253,5.814,43,19.431667557840314,10540.902383426057,3990.1280248732046,CRITICAL,74.98,PROTECT_INVENTORY,0,542.46,542.46,60,Inventory is critical with 1.6 days remaining. Protect stock before scaling ads.
2026-09-23,GR-FACEWASH-150ML,Ubtan Face Wash,Skin,150 ml,Video,780.38,23.965,57,3.67,48,0.68,3.924,18.336,5.588,3.333,43,15.41312542448815,12028.094818762063,4391.7007720676875,CRITICAL,69.92,PROTECT_INVENTORY,0,780.38,780.38,45,Inventory is critical with 0.7 days remaining. Protect stock before scaling ads.
2026-09-24,GR-FACEWASH-150ML,Ubtan Face Wash,Skin,150 ml,Influencer Video,785.91,23.354,53,10.22,0,0.0,4.683,13.694,4.894,3.636,43,20.634437930479418,16216.811113943078,6187.318778995524,CRITICAL,71.23,PROTECT_INVENTORY,0,785.91,785.91,60,Inventory is critical with 0.0 days remaining. Protect stock before scaling ads.
2026-09-25,GR-FACEWASH-150ML,Ubtan Face Wash,Skin,150 ml,Influencer Video,657.11,18.153,37,14.8,0,0.0,4.259,11.84,3.481,2.632,43,19.466462117724866,12791.606922178187,4843.280976536621,CRITICAL,71.53,PROTECT_INVENTORY,0,657.11,657.11,60,Inventory is critical with 0.0 days remaining. Protect stock before scaling ads.
2026-09-26,GR-FACEWASH-150ML,Ubtan Face Wash,Skin,150 ml,Video,718.63,35.851,62,10.79,0,0.0,4.931,11.668,4.722,6.061,43,20.452277891534383,14697.620461193354,5601.346798313142,CRITICAL,71.27,PROTECT_INVENTORY,0,718.63,718.63,60,Inventory is critical with 0.0 days remaining. Protect stock before scaling ads.
2026-09-27,GR-FACEWASH-150ML,Ubtan Face Wash,Skin,150 ml,Image,743.29,25.62,58,13.06,0,0.0,4.765,12.882,4.434,6.452,43,23.304632527777773,17322.10031157194,6705.213133975934,CRITICAL,71.83,PROTECT_INVENTORY,0,743.29,743.29,60,Inventory is critical with 0.0 days remaining. Protect stock before scaling ads.
2026-09-28,GR-FACEWASH-150ML,Ubtan Face Wash,Skin,150 ml,Influencer Video,694.13,15.377,32,5.26,0,0.0,5.041,8.462,2.381,0.0,43,23.84123982142855,16548.9197972482,6421.905512816726,CRITICAL,66.85,PROTECT_INVENTORY,0,694.13,694.13,45,Inventory is critical with 0.0 days remaining. Protect stock before scaling ads.
2026-09-01,GR-HAIROIL-150ML,Onion Hair Oil,Hair,150 ml,Video,832.72,19.34,42,-0.77,1062,25.62,4.142,13.68,4.468,6.667,45,17.33563654172678,14435.731261026725,5663.359067462025,STRONG,83.76,MAINTAIN,0,832.72,832.72,90,Predicted ROAS is 17.34 and predicted profit is ₹5663.36. Signals are within acceptable range. Maintain current budget.
2026-09-02,GR-HAIROIL-150ML,Onion Hair Oil,Hair,150 ml,Video,720.49,18.869,34,3.39,1026,28.44,4.546,15.673,4.885,5.556,45,23.324301064553108,16804.925673999867,6841.726553299941,STRONG,87.62,INCREASE_BUDGET,15,720.49,828.56,90,Predicted ROAS is 23.32 with predicted profit of ₹6841.73. Sales growth is 3.4%. Inventory is sufficient. Scale budget.
2026-09-03,GR-HAIROIL-150ML,Onion Hair Oil,Hair,150 ml,Video,821.59,24.639,46,6.59,975,19.37,4.615,15.426,4.398,2.128,45,13.39890591666667,11008.40711207417,4132.193200433377,STRONG,82.28,INCREASE_BUDGET,15,821.59,944.83,90,Predicted ROAS is 13.4 with predicted profit of ₹4132.19. Sales growth is 6.6%. Inventory is sufficient. Scale budget.
2026-09-04,GR-HAIROIL-150ML,Onion Hair Oil,Hair,150 ml,Video,925.66,7.506,15,0.88,957,51.99,4.23,8.373,1.752,6.25,45,18.23170768502538,16876.362535720593,6668.703141074267,STRONG,84.58,RETARGET,0,925.66,925.66,90,High add-to-cart activity but weak purchase conversion. Retarget high-intent users.
2026-09-05,GR-HAIROIL-150ML,Onion Hair Oil,Hair,150 ml,Image,712.95,24.904,46,12.26,901,16.0,3.984,14.146,4.55,6.122,45,17.753289805555553,12657.207966870832,4982.793585091875,STRONG,82.31,INCREASE_BUDGET,15,712.95,819.89,90,Predicted ROAS is 17.75 with predicted profit of ₹4982.79. Sales growth is 12.3%. Inventory is sufficient. Scale budget.
2026-09-06,GR-HAIROIL-150ML,Onion Hair Oil,Hair,150 ml,Carousel,758.32,15.537,29,-5.08,865,24.03,3.833,11.97,3.197,6.452,45,21.26104584245115,16122.676283247558,6496.884327461401,STRONG,79.81,MAINTAIN,0,758.32,758.32,90,Predicted ROAS is 21.26 and predicted profit is ₹6496.88. Signals are within acceptable range. Maintain current budget.
2026-09-07,GR-HAIROIL-150ML,Onion Hair Oil,Hair,150 ml,Video,692.7,20.997,38,15.8,822,19.23,4.342,14.423,4.91,7.317,45,22.30463861904762,15450.423171414286,6259.9904271364285,STRONG,86.16,INCREASE_BUDGET,15,692.7,796.6,90,Predicted ROAS is 22.3 with predicted profit of ₹6259.99. Sales growth is 15.8%. Inventory is sufficient. Scale budget.
2026-09-08,GR-HAIROIL-150ML,Onion Hair Oil,Hair,150 ml,Video,726.47,21.695,39,8.7,775,16.48,5.061,13.559,3.153,7.143,45,24.618042764550264,17884.269527162833,7321.451287223275,STRONG,79.9,INCREASE_BUDGET,15,726.47,835.44,90,Predicted ROAS is 24.62 with predicted profit of ₹7321.45. Sales growth is 8.7%. Inventory is sufficient. Scale budget.
2026-09-09,GR-HAIROIL-150ML,Onion Hair Oil,Hair,150 ml,Image,756.58,29.866,53,-3.24,715,11.95,5.209,13.333,3.964,3.636,45,18.22110325949976,13785.72230407233,5446.995036832548,HEALTHY,73.22,MAINTAIN,0,756.58,756.58,80,Predicted ROAS is 18.22 and predicted profit is ₹5447.0. Signals are within acceptable range. Maintain current budget.
2026-09-10,GR-HAIROIL-150ML,Onion Hair Oil,Hair,150 ml,Influencer Video,815.4,19.658,34,-0.64,669,14.71,3.753,13.744,4.421,8.108,45,15.920645686267425,12981.69449258246,5026.362521662107,HEALTHY,76.49,MAINTAIN,0,815.4,815.4,80,Predicted ROAS is 15.92 and predicted profit is ₹5026.36. Signals are within acceptable range. Maintain current budget.
2026-09-11,GR-HAIROIL-150ML,Onion Hair Oil,Hair,150 ml,Image,639.82,14.311,24,2.7,640,21.84,3.588,13.035,4.047,7.692,45,25.760237618807125,16481.915233265176,6777.0418549693295,STRONG,82.12,INCREASE_BUDGET,15,639.82,735.79,90,Predicted ROAS is 25.76 with predicted profit of ₹6777.04. Sales growth is 2.7%. Inventory is sufficient. Scale budget.
2026-09-12,GR-HAIROIL-150ML,Onion Hair Oil,Hair,150 ml,Carousel,683.81,24.657,42,3.87,587,11.04,3.63,13.155,3.797,6.667,45,22.0526670044545,15079.83422431603,6102.1154009422135,HEALTHY,75.11,INCREASE_BUDGET,15,683.81,786.38,80,Predicted ROAS is 22.05 with predicted profit of ₹6102.12. Sales growth is 3.9%. Inventory is sufficient. Scale budget.
2026-09-13,GR-HAIROIL-150ML,Onion Hair Oil,Hair,150 ml,Influencer Video,696.84,25.033,46,7.05,527,8.78,4.085,17.064,4.68,8.0,45,16.14742252006577,11252.169908882632,4366.6364589971845,HEALTHY,75.68,INCREASE_BUDGET,15,696.84,801.37,80,Predicted ROAS is 16.15 with predicted profit of ₹4366.64. Sales growth is 7.0%. Inventory is sufficient. Scale budget.
2026-09-14,GR-HAIROIL-150ML,Onion Hair Oil,Hair,150 ml,Influencer Video,919.34,16.172,39,14.4,480,10.33,3.92,15.762,4.343,7.143,45,15.973235291708301,14684.83413307911,5688.835359885599,HEALTHY,79.13,INCREASE_BUDGET,15,919.34,1057.24,80,Predicted ROAS is 15.97 with predicted profit of ₹5688.84. Sales growth is 14.4%. Inventory is sufficient. Scale budget.
2026-09-15,GR-HAIROIL-150ML,Onion Hair Oil,Hair,150 ml,Image,778.36,14.545,24,-1.07,450,14.87,4.263,11.072,3.23,4.0,45,21.082478706950457,16409.75812634196,6606.031156853883,HEALTHY,75.24,MAINTAIN,0,778.36,778.36,80,Predicted ROAS is 21.08 and predicted profit is ₹6606.03. Signals are within acceptable range. Maintain current budget.
2026-09-16,GR-HAIROIL-150ML,Onion Hair Oil,Hair,150 ml,Video,472.32,21.748,27,9.99,417,12.43,4.15,10.909,3.557,12.903,45,19.28949916741593,9110.816246753891,3627.547311039251,HEALTHY,78.09,FIX_PAYMENT,0,472.32,472.32,80,Payment failure rate is 12.9%. Fix payment issues before increasing spend.
2026-09-17,GR-HAIROIL-150ML,Onion Hair Oil,Hair,150 ml,Video,868.92,15.731,35,2.02,374,8.78,4.31,14.962,4.348,2.439,45,16.025840077327352,13925.172959991281,5397.407831996076,HEALTHY,73.46,INCREASE_BUDGET,15,868.92,999.26,80,Predicted ROAS is 16.03 with predicted profit of ₹5397.41. Sales growth is 2.0%. Inventory is sufficient. Scale budget.
2026-09-18,GR-HAIROIL-150ML,Onion Hair Oil,Hair,150 ml,Image,782.78,16.019,31,3.45,339,9.65,4.25,11.402,3.226,6.061,45,18.83693991695994,14745.1798281979,5852.550922689055,HEALTHY,73.45,INCREASE_BUDGET,15,782.78,900.2,80,Predicted ROAS is 18.84 with predicted profit of ₹5852.55. Sales growth is 3.5%. Inventory is sufficient. Scale budget.
2026-09-19,GR-HAIROIL-150ML,Onion Hair Oil,Hair,150 ml,Video,643.62,17.751,30,7.38,304,8.83,3.662,15.403,5.484,3.226,45,21.45293486507935,13807.537937862371,5569.772072038068,HEALTHY,76.64,INCREASE_BUDGET,15,643.62,740.16,80,Predicted ROAS is 21.45 with predicted profit of ₹5569.77. Sales growth is 7.4%. Inventory is sufficient. Scale budget.
2026-09-20,GR-HAIROIL-150ML,Onion Hair Oil,Hair,150 ml,Video,659.79,23.473,42,5.03,258,5.51,4.422,13.018,5.018,4.545,45,14.963898833333335,9873.030811245,3783.07386506025,LOW,73.08,MAINTAIN,0,659.79,659.79,80,Predicted ROAS is 14.96 and predicted profit is ₹3783.07. Signals are within acceptable range. Maintain current budget.
2026-09-21,GR-HAIROIL-150ML,Onion Hair Oil,Hair,150 ml,Influencer Video,759.17,11.396,23,7.74,229,7.86,3.563,10.927,3.054,8.0,45,11.287600465329989,8569.207645264567,3096.973440369055,HEALTHY,73.7,INCREASE_BUDGET,15,759.17,873.05,80,Predicted ROAS is 11.29 with predicted profit of ₹3096.97. Sales growth is 7.7%. Inventory is sufficient. Scale budget.
2026-09-22,GR-HAIROIL-150ML,Onion Hair Oil,Hair,150 ml,Video,826.89,8.411,18,-3.66,205,8.77,4.575,10.757,2.542,0.0,45,14.473460606571871,11967.959840968215,4558.691928435696,HEALTHY,69.52,RETARGET,0,826.89,826.89,65,High add-to-cart activity but weak purchase conversion. Retarget high-intent users.
2026-09-23,GR-HAIROIL-150ML,Onion Hair Oil,Hair,150 ml,Video,680.83,19.65,33,14.43,170,4.87,4.232,14.524,4.514,8.333,45,22.01723171103896,14989.991865826656,6064.666339621996,LOW,75.67,MAINTAIN,0,680.83,680.83,80,Predicted ROAS is 22.02 and predicted profit is ₹6064.67. Signals are within acceptable range. Maintain current budget.
2026-09-24,GR-HAIROIL-150ML,Onion Hair Oil,Hair,150 ml,Video,567.58,16.746,24,9.16,145,5.83,4.237,14.453,3.625,7.692,45,24.989106611111115,14183.317130334448,5814.912708650501,LOW,73.45,MAINTAIN,0,567.58,567.58,80,Predicted ROAS is 24.99 and predicted profit is ₹5814.91. Signals are within acceptable range. Maintain current budget.
2026-09-25,GR-HAIROIL-150ML,Onion Hair Oil,Hair,150 ml,Image,721.56,22.286,41,6.34,91,1.69,4.223,14.266,4.137,4.651,45,20.264860020541537,14622.31239642195,5858.480578389877,CRITICAL,70.14,PROTECT_INVENTORY,0,721.56,721.56,60,Inventory is critical with 1.7 days remaining. Protect stock before scaling ads.
2026-09-26,GR-HAIROIL-150ML,Onion Hair Oil,Hair,150 ml,Influencer Video,713.01,35.165,68,3.84,10,0.12,4.847,18.227,5.729,4.225,45,16.632354116287093,11859.03480845386,4623.555663804237,CRITICAL,69.75,PROTECT_INVENTORY,0,713.01,713.01,45,Inventory is critical with 0.1 days remaining. Protect stock before scaling ads.
2026-09-27,GR-HAIROIL-150ML,Onion Hair Oil,Hair,150 ml,Video,785.85,27.165,50,16.99,0,0.0,4.676,12.0,4.496,3.846,45,18.928124714285715,14874.66680672143,5907.750063024644,CRITICAL,73.37,PROTECT_INVENTORY,0,785.85,785.85,60,Inventory is critical with 0.0 days remaining. Protect stock before scaling ads.
2026-09-28,GR-HAIROIL-150ML,Onion Hair Oil,Hair,150 ml,Video,766.37,14.995,24,5.61,0,0.0,4.869,14.44,2.348,7.692,45,20.03976513095237,15357.874803407969,6144.673661533586,CRITICAL,66.95,PROTECT_INVENTORY,0,766.37,766.37,45,Inventory is critical with 0.0 days remaining. Protect stock before scaling ads.
2026-09-01,GR-HAIROIL-250ML,Onion Hair Oil,Hair,250 ml,Influencer Video,1383.65,12.013,21,-2.23,567,21.47,3.306,13.861,4.384,4.0,48,14.069664863492292,19467.491788371113,7960.7460584181335,STRONG,80.36,MAINTAIN,0,1383.65,1383.65,90,Predicted ROAS is 14.07 and predicted profit is ₹7960.75. Signals are within acceptable range. Maintain current budget.
2026-09-02,GR-HAIROIL-250ML,Onion Hair Oil,Hair,250 ml,Video,1297.44,18.214,39,0.36,517,10.33,3.699,16.971,4.167,4.878,48,10.45698966402116,13567.316669687614,5214.872001450054,HEALTHY,73.69,INCREASE_BUDGET,15,1297.44,1492.06,80,Predicted ROAS is 10.46 with predicted profit of ₹5214.87. Sales growth is 0.4%. Inventory is sufficient. Scale budget.
2026-09-03,GR-HAIROIL-250ML,Onion Hair Oil,Hair,250 ml,Video,1570.48,10.24,24,7.62,485,15.07,3.413,9.842,3.54,7.692,48,8.389711373760818,13175.87391826389,4753.939480766667,STRONG,73.31,INCREASE_BUDGET,15,1570.48,1806.05,90,Predicted ROAS is 8.39 with predicted profit of ₹4753.94. Sales growth is 7.6%. Inventory is sufficient. Scale budget.
2026-09-04,GR-HAIROIL-250ML,Onion Hair Oil,Hair,250 ml,Influencer Video,1572.84,8.237,20,-14.51,459,17.37,3.554,13.902,3.745,9.091,48,8.062391345130983,12680.851603275814,4513.9687695723915,STRONG,65.6,MAINTAIN,0,1572.84,1572.84,75,Predicted ROAS is 8.06 and predicted profit is ₹4513.97. Signals are within acceptable range. Maintain current budget.
2026-09-05,GR-HAIROIL-250ML,Onion Hair Oil,Hair,250 ml,Image,1644.64,5.641,15,0.31,439,22.15,3.206,9.916,2.604,0.0,48,7.492657781309868,12322.724693453461,4270.267852857661,STRONG,71.21,RETARGET,0,1644.64,1644.64,75,High add-to-cart activity but weak purchase conversion. Retarget high-intent users.
2026-09-06,GR-HAIROIL-250ML,Onion Hair Oil,Hair,250 ml,Image,1780.95,5.951,19,4.8,418,20.56,3.522,10.807,2.402,0.0,48,11.835739825132293,21078.86084156936,8336.903203953292,STRONG,80.41,RETARGET,0,1780.95,1780.95,90,High add-to-cart activity but weak purchase conversion. Retarget high-intent users.
2026-09-07,GR-HAIROIL-250ML,Onion Hair Oil,Hair,250 ml,Carousel,1726.64,14.448,35,5.69,374,8.39,3.791,13.765,3.933,2.778,48,10.499935575396828,18129.60876190318,6975.572205713525,HEALTHY,74.16,INCREASE_BUDGET,15,1726.64,1985.64,80,Predicted ROAS is 10.5 with predicted profit of ₹6975.57. Sales growth is 5.7%. Inventory is sufficient. Scale budget.
2026-09-08,GR-HAIROIL-250ML,Onion Hair Oil,Hair,250 ml,Influencer Video,1800.32,4.207,13,-4.05,360,25.15,3.57,11.779,2.982,7.143,48,10.119981645224078,18219.20535552981,6944.89857065431,STRONG,80.73,RETARGET,0,1800.32,1800.32,90,High add-to-cart activity but weak purchase conversion. Retarget high-intent users.
2026-09-09,GR-HAIROIL-250ML,Onion Hair Oil,Hair,250 ml,Influencer Video,1575.0,11.053,27,-3.58,328,10.23,3.361,13.204,4.206,6.897,48,9.575668573562055,15081.678003360237,5664.205441612913,HEALTHY,70.7,MAINTAIN,0,1575.0,1575.0,80,Predicted ROAS is 9.58 and predicted profit is ₹5664.21. Signals are within acceptable range. Maintain current budget.
2026-09-10,GR-HAIROIL-250ML,Onion Hair Oil,Hair,250 ml,Video,1727.91,9.787,30,7.42,286,6.91,2.846,13.196,5.128,3.226,48,7.51824055308538,12990.84303408176,4507.694656359245,LOW,66.33,MAINTAIN,0,1727.91,1727.91,50,Predicted ROAS is 7.52 and predicted profit is ₹4507.69. Signals are within acceptable range. Maintain current budget.
2026-09-11,GR-HAIROIL-250ML,Onion Hair Oil,Hair,250 ml,Video,1731.27,5.235,15,-4.29,267,13.75,3.302,12.853,3.132,6.25,48,9.304933177239127,16109.351661758783,6001.2187976442165,HEALTHY,70.76,MAINTAIN,0,1731.27,1731.27,80,Predicted ROAS is 9.3 and predicted profit is ₹6001.22. Signals are within acceptable range. Maintain current budget.
2026-09-12,GR-HAIROIL-250ML,Onion Hair Oil,Hair,250 ml,Image,1622.64,9.91,28,2.6,233,7.02,3.487,13.153,4.328,12.5,48,12.707692893815835,20620.01079722133,8274.96518266624,HEALTHY,72.48,FIX_PAYMENT,0,1622.64,1622.64,80,Payment failure rate is 12.5%. Fix payment issues before increasing spend.
2026-09-13,GR-HAIROIL-250ML,Onion Hair Oil,Hair,250 ml,Image,1632.55,16.413,38,0.21,192,4.65,3.441,17.577,5.241,6.0,48,13.272467793650799,21667.96729652461,8768.074302331814,LOW,70.92,MAINTAIN,0,1632.55,1632.55,80,Predicted ROAS is 13.27 and predicted profit is ₹8768.07. Signals are within acceptable range. Maintain current budget.
2026-09-14,GR-HAIROIL-250ML,Onion Hair Oil,Hair,250 ml,Influencer Video,1325.32,12.233,28,-1.11,160,5.0,3.834,10.642,3.955,6.667,48,13.423121502922722,17789.93139025354,7213.8470673217,LOW,69.37,MAINTAIN,0,1325.32,1325.32,65,Predicted ROAS is 13.42 and predicted profit is ₹7213.85. Signals are within acceptable range. Maintain current budget.
2026-09-15,GR-HAIROIL-250ML,Onion Hair Oil,Hair,250 ml,Influencer Video,1783.93,15.289,47,-0.58,103,1.78,3.683,14.779,4.767,7.692,48,11.374291009144233,20290.938959942672,7955.720700772483,CRITICAL,68.24,PROTECT_INVENTORY,0,1783.93,1783.93,45,Inventory is critical with 1.8 days remaining. Protect stock before scaling ads.
2026-09-16,GR-HAIROIL-250ML,Onion Hair Oil,Hair,250 ml,Image,1327.46,9.315,21,-0.37,79,3.42,3.502,11.392,3.608,4.545,48,8.9586872272648,11892.298946704932,4380.843494418367,LOW,64.6,MAINTAIN,0,1327.46,1327.46,65,Predicted ROAS is 8.96 and predicted profit is ₹4380.84. Signals are within acceptable range. Maintain current budget.
2026-09-17,GR-HAIROIL-250ML,Onion Hair Oil,Hair,250 ml,Video,1813.93,9.216,30,4.62,42,1.15,3.063,16.255,4.823,2.632,48,10.053294875307055,18235.973173165727,6939.337123119549,CRITICAL,69.82,PROTECT_INVENTORY,0,1813.93,1813.93,45,Inventory is critical with 1.1 days remaining. Protect stock before scaling ads.
2026-09-18,GR-HAIROIL-250ML,Onion Hair Oil,Hair,250 ml,Video,1543.54,11.181,24,7.55,18,0.74,3.286,13.528,3.571,7.692,48,7.572549054966949,11688.532368303684,4066.9555367857683,CRITICAL,60.9,PROTECT_INVENTORY,0,1543.54,1543.54,30,Inventory is critical with 0.7 days remaining. Protect stock before scaling ads.
2026-09-19,GR-HAIROIL-250ML,Onion Hair Oil,Hair,250 ml,Video,1453.9,6.404,14,13.22,0,0.03,3.972,10.557,1.777,6.667,48,11.201796962416635,16286.292603657546,6363.520449755622,CRITICAL,69.25,PROTECT_INVENTORY,0,1453.9,1453.9,45,Inventory is critical with 0.0 days remaining. Protect stock before scaling ads.
2026-09-20,GR-HAIROIL-250ML,Onion Hair Oil,Hair,250 ml,Video,1398.24,12.31,25,-0.38,0,0.0,3.668,10.537,3.765,3.846,48,17.044480882195625,23832.27494872121,10041.25197538618,CRITICAL,66.12,PROTECT_INVENTORY,0,1398.24,1398.24,45,Inventory is critical with 0.0 days remaining. Protect stock before scaling ads.
2026-09-21,GR-HAIROIL-250ML,Onion Hair Oil,Hair,250 ml,Image,1320.64,20.337,41,8.74,0,0.0,3.434,14.181,4.622,4.651,48,15.796069138888889,20860.920747582222,8692.601958839468,CRITICAL,70.4,PROTECT_INVENTORY,0,1320.64,1320.64,60,Inventory is critical with 0.0 days remaining. Protect stock before scaling ads.
2026-09-22,GR-HAIROIL-250ML,Onion Hair Oil,Hair,250 ml,Video,2128.72,12.24,45,15.46,0,0.0,4.109,13.752,4.106,4.255,48,13.136944937489215,27964.877427332038,11294.421165119378,CRITICAL,72.4,PROTECT_INVENTORY,0,2128.72,2128.72,60,Inventory is critical with 0.0 days remaining. Protect stock before scaling ads.
2026-09-23,GR-HAIROIL-250ML,Onion Hair Oil,Hair,250 ml,Video,1463.95,7.542,20,5.95,0,0.0,3.463,14.035,4.608,0.0,48,9.113418773582769,13341.589413586495,4940.012918521517,CRITICAL,66.24,PROTECT_INVENTORY,0,1463.95,1463.95,45,Inventory is critical with 0.0 days remaining. Protect stock before scaling ads.
2026-09-24,GR-HAIROIL-250ML,Onion Hair Oil,Hair,250 ml,Image,1500.52,16.762,33,3.71,0,0.0,3.882,13.51,3.477,8.333,48,19.376767547619053,29075.22724055334,12455.589075465603,CRITICAL,67.37,PROTECT_INVENTORY,0,1500.52,1500.52,45,Inventory is critical with 0.0 days remaining. Protect stock before scaling ads.
2026-09-25,GR-HAIROIL-250ML,Onion Hair Oil,Hair,250 ml,Influencer Video,1760.49,18.002,42,-2.26,0,0.0,3.382,12.08,3.86,4.545,48,14.870967605705088,26180.189760167752,10806.001084880521,CRITICAL,65.51,PROTECT_INVENTORY,0,1760.49,1760.49,45,Inventory is critical with 0.0 days remaining. Protect stock before scaling ads.
2026-09-26,GR-HAIROIL-250ML,Onion Hair Oil,Hair,250 ml,Influencer Video,1817.1,8.008,26,17.6,0,0.0,3.877,8.747,2.992,3.704,48,8.47781978326197,15405.046328165323,5577.3222375193545,CRITICAL,66.76,PROTECT_INVENTORY,0,1817.1,1817.1,45,Inventory is critical with 0.0 days remaining. Protect stock before scaling ads.
2026-09-27,GR-HAIROIL-250ML,Onion Hair Oil,Hair,250 ml,Influencer Video,1625.22,16.342,43,16.07,0,0.0,3.418,16.837,5.212,10.417,48,17.621091054232817,28638.14960316026,12121.091809516925,CRITICAL,73.74,PROTECT_INVENTORY,0,1625.22,1625.22,60,Inventory is critical with 0.0 days remaining. Protect stock before scaling ads.
2026-09-28,GR-HAIROIL-250ML,Onion Hair Oil,Hair,250 ml,Image,1551.66,8.586,19,2.93,0,0.0,3.263,11.139,3.777,5.0,48,8.758247256565976,13589.821938123163,4971.454530299118,CRITICAL,63.03,PROTECT_INVENTORY,0,1551.66,1551.66,45,Inventory is critical with 0.0 days remaining. Protect stock before scaling ads.
2026-09-01,GR-LIPBAL-CHERRY,Lip Balm,Lips,Cherry,Influencer Video,1234.28,6.137,38,-5.62,288,6.82,4.821,12.042,3.996,2.564,35,5.068582187906926,6256.04962288976,955.3373680114162,LOW,49.18,MAINTAIN,0,1234.28,1234.28,50,Predicted ROAS is 5.07 and predicted profit is ₹955.34. Signals are within acceptable range. Maintain current budget.
2026-09-02,GR-LIPBAL-CHERRY,Lip Balm,Lips,Cherry,Influencer Video,1582.22,3.896,32,8.19,253,7.31,5.214,11.891,3.941,5.556,35,6.7355355951818945,10657.099129408698,2147.7646952930445,HEALTHY,60.46,MAINTAIN,0,1582.22,1582.22,50,Predicted ROAS is 6.74 and predicted profit is ₹2147.76. Signals are within acceptable range. Maintain current budget.
2026-09-03,GR-LIPBAL-CHERRY,Lip Balm,Lips,Cherry,Influencer Video,1231.63,7.872,43,-2.98,209,4.74,4.732,11.157,3.782,6.25,35,5.747740162624624,7079.089216493367,1246.0512257726782,LOW,50.94,MAINTAIN,0,1231.63,1231.63,50,Predicted ROAS is 5.75 and predicted profit is ₹1246.05. Signals are within acceptable range. Maintain current budget.
2026-09-04,GR-LIPBAL-CHERRY,Lip Balm,Lips,Cherry,Video,1403.66,5.723,40,-3.28,169,4.24,5.682,15.746,3.108,3.571,35,7.530988379685366,10570.947149029162,2296.1715021602067,LOW,56.06,MAINTAIN,0,1403.66,1403.66,50,Predicted ROAS is 7.53 and predicted profit is ₹2296.17. Signals are within acceptable range. Maintain current budget.
2026-09-05,GR-LIPBAL-CHERRY,Lip Balm,Lips,Cherry,Influencer Video,1447.87,7.977,58,-2.39,109,1.83,5.164,12.479,3.754,3.333,35,6.009252382913873,8700.616247649508,1597.3456866773276,CRITICAL,50.11,PROTECT_INVENTORY,0,1447.87,1447.87,30,Inventory is critical with 1.8 days remaining. Protect stock before scaling ads.
2026-09-06,GR-LIPBAL-CHERRY,Lip Balm,Lips,Cherry,Image,1577.54,4.858,38,2.15,62,1.32,4.245,12.801,2.74,11.628,35,6.094830694574029,9614.839213918314,1787.6537248714098,CRITICAL,50.76,PROTECT_INVENTORY,0,1577.54,1577.54,30,Inventory is critical with 1.3 days remaining. Protect stock before scaling ads.
2026-09-07,GR-LIPBAL-CHERRY,Lip Balm,Lips,Cherry,Carousel,1543.8,5.352,42,-0.72,18,0.4,5.908,16.861,4.321,7.407,35,6.6795410526183465,10311.875477032203,2065.356416961271,CRITICAL,52.7,PROTECT_INVENTORY,0,1543.8,1543.8,30,Inventory is critical with 0.4 days remaining. Protect stock before scaling ads.
2026-09-08,GR-LIPBAL-CHERRY,Lip Balm,Lips,Cherry,Video,1464.72,7.076,52,6.1,0,0.0,5.162,14.532,4.082,8.571,35,5.976617183263999,8754.070720670445,1599.2047522346559,CRITICAL,52.29,PROTECT_INVENTORY,0,1464.72,1464.72,30,Inventory is critical with 0.0 days remaining. Protect stock before scaling ads.
2026-09-09,GR-LIPBAL-CHERRY,Lip Balm,Lips,Cherry,Influencer Video,1574.7,5.761,45,4.66,0,0.0,4.196,16.608,3.695,4.839,35,5.810091487345802,9149.151065123435,1627.5028727932024,CRITICAL,50.78,PROTECT_INVENTORY,0,1574.7,1574.7,30,Inventory is critical with 0.0 days remaining. Protect stock before scaling ads.
2026-09-10,GR-LIPBAL-CHERRY,Lip Balm,Lips,Cherry,Image,1458.03,5.215,37,-3.91,0,0.0,3.899,11.338,3.704,2.439,35,5.998373891214357,8745.80908460727,1603.0031796125447,CRITICAL,48.23,PROTECT_INVENTORY,0,1458.03,1458.03,30,Inventory is critical with 0.0 days remaining. Protect stock before scaling ads.
2026-09-11,GR-LIPBAL-CHERRY,Lip Balm,Lips,Cherry,Influencer Video,1523.55,6.245,51,16.78,0,0.0,5.024,15.582,3.693,6.742,35,5.98697252758177,9121.451994397205,1668.958198039022,CRITICAL,55.94,PROTECT_INVENTORY,0,1523.55,1523.55,30,Inventory is critical with 0.0 days remaining. Protect stock before scaling ads.
2026-09-12,GR-LIPBAL-CHERRY,Lip Balm,Lips,Cherry,Image,1666.3,4.91,42,11.77,0,0.0,4.375,11.268,3.006,2.326,35,8.491498878346704,14149.384580989112,3285.984603346189,CRITICAL,62.14,PROTECT_INVENTORY,0,1666.3,1666.3,45,Inventory is critical with 0.0 days remaining. Protect stock before scaling ads.
2026-09-13,GR-LIPBAL-CHERRY,Lip Balm,Lips,Cherry,Influencer Video,1321.94,11.337,71,0.86,0,0.0,4.756,10.349,3.819,6.579,35,6.011081311967156,7946.2888295418625,1459.2610903396521,CRITICAL,50.18,PROTECT_INVENTORY,0,1321.94,1321.94,30,Inventory is critical with 0.0 days remaining. Protect stock before scaling ads.
2026-09-14,GR-LIPBAL-CHERRY,Lip Balm,Lips,Cherry,Video,1282.63,5.17,28,5.64,0,0.0,3.691,14.041,3.938,6.667,35,4.698148734950798,6025.986511909942,826.4652791684798,CRITICAL,47.5,PROTECT_INVENTORY,0,1282.63,1282.63,30,Inventory is critical with 0.0 days remaining. Protect stock before scaling ads.
2026-09-15,GR-LIPBAL-CHERRY,Lip Balm,Lips,Cherry,Video,1314.86,3.979,23,11.87,0,0.0,4.456,8.903,3.125,11.538,35,5.272245130777696,6932.264232654361,1111.4324814290264,CRITICAL,51.03,PROTECT_INVENTORY,0,1314.86,1314.86,30,Inventory is critical with 0.0 days remaining. Protect stock before scaling ads.
2026-09-16,GR-LIPBAL-CHERRY,Lip Balm,Lips,Cherry,Influencer Video,1603.34,4.87,39,4.67,0,0.0,5.006,10.888,3.143,4.878,35,7.998602275602998,12824.47897256531,2885.2276403978585,CRITICAL,57.89,PROTECT_INVENTORY,0,1603.34,1603.34,30,Inventory is critical with 0.0 days remaining. Protect stock before scaling ads.
2026-09-17,GR-LIPBAL-CHERRY,Lip Balm,Lips,Cherry,Carousel,1405.28,10.075,57,3.31,0,0.0,6.396,14.187,4.282,9.589,35,6.888325125720218,9680.025532672109,1982.728936435238,CRITICAL,54.63,PROTECT_INVENTORY,0,1405.28,1405.28,30,Inventory is critical with 0.0 days remaining. Protect stock before scaling ads.
2026-09-18,GR-LIPBAL-CHERRY,Lip Balm,Lips,Cherry,Image,1206.38,6.293,27,9.64,0,0.0,5.214,7.447,1.915,6.897,35,8.40866693354642,10144.047615291733,2344.036665352106,CRITICAL,59.96,PROTECT_INVENTORY,0,1206.38,1206.38,45,Inventory is critical with 0.0 days remaining. Protect stock before scaling ads.
2026-09-19,GR-LIPBAL-CHERRY,Lip Balm,Lips,Cherry,Video,1375.14,9.672,57,7.23,0,0.0,5.706,12.348,3.263,2.899,35,7.258656009709703,9981.668225192201,2118.44387881727,CRITICAL,56.38,PROTECT_INVENTORY,0,1375.14,1375.14,30,Inventory is critical with 0.0 days remaining. Protect stock before scaling ads.
2026-09-20,GR-LIPBAL-CHERRY,Lip Balm,Lips,Cherry,Video,1398.97,7.298,52,9.22,0,0.0,4.348,18.026,4.366,8.696,35,8.272518670843272,11573.005444949613,2651.5819057323642,CRITICAL,61.78,PROTECT_INVENTORY,0,1398.97,1398.97,45,Inventory is critical with 0.0 days remaining. Protect stock before scaling ads.
2026-09-21,GR-LIPBAL-CHERRY,Lip Balm,Lips,Cherry,Carousel,1117.34,10.094,57,4.94,0,0.0,4.944,15.904,3.642,10.0,35,6.234012943728489,6965.512022545589,1320.5892078909562,CRITICAL,52.31,PROTECT_INVENTORY,0,1117.34,1117.34,30,Inventory is critical with 0.0 days remaining. Protect stock before scaling ads.
2026-09-22,GR-LIPBAL-CHERRY,Lip Balm,Lips,Cherry,Image,1300.43,5.588,31,8.35,0,0.0,4.17,12.855,3.708,0.0,35,6.1297772246408675,7971.346196239724,1489.5411686839036,CRITICAL,53.29,PROTECT_INVENTORY,0,1300.43,1300.43,30,Inventory is critical with 0.0 days remaining. Protect stock before scaling ads.
2026-09-23,GR-LIPBAL-CHERRY,Lip Balm,Lips,Cherry,Carousel,1472.02,5.07,35,15.44,0,0.0,4.803,19.588,3.469,10.0,35,6.525104772122195,9605.084726659314,1889.7596543307595,CRITICAL,57.1,PROTECT_INVENTORY,0,1472.02,1472.02,30,Inventory is critical with 0.0 days remaining. Protect stock before scaling ads.
2026-09-24,GR-LIPBAL-CHERRY,Lip Balm,Lips,Cherry,Video,1580.89,4.073,35,9.82,0,0.0,4.528,15.789,2.859,7.895,35,6.342781779090173,10027.240286745864,1928.6441003610523,CRITICAL,53.74,PROTECT_INVENTORY,0,1580.89,1580.89,30,Inventory is critical with 0.0 days remaining. Protect stock before scaling ads.
2026-09-25,GR-LIPBAL-CHERRY,Lip Balm,Lips,Cherry,Image,1294.05,7.021,40,9.08,0,0.0,5.261,13.941,3.964,8.163,35,6.836573197997609,8846.867546868805,1802.3536414040816,CRITICAL,56.3,PROTECT_INVENTORY,0,1294.05,1294.05,30,Inventory is critical with 0.0 days remaining. Protect stock before scaling ads.
2026-09-26,GR-LIPBAL-CHERRY,Lip Balm,Lips,Cherry,Image,1626.53,3.621,25,6.66,0,0.0,4.44,9.117,2.723,7.407,35,6.004216570017168,9766.038377630024,1791.5834321705086,CRITICAL,51.24,PROTECT_INVENTORY,0,1626.53,1626.53,30,Inventory is critical with 0.0 days remaining. Protect stock before scaling ads.
2026-09-27,GR-LIPBAL-CHERRY,Lip Balm,Lips,Cherry,Carousel,1686.46,6.94,63,2.44,0,0.0,4.533,17.813,4.158,2.817,35,7.218434089144792,12173.600353979127,2574.3001238926945,CRITICAL,55.34,PROTECT_INVENTORY,0,1686.46,1686.46,30,Inventory is critical with 0.0 days remaining. Protect stock before scaling ads.
2026-09-28,GR-LIPBAL-CHERRY,Lip Balm,Lips,Cherry,Video,1401.77,8.941,49,23.46,0,0.0,4.736,16.618,3.807,7.5,35,6.87753473369545,9640.72186365227,1972.4826522782946,CRITICAL,60.38,PROTECT_INVENTORY,0,1401.77,1401.77,30,Inventory is critical with 0.0 days remaining. Protect stock before scaling ads.
2026-09-01,GR-LIPBAL-NATURAL,Lip Balm,Lips,Natural,Image,1856.43,3.506,34,-1.5,355,8.84,3.928,11.329,4.545,5.556,38,3.5409875286119754,6573.59547774113,641.536281541629,HEALTHY,48.77,DECREASE_BUDGET,-15,1856.43,1577.97,50,Predicted ROAS is 3.54 and predicted profit is ₹641.54. Reduce inefficient ad spend.
2026-09-02,GR-LIPBAL-NATURAL,Lip Balm,Lips,Natural,Influencer Video,2191.25,2.964,33,9.88,313,7.39,4.162,22.936,5.124,9.677,38,4.84058874205202,10606.940081021488,1839.3872307881657,HEALTHY,57.2,MAINTAIN,0,2191.25,2191.25,50,Predicted ROAS is 4.84 and predicted profit is ₹1839.39. Signals are within acceptable range. Maintain current budget.
2026-09-03,GR-LIPBAL-NATURAL,Lip Balm,Lips,Natural,Video,1869.02,4.784,37,3.64,263,5.26,3.98,11.75,3.624,5.128,38,3.735696393016945,6982.09127247653,784.1746835410818,LOW,48.07,DECREASE_BUDGET,-15,1869.02,1588.67,50,Predicted ROAS is 3.74 and predicted profit is ₹784.17. Reduce inefficient ad spend.
2026-09-04,GR-LIPBAL-NATURAL,Lip Balm,Lips,Natural,Influencer Video,2223.55,2.764,29,0.12,227,6.37,3.644,12.875,3.511,3.333,38,4.426203745271844,9841.88533779921,1516.3664283637004,LOW,49.79,MAINTAIN,0,2223.55,2223.55,50,Predicted ROAS is 4.43 and predicted profit is ₹1516.37. Signals are within acceptable range. Maintain current budget.
2026-09-05,GR-LIPBAL-NATURAL,Lip Balm,Lips,Natural,Carousel,1981.72,4.455,48,5.91,167,2.76,4.372,14.198,5.588,8.772,38,3.9921025386471936,7911.229442887917,1024.5471882974082,CRITICAL,50.12,PROTECT_INVENTORY,0,1981.72,1981.72,30,Inventory is critical with 2.8 days remaining. Protect stock before scaling ads.
2026-09-06,GR-LIPBAL-NATURAL,Lip Balm,Lips,Natural,Video,1915.47,3.406,34,13.38,129,3.45,4.433,12.975,3.37,5.556,38,3.701360599815276,7089.845188128166,778.6711714887031,LOW,50.14,DECREASE_BUDGET,-15,1915.47,1628.15,50,Predicted ROAS is 3.7 and predicted profit is ₹778.67. Reduce inefficient ad spend.
2026-09-07,GR-LIPBAL-NATURAL,Lip Balm,Lips,Natural,Image,2239.21,3.31,37,8.73,83,1.79,4.761,13.34,3.358,7.5,38,4.837829457855847,10832.91610032539,1877.2981181236482,CRITICAL,51.26,PROTECT_INVENTORY,0,2239.21,2239.21,30,Inventory is critical with 1.8 days remaining. Protect stock before scaling ads.
2026-09-08,GR-LIPBAL-NATURAL,Lip Balm,Lips,Natural,Image,1868.79,5.037,51,3.67,24,0.4,5.188,14.837,3.775,7.273,38,4.061894667465243,7590.828135612371,1015.7246915327005,CRITICAL,46.13,PROTECT_INVENTORY,0,1868.79,1868.79,30,Inventory is critical with 0.4 days remaining. Protect stock before scaling ads.
2026-09-09,GR-LIPBAL-NATURAL,Lip Balm,Lips,Natural,Video,2443.19,3.557,43,4.64,0,0.0,4.231,12.735,4.674,4.444,38,4.0798178841906365,9967.770256475722,1344.562697460774,CRITICAL,47.19,PROTECT_INVENTORY,0,2443.19,2443.19,30,Inventory is critical with 0.0 days remaining. Protect stock before scaling ads.
2026-09-10,GR-LIPBAL-NATURAL,Lip Balm,Lips,Natural,Image,2332.52,3.563,33,-10.91,0,0.0,5.037,10.452,3.182,0.0,38,4.029615134164606,9399.157892741627,1239.1599992418182,CRITICAL,39.69,PROTECT_INVENTORY,0,2332.52,2332.52,30,Inventory is critical with 0.0 days remaining. Protect stock before scaling ads.
2026-09-11,GR-LIPBAL-NATURAL,Lip Balm,Lips,Natural,Video,2055.14,3.516,38,9.71,0,0.0,4.63,14.058,4.19,5.0,38,4.466510952682944,9179.305319296824,1432.9960213327931,CRITICAL,49.96,PROTECT_INVENTORY,0,2055.14,2055.14,30,Inventory is critical with 0.0 days remaining. Protect stock before scaling ads.
2026-09-12,GR-LIPBAL-NATURAL,Lip Balm,Lips,Natural,Image,1815.96,4.485,44,5.75,0,0.0,4.359,11.215,4.179,2.222,38,4.238889489233207,7697.653756867935,1109.1484276098154,CRITICAL,47.67,PROTECT_INVENTORY,0,1815.96,1815.96,30,Inventory is critical with 0.0 days remaining. Protect stock before scaling ads.
2026-09-13,GR-LIPBAL-NATURAL,Lip Balm,Lips,Natural,Video,2109.64,3.774,33,8.12,0,0.0,4.002,11.303,4.231,5.714,38,3.5718657146134016,7535.350786177016,753.7932987472659,CRITICAL,46.28,PROTECT_INVENTORY,0,2109.64,2109.64,30,Inventory is critical with 0.0 days remaining. Protect stock before scaling ads.
2026-09-14,GR-LIPBAL-NATURAL,Lip Balm,Lips,Natural,Image,2089.39,3.033,31,7.05,0,0.0,4.357,13.644,4.084,8.824,38,5.135037880666814,10729.096797486432,1987.6667830448446,CRITICAL,51.2,PROTECT_INVENTORY,0,2089.39,2089.39,30,Inventory is critical with 0.0 days remaining. Protect stock before scaling ads.
2026-09-15,GR-LIPBAL-NATURAL,Lip Balm,Lips,Natural,Video,1844.25,6.19,57,-3.53,0,0.0,3.706,13.081,4.188,8.065,38,3.6931809876495345,6811.149036472654,743.9866338596084,CRITICAL,42.29,PROTECT_INVENTORY,0,1844.25,1844.25,30,Inventory is critical with 0.0 days remaining. Protect stock before scaling ads.
2026-09-16,GR-LIPBAL-NATURAL,Lip Balm,Lips,Natural,Image,2371.68,2.463,30,1.32,0,0.0,4.02,13.602,4.292,9.091,38,4.6148635440113654,10944.979570060874,1787.4122366231318,CRITICAL,47.44,PROTECT_INVENTORY,0,2371.68,2371.68,30,Inventory is critical with 0.0 days remaining. Protect stock before scaling ads.
2026-09-17,GR-LIPBAL-NATURAL,Lip Balm,Lips,Natural,Carousel,1899.41,4.484,46,8.26,0,0.0,4.108,12.873,3.633,9.804,38,4.734423690526336,8992.611702022628,1517.7824467685984,CRITICAL,49.8,PROTECT_INVENTORY,0,1899.41,1899.41,30,Inventory is critical with 0.0 days remaining. Protect stock before scaling ads.
2026-09-18,GR-LIPBAL-NATURAL,Lip Balm,Lips,Natural,Video,2006.46,4.816,43,9.58,0,0.0,4.253,12.455,4.783,4.444,38,4.742042425432147,9514.718444932585,1609.1330090743822,CRITICAL,51.47,PROTECT_INVENTORY,0,2006.46,2006.46,30,Inventory is critical with 0.0 days remaining. Protect stock before scaling ads.
2026-09-19,GR-LIPBAL-NATURAL,Lip Balm,Lips,Natural,Carousel,2036.13,5.311,51,5.03,0,0.0,4.001,15.45,4.013,10.526,38,4.367864211289356,8893.539356532596,1343.4149554823862,CRITICAL,47.69,PROTECT_INVENTORY,0,2036.13,2036.13,30,Inventory is critical with 0.0 days remaining. Protect stock before scaling ads.
2026-09-20,GR-LIPBAL-NATURAL,Lip Balm,Lips,Natural,Video,2600.62,4.011,44,8.75,0,0.0,4.88,11.693,3.823,6.383,38,3.4854175892553356,9064.24669096921,843.7937425682999,CRITICAL,45.8,PROTECT_INVENTORY,0,2600.62,2600.62,30,Inventory is critical with 0.0 days remaining. Protect stock before scaling ads.
2026-09-21,GR-LIPBAL-NATURAL,Lip Balm,Lips,Natural,Influencer Video,2202.47,2.512,29,-1.91,0,0.0,4.26,11.226,2.72,9.375,38,4.811469963206546,10597.11824986352,1824.434934948138,CRITICAL,45.34,PROTECT_INVENTORY,0,2202.47,2202.47,30,Inventory is critical with 0.0 days remaining. Protect stock before scaling ads.
2026-09-22,GR-LIPBAL-NATURAL,Lip Balm,Lips,Natural,Image,2127.77,4.378,43,4.62,0,0.0,5.099,17.634,3.49,2.273,38,4.822954662950707,10262.138243186626,1771.842532410918,CRITICAL,48.6,PROTECT_INVENTORY,0,2127.77,2127.77,30,Inventory is critical with 0.0 days remaining. Protect stock before scaling ads.
2026-09-23,GR-LIPBAL-NATURAL,Lip Balm,Lips,Natural,Carousel,2020.82,5.19,50,22.76,0,0.0,3.729,19.847,5.112,4.225,38,4.856823418630871,9814.765900837636,1708.7910423183018,CRITICAL,56.11,PROTECT_INVENTORY,0,2020.82,2020.82,30,Inventory is critical with 0.0 days remaining. Protect stock before scaling ads.
2026-09-24,GR-LIPBAL-NATURAL,Lip Balm,Lips,Natural,Carousel,2549.09,2.689,35,16.1,0,0.0,4.519,9.88,3.601,5.405,38,4.378560670336506,11161.345219148085,1692.2211832762714,CRITICAL,51.46,PROTECT_INVENTORY,0,2549.09,2549.09,30,Inventory is critical with 0.0 days remaining. Protect stock before scaling ads.
2026-09-25,GR-LIPBAL-NATURAL,Lip Balm,Lips,Natural,Carousel,1969.57,5.312,57,2.56,0,0.0,4.489,13.346,4.368,10.938,38,4.276665742056767,8423.192545582746,1231.2431673214435,CRITICAL,46.8,PROTECT_INVENTORY,0,1969.57,1969.57,30,Inventory is critical with 0.0 days remaining. Protect stock before scaling ads.
2026-09-26,GR-LIPBAL-NATURAL,Lip Balm,Lips,Natural,Image,2110.98,5.312,58,18.1,0,0.0,4.166,18.822,5.052,1.351,38,4.719331563301352,9962.414543497887,1674.737526529197,CRITICAL,54.86,PROTECT_INVENTORY,0,2110.98,2110.98,30,Inventory is critical with 0.0 days remaining. Protect stock before scaling ads.
2026-09-27,GR-LIPBAL-NATURAL,Lip Balm,Lips,Natural,Image,2319.32,3.429,40,-0.56,0,0.0,4.18,10.544,2.861,6.977,38,5.1300845958456796,11898.307804836802,2202.0369658379846,CRITICAL,47.11,PROTECT_INVENTORY,0,2319.32,2319.32,30,Inventory is critical with 0.0 days remaining. Protect stock before scaling ads.
2026-09-28,GR-LIPBAL-NATURAL,Lip Balm,Lips,Natural,Video,2521.73,2.447,31,12.67,0,0.0,3.749,13.968,2.508,3.125,38,4.94008396283778,12457.557931606914,2212.142014010627,CRITICAL,51.05,PROTECT_INVENTORY,0,2521.73,2521.73,30,Inventory is critical with 0.0 days remaining. Protect stock before scaling ads.
2026-09-01,GR-LIPBAL-STRAWB,Lip Balm,Lips,Strawberry,Video,1146.53,5.838,34,-8.54,513,12.14,3.64,13.153,4.645,5.556,35,4.100606845019746,4701.468766020489,498.98406810717097,HEALTHY,48.89,MAINTAIN,0,1146.53,1146.53,50,Predicted ROAS is 4.1 and predicted profit is ₹498.98. Signals are within acceptable range. Maintain current budget.
2026-09-02,GR-LIPBAL-STRAWB,Lip Balm,Lips,Strawberry,Image,1001.45,3.172,14,-6.73,499,35.39,2.905,12.042,2.887,6.667,35,3.9355026738650167,3941.209152742121,377.9732034597423,STRONG,59.14,RETARGET,0,1001.45,1001.45,60,High add-to-cart activity but weak purchase conversion. Retarget high-intent users.
2026-09-03,GR-LIPBAL-STRAWB,Lip Balm,Lips,Strawberry,Carousel,939.44,3.466,17,3.44,482,28.37,3.037,12.211,2.5,10.526,35,4.443959635247141,4174.833439736574,521.7517039078011,STRONG,63.26,FIX_PAYMENT,0,939.44,939.44,60,Payment failure rate is 10.5%. Fix payment issues before increasing spend.
2026-09-04,GR-LIPBAL-STRAWB,Lip Balm,Lips,Strawberry,Video,1277.96,2.777,19,10.04,459,19.85,3.169,9.981,2.861,5.0,35,5.027181279658871,6424.5365881528505,970.6278058534976,STRONG,62.45,RETARGET,0,1277.96,1277.96,60,High add-to-cart activity but weak purchase conversion. Retarget high-intent users.
2026-09-05,GR-LIPBAL-STRAWB,Lip Balm,Lips,Strawberry,Image,1068.77,5.388,30,-3.61,422,11.42,2.891,17.352,4.317,6.25,35,4.8613748846911555,5195.691635511366,749.7220724289782,HEALTHY,52.59,MAINTAIN,0,1068.77,1068.77,50,Predicted ROAS is 4.86 and predicted profit is ₹749.72. Signals are within acceptable range. Maintain current budget.
2026-09-06,GR-LIPBAL-STRAWB,Lip Balm,Lips,Strawberry,Video,1079.16,5.124,27,5.45,394,14.42,2.496,12.615,4.405,6.897,35,5.01868690961076,5415.966165375548,816.4281578814418,HEALTHY,58.63,MAINTAIN,0,1079.16,1079.16,50,Predicted ROAS is 5.02 and predicted profit is ₹816.43. Signals are within acceptable range. Maintain current budget.
2026-09-07,GR-LIPBAL-STRAWB,Lip Balm,Lips,Strawberry,Carousel,1301.35,5.24,30,2.53,353,8.46,3.185,9.618,3.33,6.25,35,5.242911662915252,6822.8630925347625,1086.652082387167,HEALTHY,53.27,MAINTAIN,0,1301.35,1301.35,50,Predicted ROAS is 5.24 and predicted profit is ₹1086.65. Signals are within acceptable range. Maintain current budget.
2026-09-08,GR-LIPBAL-STRAWB,Lip Balm,Lips,Strawberry,Video,1185.76,5.336,28,-0.39,316,8.66,2.715,15.603,4.904,3.226,35,4.688220363076335,5559.104177721394,759.926462202488,HEALTHY,51.94,MAINTAIN,0,1185.76,1185.76,50,Predicted ROAS is 4.69 and predicted profit is ₹759.93. Signals are within acceptable range. Maintain current budget.
2026-09-09,GR-LIPBAL-STRAWB,Lip Balm,Lips,Strawberry,Video,1248.05,5.145,31,-0.77,283,8.64,3.561,11.309,3.899,3.125,35,2.9563918204182604,3689.7248114730096,43.353684015553426,HEALTHY,44.72,DECREASE_BUDGET,-15,1248.05,1060.84,50,Predicted ROAS is 2.96 and predicted profit is ₹43.35. Reduce inefficient ad spend.
2026-09-10,GR-LIPBAL-STRAWB,Lip Balm,Lips,Strawberry,Video,1280.3,1.64,9,5.08,271,22.65,2.487,8.447,1.633,0.0,35,3.4312788491041903,4393.066310508095,257.2732086778333,STRONG,55.65,RETARGET,0,1280.3,1280.3,60,High add-to-cart activity but weak purchase conversion. Retarget high-intent users.
2026-09-11,GR-LIPBAL-STRAWB,Lip Balm,Lips,Strawberry,Influencer Video,1337.63,3.101,21,7.43,248,10.47,2.491,13.961,5.398,7.407,35,5.552643841226897,7427.3829813403345,1261.954043469117,HEALTHY,59.6,MAINTAIN,0,1337.63,1337.63,50,Predicted ROAS is 5.55 and predicted profit is ₹1261.95. Signals are within acceptable range. Maintain current budget.
2026-09-12,GR-LIPBAL-STRAWB,Lip Balm,Lips,Strawberry,Influencer Video,1031.97,6.234,33,14.54,211,5.84,2.916,11.853,4.412,2.941,35,4.700261787094297,4850.529156427701,665.7152047496954,LOW,55.21,MAINTAIN,0,1031.97,1031.97,50,Predicted ROAS is 4.7 and predicted profit is ₹665.72. Signals are within acceptable range. Maintain current budget.
2026-09-13,GR-LIPBAL-STRAWB,Lip Balm,Lips,Strawberry,Carousel,1085.78,3.715,18,16.13,192,10.07,3.1,7.704,2.1,5.263,35,4.653908730988966,5053.121021933199,682.8123576766195,HEALTHY,56.15,CHANGE_CREATIVE,0,1085.78,1085.78,50,CTR is strong but purchase conversion is weak. Test new creatives or landing-page messaging.
2026-09-14,GR-LIPBAL-STRAWB,Lip Balm,Lips,Strawberry,Video,1227.11,4.874,30,1.18,160,4.96,2.792,17.113,4.498,5.556,35,4.639448786759366,5693.114000720285,765.4799002520997,LOW,49.49,MAINTAIN,0,1227.11,1227.11,50,Predicted ROAS is 4.64 and predicted profit is ₹765.48. Signals are within acceptable range. Maintain current budget.
2026-09-15,GR-LIPBAL-STRAWB,Lip Balm,Lips,Strawberry,Image,1132.07,4.479,21,9.87,138,6.25,2.591,10.02,3.297,4.545,35,4.729497232726741,5354.121932252961,741.8726762885365,LOW,52.72,MAINTAIN,0,1132.07,1132.07,50,Predicted ROAS is 4.73 and predicted profit is ₹741.87. Signals are within acceptable range. Maintain current budget.
2026-09-16,GR-LIPBAL-STRAWB,Lip Balm,Lips,Strawberry,Influencer Video,1203.07,5.002,25,2.25,113,4.46,2.731,18.673,4.296,3.571,35,4.70796469595317,5664.01108676038,779.3338803661329,LOW,49.59,MAINTAIN,0,1203.07,1203.07,50,Predicted ROAS is 4.71 and predicted profit is ₹779.33. Signals are within acceptable range. Maintain current budget.
2026-09-17,GR-LIPBAL-STRAWB,Lip Balm,Lips,Strawberry,Carousel,760.05,4.689,19,4.7,92,4.4,2.301,13.506,3.525,0.0,35,7.246008195698606,5507.328529140726,1167.514985199254,LOW,58.58,MAINTAIN,0,760.05,760.05,50,Predicted ROAS is 7.25 and predicted profit is ₹1167.51. Signals are within acceptable range. Maintain current budget.
2026-09-18,GR-LIPBAL-STRAWB,Lip Balm,Lips,Strawberry,Image,1113.72,3.013,17,18.21,68,2.84,2.686,11.86,2.522,5.556,35,4.095505114690431,4561.245956333027,482.7160847165592,CRITICAL,50.58,PROTECT_INVENTORY,0,1113.72,1113.72,30,Inventory is critical with 2.8 days remaining. Protect stock before scaling ads.
2026-09-19,GR-LIPBAL-STRAWB,Lip Balm,Lips,Strawberry,Video,1430.92,3.648,27,3.62,30,0.81,3.593,8.207,2.957,3.571,35,5.860151016511284,8385.407292546326,1503.9725523912139,CRITICAL,50.37,PROTECT_INVENTORY,0,1430.92,1430.92,30,Inventory is critical with 0.8 days remaining. Protect stock before scaling ads.
2026-09-20,GR-LIPBAL-STRAWB,Lip Balm,Lips,Strawberry,Carousel,1072.74,7.004,33,6.22,0,0.0,2.499,12.881,4.577,8.333,35,5.9156274855966675,6345.930228898969,1148.3355801146392,CRITICAL,52.61,PROTECT_INVENTORY,0,1072.74,1072.74,30,Inventory is critical with 0.0 days remaining. Protect stock before scaling ads.
2026-09-21,GR-LIPBAL-STRAWB,Lip Balm,Lips,Strawberry,Influencer Video,1082.68,6.018,35,7.78,0,0.0,2.899,11.977,4.436,7.895,35,6.2182847420095975,6732.412524478951,1273.6643835676325,CRITICAL,54.12,PROTECT_INVENTORY,0,1082.68,1082.68,30,Inventory is critical with 0.0 days remaining. Protect stock before scaling ads.
2026-09-22,GR-LIPBAL-STRAWB,Lip Balm,Lips,Strawberry,Carousel,1276.81,7.387,43,13.53,0,0.0,3.153,16.364,4.352,10.417,35,5.948743967325111,7595.415784920375,1381.5855247221311,CRITICAL,55.25,PROTECT_INVENTORY,0,1276.81,1276.81,30,Inventory is critical with 0.0 days remaining. Protect stock before scaling ads.
2026-09-23,GR-LIPBAL-STRAWB,Lip Balm,Lips,Strawberry,Carousel,1124.48,5.332,32,-1.25,0,0.0,3.101,13.817,4.36,8.571,35,4.983739817378444,5604.115749845712,836.9605124459993,CRITICAL,46.33,PROTECT_INVENTORY,0,1124.48,1124.48,30,Inventory is critical with 0.0 days remaining. Protect stock before scaling ads.
2026-09-24,GR-LIPBAL-STRAWB,Lip Balm,Lips,Strawberry,Image,1242.37,5.727,37,10.35,0,0.0,3.373,15.782,3.957,11.905,35,5.5418147193572285,6884.984352887839,1167.374523510744,CRITICAL,52.23,PROTECT_INVENTORY,0,1242.37,1242.37,30,Inventory is critical with 0.0 days remaining. Protect stock before scaling ads.
2026-09-25,GR-LIPBAL-STRAWB,Lip Balm,Lips,Strawberry,Influencer Video,1490.69,5.249,42,8.91,0,0.0,3.398,17.963,5.116,4.444,35,6.060955319642737,9035.005485438232,1671.5619199033813,CRITICAL,54.67,PROTECT_INVENTORY,0,1490.69,1490.69,30,Inventory is critical with 0.0 days remaining. Protect stock before scaling ads.
2026-09-26,GR-LIPBAL-STRAWB,Lip Balm,Lips,Strawberry,Video,1143.72,5.432,32,12.91,0,0.0,2.667,11.675,3.922,5.882,35,5.155290283567646,5896.208603121988,919.953011092696,CRITICAL,51.81,PROTECT_INVENTORY,0,1143.72,1143.72,30,Inventory is critical with 0.0 days remaining. Protect stock before scaling ads.
2026-09-27,GR-LIPBAL-STRAWB,Lip Balm,Lips,Strawberry,Video,1274.55,3.85,23,10.16,0,0.0,3.045,10.448,3.605,7.692,35,5.046597809739901,6432.14123840399,976.6994334413969,CRITICAL,50.08,PROTECT_INVENTORY,0,1274.55,1274.55,30,Inventory is critical with 0.0 days remaining. Protect stock before scaling ads.
2026-09-28,GR-LIPBAL-STRAWB,Lip Balm,Lips,Strawberry,Image,1301.13,5.787,40,8.71,0,0.0,3.078,11.723,4.474,0.0,35,5.211142646894479,6780.374032153814,1072.000911253835,CRITICAL,50.98,PROTECT_INVENTORY,0,1301.13,1301.13,30,Inventory is critical with 0.0 days remaining. Protect stock before scaling ads.
2026-09-01,GR-MOIST-100G,Aloe Moisturizer,Skin,100 g,Image,2437.32,3.152,10,-2.65,748,51.22,3.861,11.191,2.874,8.333,49,8.466826652203912,20636.365935949638,7674.499308615323,STRONG,79.01,RETARGET,0,2437.32,2437.32,90,High add-to-cart activity but weak purchase conversion. Retarget high-intent users.
2026-09-02,GR-MOIST-100G,Aloe Moisturizer,Skin,100 g,Video,2451.84,9.052,33,2.46,716,22.3,3.927,15.006,3.008,5.882,49,5.1967897815455855,12741.69705798473,3791.591558412517,STRONG,64.49,MAINTAIN,0,2451.84,2451.84,60,Predicted ROAS is 5.2 and predicted profit is ₹3791.59. Signals are within acceptable range. Maintain current budget.
2026-09-03,GR-MOIST-100G,Aloe Moisturizer,Skin,100 g,Carousel,2060.84,4.216,14,-3.6,698,38.94,3.422,8.168,2.295,0.0,49,6.641198080404254,13686.446652020304,4645.518859489949,STRONG,71.69,RETARGET,0,2060.84,2060.84,75,High add-to-cart activity but weak purchase conversion. Retarget high-intent users.
2026-09-04,GR-MOIST-100G,Aloe Moisturizer,Skin,100 g,Image,2332.49,6.94,22,-1.31,671,24.67,4.022,10.478,3.39,4.348,49,6.227986350204592,14526.715881988708,4785.600782174467,STRONG,68.64,MAINTAIN,0,2332.49,2332.49,60,Predicted ROAS is 6.23 and predicted profit is ₹4785.6. Signals are within acceptable range. Maintain current budget.
2026-09-05,GR-MOIST-100G,Aloe Moisturizer,Skin,100 g,Image,2426.81,5.667,23,7.12,648,28.05,4.156,12.855,3.29,3.448,49,6.663014884716254,16169.871152378251,5496.426864665344,STRONG,75.48,MAINTAIN,0,2426.81,2426.81,75,Predicted ROAS is 6.66 and predicted profit is ₹5496.43. Signals are within acceptable range. Maintain current budget.
2026-09-06,GR-MOIST-100G,Aloe Moisturizer,Skin,100 g,Video,1873.36,6.977,20,4.63,624,26.31,3.35,14.522,3.135,5.882,49,5.730047124500551,10734.441081154351,3386.5161297656323,STRONG,69.97,MAINTAIN,0,1873.36,1873.36,60,Predicted ROAS is 5.73 and predicted profit is ₹3386.52. Signals are within acceptable range. Maintain current budget.
2026-09-07,GR-MOIST-100G,Aloe Moisturizer,Skin,100 g,Video,2309.72,4.07,15,1.55,605,32.12,3.12,7.795,2.874,0.0,49,6.714619919071651,15508.891919478172,5289.637040544305,STRONG,74.46,CHANGE_CREATIVE,0,2309.72,2309.72,75,CTR is strong but purchase conversion is weak. Test new creatives or landing-page messaging.
2026-09-08,GR-MOIST-100G,Aloe Moisturizer,Skin,100 g,Video,2325.54,7.307,28,6.08,569,15.75,4.035,13.68,3.04,2.439,49,5.959256418816847,13858.48917221533,4465.119694385511,STRONG,64.18,MAINTAIN,0,2325.54,2325.54,60,Predicted ROAS is 5.96 and predicted profit is ₹4465.12. Signals are within acceptable range. Maintain current budget.
2026-09-09,GR-MOIST-100G,Aloe Moisturizer,Skin,100 g,Video,1995.41,5.401,15,14.31,551,29.67,3.434,8.987,2.315,6.25,49,6.2147599677585355,12400.99418726506,4081.0771517598796,STRONG,76.71,RETARGET,0,1995.41,1995.41,75,High add-to-cart activity but weak purchase conversion. Retarget high-intent users.
2026-09-10,GR-MOIST-100G,Aloe Moisturizer,Skin,100 g,Influencer Video,2060.38,5.464,18,4.29,524,19.42,3.739,13.77,3.364,6.667,49,6.1243732706335345,12618.536199347922,4122.702737680482,STRONG,66.85,MAINTAIN,0,2060.38,2060.38,60,Predicted ROAS is 6.12 and predicted profit is ₹4122.7. Signals are within acceptable range. Maintain current budget.
2026-09-11,GR-MOIST-100G,Aloe Moisturizer,Skin,100 g,Image,2234.35,5.389,20,-0.82,497,18.82,3.515,11.063,3.279,4.762,49,6.781192828472529,15151.558196297594,5189.913516185821,STRONG,66.75,MAINTAIN,0,2234.35,2234.35,60,Predicted ROAS is 6.78 and predicted profit is ₹5189.91. Signals are within acceptable range. Maintain current budget.
2026-09-12,GR-MOIST-100G,Aloe Moisturizer,Skin,100 g,Image,2182.61,6.977,25,12.5,467,15.5,3.711,17.708,3.083,6.977,49,8.249825640555576,18006.151941333006,6640.404451253173,STRONG,74.48,INCREASE_BUDGET,15,2182.61,2510.0,90,Predicted ROAS is 8.25 with predicted profit of ₹6640.4. Sales growth is 12.5%. Inventory is sufficient. Scale budget.
2026-09-13,GR-MOIST-100G,Aloe Moisturizer,Skin,100 g,Image,2169.94,10.174,34,9.6,429,11.25,3.378,13.816,3.448,7.143,49,5.884814770940501,12769.694964054632,4087.2105323867695,HEALTHY,62.64,MAINTAIN,0,2169.94,2169.94,50,Predicted ROAS is 5.88 and predicted profit is ₹4087.21. Signals are within acceptable range. Maintain current budget.
2026-09-14,GR-MOIST-100G,Aloe Moisturizer,Skin,100 g,Influencer Video,1955.3,4.37,13,10.26,413,24.91,3.832,8.654,1.976,0.0,49,7.075651347871983,13835.021080494089,4823.860329442104,STRONG,74.69,RETARGET,0,1955.3,1955.3,75,High add-to-cart activity but weak purchase conversion. Retarget high-intent users.
2026-09-15,GR-MOIST-100G,Aloe Moisturizer,Skin,100 g,Video,2322.84,7.476,24,23.56,383,12.8,3.856,11.03,2.837,0.0,49,6.557935835068368,15233.035675130208,5141.347480813802,HEALTHY,69.32,RETARGET,0,2322.84,2322.84,50,High add-to-cart activity but weak purchase conversion. Retarget high-intent users.
2026-09-16,GR-MOIST-100G,Aloe Moisturizer,Skin,100 g,Influencer Video,2164.28,6.97,23,3.38,356,13.13,3.961,10.714,3.583,4.167,49,8.829661150627595,19109.859035080295,7199.550927189344,HEALTHY,72.01,INCREASE_BUDGET,15,2164.28,2488.92,80,Predicted ROAS is 8.83 with predicted profit of ₹7199.55. Sales growth is 3.4%. Inventory is sufficient. Scale budget.
2026-09-17,GR-MOIST-100G,Aloe Moisturizer,Skin,100 g,Video,2356.2,11.73,32,13.9,318,8.6,4.094,8.185,2.481,3.03,49,6.671985842997449,15720.533043270589,5346.861191202589,HEALTHY,64.28,RETARGET,0,2356.2,2356.2,50,High add-to-cart activity but weak purchase conversion. Retarget high-intent users.
2026-09-18,GR-MOIST-100G,Aloe Moisturizer,Skin,100 g,Video,2473.67,7.056,25,8.72,287,9.02,3.867,13.658,3.016,7.143,49,6.839130904366415,16917.75294420407,5816.028942659994,HEALTHY,63.74,MAINTAIN,0,2473.67,2473.67,50,Predicted ROAS is 6.84 and predicted profit is ₹5816.03. Signals are within acceptable range. Maintain current budget.
2026-09-19,GR-MOIST-100G,Aloe Moisturizer,Skin,100 g,Image,2187.66,7.345,25,7.15,259,9.21,3.85,10.065,2.806,10.714,49,6.763067530222262,14795.292313166034,5062.033233451357,HEALTHY,62.8,FIX_PAYMENT,0,2187.66,2187.66,50,Payment failure rate is 10.7%. Fix payment issues before increasing spend.
2026-09-20,GR-MOIST-100G,Aloe Moisturizer,Skin,100 g,Carousel,2212.86,7.329,20,2.44,238,11.45,3.333,11.693,2.865,5.714,49,4.976826297149332,11013.019839909872,3183.519721555837,HEALTHY,56.33,RETARGET,0,2212.86,2212.86,50,High add-to-cart activity but weak purchase conversion. Retarget high-intent users.
2026-09-21,GR-MOIST-100G,Aloe Moisturizer,Skin,100 g,Influencer Video,2364.59,2.515,8,9.1,228,23.6,3.188,6.948,1.636,11.111,49,7.764293850256819,18359.371595378772,6631.502081735598,STRONG,75.46,FIX_PAYMENT,0,2364.59,2364.59,75,Payment failure rate is 11.1%. Fix payment issues before increasing spend.
2026-09-22,GR-MOIST-100G,Aloe Moisturizer,Skin,100 g,Video,2175.29,8.909,31,9.2,196,6.08,3.976,11.757,3.333,9.756,49,6.544739315650462,14236.705985941293,4800.695933111233,LOW,61.24,MAINTAIN,0,2175.29,2175.29,50,Predicted ROAS is 6.54 and predicted profit is ₹4800.7. Signals are within acceptable range. Maintain current budget.
2026-09-23,GR-MOIST-100G,Aloe Moisturizer,Skin,100 g,Video,2562.68,5.496,19,3.92,171,6.81,3.531,10.751,2.632,5.0,49,7.183871350834963,18409.96343335774,6458.202082345293,LOW,61.29,RETARGET,0,2562.68,2562.68,50,High add-to-cart activity but weak purchase conversion. Retarget high-intent users.
2026-09-24,GR-MOIST-100G,Aloe Moisturizer,Skin,100 g,Influencer Video,2189.86,3.278,11,6.32,157,11.18,3.171,12.356,2.34,0.0,49,6.603861285906723,14461.531675555698,4896.2905210222925,HEALTHY,62.78,RETARGET,0,2189.86,2189.86,50,High add-to-cart activity but weak purchase conversion. Retarget high-intent users.
2026-09-25,GR-MOIST-100G,Aloe Moisturizer,Skin,100 g,Carousel,2425.77,2.971,12,16.94,143,9.96,3.838,7.673,2.143,0.0,49,6.596946878871395,16002.675830359864,5415.541156876332,HEALTHY,65.72,CHANGE_CREATIVE,0,2425.77,2425.77,50,CTR is strong but purchase conversion is weak. Test new creatives or landing-page messaging.
2026-09-26,GR-MOIST-100G,Aloe Moisturizer,Skin,100 g,Image,1619.02,8.895,23,21.17,115,4.14,3.527,12.588,2.7,10.638,49,8.382107224115193,13570.799237986981,5030.671626613621,LOW,69.8,FIX_PAYMENT,0,1619.02,1619.02,65,Payment failure rate is 10.6%. Fix payment issues before increasing spend.
2026-09-27,GR-MOIST-100G,Aloe Moisturizer,Skin,100 g,Video,2059.87,3.901,13,7.6,96,5.27,3.058,7.676,2.087,0.0,49,6.975834443308313,14369.312094737494,4981.092926421372,LOW,60.37,CHANGE_CREATIVE,0,2059.87,2059.87,50,CTR is strong but purchase conversion is weak. Test new creatives or landing-page messaging.
2026-09-28,GR-MOIST-100G,Aloe Moisturizer,Skin,100 g,Video,2317.35,2.817,10,10.85,82,5.84,3.617,6.413,1.815,0.0,49,6.585602448505486,15261.145834044188,5160.611458681651,LOW,60.33,CHANGE_CREATIVE,0,2317.35,2317.35,50,CTR is strong but purchase conversion is weak. Test new creatives or landing-page messaging.
2026-09-01,GR-MOIST-50G,Aloe Moisturizer,Skin,50 g,Image,2399.19,9.333,58,2.5,585,8.17,4.923,14.27,4.94,10.769,48,5.807142029737753,13932.437086326521,4288.379801436729,HEALTHY,59.15,FIX_PAYMENT,0,2399.19,2399.19,50,Payment failure rate is 10.8%. Fix payment issues before increasing spend.
2026-09-02,GR-MOIST-50G,Aloe Moisturizer,Skin,50 g,Carousel,2048.55,5.342,28,4.08,553,16.88,4.83,11.641,4.148,3.448,48,5.661844250516735,11598.571039396058,3518.7640989101074,STRONG,64.25,MAINTAIN,0,2048.55,2048.55,60,Predicted ROAS is 5.66 and predicted profit is ₹3518.76. Signals are within acceptable range. Maintain current budget.
2026-09-03,GR-MOIST-50G,Aloe Moisturizer,Skin,50 g,Influencer Video,2226.05,4.573,21,7.38,525,18.67,3.889,11.435,3.437,4.545,48,4.907008841065459,10923.247030653767,3017.1085747138086,STRONG,63.33,MAINTAIN,0,2226.05,2226.05,60,Predicted ROAS is 4.91 and predicted profit is ₹3017.11. Signals are within acceptable range. Maintain current budget.
2026-09-04,GR-MOIST-50G,Aloe Moisturizer,Skin,50 g,Image,2730.83,2.7,18,-4.73,502,22.61,4.478,10.063,2.835,5.263,48,4.868929441028913,13296.218585444985,3651.3549210135934,STRONG,60.68,RETARGET,0,2730.83,2730.83,60,High add-to-cart activity but weak purchase conversion. Retarget high-intent users.
2026-09-05,GR-MOIST-50G,Aloe Moisturizer,Skin,50 g,Influencer Video,2801.3,3.464,26,8.6,470,14.45,4.658,11.472,3.801,3.704,48,6.951992669354986,19474.617064664126,6546.516191038781,HEALTHY,68.49,MAINTAIN,0,2801.3,2801.3,50,Predicted ROAS is 6.95 and predicted profit is ₹6546.52. Signals are within acceptable range. Maintain current budget.
2026-09-06,GR-MOIST-50G,Aloe Moisturizer,Skin,50 g,Video,2594.75,7.374,51,0.13,410,6.9,4.345,11.77,3.837,3.774,48,5.6059871835058495,14546.135244401803,4387.394917312865,LOW,55.61,MAINTAIN,0,2594.75,2594.75,50,Predicted ROAS is 5.61 and predicted profit is ₹4387.39. Signals are within acceptable range. Maintain current budget.
2026-09-07,GR-MOIST-50G,Aloe Moisturizer,Skin,50 g,Carousel,2290.72,5.35,27,0.41,382,13.65,4.571,10.471,4.193,3.571,48,6.17740663593661,14150.70892907271,4501.620285954901,HEALTHY,62.57,MAINTAIN,0,2290.72,2290.72,50,Predicted ROAS is 6.18 and predicted profit is ₹4501.62. Signals are within acceptable range. Maintain current budget.
2026-09-08,GR-MOIST-50G,Aloe Moisturizer,Skin,50 g,Video,2365.73,5.91,38,15.57,342,8.5,4.569,15.023,4.378,5.0,48,5.259524643303938,12442.615234403425,3606.7253125136435,HEALTHY,61.79,MAINTAIN,0,2365.73,2365.73,50,Predicted ROAS is 5.26 and predicted profit is ₹3606.73. Signals are within acceptable range. Maintain current budget.
2026-09-09,GR-MOIST-50G,Aloe Moisturizer,Skin,50 g,Influencer Video,2672.98,3.234,23,1.36,317,12.86,4.532,11.901,2.55,4.167,48,6.994033099168851,18694.910593416356,6300.5770848398515,HEALTHY,63.61,RETARGET,0,2672.98,2672.98,50,High add-to-cart activity but weak purchase conversion. Retarget high-intent users.
2026-09-10,GR-MOIST-50G,Aloe Moisturizer,Skin,50 g,Influencer Video,2510.32,7.672,50,6.41,268,5.47,4.757,13.833,4.337,3.636,48,4.372563713164567,10976.534140431277,2758.4163874070123,LOW,53.19,MAINTAIN,0,2510.32,2510.32,50,Predicted ROAS is 4.37 and predicted profit is ₹2758.42. Signals are within acceptable range. Maintain current budget.
2026-09-11,GR-MOIST-50G,Aloe Moisturizer,Skin,50 g,Influencer Video,2634.84,1.946,13,-1.37,254,17.8,4.735,6.184,1.697,0.0,48,6.011221740508674,15838.607490761875,4967.6915955657,STRONG,61.59,CHANGE_CREATIVE,0,2634.84,2634.84,60,CTR is strong but purchase conversion is weak. Test new creatives or landing-page messaging.
2026-09-12,GR-MOIST-50G,Aloe Moisturizer,Skin,50 g,Carousel,2695.71,5.682,35,15.14,218,6.04,4.867,13.464,3.924,5.405,48,7.96682409365051,21476.24737749462,7612.8887411974165,LOW,69.01,MAINTAIN,0,2695.71,2695.71,50,Predicted ROAS is 7.97 and predicted profit is ₹7612.89. Signals are within acceptable range. Maintain current budget.
2026-09-13,GR-MOIST-50G,Aloe Moisturizer,Skin,50 g,Image,2028.26,10.341,48,-1.39,169,3.42,4.552,12.362,3.735,4.0,48,7.0659956327070965,14331.676301994496,4850.944624957358,LOW,57.72,MAINTAIN,0,2028.26,2028.26,50,Predicted ROAS is 7.07 and predicted profit is ₹4850.94. Signals are within acceptable range. Maintain current budget.
2026-09-14,GR-MOIST-50G,Aloe Moisturizer,Skin,50 g,Video,2394.22,8.184,49,-1.94,121,2.51,4.441,13.947,5.094,10.526,48,6.683207123544748,16001.068159333305,5286.292716479986,CRITICAL,56.93,PROTECT_INVENTORY,0,2394.22,2394.22,30,Inventory is critical with 2.5 days remaining. Protect stock before scaling ads.
2026-09-15,GR-MOIST-50G,Aloe Moisturizer,Skin,50 g,Video,2211.72,7.594,37,-0.96,78,1.83,5.138,13.028,3.195,0.0,48,5.086806186484936,11250.590978772461,3188.5636698107824,CRITICAL,49.36,PROTECT_INVENTORY,0,2211.72,2211.72,30,Inventory is critical with 1.8 days remaining. Protect stock before scaling ads.
2026-09-16,GR-MOIST-50G,Aloe Moisturizer,Skin,50 g,Carousel,2670.75,3.625,26,1.35,45,1.35,4.279,11.738,3.027,3.704,48,5.678706537714274,15166.405485600397,4609.124633088191,CRITICAL,51.81,PROTECT_INVENTORY,0,2670.75,2670.75,30,Inventory is critical with 1.4 days remaining. Protect stock before scaling ads.
2026-09-17,GR-MOIST-50G,Aloe Moisturizer,Skin,50 g,Video,2216.08,4.516,26,4.96,16,0.56,4.135,15.337,4.779,3.704,48,6.953388701239556,15409.265633042955,5180.367503860619,CRITICAL,58.85,PROTECT_INVENTORY,0,2216.08,2216.08,30,Inventory is critical with 0.6 days remaining. Protect stock before scaling ads.
2026-09-18,GR-MOIST-50G,Aloe Moisturizer,Skin,50 g,Carousel,2641.14,7.426,42,1.37,0,0.0,4.542,10.345,3.621,10.638,48,5.208159476616467,13755.478320070815,3961.4895936339913,CRITICAL,49.86,PROTECT_INVENTORY,0,2641.14,2641.14,30,Inventory is critical with 0.0 days remaining. Protect stock before scaling ads.
2026-09-19,GR-MOIST-50G,Aloe Moisturizer,Skin,50 g,Influencer Video,2833.33,3.971,26,9.63,0,0.0,4.251,12.762,3.957,7.143,48,6.693730978255196,18965.548792619797,6270.133420457503,CRITICAL,58.5,PROTECT_INVENTORY,0,2833.33,2833.33,30,Inventory is critical with 0.0 days remaining. Protect stock before scaling ads.
2026-09-20,GR-MOIST-50G,Aloe Moisturizer,Skin,50 g,Image,2349.17,6.703,34,-4.29,0,0.0,4.367,10.012,3.192,5.556,48,5.184516050421857,12179.309570169515,3496.898593681367,CRITICAL,47.23,PROTECT_INVENTORY,0,2349.17,2349.17,30,Inventory is critical with 0.0 days remaining. Protect stock before scaling ads.
2026-09-21,GR-MOIST-50G,Aloe Moisturizer,Skin,50 g,Carousel,2336.95,4.021,24,6.12,0,0.0,3.75,14.48,4.218,4.0,48,6.1856117352223805,14455.46534462794,4601.673365421412,CRITICAL,55.66,PROTECT_INVENTORY,0,2336.95,2336.95,30,Inventory is critical with 0.0 days remaining. Protect stock before scaling ads.
2026-09-22,GR-MOIST-50G,Aloe Moisturizer,Skin,50 g,Image,2413.65,6.348,37,-0.53,0,0.0,4.223,12.5,3.756,7.5,48,5.977448990292479,14427.469755419443,4511.535482601332,CRITICAL,51.98,PROTECT_INVENTORY,0,2413.65,2413.65,30,Inventory is critical with 0.0 days remaining. Protect stock before scaling ads.
2026-09-23,GR-MOIST-50G,Aloe Moisturizer,Skin,50 g,Image,1914.03,11.822,54,-1.76,0,0.0,5.186,16.458,4.826,6.897,48,7.161171710958971,13706.697489926799,4665.184795164864,CRITICAL,56.73,PROTECT_INVENTORY,0,1914.03,1914.03,30,Inventory is critical with 0.0 days remaining. Protect stock before scaling ads.
2026-09-24,GR-MOIST-50G,Aloe Moisturizer,Skin,50 g,Carousel,2365.88,7.016,45,-2.01,0,0.0,4.97,11.465,3.574,10.0,48,5.485395449695457,12977.78738652549,3863.4579455322355,CRITICAL,49.52,PROTECT_INVENTORY,0,2365.88,2365.88,30,Inventory is critical with 0.0 days remaining. Protect stock before scaling ads.
2026-09-25,GR-MOIST-50G,Aloe Moisturizer,Skin,50 g,Video,2054.74,3.44,19,16.54,0,0.0,4.667,8.235,1.947,5.0,48,6.781787469288801,13934.80998464647,4633.968792630306,CRITICAL,59.39,PROTECT_INVENTORY,0,2054.74,2054.74,30,Inventory is critical with 0.0 days remaining. Protect stock before scaling ads.
2026-09-26,GR-MOIST-50G,Aloe Moisturizer,Skin,50 g,Influencer Video,2317.39,1.905,12,0.31,0,0.0,4.127,9.855,2.516,7.692,48,6.206960375472645,14383.947904516552,4586.904994167946,CRITICAL,51.86,PROTECT_INVENTORY,0,2317.39,2317.39,30,Inventory is critical with 0.0 days remaining. Protect stock before scaling ads.
2026-09-27,GR-MOIST-50G,Aloe Moisturizer,Skin,50 g,Video,2506.39,13.776,81,8.86,0,0.0,4.824,15.901,5.209,5.814,48,17.686659555673952,44329.66664374564,18771.849988997907,CRITICAL,71.03,PROTECT_INVENTORY,0,2506.39,2506.39,60,Inventory is critical with 0.0 days remaining. Protect stock before scaling ads.
2026-09-28,GR-MOIST-50G,Aloe Moisturizer,Skin,50 g,Image,2409.37,3.313,20,8.76,0,0.0,4.422,12.362,3.165,4.762,48,5.8136990555191135,14007.352093396086,4314.159004830122,CRITICAL,54.3,PROTECT_INVENTORY,0,2409.37,2409.37,30,Inventory is critical with 0.0 days remaining. Protect stock before scaling ads.
2026-09-01,GR-RET-15ML,Retinol Serum,Skin,15 ml,Video,1617.06,11.445,27,2.71,239,7.81,3.275,11.674,3.567,6.667,52,6.279172154855148,10153.798124730065,3662.915024859634,HEALTHY,59.27,MAINTAIN,0,1617.06,1617.06,50,Predicted ROAS is 6.28 and predicted profit is ₹3662.92. Signals are within acceptable range. Maintain current budget.
2026-09-02,GR-RET-15ML,Retinol Serum,Skin,15 ml,Image,1703.2,4.537,8,-2.93,229,21.79,4.001,7.531,1.264,0.0,52,5.424521984917602,9239.04584471166,3101.103839250063,STRONG,61.18,CHANGE_CREATIVE,0,1703.2,1703.2,60,CTR is strong but purchase conversion is weak. Test new creatives or landing-page messaging.
2026-09-03,GR-RET-15ML,Retinol Serum,Skin,15 ml,Video,1771.11,3.555,8,-7.54,218,20.51,3.652,5.9,1.914,0.0,52,5.968326389387785,10570.5625515086,3725.582526784472,STRONG,61.15,CHANGE_CREATIVE,0,1771.11,1771.11,60,CTR is strong but purchase conversion is weak. Test new creatives or landing-page messaging.
2026-09-04,GR-RET-15ML,Retinol Serum,Skin,15 ml,Influencer Video,1658.96,4.497,11,-3.86,204,14.07,2.792,11.42,2.857,0.0,52,5.857752585884214,9717.777229878475,3394.2841595368072,HEALTHY,58.79,RETARGET,0,1658.96,1658.96,50,High add-to-cart activity but weak purchase conversion. Retarget high-intent users.
2026-09-05,GR-RET-15ML,Retinol Serum,Skin,15 ml,Influencer Video,2028.84,4.487,12,-5.26,192,15.79,3.277,8.399,2.41,0.0,52,6.416292168180026,13017.630202490363,4740.327705294989,STRONG,60.92,RETARGET,0,2028.84,2028.84,60,High add-to-cart activity but weak purchase conversion. Retarget high-intent users.
2026-09-06,GR-RET-15ML,Retinol Serum,Skin,15 ml,Image,1967.45,6.34,13,6.69,173,9.25,3.59,9.738,2.093,0.0,52,6.65395081394011,13091.31552888647,4840.034075020964,HEALTHY,61.56,RETARGET,0,1967.45,1967.45,50,High add-to-cart activity but weak purchase conversion. Retarget high-intent users.
2026-09-07,GR-RET-15ML,Retinol Serum,Skin,15 ml,Influencer Video,1675.62,6.428,13,6.13,155,8.78,3.595,7.778,3.088,0.0,52,7.387835217753622,12379.204447572323,4761.566312737608,HEALTHY,64.6,MAINTAIN,0,1675.62,1675.62,50,Predicted ROAS is 7.39 and predicted profit is ₹4761.57. Signals are within acceptable range. Maintain current budget.
2026-09-08,GR-RET-15ML,Retinol Serum,Skin,15 ml,Carousel,1990.17,6.618,19,1.3,132,5.69,2.932,12.027,3.626,5.0,52,6.481195764334243,12898.68137430508,4717.144314638642,LOW,58.09,MAINTAIN,0,1990.17,1990.17,50,Predicted ROAS is 6.48 and predicted profit is ₹4717.14. Signals are within acceptable range. Maintain current budget.
2026-09-09,GR-RET-15ML,Retinol Serum,Skin,15 ml,Video,1659.46,7.04,17,9.03,108,4.45,3.46,9.504,2.787,0.0,52,7.443243035875249,12351.764088313541,4763.457325923041,LOW,62.69,RETARGET,0,1659.46,1659.46,50,High add-to-cart activity but weak purchase conversion. Retarget high-intent users.
2026-09-10,GR-RET-15ML,Retinol Serum,Skin,15 ml,Image,1659.86,8.98,15,8.49,91,5.36,3.968,10.026,2.655,0.0,52,6.003285376105772,9964.613264382926,3521.738897479122,LOW,57.92,RETARGET,0,1659.86,1659.86,50,High add-to-cart activity but weak purchase conversion. Retarget high-intent users.
2026-09-11,GR-RET-15ML,Retinol Serum,Skin,15 ml,Image,1600.51,4.227,9,11.41,79,6.98,3.626,10.616,2.344,0.0,52,6.922799854244841,11080.01039471741,4161.095405253053,LOW,63.01,RETARGET,0,1600.51,1600.51,50,High add-to-cart activity but weak purchase conversion. Retarget high-intent users.
2026-09-12,GR-RET-15ML,Retinol Serum,Skin,15 ml,Image,1774.78,5.87,15,-6.97,61,3.29,3.158,6.619,2.219,6.25,52,6.064781382616658,10763.652702240393,3822.3194051650053,LOW,50.53,CHANGE_CREATIVE,0,1774.78,1774.78,50,CTR is strong but purchase conversion is weak. Test new creatives or landing-page messaging.
2026-09-13,GR-RET-15ML,Retinol Serum,Skin,15 ml,Image,1917.77,5.449,15,19.34,42,2.23,3.191,6.115,2.242,0.0,52,6.804322550170864,13049.125657041179,4867.775341661412,CRITICAL,62.3,PROTECT_INVENTORY,0,1917.77,1917.77,30,Inventory is critical with 2.2 days remaining. Protect stock before scaling ads.
2026-09-14,GR-RET-15ML,Retinol Serum,Skin,15 ml,Image,1283.5,7.272,14,2.68,24,1.36,3.106,9.579,2.772,0.0,52,6.2279889800533885,7993.623855898524,2873.1844050672325,CRITICAL,53.98,PROTECT_INVENTORY,0,1283.5,1283.5,30,Inventory is critical with 1.4 days remaining. Protect stock before scaling ads.
2026-09-15,GR-RET-15ML,Retinol Serum,Skin,15 ml,Image,1851.8,4.723,13,3.01,6,0.33,3.025,16.527,3.059,9.677,52,5.4392706976127565,10072.441477839302,3385.869568476437,CRITICAL,50.95,PROTECT_INVENTORY,0,1851.8,1851.8,30,Inventory is critical with 0.3 days remaining. Protect stock before scaling ads.
2026-09-16,GR-RET-15ML,Retinol Serum,Skin,15 ml,Influencer Video,1588.45,3.752,8,2.26,0,0.0,2.834,8.197,2.128,0.0,52,7.342326918958297,11662.919194419306,4476.26798109804,CRITICAL,56.17,PROTECT_INVENTORY,0,1588.45,1588.45,30,Inventory is critical with 0.0 days remaining. Protect stock before scaling ads.
2026-09-17,GR-RET-15ML,Retinol Serum,Skin,15 ml,Image,1422.59,7.152,14,3.05,0,0.0,2.745,12.672,3.457,0.0,52,7.485222133556813,10648.402154976586,4114.579120587824,CRITICAL,58.3,PROTECT_INVENTORY,0,1422.59,1422.59,30,Inventory is critical with 0.0 days remaining. Protect stock before scaling ads.
2026-09-18,GR-RET-15ML,Retinol Serum,Skin,15 ml,Video,1777.05,8.312,22,5.09,0,0.0,3.494,11.798,3.427,4.167,52,6.271156116256599,11144.15797639379,4017.91214772477,CRITICAL,54.78,PROTECT_INVENTORY,0,1777.05,1777.05,30,Inventory is critical with 0.0 days remaining. Protect stock before scaling ads.
2026-09-19,GR-RET-15ML,Retinol Serum,Skin,15 ml,Image,1882.19,4.819,13,3.71,0,0.0,3.442,8.847,3.095,0.0,52,5.790578774239589,10898.969463086012,3785.274120804727,CRITICAL,52.25,PROTECT_INVENTORY,0,1882.19,1882.19,30,Inventory is critical with 0.0 days remaining. Protect stock before scaling ads.
2026-09-20,GR-RET-15ML,Retinol Serum,Skin,15 ml,Influencer Video,1254.77,4.7,9,12.29,0,0.0,3.35,8.333,1.718,0.0,52,10.00648736381548,12555.84014949475,5274.266877737269,CRITICAL,68.83,PROTECT_INVENTORY,0,1254.77,1254.77,45,Inventory is critical with 0.0 days remaining. Protect stock before scaling ads.
2026-09-21,GR-RET-15ML,Retinol Serum,Skin,15 ml,Carousel,1335.75,12.107,22,8.65,0,0.0,3.627,11.067,3.323,7.407,52,8.999970983607744,12021.711241354044,4915.539845504103,CRITICAL,65.57,PROTECT_INVENTORY,0,1335.75,1335.75,45,Inventory is critical with 0.0 days remaining. Protect stock before scaling ads.
2026-09-22,GR-RET-15ML,Retinol Serum,Skin,15 ml,Video,1807.89,7.792,20,0.05,0,0.0,2.95,9.859,3.14,4.762,52,6.746964273094671,12197.769239685125,4534.950004636265,CRITICAL,54.27,PROTECT_INVENTORY,0,1807.89,1807.89,30,Inventory is critical with 0.0 days remaining. Protect stock before scaling ads.
2026-09-23,GR-RET-15ML,Retinol Serum,Skin,15 ml,Influencer Video,1783.82,3.484,9,22.0,0,0.0,2.746,6.65,1.426,10.0,52,8.10022269448352,14449.339246873593,5729.836408374269,CRITICAL,64.78,PROTECT_INVENTORY,0,1783.82,1783.82,45,Inventory is critical with 0.0 days remaining. Protect stock before scaling ads.
2026-09-24,GR-RET-15ML,Retinol Serum,Skin,15 ml,Influencer Video,1811.42,9.306,21,9.96,0,0.0,3.482,9.221,3.918,8.696,52,7.56040147700234,13695.06244347158,5310.012470605221,CRITICAL,61.61,PROTECT_INVENTORY,0,1811.42,1811.42,30,Inventory is critical with 0.0 days remaining. Protect stock before scaling ads.
2026-09-25,GR-RET-15ML,Retinol Serum,Skin,15 ml,Influencer Video,1705.91,7.618,19,10.16,0,0.0,3.302,12.19,2.997,7.143,52,7.154717510631159,12205.304148560801,4640.8481572516175,CRITICAL,59.35,PROTECT_INVENTORY,0,1705.91,1705.91,30,Inventory is critical with 0.0 days remaining. Protect stock before scaling ads.
2026-09-26,GR-RET-15ML,Retinol Serum,Skin,15 ml,Image,2178.43,12.357,31,8.27,0,0.0,3.503,10.109,3.695,3.03,52,17.4498256230191,38013.22363195349,17588.446288615818,CRITICAL,69.3,PROTECT_INVENTORY,0,2178.43,2178.43,45,Inventory is critical with 0.0 days remaining. Protect stock before scaling ads.
2026-09-27,GR-RET-15ML,Retinol Serum,Skin,15 ml,Influencer Video,2024.0,4.292,13,1.18,0,0.0,2.913,9.429,2.989,7.143,52,6.559145151498888,13275.70978663375,4879.36908904955,CRITICAL,53.89,PROTECT_INVENTORY,0,2024.0,2024.0,30,Inventory is critical with 0.0 days remaining. Protect stock before scaling ads.
2026-09-28,GR-RET-15ML,Retinol Serum,Skin,15 ml,Video,1388.59,5.624,11,9.45,0,0.0,3.54,8.174,2.472,0.0,52,8.064367671488396,11198.100304952071,4434.4221585750765,CRITICAL,61.74,PROTECT_INVENTORY,0,1388.59,1388.59,45,Inventory is critical with 0.0 days remaining. Protect stock before scaling ads.
2026-09-01,GR-RET-30ML,Retinol Serum,Skin,30 ml,Video,1423.78,21.03,28,11.14,162,4.32,5.264,12.682,2.687,6.522,54,22.136212692520445,31517.096907356758,15595.452329972648,LOW,72.24,RETARGET,0,1423.78,1423.78,80,High add-to-cart activity but weak purchase conversion. Retarget high-intent users.
2026-09-02,GR-RET-30ML,Retinol Serum,Skin,30 ml,Video,1334.88,23.775,23,9.27,130,4.08,5.829,8.549,2.174,8.0,54,15.361556537758545,20505.83459112313,9738.27067920649,LOW,70.87,RETARGET,0,1334.88,1334.88,80,High add-to-cart activity but weak purchase conversion. Retarget high-intent users.
2026-09-03,GR-RET-30ML,Retinol Serum,Skin,30 ml,Influencer Video,1500.37,13.314,18,17.74,111,5.71,5.226,10.019,2.281,0.0,54,20.394498083697812,30599.293089837684,15023.24826851235,LOW,75.24,RETARGET,0,1500.37,1500.37,80,High add-to-cart activity but weak purchase conversion. Retarget high-intent users.
2026-09-04,GR-RET-30ML,Retinol Serum,Skin,30 ml,Video,1593.14,24.822,36,11.19,74,2.04,4.809,10.06,2.934,4.545,54,21.14095921500723,33680.50776379662,16594.334192450173,CRITICAL,70.99,PROTECT_INVENTORY,0,1593.14,1593.14,60,Inventory is critical with 2.0 days remaining. Protect stock before scaling ads.
2026-09-05,GR-RET-30ML,Retinol Serum,Skin,30 ml,Video,1518.41,22.476,32,-4.69,40,1.18,5.036,9.03,3.354,3.03,54,17.090502242643517,25950.389510252342,12494.800335536263,CRITICAL,64.88,PROTECT_INVENTORY,0,1518.41,1518.41,45,Inventory is critical with 1.2 days remaining. Protect stock before scaling ads.
2026-09-06,GR-RET-30ML,Retinol Serum,Skin,30 ml,Carousel,1386.8,16.262,22,15.1,9,0.31,5.041,6.892,2.261,0.0,54,14.40335288359789,19974.569778973553,9399.46768064572,CRITICAL,70.63,PROTECT_INVENTORY,0,1386.8,1386.8,60,Inventory is critical with 0.3 days remaining. Protect stock before scaling ads.
2026-09-07,GR-RET-30ML,Retinol Serum,Skin,30 ml,Image,1470.92,9.13,13,-3.23,0,0.0,4.708,6.881,2.403,0.0,54,11.097745850337848,16323.896326178949,7343.984016136632,CRITICAL,63.69,PROTECT_INVENTORY,0,1470.92,1470.92,45,Inventory is critical with 0.0 days remaining. Protect stock before scaling ads.
2026-09-08,GR-RET-30ML,Retinol Serum,Skin,30 ml,Influencer Video,1460.98,13.786,19,4.67,0,0.0,4.852,11.398,3.293,6.667,54,16.158897322765473,23607.8258106139,11287.245937731506,CRITICAL,67.54,PROTECT_INVENTORY,0,1460.98,1460.98,45,Inventory is critical with 0.0 days remaining. Protect stock before scaling ads.
2026-09-09,GR-RET-30ML,Retinol Serum,Skin,30 ml,Video,1662.17,14.545,23,2.68,0,0.0,3.963,11.65,3.038,4.0,54,26.047813615800866,43295.89435777573,21717.6129531989,CRITICAL,66.54,PROTECT_INVENTORY,0,1662.17,1662.17,45,Inventory is critical with 0.0 days remaining. Protect stock before scaling ads.
2026-09-10,GR-RET-30ML,Retinol Serum,Skin,30 ml,Image,1273.39,32.94,28,8.9,0,0.0,4.863,10.154,3.101,12.5,54,22.309216527777767,28408.333234306934,14067.109946525745,CRITICAL,68.94,PROTECT_INVENTORY,0,1273.39,1273.39,45,Inventory is critical with 0.0 days remaining. Protect stock before scaling ads.
2026-09-11,GR-RET-30ML,Retinol Serum,Skin,30 ml,Video,1635.36,24.357,25,7.92,0,0.0,5.821,8.522,2.3,7.407,54,16.66241680411257,27249.04994477353,13079.126970177707,CRITICAL,67.77,PROTECT_INVENTORY,0,1635.36,1635.36,45,Inventory is critical with 0.0 days remaining. Protect stock before scaling ads.
2026-09-12,GR-RET-30ML,Retinol Serum,Skin,30 ml,Influencer Video,1537.51,13.644,19,3.04,0,0.0,4.895,8.427,2.997,9.091,54,18.185235814547433,27959.981917224824,13560.880235301405,CRITICAL,66.64,PROTECT_INVENTORY,0,1537.51,1537.51,45,Inventory is critical with 0.0 days remaining. Protect stock before scaling ads.
2026-09-13,GR-RET-30ML,Retinol Serum,Skin,30 ml,Carousel,1548.77,17.242,26,3.89,0,0.0,4.064,10.932,3.338,3.704,54,19.367073426631425,29995.14231096395,14648.606847920533,CRITICAL,67.3,PROTECT_INVENTORY,0,1548.77,1548.77,45,Inventory is critical with 0.0 days remaining. Protect stock before scaling ads.
2026-09-14,GR-RET-30ML,Retinol Serum,Skin,30 ml,Video,1549.9,19.661,25,6.1,0,0.0,4.717,7.682,2.709,7.407,54,21.526414911260634,33363.79047096286,16466.546854319942,CRITICAL,67.5,PROTECT_INVENTORY,0,1549.9,1549.9,45,Inventory is critical with 0.0 days remaining. Protect stock before scaling ads.
2026-09-15,GR-RET-30ML,Retinol Serum,Skin,30 ml,Image,1488.32,23.541,34,6.97,0,0.0,5.6,10.991,3.111,4.255,54,19.86386744708996,29563.791198852927,14476.12724738058,CRITICAL,68.22,PROTECT_INVENTORY,0,1488.32,1488.32,45,Inventory is critical with 0.0 days remaining. Protect stock before scaling ads.
2026-09-16,GR-RET-30ML,Retinol Serum,Skin,30 ml,Influencer Video,1506.56,19.699,23,-1.12,0,0.0,4.424,10.031,2.879,4.167,54,17.766078529489018,26765.663269386976,12946.898165468967,CRITICAL,64.96,PROTECT_INVENTORY,0,1506.56,1506.56,45,Inventory is critical with 0.0 days remaining. Protect stock before scaling ads.
2026-09-17,GR-RET-30ML,Retinol Serum,Skin,30 ml,Influencer Video,1291.1,15.914,16,10.65,0,0.0,5.422,8.696,1.829,5.882,54,18.8662450376435,24358.20896810152,11862.332842774822,CRITICAL,68.32,PROTECT_INVENTORY,0,1291.1,1291.1,45,Inventory is critical with 0.0 days remaining. Protect stock before scaling ads.
2026-09-18,GR-RET-30ML,Retinol Serum,Skin,30 ml,Image,1271.01,19.383,23,8.16,0,0.0,4.811,11.518,3.599,4.167,54,24.064069985548745,30585.67359233231,15245.253739859449,CRITICAL,69.16,PROTECT_INVENTORY,0,1271.01,1271.01,45,Inventory is critical with 0.0 days remaining. Protect stock before scaling ads.
2026-09-19,GR-RET-30ML,Retinol Serum,Skin,30 ml,Influencer Video,1294.01,25.169,32,13.23,0,0.0,4.998,11.212,2.862,2.703,54,17.18072505727203,22232.03003136058,10711.286216934714,CRITICAL,70.32,PROTECT_INVENTORY,0,1294.01,1294.01,60,Inventory is critical with 0.0 days remaining. Protect stock before scaling ads.
2026-09-20,GR-RET-30ML,Retinol Serum,Skin,30 ml,Image,1299.26,15.608,19,-4.11,0,0.0,4.062,8.757,2.517,5.0,54,22.473556160753176,29198.992577420173,14468.195991806893,CRITICAL,63.48,PROTECT_INVENTORY,0,1299.26,1299.26,45,Inventory is critical with 0.0 days remaining. Protect stock before scaling ads.
2026-09-21,GR-RET-30ML,Retinol Serum,Skin,30 ml,Influencer Video,1369.22,24.024,28,15.15,0,0.0,4.004,9.901,3.386,5.405,54,18.97343635132984,25978.808520967847,12659.336601322639,CRITICAL,71.57,PROTECT_INVENTORY,0,1369.22,1369.22,60,Inventory is critical with 0.0 days remaining. Protect stock before scaling ads.
2026-09-22,GR-RET-30ML,Retinol Serum,Skin,30 ml,Carousel,1541.82,16.797,22,7.32,0,0.0,5.447,8.302,2.301,4.348,54,23.967340891848902,36953.32553387048,18412.97578829006,CRITICAL,67.55,PROTECT_INVENTORY,0,1541.82,1541.82,45,Inventory is critical with 0.0 days remaining. Protect stock before scaling ads.
2026-09-23,GR-RET-30ML,Retinol Serum,Skin,30 ml,Video,1675.76,12.178,20,-4.74,0,0.0,5.278,8.455,2.755,0.0,54,9.899869749686497,16589.805731734643,7282.735095136706,CRITICAL,63.13,PROTECT_INVENTORY,0,1675.76,1675.76,45,Inventory is critical with 0.0 days remaining. Protect stock before scaling ads.
2026-09-24,GR-RET-30ML,Retinol Serum,Skin,30 ml,Carousel,1477.73,19.55,27,1.08,0,0.0,4.895,9.067,2.863,10.0,54,21.93183300984451,32409.32759363753,16023.306900564265,CRITICAL,65.77,PROTECT_INVENTORY,0,1477.73,1477.73,45,Inventory is critical with 0.0 days remaining. Protect stock before scaling ads.
2026-09-25,GR-RET-30ML,Retinol Serum,Skin,30 ml,Video,1371.03,18.072,24,11.92,0,0.0,4.853,13.595,2.703,7.317,54,24.998539299663307,34273.74733601738,17136.793561449387,CRITICAL,69.67,PROTECT_INVENTORY,0,1371.03,1371.03,45,Inventory is critical with 0.0 days remaining. Protect stock before scaling ads.
2026-09-26,GR-RET-30ML,Retinol Serum,Skin,30 ml,Carousel,1470.29,27.045,37,15.86,0,0.0,4.856,9.188,2.654,2.632,54,22.991736683261184,33804.52052803209,16784.151085137324,CRITICAL,71.1,PROTECT_INVENTORY,0,1470.29,1470.29,60,Inventory is critical with 0.0 days remaining. Protect stock before scaling ads.
2026-09-27,GR-RET-30ML,Retinol Serum,Skin,30 ml,Video,1171.75,46.007,47,-2.01,0,0.0,5.287,10.761,3.431,5.357,54,20.473776662698416,23990.14780451687,11782.929814439109,CRITICAL,65.18,PROTECT_INVENTORY,0,1171.75,1171.75,45,Inventory is critical with 0.0 days remaining. Protect stock before scaling ads.
2026-09-28,GR-RET-30ML,Retinol Serum,Skin,30 ml,Video,1411.7,10.556,14,12.96,0,0.0,4.779,8.092,2.435,0.0,54,10.030572209171256,14160.158787687062,6234.785745351013,CRITICAL,69.8,PROTECT_INVENTORY,0,1411.7,1411.7,45,Inventory is critical with 0.0 days remaining. Protect stock before scaling ads.
2026-09-01,GR-SHAMP-250ML,Onion Shampoo,Hair,250 ml,Image,1985.11,2.628,15,4.07,1004,58.55,2.92,12.336,2.722,4.348,23,3.448003978434765,6844.667177630637,-410.83654914495355,STRONG,55.32,RETARGET,0,1985.11,1985.11,60,High add-to-cart activity but weak purchase conversion. Retarget high-intent users.
2026-09-02,GR-SHAMP-250ML,Onion Shampoo,Hair,250 ml,Video,1679.31,3.421,17,-2.96,982,44.49,3.268,11.028,2.595,4.0,23,3.6631882968096656,6151.62873871544,-264.43539009544884,STRONG,53.31,RETARGET,0,1679.31,1679.31,60,High add-to-cart activity but weak purchase conversion. Retarget high-intent users.
2026-09-03,GR-SHAMP-250ML,Onion Shampoo,Hair,250 ml,Image,1697.01,3.775,15,7.1,965,57.82,3.944,10.562,2.276,6.25,23,3.075541109333501,5219.224017950045,-496.58847587148966,STRONG,54.7,RETARGET,0,1697.01,1697.01,60,High add-to-cart activity but weak purchase conversion. Retarget high-intent users.
2026-09-04,GR-SHAMP-250ML,Onion Shampoo,Hair,250 ml,Carousel,1489.64,3.069,14,4.9,948,56.03,3.445,13.164,2.401,5.0,23,3.396964306004978,5060.2539087972555,-325.78160097663135,STRONG,55.13,RETARGET,0,1489.64,1489.64,60,High add-to-cart activity but weak purchase conversion. Retarget high-intent users.
2026-09-05,GR-SHAMP-250ML,Onion Shampoo,Hair,250 ml,Image,1594.67,3.259,15,6.46,927,43.85,3.315,10.053,3.261,5.882,23,3.1660214657740124,5048.759450825844,-433.45532631005585,STRONG,55.76,DECREASE_BUDGET,-15,1594.67,1355.47,60,Predicted ROAS is 3.17 and predicted profit is ₹-433.46. Reduce inefficient ad spend.
2026-09-06,GR-SHAMP-250ML,Onion Shampoo,Hair,250 ml,Video,1534.88,3.121,12,0.63,911,56.04,3.172,7.039,2.235,7.692,23,2.9336036534346164,4502.729575583724,-499.2521976157436,STRONG,51.74,CHANGE_CREATIVE,0,1534.88,1534.88,60,CTR is strong but purchase conversion is weak. Test new creatives or landing-page messaging.
2026-09-07,GR-SHAMP-250ML,Onion Shampoo,Hair,250 ml,Image,1584.24,2.741,11,11.35,898,71.61,3.403,8.178,1.682,8.333,23,2.8175049485079473,4463.604039624231,-557.6110708864269,STRONG,54.8,RETARGET,0,1584.24,1584.24,60,High add-to-cart activity but weak purchase conversion. Retarget high-intent users.
2026-09-08,GR-SHAMP-250ML,Onion Shampoo,Hair,250 ml,Influencer Video,1849.87,2.496,13,7.73,881,50.63,3.392,8.224,1.871,0.0,23,2.6590746174039017,4918.942362496955,-718.5132566257003,STRONG,53.08,RETARGET,0,1849.87,1849.87,60,High add-to-cart activity but weak purchase conversion. Retarget high-intent users.
2026-09-09,GR-SHAMP-250ML,Onion Shampoo,Hair,250 ml,Influencer Video,1704.16,2.043,10,3.28,870,82.96,2.983,11.881,2.445,0.0,23,2.8886572220350217,4922.734091503203,-571.9311589542635,STRONG,52.79,RETARGET,0,1704.16,1704.16,60,High add-to-cart activity but weak purchase conversion. Retarget high-intent users.
2026-09-10,GR-SHAMP-250ML,Onion Shampoo,Hair,250 ml,Carousel,1786.15,2.585,13,7.99,850,41.47,3.658,10.345,2.59,7.143,23,3.2834981130919503,5864.820154699188,-437.24136441918677,STRONG,56.08,RETARGET,0,1786.15,1786.15,60,High add-to-cart activity but weak purchase conversion. Retarget high-intent users.
2026-09-11,GR-SHAMP-250ML,Onion Shampoo,Hair,250 ml,Image,1458.49,3.538,16,4.76,828,38.24,3.263,10.063,2.852,0.0,23,4.177542895915846,6092.904538264303,-57.121956199210445,STRONG,58.26,RETARGET,0,1458.49,1458.49,60,High add-to-cart activity but weak purchase conversion. Retarget high-intent users.
2026-09-12,GR-SHAMP-250ML,Onion Shampoo,Hair,250 ml,Image,1410.84,5.259,16,7.12,808,40.26,3.037,10.094,2.957,5.263,23,2.72597591817456,3845.915864397396,-526.2793511885989,STRONG,54.17,RETARGET,0,1410.84,1410.84,60,High add-to-cart activity but weak purchase conversion. Retarget high-intent users.
2026-09-13,GR-SHAMP-250ML,Onion Shampoo,Hair,250 ml,Video,1980.56,2.386,14,5.9,789,41.18,3.447,7.285,2.482,6.667,23,2.2774358459117483,4510.598338978972,-943.1223820348364,STRONG,51.67,CHANGE_CREATIVE,0,1980.56,1980.56,60,CTR is strong but purchase conversion is weak. Test new creatives or landing-page messaging.
2026-09-14,GR-SHAMP-250ML,Onion Shampoo,Hair,250 ml,Image,1496.87,1.128,5,7.85,783,125.01,3.28,8.333,3.03,0.0,23,5.727913181482589,8573.941403965842,475.13652291214385,STRONG,65.02,MAINTAIN,0,1496.87,1496.87,60,Predicted ROAS is 5.73 and predicted profit is ₹475.14. Signals are within acceptable range. Maintain current budget.
2026-09-15,GR-SHAMP-250ML,Onion Shampoo,Hair,250 ml,Image,1577.04,3.213,12,-0.3,767,49.04,2.896,12.533,2.864,5.263,23,2.786969395050278,4395.16221477009,-566.1526906028793,STRONG,51.51,RETARGET,0,1577.04,1577.04,60,High add-to-cart activity but weak purchase conversion. Retarget high-intent users.
2026-09-16,GR-SHAMP-250ML,Onion Shampoo,Hair,250 ml,Influencer Video,1799.16,2.439,8,-0.23,755,60.14,3.577,5.865,1.865,0.0,23,4.2366098399925916,7622.338959721072,-46.02203926415359,STRONG,55.61,CHANGE_CREATIVE,0,1799.16,1799.16,60,CTR is strong but purchase conversion is weak. Test new creatives or landing-page messaging.
2026-09-17,GR-SHAMP-250ML,Onion Shampoo,Hair,250 ml,Influencer Video,1604.13,5.339,26,1.02,720,21.14,3.386,11.603,3.155,5.263,23,4.598724056276856,7376.951220395394,92.56878069094046,STRONG,52.73,MAINTAIN,0,1604.13,1604.13,60,Predicted ROAS is 4.6 and predicted profit is ₹92.57. Signals are within acceptable range. Maintain current budget.
2026-09-18,GR-SHAMP-250ML,Onion Shampoo,Hair,250 ml,Image,1632.06,5.006,23,4.04,691,23.72,3.825,9.544,2.85,2.941,23,3.2126459914158403,5243.231016750136,-426.1168661474687,STRONG,50.42,RETARGET,0,1632.06,1632.06,60,High add-to-cart activity but weak purchase conversion. Retarget high-intent users.
2026-09-19,GR-SHAMP-250ML,Onion Shampoo,Hair,250 ml,Video,1685.86,2.994,15,1.03,672,34.71,3.368,11.503,2.613,7.143,23,2.8272582191884075,4766.361541400968,-589.5968454777772,STRONG,51.89,RETARGET,0,1685.86,1685.86,60,High add-to-cart activity but weak purchase conversion. Retarget high-intent users.
2026-09-20,GR-SHAMP-250ML,Onion Shampoo,Hair,250 ml,Carousel,1973.41,2.462,12,22.31,656,41.81,3.707,7.534,2.222,0.0,23,2.2720268764962435,4483.640558346452,-942.1726715803161,STRONG,56.67,CHANGE_CREATIVE,0,1973.41,1973.41,60,CTR is strong but purchase conversion is weak. Test new creatives or landing-page messaging.
2026-09-21,GR-SHAMP-250ML,Onion Shampoo,Hair,250 ml,Image,1602.06,1.676,8,5.99,643,50.04,3.515,9.416,1.814,0.0,23,2.878248062794504,4611.1260914805625,-541.5009989594705,STRONG,53.13,RETARGET,0,1602.06,1602.06,60,High add-to-cart activity but weak purchase conversion. Retarget high-intent users.
2026-09-22,GR-SHAMP-250ML,Onion Shampoo,Hair,250 ml,Video,2082.04,2.275,14,2.03,627,38.77,3.451,7.738,2.306,0.0,23,3.3519676382185093,6978.930701476465,-476.8859386604131,STRONG,53.8,CHANGE_CREATIVE,0,2082.04,2082.04,60,CTR is strong but purchase conversion is weak. Test new creatives or landing-page messaging.
2026-09-23,GR-SHAMP-250ML,Onion Shampoo,Hair,250 ml,Image,1736.23,2.063,11,8.99,611,37.66,2.934,8.978,2.376,8.333,23,3.064106925251997,5319.994366830275,-512.6312956290367,STRONG,55.47,RETARGET,0,1736.23,1736.23,60,High add-to-cart activity but weak purchase conversion. Retarget high-intent users.
2026-09-24,GR-SHAMP-250ML,Onion Shampoo,Hair,250 ml,Influencer Video,1509.88,4.396,16,12.69,592,31.15,3.593,8.705,2.627,0.0,23,2.965344946361826,4477.315027612794,-480.09754364905734,STRONG,56.76,RETARGET,0,1509.88,1509.88,60,High add-to-cart activity but weak purchase conversion. Retarget high-intent users.
2026-09-25,GR-SHAMP-250ML,Onion Shampoo,Hair,250 ml,Video,1717.87,1.602,8,7.2,580,50.53,3.039,9.365,2.139,0.0,23,3.321078455167482,5705.181045778561,-405.6783594709307,STRONG,55.46,RETARGET,0,1717.87,1717.87,60,High add-to-cart activity but weak purchase conversion. Retarget high-intent users.
2026-09-26,GR-SHAMP-250ML,Onion Shampoo,Hair,250 ml,Video,1599.73,2.729,11,10.26,568,45.12,3.574,12.761,1.968,8.333,23,2.928947689578297,4685.525487449089,-522.0591378867096,STRONG,55.07,RETARGET,0,1599.73,1599.73,60,High add-to-cart activity but weak purchase conversion. Retarget high-intent users.
2026-09-27,GR-SHAMP-250ML,Onion Shampoo,Hair,250 ml,Image,1805.94,4.83,18,16.76,547,26.09,3.456,10.687,2.773,0.0,23,2.896959298071827,5231.734674759836,-602.641024805238,STRONG,55.59,RETARGET,0,1805.94,1805.94,60,High add-to-cart activity but weak purchase conversion. Retarget high-intent users.
2026-09-28,GR-SHAMP-250ML,Onion Shampoo,Hair,250 ml,Image,2204.29,4.439,28,16.45,512,14.57,3.92,10.393,2.703,0.0,23,4.322429451370851,9527.888015362254,-12.87575646668165,HEALTHY,52.71,RETARGET,0,2204.29,2204.29,50,High add-to-cart activity but weak purchase conversion. Retarget high-intent users.
2026-09-01,GR-SHAMP-400ML,Onion Shampoo,Hair,400 ml,Image,2035.62,2.347,7,-3.81,731,69.06,3.018,5.205,1.471,0.0,28,3.9134898578974107,7966.378224533127,194.96590286927585,STRONG,55.24,CHANGE_CREATIVE,0,2035.62,2035.62,60,CTR is strong but purchase conversion is weak. Test new creatives or landing-page messaging.
2026-09-02,GR-SHAMP-400ML,Onion Shampoo,Hair,400 ml,Influencer Video,1523.67,3.102,10,5.76,718,55.35,2.468,6.443,2.041,0.0,28,3.7476863543533097,5710.237267537507,75.19643491050192,STRONG,58.82,DECREASE_BUDGET,-15,1523.67,1295.12,60,Predicted ROAS is 3.75 and predicted profit is ₹75.2. Reduce inefficient ad spend.
2026-09-03,GR-SHAMP-400ML,Onion Shampoo,Hair,400 ml,Video,1873.87,4.065,15,-8.74,703,47.09,2.587,12.113,3.759,5.263,28,4.754723214045485,8909.733189103412,620.8552929489556,STRONG,58.62,MAINTAIN,0,1873.87,1873.87,60,Predicted ROAS is 4.75 and predicted profit is ₹620.86. Signals are within acceptable range. Maintain current budget.
2026-09-04,GR-SHAMP-400ML,Onion Shampoo,Hair,400 ml,Video,1456.71,5.961,15,-3.5,685,37.39,2.571,9.922,2.896,0.0,28,4.41023613959853,6424.435086914576,342.1318243360811,STRONG,58.52,RETARGET,0,1456.71,1456.71,60,High add-to-cart activity but weak purchase conversion. Retarget high-intent users.
2026-09-05,GR-SHAMP-400ML,Onion Shampoo,Hair,400 ml,Video,2227.87,4.19,18,-0.02,658,24.03,2.715,12.815,3.396,7.407,28,2.651297355175595,5906.745838675053,-573.9811651709849,STRONG,50.19,DECREASE_BUDGET,-15,2227.87,1893.69,60,Predicted ROAS is 2.65 and predicted profit is ₹-573.98. Reduce inefficient ad spend.
2026-09-06,GR-SHAMP-400ML,Onion Shampoo,Hair,400 ml,Carousel,2099.9,1.336,5,4.39,647,60.14,2.233,7.042,1.706,0.0,28,5.843124633249795,12269.977417361246,1335.6936768611486,STRONG,65.3,MAINTAIN,0,2099.9,2099.9,60,Predicted ROAS is 5.84 and predicted profit is ₹1335.69. Signals are within acceptable range. Maintain current budget.
2026-09-07,GR-SHAMP-400ML,Onion Shampoo,Hair,400 ml,Image,2188.72,4.802,22,-3.7,623,26.03,2.26,15.924,3.359,3.448,28,2.997087127779628,6559.7845383138265,-351.9803292721283,STRONG,51.31,DECREASE_BUDGET,-15,2188.72,1860.41,60,Predicted ROAS is 3.0 and predicted profit is ₹-351.98. Reduce inefficient ad spend.
2026-09-08,GR-SHAMP-400ML,Onion Shampoo,Hair,400 ml,Image,2444.62,2.298,12,1.86,607,37.19,2.798,7.529,2.367,7.692,28,4.512699166298796,11031.834635917361,644.2936980568611,STRONG,60.36,CHANGE_CREATIVE,0,2444.62,2444.62,60,CTR is strong but purchase conversion is weak. Test new creatives or landing-page messaging.
2026-09-09,GR-SHAMP-400ML,Onion Shampoo,Hair,400 ml,Image,1348.06,5.899,13,8.9,591,37.3,3.108,9.239,2.968,0.0,28,2.6441655964445627,3564.493873943057,-350.001715295944,STRONG,57.06,RETARGET,0,1348.06,1348.06,60,High add-to-cart activity but weak purchase conversion. Retarget high-intent users.
2026-09-10,GR-SHAMP-400ML,Onion Shampoo,Hair,400 ml,Influencer Video,1888.68,2.43,8,15.18,578,44.61,2.987,7.471,1.951,0.0,28,2.9545614264103004,5580.221074832606,-326.2180990468703,STRONG,59.48,CHANGE_CREATIVE,0,1888.68,1888.68,60,CTR is strong but purchase conversion is weak. Test new creatives or landing-page messaging.
2026-09-11,GR-SHAMP-400ML,Onion Shampoo,Hair,400 ml,Image,2142.08,2.462,10,7.85,563,38.5,2.221,10.769,3.344,0.0,28,4.912283815308478,10522.504915095984,804.2213762268757,STRONG,64.98,MAINTAIN,0,2142.08,2142.08,60,Predicted ROAS is 4.91 and predicted profit is ₹804.22. Signals are within acceptable range. Maintain current budget.
2026-09-12,GR-SHAMP-400ML,Onion Shampoo,Hair,400 ml,Influencer Video,1665.62,4.259,15,2.36,543,27.17,2.694,13.707,3.571,6.25,28,3.34036405107536,5563.777170752141,-107.76239218940054,STRONG,55.76,DECREASE_BUDGET,-15,1665.62,1415.78,60,Predicted ROAS is 3.34 and predicted profit is ₹-107.76. Reduce inefficient ad spend.
2026-09-13,GR-SHAMP-400ML,Onion Shampoo,Hair,400 ml,Video,1691.36,3.203,11,0.92,529,37.41,2.666,9.884,2.594,0.0,28,3.1806117538479612,5379.559495988287,-185.08334112327952,STRONG,55.57,RETARGET,0,1691.36,1691.36,60,High add-to-cart activity but weak purchase conversion. Retarget high-intent users.
2026-09-14,GR-SHAMP-400ML,Onion Shampoo,Hair,400 ml,Image,2298.57,2.904,14,8.16,510,26.91,3.363,14.252,2.857,7.692,28,3.820740016572202,8782.238379892367,160.45674636986269,STRONG,58.73,RETARGET,0,2298.57,2298.57,60,High add-to-cart activity but weak purchase conversion. Retarget high-intent users.
2026-09-15,GR-SHAMP-400ML,Onion Shampoo,Hair,400 ml,Video,2248.6,3.895,18,1.19,486,19.69,3.268,11.392,3.557,4.545,28,4.685357439036692,10535.494737417905,701.3385264770136,STRONG,55.03,MAINTAIN,0,2248.6,2248.6,60,Predicted ROAS is 4.69 and predicted profit is ₹701.34. Signals are within acceptable range. Maintain current budget.
2026-09-16,GR-SHAMP-400ML,Onion Shampoo,Hair,400 ml,Video,1766.25,5.284,15,-4.09,465,22.96,2.845,9.499,3.363,6.25,28,2.8090636050204147,4961.508592367308,-377.027594137154,STRONG,48.47,DECREASE_BUDGET,-15,1766.25,1501.31,60,Predicted ROAS is 2.81 and predicted profit is ₹-377.03. Reduce inefficient ad spend.
2026-09-17,GR-SHAMP-400ML,Onion Shampoo,Hair,400 ml,Influencer Video,2573.58,2.411,13,-1.52,448,26.53,3.038,11.778,2.505,5.556,28,3.85758666756795,9927.807895919525,206.20621085746689,STRONG,54.62,RETARGET,0,2573.58,2573.58,60,High add-to-cart activity but weak purchase conversion. Retarget high-intent users.
2026-09-18,GR-SHAMP-400ML,Onion Shampoo,Hair,400 ml,Video,2164.74,3.684,17,-1.89,429,21.6,2.798,9.091,2.921,5.556,28,5.002183284867698,10828.4262440845,867.2193483436599,STRONG,55.62,RETARGET,0,2164.74,2164.74,60,High add-to-cart activity but weak purchase conversion. Retarget high-intent users.
2026-09-19,GR-SHAMP-400ML,Onion Shampoo,Hair,400 ml,Video,1859.15,5.761,23,12.5,398,13.2,3.331,13.73,3.833,3.571,28,3.3309423433756757,6192.721457686888,-125.18799184767136,HEALTHY,50.48,DECREASE_BUDGET,-15,1859.15,1580.28,50,Predicted ROAS is 3.33 and predicted profit is ₹-125.19. Reduce inefficient ad spend.
2026-09-20,GR-SHAMP-400ML,Onion Shampoo,Hair,400 ml,Influencer Video,2077.35,1.822,8,11.77,387,33.46,3.015,4.115,1.495,0.0,28,3.637036024376945,7555.396785239446,38.16109986704487,STRONG,60.14,CHANGE_CREATIVE,0,2077.35,2077.35,60,CTR is strong but purchase conversion is weak. Test new creatives or landing-page messaging.
2026-09-21,GR-SHAMP-400ML,Onion Shampoo,Hair,400 ml,Image,1933.03,3.547,14,5.0,368,19.58,2.467,10.335,3.024,6.667,28,3.212965061485501,6210.757852803318,-194.0178012150709,STRONG,50.7,DECREASE_BUDGET,-15,1933.03,1643.08,60,Predicted ROAS is 3.21 and predicted profit is ₹-194.02. Reduce inefficient ad spend.
2026-09-22,GR-SHAMP-400ML,Onion Shampoo,Hair,400 ml,Image,1925.52,2.418,10,3.03,354,24.67,2.526,9.18,2.632,0.0,28,3.6196293440449496,6969.668694545431,25.987234472720957,STRONG,54.38,RETARGET,0,1925.52,1925.52,60,High add-to-cart activity but weak purchase conversion. Retarget high-intent users.
2026-09-23,GR-SHAMP-400ML,Onion Shampoo,Hair,400 ml,Video,1921.32,4.367,13,17.75,340,25.33,2.604,10.526,2.902,0.0,28,3.5810269341029355,6880.298669030652,5.163627328582606,STRONG,60.48,RETARGET,0,1921.32,1921.32,60,High add-to-cart activity but weak purchase conversion. Retarget high-intent users.
2026-09-24,GR-SHAMP-400ML,Onion Shampoo,Hair,400 ml,Influencer Video,2237.76,4.983,16,-3.69,323,18.25,2.675,12.201,2.968,0.0,28,3.6839401673645624,8243.773948921724,70.49670569808268,STRONG,48.14,RETARGET,0,2237.76,2237.76,60,High add-to-cart activity but weak purchase conversion. Retarget high-intent users.
2026-09-25,GR-SHAMP-400ML,Onion Shampoo,Hair,400 ml,Video,2160.07,2.833,10,1.82,310,25.63,2.706,10.954,2.994,0.0,28,4.650861342839578,10046.186060827487,652.8620970316965,STRONG,58.54,RETARGET,0,2160.07,2160.07,60,High add-to-cart activity but weak purchase conversion. Retarget high-intent users.
2026-09-26,GR-SHAMP-400ML,Onion Shampoo,Hair,400 ml,Influencer Video,1875.22,2.519,8,-2.49,297,22.13,2.749,6.095,1.55,11.111,28,3.9408118358399014,7389.8891708037,193.94896782503588,STRONG,50.66,FIX_PAYMENT,0,1875.22,1875.22,60,Payment failure rate is 11.1%. Fix payment issues before increasing spend.
2026-09-27,GR-SHAMP-400ML,Onion Shampoo,Hair,400 ml,Video,2189.81,3.014,12,2.28,284,21.79,2.792,7.748,2.256,0.0,28,3.91405213892802,8571.030514345968,210.0785440168711,STRONG,52.84,CHANGE_CREATIVE,0,2189.81,2189.81,60,CTR is strong but purchase conversion is weak. Test new creatives or landing-page messaging.
2026-09-28,GR-SHAMP-400ML,Onion Shampoo,Hair,400 ml,Video,2340.95,3.005,14,-1.2,267,15.52,2.799,8.075,2.478,0.0,28,4.225651073458471,9892.037880412609,428.82060651553047,STRONG,48.66,RETARGET,0,2340.95,2340.95,60,High add-to-cart activity but weak purchase conversion. Retarget high-intent users.
2026-09-01,GR-SUNSCR-100G,Sunscreen SPF 50,Skin,100 g,Influencer Video,1416.3,8.134,16,-0.21,279,12.34,4.192,10.435,2.516,0.0,48,13.47498079211516,19084.6152958727,7744.315342018895,HEALTHY,73.16,RETARGET,0,1416.3,1416.3,80,High add-to-cart activity but weak purchase conversion. Retarget high-intent users.
2026-09-02,GR-SUNSCR-100G,Sunscreen SPF 50,Skin,100 g,Influencer Video,1498.39,17.55,31,1.88,247,7.6,4.954,9.416,3.179,3.03,48,9.502960154761906,14239.140466293693,5336.397423820973,HEALTHY,69.71,INCREASE_BUDGET,15,1498.39,1723.15,65,Predicted ROAS is 9.5 with predicted profit of ₹5336.4. Sales growth is 1.9%. Inventory is sufficient. Scale budget.
2026-09-03,GR-SUNSCR-100G,Sunscreen SPF 50,Skin,100 g,Influencer Video,1438.48,3.907,8,3.4,233,16.56,4.163,8.772,2.198,0.0,48,11.389079735082413,16382.96341732135,6425.342440314249,STRONG,77.01,RETARGET,0,1438.48,1438.48,90,High add-to-cart activity but weak purchase conversion. Retarget high-intent users.
2026-09-04,GR-SUNSCR-100G,Sunscreen SPF 50,Skin,100 g,Image,1767.31,11.62,29,2.0,194,4.99,4.896,9.731,3.269,5.556,48,10.052144251705654,17765.255057481918,6760.01242759132,LOW,69.85,MAINTAIN,0,1767.31,1767.31,65,Predicted ROAS is 10.05 and predicted profit is ₹6760.01. Signals are within acceptable range. Maintain current budget.
2026-09-05,GR-SUNSCR-100G,Sunscreen SPF 50,Skin,100 g,Video,1695.3,10.047,19,-0.19,168,6.54,4.811,9.524,2.687,5.0,48,10.344322964583165,17536.73072185784,6722.3307464917625,LOW,69.48,RETARGET,0,1695.3,1695.3,65,High add-to-cart activity but weak purchase conversion. Retarget high-intent users.
2026-09-06,GR-SUNSCR-100G,Sunscreen SPF 50,Skin,100 g,Video,1648.54,10.666,19,16.07,143,5.79,4.639,7.025,2.55,8.696,48,8.093403033447874,13342.298636760159,4755.763345644877,LOW,68.26,CHANGE_CREATIVE,0,1648.54,1648.54,65,CTR is strong but purchase conversion is weak. Test new creatives or landing-page messaging.
2026-09-07,GR-SUNSCR-100G,Sunscreen SPF 50,Skin,100 g,Influencer Video,2032.47,5.801,17,7.69,125,6.96,4.371,10.848,2.843,7.692,48,8.241605114258382,16750.815146576733,6007.921270356832,LOW,66.71,RETARGET,0,2032.47,2032.47,65,High add-to-cart activity but weak purchase conversion. Retarget high-intent users.
2026-09-08,GR-SUNSCR-100G,Sunscreen SPF 50,Skin,100 g,Image,1610.38,6.748,12,-9.7,108,6.35,4.36,6.783,1.84,7.692,48,12.20693059110694,19657.796885306794,7825.36250494726,LOW,64.94,CHANGE_CREATIVE,0,1610.38,1610.38,65,CTR is strong but purchase conversion is weak. Test new creatives or landing-page messaging.
2026-09-09,GR-SUNSCR-100G,Sunscreen SPF 50,Skin,100 g,Image,1653.69,13.487,24,-1.93,76,2.38,4.566,12.175,3.004,2.941,48,15.163154775733531,25075.157421082786,10382.385562119738,CRITICAL,66.37,PROTECT_INVENTORY,0,1653.69,1653.69,45,Inventory is critical with 2.4 days remaining. Protect stock before scaling ads.
2026-09-10,GR-SUNSCR-100G,Sunscreen SPF 50,Skin,100 g,Image,1682.27,13.297,22,7.29,55,2.63,4.218,9.014,2.52,3.571,48,16.967057619843104,28543.172022133458,12018.45257062406,CRITICAL,69.51,PROTECT_INVENTORY,0,1682.27,1682.27,45,Inventory is critical with 2.6 days remaining. Protect stock before scaling ads.
2026-09-11,GR-SUNSCR-100G,Sunscreen SPF 50,Skin,100 g,Image,1385.98,18.09,27,12.85,23,0.69,4.329,9.111,2.772,3.03,48,14.18360102248676,19658.1873451462,8049.9499256701765,CRITICAL,70.55,PROTECT_INVENTORY,0,1385.98,1385.98,60,Inventory is critical with 0.7 days remaining. Protect stock before scaling ads.
2026-09-12,GR-SUNSCR-100G,Sunscreen SPF 50,Skin,100 g,Influencer Video,1670.26,11.048,25,11.64,0,0.0,4.192,9.924,2.383,0.0,48,10.083518926970209,16842.09832296126,6413.947195021405,CRITICAL,69.25,PROTECT_INVENTORY,0,1670.26,1670.26,45,Inventory is critical with 0.0 days remaining. Protect stock before scaling ads.
2026-09-13,GR-SUNSCR-100G,Sunscreen SPF 50,Skin,100 g,Video,1483.19,10.784,23,5.7,0,0.0,5.185,9.051,2.945,3.448,48,10.310420741158453,15292.312939078805,5857.1202107578265,CRITICAL,67.58,PROTECT_INVENTORY,0,1483.19,1483.19,45,Inventory is critical with 0.0 days remaining. Protect stock before scaling ads.
2026-09-14,GR-SUNSCR-100G,Sunscreen SPF 50,Skin,100 g,Video,1584.99,10.117,22,6.11,0,0.0,4.066,11.867,2.644,6.667,48,10.967654679924397,17383.622991133372,6759.149035744018,CRITICAL,67.44,PROTECT_INVENTORY,0,1584.99,1584.99,45,Inventory is critical with 0.0 days remaining. Protect stock before scaling ads.
2026-09-15,GR-SUNSCR-100G,Sunscreen SPF 50,Skin,100 g,Video,1700.67,11.672,23,-3.03,0,0.0,4.816,8.016,2.305,0.0,48,10.590621550924736,18011.15235301117,6944.6831294453605,CRITICAL,63.67,PROTECT_INVENTORY,0,1700.67,1700.67,45,Inventory is critical with 0.0 days remaining. Protect stock before scaling ads.
2026-09-16,GR-SUNSCR-100G,Sunscreen SPF 50,Skin,100 g,Image,1515.13,10.987,23,10.73,0,0.0,5.146,10.227,2.447,3.571,48,10.93868702088555,16573.532865954323,6440.165775658075,CRITICAL,68.97,PROTECT_INVENTORY,0,1515.13,1515.13,45,Inventory is critical with 0.0 days remaining. Protect stock before scaling ads.
2026-09-17,GR-SUNSCR-100G,Sunscreen SPF 50,Skin,100 g,Carousel,1370.05,11.261,22,12.05,0,0.0,4.359,7.704,2.163,4.348,48,8.964672980145854,12282.050216448828,4525.334103895438,CRITICAL,65.56,PROTECT_INVENTORY,0,1370.05,1370.05,45,Inventory is critical with 0.0 days remaining. Protect stock before scaling ads.
2026-09-18,GR-SUNSCR-100G,Sunscreen SPF 50,Skin,100 g,Video,1846.0,8.489,22,10.0,0,0.0,5.178,7.612,1.928,8.333,48,11.182600304802214,20643.080162664886,8062.678478079144,CRITICAL,68.18,PROTECT_INVENTORY,0,1846.0,1846.0,45,Inventory is critical with 0.0 days remaining. Protect stock before scaling ads.
2026-09-19,GR-SUNSCR-100G,Sunscreen SPF 50,Skin,100 g,Video,1699.22,12.228,28,13.73,0,0.0,4.525,10.475,2.502,3.448,48,10.257711131876423,17430.107909507056,6667.231796563386,CRITICAL,70.15,PROTECT_INVENTORY,0,1699.22,1699.22,60,Inventory is critical with 0.0 days remaining. Protect stock before scaling ads.
2026-09-20,GR-SUNSCR-100G,Sunscreen SPF 50,Skin,100 g,Video,1788.36,8.205,20,2.16,0,0.0,4.87,10.279,2.66,7.143,48,12.923958249153259,23112.68997445572,9305.731187738746,CRITICAL,65.97,PROTECT_INVENTORY,0,1788.36,1788.36,45,Inventory is critical with 0.0 days remaining. Protect stock before scaling ads.
2026-09-21,GR-SUNSCR-100G,Sunscreen SPF 50,Skin,100 g,Video,1672.8,14.712,34,8.63,0,0.0,4.959,10.601,3.041,3.846,48,18.932942740724744,31671.02661668435,13529.29277600849,CRITICAL,68.78,PROTECT_INVENTORY,0,1672.8,1672.8,45,Inventory is critical with 0.0 days remaining. Protect stock before scaling ads.
2026-09-22,GR-SUNSCR-100G,Sunscreen SPF 50,Skin,100 g,Image,1591.49,17.587,30,7.21,0,0.0,5.673,11.017,2.901,6.25,48,20.822579645817157,33138.927280521544,14315.195094650342,CRITICAL,68.1,PROTECT_INVENTORY,0,1591.49,1591.49,45,Inventory is critical with 0.0 days remaining. Protect stock before scaling ads.
2026-09-23,GR-SUNSCR-100G,Sunscreen SPF 50,Skin,100 g,Carousel,1583.36,10.361,13,21.47,0,0.0,4.858,6.427,1.917,7.143,48,11.146211033068775,17648.464701319775,6887.903056633492,CRITICAL,71.92,PROTECT_INVENTORY,0,1583.36,1583.36,60,Inventory is critical with 0.0 days remaining. Protect stock before scaling ads.
2026-09-24,GR-SUNSCR-100G,Sunscreen SPF 50,Skin,100 g,Carousel,1858.29,13.238,28,16.7,0,0.0,5.443,11.825,2.966,6.667,48,23.160512183862437,43038.948186149726,18800.405129351868,CRITICAL,71.73,PROTECT_INVENTORY,0,1858.29,1858.29,60,Inventory is critical with 0.0 days remaining. Protect stock before scaling ads.
2026-09-25,GR-SUNSCR-100G,Sunscreen SPF 50,Skin,100 g,Video,1686.36,5.355,13,10.79,0,0.0,5.242,7.157,1.94,7.143,48,10.99168756870126,18535.942248355055,7210.892279210427,CRITICAL,68.49,PROTECT_INVENTORY,0,1686.36,1686.36,45,Inventory is critical with 0.0 days remaining. Protect stock before scaling ads.
2026-09-26,GR-SUNSCR-100G,Sunscreen SPF 50,Skin,100 g,Image,1847.59,13.59,28,10.5,0,0.0,4.424,8.877,2.581,6.667,48,21.944897283068794,40545.17277122507,17614.092930188035,CRITICAL,69.02,PROTECT_INVENTORY,0,1847.59,1847.59,45,Inventory is critical with 0.0 days remaining. Protect stock before scaling ads.
2026-09-27,GR-SUNSCR-100G,Sunscreen SPF 50,Skin,100 g,Video,1653.63,18.676,35,12.13,0,0.0,4.791,9.451,3.253,5.263,48,21.846303120976856,36125.70222994096,15686.70707037166,CRITICAL,70.3,PROTECT_INVENTORY,0,1653.63,1653.63,60,Inventory is critical with 0.0 days remaining. Protect stock before scaling ads.
2026-09-28,GR-SUNSCR-100G,Sunscreen SPF 50,Skin,100 g,Video,2189.48,8.177,25,15.4,0,0.0,4.746,11.942,2.657,3.704,48,8.851121897182491,19379.35437144312,7112.610098292698,CRITICAL,66.91,PROTECT_INVENTORY,0,2189.48,2189.48,45,Inventory is critical with 0.0 days remaining. Protect stock before scaling ads.
2026-09-01,GR-SUNSCR-50G,Sunscreen SPF 50,Skin,50 g,Influencer Video,1693.26,3.829,10,-1.88,257,18.29,4.121,3.979,1.395,0.0,47,7.604960113003525,12877.174760944348,4359.012137643844,STRONG,67.0,CHANGE_CREATIVE,0,1693.26,1693.26,60,CTR is strong but purchase conversion is weak. Test new creatives or landing-page messaging.
2026-09-02,GR-SUNSCR-50G,Sunscreen SPF 50,Skin,50 g,Image,1664.35,8.073,30,10.63,216,5.35,3.068,10.922,4.298,6.25,47,5.597242719228595,9315.770919748113,2714.062332281613,LOW,58.94,MAINTAIN,0,1664.35,1664.35,50,Predicted ROAS is 5.6 and predicted profit is ₹2714.06. Signals are within acceptable range. Maintain current budget.
2026-09-03,GR-SUNSCR-50G,Sunscreen SPF 50,Skin,50 g,Carousel,1273.99,4.125,12,-6.82,200,12.0,2.85,5.0,1.917,0.0,47,5.257508502512796,6698.013257116278,1874.0762308446504,HEALTHY,53.26,CHANGE_CREATIVE,0,1273.99,1273.99,50,CTR is strong but purchase conversion is weak. Test new creatives or landing-page messaging.
2026-09-04,GR-SUNSCR-50G,Sunscreen SPF 50,Skin,50 g,Video,1742.67,2.491,10,-2.03,185,12.24,3.119,5.87,1.748,0.0,47,6.292622871799685,10965.965099999157,3411.333596999604,HEALTHY,58.67,CHANGE_CREATIVE,0,1742.67,1742.67,50,CTR is strong but purchase conversion is weak. Test new creatives or landing-page messaging.
2026-09-05,GR-SUNSCR-50G,Sunscreen SPF 50,Skin,50 g,Image,1431.72,6.484,22,4.41,154,4.96,3.751,9.668,2.338,4.348,47,6.555061080796048,9385.01205059732,2979.2356637807397,LOW,57.74,RETARGET,0,1431.72,1431.72,50,High add-to-cart activity but weak purchase conversion. Retarget high-intent users.
2026-09-06,GR-SUNSCR-50G,Sunscreen SPF 50,Skin,50 g,Influencer Video,1852.1,6.104,25,-8.79,128,5.01,4.46,8.555,2.5,3.846,47,7.764447585542622,14380.533373183489,4906.75068539624,LOW,57.22,RETARGET,0,1852.1,1852.1,50,High add-to-cart activity but weak purchase conversion. Retarget high-intent users.
2026-09-07,GR-SUNSCR-50G,Sunscreen SPF 50,Skin,50 g,Video,1479.62,9.227,23,-1.01,101,3.68,3.832,10.444,3.333,8.0,47,7.184273178599997,10629.994280520126,3516.47731184446,LOW,58.05,MAINTAIN,0,1479.62,1479.62,50,Predicted ROAS is 7.18 and predicted profit is ₹3516.48. Signals are within acceptable range. Maintain current budget.
2026-09-08,GR-SUNSCR-50G,Sunscreen SPF 50,Skin,50 g,Carousel,1657.35,6.446,18,4.65,79,3.71,4.191,8.962,2.975,0.0,47,6.557733168884392,10868.459067450545,3450.8257617017566,LOW,57.64,RETARGET,0,1657.35,1657.35,50,High add-to-cart activity but weak purchase conversion. Retarget high-intent users.
2026-09-09,GR-SUNSCR-50G,Sunscreen SPF 50,Skin,50 g,Image,1348.47,7.324,18,9.56,58,2.65,3.836,10.565,3.364,0.0,47,5.763329101420162,7771.676393392046,2304.2179048942608,CRITICAL,56.39,PROTECT_INVENTORY,0,1348.47,1348.47,30,Inventory is critical with 2.6 days remaining. Protect stock before scaling ads.
2026-09-10,GR-SUNSCR-50G,Sunscreen SPF 50,Skin,50 g,Video,1832.07,4.274,18,5.98,36,1.7,3.033,10.661,2.844,5.263,47,6.471870125125409,11856.919100138508,3740.681977065099,CRITICAL,56.37,PROTECT_INVENTORY,0,1832.07,1832.07,30,Inventory is critical with 1.7 days remaining. Protect stock before scaling ads.
2026-09-11,GR-SUNSCR-50G,Sunscreen SPF 50,Skin,50 g,Video,1447.44,7.186,17,2.63,12,0.48,3.699,7.216,2.014,0.0,47,6.928032367068881,10027.911169390181,3265.678249613385,CRITICAL,55.07,PROTECT_INVENTORY,0,1447.44,1447.44,30,Inventory is critical with 0.5 days remaining. Protect stock before scaling ads.
2026-09-12,GR-SUNSCR-50G,Sunscreen SPF 50,Skin,50 g,Image,1697.97,6.847,27,7.48,0,0.0,3.902,11.706,3.971,0.0,47,6.02404768169607,10228.652242089476,3109.4965537820535,CRITICAL,55.36,PROTECT_INVENTORY,0,1697.97,1697.97,30,Inventory is critical with 0.0 days remaining. Protect stock before scaling ads.
2026-09-13,GR-SUNSCR-50G,Sunscreen SPF 50,Skin,50 g,Influencer Video,1518.54,4.858,13,8.07,0,0.0,3.224,9.235,2.637,0.0,47,7.703002694546154,11697.317711776115,3979.199324534774,CRITICAL,60.12,PROTECT_INVENTORY,0,1518.54,1518.54,30,Inventory is critical with 0.0 days remaining. Protect stock before scaling ads.
2026-09-14,GR-SUNSCR-50G,Sunscreen SPF 50,Skin,50 g,Image,1328.42,8.763,27,-8.76,0,0.0,4.247,11.513,3.096,6.897,47,6.831427461563802,9075.004868490587,2936.832288190576,CRITICAL,51.22,PROTECT_INVENTORY,0,1328.42,1328.42,30,Inventory is critical with 0.0 days remaining. Protect stock before scaling ads.
2026-09-15,GR-SUNSCR-50G,Sunscreen SPF 50,Skin,50 g,Video,1535.1,6.578,20,5.89,0,0.0,3.352,11.99,3.759,4.762,47,6.776521165935734,10402.637641827945,3354.1396916591343,CRITICAL,57.19,PROTECT_INVENTORY,0,1535.1,1535.1,30,Inventory is critical with 0.0 days remaining. Protect stock before scaling ads.
2026-09-16,GR-SUNSCR-50G,Sunscreen SPF 50,Skin,50 g,Influencer Video,1423.88,7.229,22,7.42,0,0.0,4.217,10.823,3.8,4.348,47,7.17265114715387,10212.994515409453,3376.227422242443,CRITICAL,59.19,PROTECT_INVENTORY,0,1423.88,1423.88,30,Inventory is critical with 0.0 days remaining. Protect stock before scaling ads.
2026-09-17,GR-SUNSCR-50G,Sunscreen SPF 50,Skin,50 g,Video,1820.6,7.823,29,15.35,0,0.0,4.096,10.104,2.805,3.333,47,5.342992005938077,9727.451246010864,2751.3020856251064,CRITICAL,54.76,PROTECT_INVENTORY,0,1820.6,1820.6,30,Inventory is critical with 0.0 days remaining. Protect stock before scaling ads.
2026-09-18,GR-SUNSCR-50G,Sunscreen SPF 50,Skin,50 g,Influencer Video,1619.7,3.639,13,6.26,0,0.0,3.322,8.864,2.457,0.0,47,5.300318797178242,8584.9263557896,2415.215387221111,CRITICAL,50.86,PROTECT_INVENTORY,0,1619.7,1619.7,30,Inventory is critical with 0.0 days remaining. Protect stock before scaling ads.
2026-09-19,GR-SUNSCR-50G,Sunscreen SPF 50,Skin,50 g,Influencer Video,1655.83,4.127,14,5.45,0,0.0,3.189,12.883,3.39,0.0,47,6.612695350951703,10949.499342966357,3490.4346911941884,CRITICAL,56.08,PROTECT_INVENTORY,0,1655.83,1655.83,30,Inventory is critical with 0.0 days remaining. Protect stock before scaling ads.
2026-09-20,GR-SUNSCR-50G,Sunscreen SPF 50,Skin,50 g,Influencer Video,1497.99,6.935,23,1.87,0,0.0,3.915,10.504,2.378,8.0,47,8.393659136458956,12573.61744982415,4411.610201417351,CRITICAL,59.96,PROTECT_INVENTORY,0,1497.99,1497.99,45,Inventory is critical with 0.0 days remaining. Protect stock before scaling ads.
2026-09-21,GR-SUNSCR-50G,Sunscreen SPF 50,Skin,50 g,Influencer Video,1550.92,9.726,33,8.25,0,0.0,3.465,13.149,5.189,8.333,47,7.663090847274395,11884.840856854806,4034.9552027217587,CRITICAL,62.6,PROTECT_INVENTORY,0,1550.92,1550.92,30,Inventory is critical with 0.0 days remaining. Protect stock before scaling ads.
2026-09-22,GR-SUNSCR-50G,Sunscreen SPF 50,Skin,50 g,Carousel,1594.74,8.026,29,2.07,0,0.0,4.161,10.235,3.262,6.452,47,6.397656124064391,10202.598127290446,3200.4811198265106,CRITICAL,53.93,PROTECT_INVENTORY,0,1594.74,1594.74,30,Inventory is critical with 0.0 days remaining. Protect stock before scaling ads.
2026-09-23,GR-SUNSCR-50G,Sunscreen SPF 50,Skin,50 g,Carousel,1791.75,7.499,30,13.73,0,0.0,3.987,12.222,4.249,3.226,47,6.909233659622641,12379.619409628867,4026.6711225255676,CRITICAL,61.08,PROTECT_INVENTORY,0,1791.75,1791.75,30,Inventory is critical with 0.0 days remaining. Protect stock before scaling ads.
2026-09-24,GR-SUNSCR-50G,Sunscreen SPF 50,Skin,50 g,Influencer Video,1604.33,5.581,15,0.92,0,0.0,3.382,8.941,2.793,6.25,47,6.896153489643404,11063.705928039602,3595.6117861786133,CRITICAL,54.77,PROTECT_INVENTORY,0,1604.33,1604.33,30,Inventory is critical with 0.0 days remaining. Protect stock before scaling ads.
2026-09-25,GR-SUNSCR-50G,Sunscreen SPF 50,Skin,50 g,Carousel,1350.58,5.959,18,-2.09,0,0.0,4.292,11.528,4.286,0.0,47,7.33265573299334,9903.338179866145,3303.988944537088,CRITICAL,56.67,PROTECT_INVENTORY,0,1350.58,1350.58,30,Inventory is critical with 0.0 days remaining. Protect stock before scaling ads.
2026-09-26,GR-SUNSCR-50G,Sunscreen SPF 50,Skin,50 g,Video,1913.72,8.189,30,7.69,0,0.0,3.587,12.303,3.188,6.25,47,6.243912632977272,11949.100483981265,3702.357227471195,CRITICAL,55.43,PROTECT_INVENTORY,0,1913.72,1913.72,30,Inventory is critical with 0.0 days remaining. Protect stock before scaling ads.
2026-09-27,GR-SUNSCR-50G,Sunscreen SPF 50,Skin,50 g,Carousel,1817.96,4.491,19,6.12,0,0.0,2.941,8.889,2.613,5.0,47,6.094875429919941,11080.239736577256,3389.7526761913105,CRITICAL,53.74,PROTECT_INVENTORY,0,1817.96,1817.96,30,Inventory is critical with 0.0 days remaining. Protect stock before scaling ads.
2026-09-28,GR-SUNSCR-50G,Sunscreen SPF 50,Skin,50 g,Video,1617.07,6.719,26,11.42,0,0.0,3.911,9.091,3.408,7.143,47,7.14515130635543,11554.209822968174,3813.408616795042,CRITICAL,60.2,PROTECT_INVENTORY,0,1617.07,1617.07,30,Inventory is critical with 0.0 days remaining. Protect stock before scaling ads.
2026-09-01,GR-VITC-15ML,Vitamin C Serum,Skin,15 ml,Carousel,2389.98,12.222,72,7.49,918,10.11,5.253,14.732,4.871,3.797,53,9.320451025383038,22275.691541644952,9416.136517071824,HEALTHY,74.54,INCREASE_BUDGET,15,2389.98,2748.48,80,Predicted ROAS is 9.32 with predicted profit of ₹9416.14. Sales growth is 7.5%. Inventory is sufficient. Scale budget.
2026-09-02,GR-VITC-15ML,Vitamin C Serum,Skin,15 ml,Video,2594.09,7.405,44,-2.83,863,15.73,5.47,11.968,3.02,4.348,53,7.0770693791709345,18358.55490581353,7135.944100081171,STRONG,64.72,MAINTAIN,0,2594.09,2594.09,60,Predicted ROAS is 7.08 and predicted profit is ₹7135.94. Signals are within acceptable range. Maintain current budget.
2026-09-03,GR-VITC-15ML,Vitamin C Serum,Skin,15 ml,Carousel,2602.88,7.641,52,-1.3,802,13.14,5.174,9.076,3.701,5.455,53,5.820340624590419,15149.64820493391,5426.433548614972,HEALTHY,59.84,MAINTAIN,0,2602.88,2602.88,50,Predicted ROAS is 5.82 and predicted profit is ₹5426.43. Signals are within acceptable range. Maintain current budget.
2026-09-04,GR-VITC-15ML,Vitamin C Serum,Skin,15 ml,Influencer Video,2359.66,4.447,24,-2.71,770,23.76,5.301,10.134,2.784,4.0,53,7.981187573332927,18832.889069290773,7621.77120672411,STRONG,73.04,RETARGET,0,2359.66,2359.66,75,High add-to-cart activity but weak purchase conversion. Retarget high-intent users.
2026-09-05,GR-VITC-15ML,Vitamin C Serum,Skin,15 ml,Video,2311.1,9.102,56,1.27,713,12.45,3.822,10.967,3.902,6.667,53,5.848680453333319,13516.885395698633,4852.849259720277,HEALTHY,60.65,MAINTAIN,0,2311.1,2311.1,50,Predicted ROAS is 5.85 and predicted profit is ₹4852.85. Signals are within acceptable range. Maintain current budget.
2026-09-06,GR-VITC-15ML,Vitamin C Serum,Skin,15 ml,Carousel,2453.24,5.461,33,0.93,674,17.53,5.505,19.149,4.325,8.333,53,8.366062643122438,20523.95951861369,8424.458544865256,STRONG,73.14,INCREASE_BUDGET,15,2453.24,2821.23,90,Predicted ROAS is 8.37 with predicted profit of ₹8424.46. Sales growth is 0.9%. Inventory is sufficient. Scale budget.
2026-09-07,GR-VITC-15ML,Vitamin C Serum,Skin,15 ml,Image,2688.82,9.636,62,4.78,600,8.15,4.388,16.055,5.606,1.562,53,6.192558120674701,16650.67412603255,6136.037286797253,HEALTHY,62.01,MAINTAIN,0,2688.82,2688.82,50,Predicted ROAS is 6.19 and predicted profit is ₹6136.04. Signals are within acceptable range. Maintain current budget.
2026-09-08,GR-VITC-15ML,Vitamin C Serum,Skin,15 ml,Video,2681.46,5.52,38,5.39,553,11.61,5.143,14.325,3.551,9.524,53,7.743806267020961,20764.706752766026,8323.834578965994,HEALTHY,67.92,MAINTAIN,0,2681.46,2681.46,50,Predicted ROAS is 7.74 and predicted profit is ₹8323.83. Signals are within acceptable range. Maintain current budget.
2026-09-09,GR-VITC-15ML,Vitamin C Serum,Skin,15 ml,Carousel,3238.66,8.695,69,8.02,475,6.11,5.203,15.405,5.455,5.405,53,7.261353561282402,23517.05532478286,9225.379322134915,LOW,65.45,MAINTAIN,0,3238.66,3238.66,50,Predicted ROAS is 7.26 and predicted profit is ₹9225.38. Signals are within acceptable range. Maintain current budget.
2026-09-10,GR-VITC-15ML,Vitamin C Serum,Skin,15 ml,Video,2765.66,8.39,49,1.71,427,8.85,4.445,15.882,4.379,5.769,53,6.6521042804062995,18397.458724148484,6984.993123798697,HEALTHY,61.7,MAINTAIN,0,2765.66,2765.66,50,Predicted ROAS is 6.65 and predicted profit is ₹6984.99. Signals are within acceptable range. Maintain current budget.
2026-09-11,GR-VITC-15ML,Vitamin C Serum,Skin,15 ml,Influencer Video,2147.83,7.088,32,7.74,393,11.68,3.872,9.847,3.687,5.882,53,7.196658374187843,15457.198755831874,6044.485340590894,HEALTHY,67.06,MAINTAIN,0,2147.83,2147.83,50,Predicted ROAS is 7.2 and predicted profit is ₹6044.49. Signals are within acceptable range. Maintain current budget.
2026-09-12,GR-VITC-15ML,Vitamin C Serum,Skin,15 ml,Video,2526.58,7.802,50,9.33,344,7.07,5.889,13.451,3.873,9.091,53,6.1434062648021515,15521.80740052382,5699.977922277623,HEALTHY,61.09,MAINTAIN,0,2526.58,2526.58,50,Predicted ROAS is 6.14 and predicted profit is ₹5699.98. Signals are within acceptable range. Maintain current budget.
2026-09-13,GR-VITC-15ML,Vitamin C Serum,Skin,15 ml,Video,2019.65,5.675,29,0.4,313,9.77,3.914,12.866,3.166,3.333,53,8.348438637155647,16860.924093531405,6916.639769571646,HEALTHY,66.55,INCREASE_BUDGET,15,2019.65,2322.6,65,Predicted ROAS is 8.35 with predicted profit of ₹6916.64. Sales growth is 0.4%. Inventory is sufficient. Scale budget.
2026-09-14,GR-VITC-15ML,Vitamin C Serum,Skin,15 ml,Influencer Video,2386.2,10.996,60,11.58,244,3.54,4.416,12.579,4.608,3.226,53,4.883991825425209,11654.181293829633,3790.516085729706,LOW,55.9,MAINTAIN,0,2386.2,2386.2,50,Predicted ROAS is 4.88 and predicted profit is ₹3790.52. Signals are within acceptable range. Maintain current budget.
2026-09-15,GR-VITC-15ML,Vitamin C Serum,Skin,15 ml,Image,2785.46,3.507,23,8.11,221,9.79,4.49,11.17,2.864,8.0,53,6.163620982315527,17168.519701400608,6313.855441742321,HEALTHY,61.5,RETARGET,0,2785.46,2785.46,50,High add-to-cart activity but weak purchase conversion. Retarget high-intent users.
2026-09-16,GR-VITC-15ML,Vitamin C Serum,Skin,15 ml,Video,2477.86,5.412,32,8.28,183,4.88,4.843,11.908,3.452,8.571,53,6.2662014848180645,15526.77001117129,5751.328105920784,LOW,59.24,MAINTAIN,0,2477.86,2477.86,50,Predicted ROAS is 6.27 and predicted profit is ₹5751.33. Signals are within acceptable range. Maintain current budget.
2026-09-17,GR-VITC-15ML,Vitamin C Serum,Skin,15 ml,Image,2703.29,5.744,39,4.87,136,2.86,4.522,13.612,3.148,2.5,53,6.376479253704226,17237.472601746096,6432.570478925431,CRITICAL,56.7,PROTECT_INVENTORY,0,2703.29,2703.29,30,Inventory is critical with 2.9 days remaining. Protect stock before scaling ads.
2026-09-18,GR-VITC-15ML,Vitamin C Serum,Skin,15 ml,Influencer Video,2200.44,6.29,35,6.56,94,2.21,3.984,13.088,3.776,7.895,53,6.180174652091816,13599.103511448917,5007.084861067926,CRITICAL,56.84,PROTECT_INVENTORY,0,2200.44,2200.44,30,Inventory is critical with 2.2 days remaining. Protect stock before scaling ads.
2026-09-19,GR-VITC-15ML,Vitamin C Serum,Skin,15 ml,Influencer Video,2749.38,5.689,37,8.25,53,1.3,4.787,15.113,4.442,5.128,53,7.604568653147155,20907.848963589724,8331.779950702552,CRITICAL,62.52,PROTECT_INVENTORY,0,2749.38,2749.38,30,Inventory is critical with 1.3 days remaining. Protect stock before scaling ads.
2026-09-20,GR-VITC-15ML,Vitamin C Serum,Skin,15 ml,Image,2668.48,8.667,58,8.96,0,0.0,4.272,15.784,4.996,6.452,53,6.331128097221927,16894.48870487477,6285.599013583627,CRITICAL,58.01,PROTECT_INVENTORY,0,2668.48,2668.48,30,Inventory is critical with 0.0 days remaining. Protect stock before scaling ads.
2026-09-21,GR-VITC-15ML,Vitamin C Serum,Skin,15 ml,Influencer Video,2438.37,6.265,39,10.75,0,0.0,4.692,12.771,3.302,7.143,53,6.295419875020902,15350.562960654715,5697.428369146999,CRITICAL,56.87,PROTECT_INVENTORY,0,2438.37,2438.37,30,Inventory is critical with 0.0 days remaining. Protect stock before scaling ads.
2026-09-22,GR-VITC-15ML,Vitamin C Serum,Skin,15 ml,Video,2616.13,6.046,39,0.43,0,0.0,4.627,15.152,4.626,0.0,53,6.739443449713905,17631.26019210004,6728.437901813019,CRITICAL,55.88,PROTECT_INVENTORY,0,2616.13,2616.13,30,Inventory is critical with 0.0 days remaining. Protect stock before scaling ads.
2026-09-23,GR-VITC-15ML,Vitamin C Serum,Skin,15 ml,Image,2895.25,8.186,52,6.81,0,0.0,5.038,13.099,4.561,1.887,53,6.65588632589471,19270.45488504666,7318.091089074729,CRITICAL,57.91,PROTECT_INVENTORY,0,2895.25,2895.25,30,Inventory is critical with 0.0 days remaining. Protect stock before scaling ads.
2026-09-24,GR-VITC-15ML,Vitamin C Serum,Skin,15 ml,Video,2204.58,11.759,53,4.44,0,0.0,5.09,14.236,3.648,8.621,53,6.314215986950811,13920.194280512018,5173.12296867137,CRITICAL,54.91,PROTECT_INVENTORY,0,2204.58,2204.58,30,Inventory is critical with 0.0 days remaining. Protect stock before scaling ads.
2026-09-25,GR-VITC-15ML,Vitamin C Serum,Skin,15 ml,Influencer Video,2169.07,6.425,35,4.23,0,0.0,4.599,13.325,3.382,10.256,53,6.681519565383564,14492.683643686527,5512.05233115386,CRITICAL,55.85,PROTECT_INVENTORY,0,2169.07,2169.07,30,Inventory is critical with 0.0 days remaining. Protect stock before scaling ads.
2026-09-26,GR-VITC-15ML,Vitamin C Serum,Skin,15 ml,Influencer Video,2655.59,7.882,56,5.22,0,0.0,4.537,15.951,4.444,2.857,53,5.6835148301711165,15093.085147854115,5343.7451283626815,CRITICAL,53.79,PROTECT_INVENTORY,0,2655.59,2655.59,30,Inventory is critical with 0.0 days remaining. Protect stock before scaling ads.
2026-09-27,GR-VITC-15ML,Vitamin C Serum,Skin,15 ml,Influencer Video,2809.51,6.775,50,12.13,0,0.0,4.154,17.532,5.171,5.455,53,7.05905282981479,19832.479515892952,7701.704143423263,CRITICAL,61.93,PROTECT_INVENTORY,0,2809.51,2809.51,30,Inventory is critical with 0.0 days remaining. Protect stock before scaling ads.
2026-09-28,GR-VITC-15ML,Vitamin C Serum,Skin,15 ml,Video,2782.34,5.337,36,11.82,0,0.0,4.681,17.383,5.007,4.444,53,7.31435921684202,20351.03422338823,8003.708138395761,CRITICAL,62.54,PROTECT_INVENTORY,0,2782.34,2782.34,30,Inventory is critical with 0.0 days remaining. Protect stock before scaling ads.
2026-09-01,GR-VITC-30ML,Vitamin C Serum,Skin,30 ml,Carousel,841.23,23.059,28,4.66,1397,40.09,3.296,12.86,3.81,6.667,53,22.232606445887455,18702.735520473903,9071.219825851169,STRONG,88.06,INCREASE_BUDGET,15,841.23,967.41,90,Predicted ROAS is 22.23 with predicted profit of ₹9071.22. Sales growth is 4.7%. Inventory is sufficient. Scale budget.
2026-09-02,GR-VITC-30ML,Vitamin C Serum,Skin,30 ml,Video,913.5,20.202,33,11.61,1353,30.27,3.27,19.527,5.331,6.154,53,25.248946132996615,23064.91229249241,11310.903515020977,STRONG,92.18,INCREASE_BUDGET,15,913.5,1050.52,90,Predicted ROAS is 25.25 with predicted profit of ₹11310.9. Sales growth is 11.6%. Inventory is sufficient. Scale budget.
2026-09-03,GR-VITC-30ML,Vitamin C Serum,Skin,30 ml,Image,849.43,25.864,39,-1.44,1307,28.73,3.104,15.094,5.105,4.878,53,23.156524207671964,19669.846357722796,9575.588569593081,STRONG,86.22,MAINTAIN,0,849.43,849.43,90,Predicted ROAS is 23.16 and predicted profit is ₹9575.59. Signals are within acceptable range. Maintain current budget.
2026-09-04,GR-VITC-30ML,Vitamin C Serum,Skin,30 ml,Video,905.65,22.014,30,4.11,1272,35.99,2.993,14.484,4.695,3.226,53,24.751488256613744,22416.185339602238,10974.928229989186,STRONG,88.74,INCREASE_BUDGET,15,905.65,1041.5,90,Predicted ROAS is 24.75 with predicted profit of ₹10974.93. Sales growth is 4.1%. Inventory is sufficient. Scale budget.
2026-09-05,GR-VITC-30ML,Vitamin C Serum,Skin,30 ml,Video,776.17,25.241,32,0.82,1234,32.46,3.616,13.355,3.774,8.571,53,23.154625294973552,17971.925515199622,8748.9505230558,STRONG,86.58,INCREASE_BUDGET,15,776.17,892.6,90,Predicted ROAS is 23.15 with predicted profit of ₹8748.95. Sales growth is 0.8%. Inventory is sufficient. Scale budget.
2026-09-06,GR-VITC-30ML,Vitamin C Serum,Skin,30 ml,Influencer Video,973.65,25.155,32,1.68,1198,33.94,3.542,11.421,3.666,5.882,53,13.558685785714298,13201.414415260726,6023.099640088185,STRONG,86.8,INCREASE_BUDGET,15,973.65,1119.7,90,Predicted ROAS is 13.56 with predicted profit of ₹6023.1. Sales growth is 1.7%. Inventory is sufficient. Scale budget.
2026-09-07,GR-VITC-30ML,Vitamin C Serum,Skin,30 ml,Image,835.62,4.238,6,2.07,1188,118.67,3.779,5.995,0.936,0.0,53,16.123629740449825,13473.227483714683,6305.190566368782,STRONG,84.21,CHANGE_CREATIVE,0,835.62,835.62,90,CTR is strong but purchase conversion is weak. Test new creatives or landing-page messaging.
2026-09-08,GR-VITC-30ML,Vitamin C Serum,Skin,30 ml,Carousel,1172.5,17.193,33,2.92,1153,32.68,3.335,13.978,4.418,0.0,53,28.672726713323744,33618.77207137209,16645.44919782721,STRONG,88.01,INCREASE_BUDGET,15,1172.5,1348.38,90,Predicted ROAS is 28.67 with predicted profit of ₹16645.45. Sales growth is 2.9%. Inventory is sufficient. Scale budget.
2026-09-09,GR-VITC-30ML,Vitamin C Serum,Skin,30 ml,Image,706.54,33.751,35,3.87,1110,25.92,3.48,16.842,4.54,1.923,53,23.54255421560847,16633.756255496006,8109.350815412882,STRONG,85.77,INCREASE_BUDGET,15,706.54,812.52,90,Predicted ROAS is 23.54 with predicted profit of ₹8109.35. Sales growth is 3.9%. Inventory is sufficient. Scale budget.
2026-09-10,GR-VITC-30ML,Vitamin C Serum,Skin,30 ml,Video,945.25,23.759,34,13.04,1067,24.66,2.871,13.963,4.993,5.556,53,29.57518525661376,27955.94386381416,13871.400247821502,STRONG,88.82,INCREASE_BUDGET,15,945.25,1087.04,90,Predicted ROAS is 29.58 with predicted profit of ₹13871.4. Sales growth is 13.0%. Inventory is sufficient. Scale budget.
2026-09-11,GR-VITC-30ML,Vitamin C Serum,Skin,30 ml,Video,749.3,34.58,47,-7.11,1014,19.09,3.41,12.872,4.196,3.846,53,17.520078752645485,13127.795009357262,6208.431354959349,STRONG,76.76,MAINTAIN,0,749.3,749.3,90,Predicted ROAS is 17.52 and predicted profit is ₹6208.43. Signals are within acceptable range. Maintain current budget.
2026-09-12,GR-VITC-30ML,Vitamin C Serum,Skin,30 ml,Video,881.56,15.732,25,13.49,986,34.87,2.894,10.211,3.281,7.407,53,24.45639733730158,21559.78163667158,10545.124267435938,STRONG,90.84,INCREASE_BUDGET,15,881.56,1013.79,90,Predicted ROAS is 24.46 with predicted profit of ₹10545.12. Sales growth is 13.5%. Inventory is sufficient. Scale budget.
2026-09-13,GR-VITC-30ML,Vitamin C Serum,Skin,30 ml,Image,583.18,27.091,27,0.9,949,25.9,3.546,10.478,3.525,3.571,53,25.42337511171236,14826.403897648413,7274.814065753659,STRONG,83.63,INCREASE_BUDGET,15,583.18,670.66,90,Predicted ROAS is 25.42 with predicted profit of ₹7274.81. Sales growth is 0.9%. Inventory is sufficient. Scale budget.
2026-09-14,GR-VITC-30ML,Vitamin C Serum,Skin,30 ml,Video,844.5,28.369,43,0.82,905,20.33,3.475,17.28,5.2,8.511,53,18.132684936901665,15313.052429213456,7271.417787483132,STRONG,81.56,INCREASE_BUDGET,15,844.5,971.18,90,Predicted ROAS is 18.13 with predicted profit of ₹7271.42. Sales growth is 0.8%. Inventory is sufficient. Scale budget.
2026-09-15,GR-VITC-30ML,Vitamin C Serum,Skin,30 ml,Carousel,831.83,16.268,21,6.98,876,30.43,3.451,8.262,2.154,4.545,53,18.944251716931227,15758.396905694903,7520.1203600183,STRONG,87.27,RETARGET,0,831.83,831.83,90,High add-to-cart activity but weak purchase conversion. Retarget high-intent users.
2026-09-16,GR-VITC-30ML,Vitamin C Serum,Skin,30 ml,Influencer Video,811.74,16.938,24,16.99,850,32.68,3.073,11.303,3.791,7.692,53,18.75766822265697,15226.349603059569,7258.225289621572,STRONG,92.66,INCREASE_BUDGET,15,811.74,933.5,90,Predicted ROAS is 18.76 with predicted profit of ₹7258.23. Sales growth is 17.0%. Inventory is sufficient. Scale budget.
2026-09-17,GR-VITC-30ML,Vitamin C Serum,Skin,30 ml,Influencer Video,877.93,15.791,18,27.13,824,31.66,3.584,12.335,2.703,5.263,53,14.137715729437234,12411.92477034483,5700.39012828276,STRONG,92.7,RETARGET,0,877.93,877.93,90,High add-to-cart activity but weak purchase conversion. Retarget high-intent users.
2026-09-18,GR-VITC-30ML,Vitamin C Serum,Skin,30 ml,Carousel,765.19,8.324,10,4.22,812,70.63,2.768,10.277,3.247,0.0,53,20.39610787649683,15606.897786016612,7506.465826588805,STRONG,87.33,INCREASE_BUDGET,15,765.19,879.97,90,Predicted ROAS is 20.4 with predicted profit of ₹7506.47. Sales growth is 4.2%. Inventory is sufficient. Scale budget.
2026-09-19,GR-VITC-30ML,Vitamin C Serum,Skin,30 ml,Influencer Video,760.37,25.329,28,5.91,784,27.86,3.147,12.727,4.328,6.667,53,23.157121400386643,17607.980399211992,8571.859611582355,STRONG,87.62,INCREASE_BUDGET,15,760.37,874.43,90,Predicted ROAS is 23.16 with predicted profit of ₹8571.86. Sales growth is 5.9%. Inventory is sufficient. Scale budget.
2026-09-20,GR-VITC-30ML,Vitamin C Serum,Skin,30 ml,Video,815.53,25.575,24,12.14,757,27.93,3.608,9.985,3.042,4.0,53,26.896841373015878,21935.181044935638,10810.115953815888,STRONG,88.71,INCREASE_BUDGET,15,815.53,937.86,90,Predicted ROAS is 26.9 with predicted profit of ₹10810.12. Sales growth is 12.1%. Inventory is sufficient. Scale budget.
2026-09-21,GR-VITC-30ML,Vitamin C Serum,Skin,30 ml,Image,833.17,29.415,35,10.18,715,17.01,3.173,13.754,4.436,5.405,53,32.83331830911681,27355.735815606855,13665.369982271632,STRONG,82.09,INCREASE_BUDGET,15,833.17,958.15,90,Predicted ROAS is 32.83 with predicted profit of ₹13665.37. Sales growth is 10.2%. Inventory is sufficient. Scale budget.
2026-09-22,GR-VITC-30ML,Vitamin C Serum,Skin,30 ml,Video,609.82,42.063,32,11.77,684,22.43,3.576,14.832,3.837,4.167,53,26.319096291611785,16049.9113005507,7896.632989291871,STRONG,85.7,INCREASE_BUDGET,15,609.82,701.29,90,Predicted ROAS is 26.32 with predicted profit of ₹7896.63. Sales growth is 11.8%. Inventory is sufficient. Scale budget.
2026-09-23,GR-VITC-30ML,Vitamin C Serum,Skin,30 ml,Image,830.6,31.873,36,8.14,642,15.27,3.31,16.539,4.506,6.122,53,27.59393112830689,22919.519195171706,11316.745173441004,STRONG,80.24,INCREASE_BUDGET,15,830.6,955.19,90,Predicted ROAS is 27.59 with predicted profit of ₹11316.75. Sales growth is 8.1%. Inventory is sufficient. Scale budget.
2026-09-24,GR-VITC-30ML,Vitamin C Serum,Skin,30 ml,Video,814.48,18.15,26,-0.43,614,21.46,3.472,9.545,2.951,7.143,53,20.027854562169313,16312.286983795662,7831.032101411702,STRONG,79.6,RETARGET,0,814.48,814.48,90,High add-to-cart activity but weak purchase conversion. Retarget high-intent users.
2026-09-25,GR-VITC-30ML,Vitamin C Serum,Skin,30 ml,Video,974.3,18.217,25,3.4,583,18.73,2.879,11.717,3.799,0.0,53,23.284836980158726,22686.416669768645,11049.500834977383,STRONG,80.06,INCREASE_BUDGET,15,974.3,1120.44,90,Predicted ROAS is 23.28 with predicted profit of ₹11049.5. Sales growth is 3.4%. Inventory is sufficient. Scale budget.
2026-09-26,GR-VITC-30ML,Vitamin C Serum,Skin,30 ml,Image,582.38,21.402,22,-4.72,553,18.59,3.45,10.058,2.594,4.348,53,21.925804164021162,12769.149829042644,6185.269409392602,STRONG,75.72,RETARGET,0,582.38,582.38,90,High add-to-cart activity but weak purchase conversion. Retarget high-intent users.
2026-09-27,GR-VITC-30ML,Vitamin C Serum,Skin,30 ml,Carousel,922.31,9.768,15,1.16,536,30.71,2.646,12.03,3.138,6.25,53,12.877439587419136,11876.991305872543,5372.495392112449,STRONG,86.07,INCREASE_BUDGET,15,922.31,1060.66,90,Predicted ROAS is 12.88 with predicted profit of ₹5372.5. Sales growth is 1.2%. Inventory is sufficient. Scale budget.
2026-09-28,GR-VITC-30ML,Vitamin C Serum,Skin,30 ml,Image,779.45,25.959,30,0.23,495,12.26,2.949,12.5,3.567,6.25,53,23.61556108465608,18407.14908743518,8976.339016340644,HEALTHY,74.33,INCREASE_BUDGET,15,779.45,896.37,80,Predicted ROAS is 23.62 with predicted profit of ₹8976.34. Sales growth is 0.2%. Inventory is sufficient. Scale budget.
