date,sku,product,category,variant,ad_type,ad_spend_inr,roas,predicted_next_day_roas,predicted_next_day_revenue_inr,predicted_next_day_profit_inr,margin_pct,sales_volume,sales_growth_pct,stock_on_hand,days_of_inventory_remaining,inventory_risk,click_rate_pct,add_to_cart_rate_pct,purchase_rate_pct,payment_failed_rate_pct,funnel_status,payment_status,creative_status,sales_status,profitability_status,root_cause,root_cause_explanation,autonomous_action,decision_priority_score,decision_confidence_pct
2026-09-01,GR-BODYLOT-200ML,Body Lotion,Body,200 ml,Image,1811.68,6.053,5.137154967761969,9306.880911995004,2469.485219517702,46,23,-0.17,552,19.09,HEALTHY,4.236,8.403,3.059,4.167,NORMAL,MEDIUM,NORMAL,STABLE,PROFITABLE,NORMAL_PERFORMANCE,No major negative signal detected.,MAINTAIN,50,60
2026-09-02,GR-BODYLOT-200ML,Body Lotion,Body,200 ml,Image,1991.96,4.92,4.698271233488418,9358.76836625959,2313.073448479411,46,18,-0.79,528,22.36,HEALTHY,4.122,9.945,2.844,5.263,CHECKOUT_CONVERSION,HIGH,CREATIVE_TO_CONVERSION_GAP,STABLE,PROFITABLE,PAYMENT_FRICTION,Elevated payment failures may be reducing completed orders.,FIX_PAYMENT,80,70
2026-09-03,GR-BODYLOT-200ML,Body Lotion,Body,200 ml,Influencer Video,1887.72,3.995,4.561932091031149,8611.650446881322,2073.6392055654087,46,15,11.64,508,25.04,HEALTHY,4.059,9.524,2.451,0.0,CHECKOUT_CONVERSION,NORMAL,CREATIVE_TO_CONVERSION_GAP,STRONG_GROWTH,PROFITABLE,FUNNEL_DROP_OFF,Users show purchase intent but conversion remains weak.,RETARGET,70,60
2026-09-04,GR-BODYLOT-200ML,Body Lotion,Body,200 ml,Video,1614.96,5.101,6.1013164399395725,9853.381997844812,2917.5957190086137,46,14,-1.47,489,24.95,HEALTHY,3.62,12.888,2.806,3.846,CHECKOUT_CONVERSION,MEDIUM,CREATIVE_TO_CONVERSION_GAP,STABLE,PROFITABLE,FUNNEL_DROP_OFF,Users show purchase intent but conversion remains weak.,RETARGET,70,60
2026-09-05,GR-BODYLOT-200ML,Body Lotion,Body,200 ml,Video,1888.66,6.397,5.826571689897486,11004.412887841787,3173.369928407222,46,19,-13.49,464,18.82,HEALTHY,4.006,12.598,3.893,4.348,NORMAL,MEDIUM,NORMAL,DECLINING,PROFITABLE,DEMAND_DECLINE,Sales signals indicate declining product demand.,DECREASE_BUDGET,75,60
2026-09-06,GR-BODYLOT-200ML,Body Lotion,Body,200 ml,Image,2173.41,6.62,4.408724925231924,9581.966839748316,2234.2947462842258,46,28,-0.08,430,12.6,LOW,4.089,10.762,3.883,3.448,NORMAL,MEDIUM,NORMAL,STABLE,PROFITABLE,NORMAL_PERFORMANCE,No major negative signal detected.,DECREASE_BUDGET,75,60
2026-09-07,GR-BODYLOT-200ML,Body Lotion,Body,200 ml,Video,2558.06,3.585,4.6407364742979915,11871.28234544272,2902.729878903651,46,19,6.11,404,15.83,HEALTHY,3.608,10.606,2.687,5.0,CHECKOUT_CONVERSION,HIGH,CREATIVE_TO_CONVERSION_GAP,STABLE,PROFITABLE,PAYMENT_FRICTION,Elevated payment failures may be reducing completed orders.,FIX_PAYMENT,80,70
2026-09-08,GR-BODYLOT-200ML,Body Lotion,Body,200 ml,Influencer Video,2375.08,4.782,4.852514754921853,11525.110744119795,2926.4709422951055,46,23,-2.32,377,14.03,LOW,3.604,12.044,3.549,6.667,NORMAL,HIGH,STRONG_CREATIVE,STABLE,PROFITABLE,PAYMENT_FRICTION,Elevated payment failures may be reducing completed orders.,FIX_PAYMENT,80,70
2026-09-09,GR-BODYLOT-200ML,Body Lotion,Body,200 ml,Video,2161.98,4.961,3.52537398041594,7621.788038179654,1344.042497562641,46,22,8.32,353,14.73,LOW,3.997,11.89,3.543,4.348,NORMAL,MEDIUM,NORMAL,STABLE,PROFITABLE,NORMAL_PERFORMANCE,No major negative signal detected.,DECREASE_BUDGET,80,70
2026-09-10,GR-BODYLOT-200ML,Body Lotion,Body,200 ml,Video,2251.57,2.737,3.8502806493646515,8669.176401689969,1736.2511447773854,46,13,10.71,336,19.25,HEALTHY,3.779,6.737,2.022,7.143,CHECKOUT_CONVERSION,HIGH,CREATIVE_TO_CONVERSION_GAP,STRONG_GROWTH,PROFITABLE,PAYMENT_FRICTION,Elevated payment failures may be reducing completed orders.,FIX_PAYMENT,85,80
2026-09-11,GR-BODYLOT-200ML,Body Lotion,Body,200 ml,Image,2284.33,3.153,5.603423816669767,12800.069127133247,3603.7017984812937,46,15,-8.74,317,17.22,HEALTHY,3.721,10.894,3.112,5.556,NORMAL,HIGH,NORMAL,STABLE,PROFITABLE,PAYMENT_FRICTION,Elevated payment failures may be reducing completed orders.,FIX_PAYMENT,80,70
2026-09-12,GR-BODYLOT-200ML,Body Lotion,Body,200 ml,Image,1750.04,5.895,3.9261258518232913,6870.877285724832,1410.563551433423,46,19,14.91,292,11.39,LOW,4.157,8.382,2.533,0.0,CHECKOUT_CONVERSION,NORMAL,CREATIVE_TO_CONVERSION_GAP,STRONG_GROWTH,PROFITABLE,FUNNEL_DROP_OFF,Users show purchase intent but conversion remains weak.,RETARGET,75,70
2026-09-13,GR-BODYLOT-200ML,Body Lotion,Body,200 ml,Influencer Video,2036.32,2.899,5.557179869481492,11316.19651182255,3169.130395438373,46,12,-1.58,276,17.34,HEALTHY,3.66,6.579,1.754,0.0,CHECKOUT_CONVERSION,NORMAL,CREATIVE_TO_CONVERSION_GAP,STABLE,PROFITABLE,FUNNEL_DROP_OFF,Users show purchase intent but conversion remains weak.,RETARGET,70,60
2026-09-14,GR-BODYLOT-200ML,Body Lotion,Body,200 ml,Image,1933.3,6.181,3.209101565612206,6204.156056798078,920.6117861271161,46,24,16.3,249,9.41,LOW,4.203,13.193,3.822,4.0,NORMAL,MEDIUM,NORMAL,STRONG_GROWTH,PROFITABLE,NORMAL_PERFORMANCE,No major negative signal detected.,DECREASE_BUDGET,80,70
2026-09-15,GR-BODYLOT-200ML,Body Lotion,Body,200 ml,Image,1900.13,2.354,3.895125600363364,7401.2450070184395,1504.442703228482,46,9,12.41,237,18.86,HEALTHY,3.592,7.519,1.965,0.0,CHECKOUT_CONVERSION,NORMAL,CREATIVE_TO_CONVERSION_GAP,STRONG_GROWTH,PROFITABLE,FUNNEL_DROP_OFF,Users show purchase intent but conversion remains weak.,RETARGET,75,70
2026-09-16,GR-BODYLOT-200ML,Body Lotion,Body,200 ml,Video,2667.77,3.207,4.441740369043098,11849.541704322104,2783.0191839881686,46,17,6.05,217,11.04,LOW,3.91,7.488,2.471,5.556,CHECKOUT_CONVERSION,HIGH,CREATIVE_TO_CONVERSION_GAP,STABLE,PROFITABLE,PAYMENT_FRICTION,Elevated payment failures may be reducing completed orders.,FIX_PAYMENT,80,70
2026-09-17,GR-BODYLOT-200ML,Body Lotion,Body,200 ml,Influencer Video,1831.88,4.445,3.4452171746970333,6311.224437984001,1071.2832414726404,46,17,9.06,195,8.82,LOW,3.936,8.974,2.603,0.0,CHECKOUT_CONVERSION,NORMAL,CREATIVE_TO_CONVERSION_GAP,STABLE,PROFITABLE,FUNNEL_DROP_OFF,Users show purchase intent but conversion remains weak.,RETARGET,75,70
2026-09-18,GR-BODYLOT-200ML,Body Lotion,Body,200 ml,Video,1981.75,2.182,5.838083530582328,11569.622036731529,3340.276136896503,46,9,-4.4,183,15.41,HEALTHY,4.01,6.344,2.123,0.0,CHECKOUT_CONVERSION,NORMAL,CREATIVE_TO_CONVERSION_GAP,STABLE,PROFITABLE,FUNNEL_DROP_OFF,Users show purchase intent but conversion remains weak.,RETARGET,70,60
2026-09-19,GR-BODYLOT-200ML,Body Lotion,Body,200 ml,Carousel,2413.29,5.538,3.2328259775828037,7801.746603440804,1175.5134375827702,46,27,7.48,150,4.45,MEDIUM,4.531,12.297,3.919,6.897,NORMAL,HIGH,NORMAL,STABLE,PROFITABLE,PAYMENT_FRICTION,Elevated payment failures may be reducing completed orders.,FIX_PAYMENT,85,80
2026-09-20,GR-BODYLOT-200ML,Body Lotion,Body,200 ml,Image,2291.42,1.924,5.274658620356748,12086.458255857859,3268.350797694615,46,9,0.34,138,11.95,LOW,3.207,10.031,1.907,0.0,CHECKOUT_CONVERSION,NORMAL,CREATIVE_TO_CONVERSION_GAP,STABLE,PROFITABLE,FUNNEL_DROP_OFF,Users show purchase intent but conversion remains weak.,RETARGET,70,60
2026-09-21,GR-BODYLOT-200ML,Body Lotion,Body,200 ml,Video,1467.62,5.762,4.463758063446306,6551.100609075068,1545.8862801745313,46,14,12.84,119,6.33,MEDIUM,3.461,13.939,2.846,0.0,CHECKOUT_CONVERSION,NORMAL,CREATIVE_TO_CONVERSION_GAP,STRONG_GROWTH,PROFITABLE,FUNNEL_DROP_OFF,Users show purchase intent but conversion remains weak.,RETARGET,70,60
2026-09-22,GR-BODYLOT-200ML,Body Lotion,Body,200 ml,Video,2142.11,3.446,4.458695701941556,9551.016650086027,2251.357659039572,46,10,10.69,104,6.69,MEDIUM,4.307,5.31,1.453,0.0,CHECKOUT_CONVERSION,NORMAL,CREATIVE_TO_CONVERSION_GAP,STRONG_GROWTH,PROFITABLE,FUNNEL_DROP_OFF,Users show purchase intent but conversion remains weak.,RETARGET,70,60
2026-09-23,GR-BODYLOT-200ML,Body Lotion,Body,200 ml,Image,2303.89,1.426,5.5267332816660515,12732.985540297599,3553.283348536895,46,7,26.85,94,9.56,LOW,3.773,4.826,1.323,0.0,NORMAL,NORMAL,CREATIVE_TO_CONVERSION_GAP,STRONG_GROWTH,PROFITABLE,CREATIVE_CONVERSION_GAP,Ads attract clicks but those clicks are not converting.,CHANGE_CREATIVE,70,60
2026-09-24,GR-BODYLOT-200ML,Body Lotion,Body,200 ml,Video,2210.09,5.147,3.9589045971884236,8749.535461200163,1814.6963121520748,46,21,10.23,67,2.51,HIGH,3.833,12.095,3.328,8.696,NORMAL,HIGH,NORMAL,STRONG_GROWTH,PROFITABLE,INVENTORY_RISK,Inventory is very low and scaling ads may cause stockout.,PROTECT_INVENTORY,85,80
2026-09-25,GR-BODYLOT-200ML,Body Lotion,Body,200 ml,Video,1878.07,3.121,4.347637959921519,8165.168423389807,1877.9074747593115,46,12,12.02,52,3.46,MEDIUM,2.964,9.639,2.174,0.0,CHECKOUT_CONVERSION,NORMAL,CREATIVE_TO_CONVERSION_GAP,STRONG_GROWTH,PROFITABLE,FUNNEL_DROP_OFF,Users show purchase intent but conversion remains weak.,RETARGET,70,60
2026-09-26,GR-BODYLOT-200ML,Body Lotion,Body,200 ml,Video,2008.05,3.644,4.598273004910631,9233.562107510792,2239.3885694549635,46,13,7.1,34,1.9,HIGH,3.48,7.889,1.884,7.143,CHECKOUT_CONVERSION,HIGH,CREATIVE_TO_CONVERSION_GAP,STABLE,PROFITABLE,INVENTORY_RISK,Inventory is very low and scaling ads may cause stockout.,PROTECT_INVENTORY,80,70
2026-09-27,GR-BODYLOT-200ML,Body Lotion,Body,200 ml,Image,2218.17,3.625,4.302046852721076,9542.67126730031,2171.4587829581424,46,12,8.02,16,0.87,HIGH,4.539,8.0,1.902,7.692,CHECKOUT_CONVERSION,HIGH,CREATIVE_TO_CONVERSION_GAP,STABLE,PROFITABLE,INVENTORY_RISK,Inventory is very low and scaling ads may cause stockout.,PROTECT_INVENTORY,80,70
2026-09-28,GR-BODYLOT-200ML,Body Lotion,Body,200 ml,Video,2076.67,4.758,4.519703130738142,9385.931900509977,2240.8586742345897,46,16,4.08,0,0.0,CRITICAL,3.545,10.618,2.41,5.882,CHECKOUT_CONVERSION,HIGH,CREATIVE_TO_CONVERSION_GAP,STABLE,PROFITABLE,INVENTORY_SHORTAGE,Stock is exhausted or expected to run out immediately.,PROTECT_INVENTORY,80,75
2026-09-01,GR-BODYLOT-400ML,Body Lotion,Body,400 ml,Video,623.61,20.99,9.078332461640217,5661.338906403456,2093.8326750736587,48,17,-2.1,478,20.52,HEALTHY,2.708,13.636,2.599,3.333,CHECKOUT_CONVERSION,MEDIUM,CREATIVE_TO_CONVERSION_GAP,STABLE,HIGHLY_PROFITABLE,FUNNEL_DROP_OFF,Users show purchase intent but conversion remains weak.,RETARGET,70,75
2026-09-02,GR-BODYLOT-400ML,Body Lotion,Body,400 ml,Image,1030.21,3.588,10.210845400192403,10519.315039732215,4019.061219071463,48,5,-8.21,468,47.05,HEALTHY,2.584,5.797,1.397,0.0,CHECKOUT_CONVERSION,NORMAL,CREATIVE_TO_CONVERSION_GAP,STABLE,HIGHLY_PROFITABLE,FUNNEL_DROP_OFF,Users show purchase intent but conversion remains weak.,RETARGET,80,75
2026-09-03,GR-BODYLOT-400ML,Body Lotion,Body,400 ml,Image,922.42,9.647,10.942370361795243,10093.461269127167,3922.4414091810395,48,11,1.88,454,33.02,HEALTHY,3.059,9.351,2.259,0.0,CHECKOUT_CONVERSION,NORMAL,CREATIVE_TO_CONVERSION_GAP,STABLE,HIGHLY_PROFITABLE,FUNNEL_DROP_OFF,Users show purchase intent but conversion remains weak.,RETARGET,80,75
2026-09-04,GR-BODYLOT-400ML,Body Lotion,Body,400 ml,Image,1006.2,8.531,15.519028880250032,15615.246859307583,6489.11849246764,48,9,2.77,441,33.84,HEALTHY,2.907,11.62,2.679,6.667,CHECKOUT_CONVERSION,HIGH,CREATIVE_TO_CONVERSION_GAP,STABLE,HIGHLY_PROFITABLE,PAYMENT_FRICTION,Elevated payment failures may be reducing completed orders.,FIX_PAYMENT,90,85
2026-09-05,GR-BODYLOT-400ML,Body Lotion,Body,400 ml,Influencer Video,885.23,16.926,11.752982287037042,10404.092509953802,4108.734404777824,48,19,-0.49,414,15.41,HEALTHY,3.459,8.681,2.707,5.0,CHECKOUT_CONVERSION,HIGH,CREATIVE_TO_CONVERSION_GAP,STABLE,HIGHLY_PROFITABLE,PAYMENT_FRICTION,Elevated payment failures may be reducing completed orders.,FIX_PAYMENT,90,85
2026-09-06,GR-BODYLOT-400ML,Body Lotion,Body,400 ml,Influencer Video,980.4,11.557,11.40762871352193,11184.0391907369,4387.938811553712,48,14,-1.85,395,20.11,HEALTHY,2.936,11.051,3.415,9.524,NORMAL,HIGH,NORMAL,STABLE,HIGHLY_PROFITABLE,PAYMENT_FRICTION,Elevated payment failures may be reducing completed orders.,FIX_PAYMENT,90,85
2026-09-07,GR-BODYLOT-400ML,Body Lotion,Body,400 ml,Video,994.62,11.383,8.275709918487022,8231.186599125562,2956.3495675802696,48,13,5.28,376,20.38,HEALTHY,2.875,12.286,3.016,4.762,NORMAL,MEDIUM,NORMAL,STABLE,HIGHLY_PROFITABLE,HIGH_PERFORMER,Strong predicted ROAS and healthy business signals indicate a scaling opportunity.,INCREASE_BUDGET,85,75
2026-09-08,GR-BODYLOT-400ML,Body Lotion,Body,400 ml,Video,1025.41,6.096,11.481042797653666,11772.776095142046,4625.5225256681815,48,8,2.43,364,30.82,HEALTHY,2.894,6.176,1.985,0.0,CHECKOUT_CONVERSION,NORMAL,CREATIVE_TO_CONVERSION_GAP,STABLE,HIGHLY_PROFITABLE,FUNNEL_DROP_OFF,Users show purchase intent but conversion remains weak.,RETARGET,80,75
2026-09-09,GR-BODYLOT-400ML,Body Lotion,Body,400 ml,Carousel,1030.66,12.382,12.260025038421485,12635.917406099488,5034.580354927755,48,17,3.59,343,16.53,HEALTHY,2.825,12.009,3.38,4.0,NORMAL,MEDIUM,NORMAL,STABLE,HIGHLY_PROFITABLE,HIGH_PERFORMER,Strong predicted ROAS and healthy business signals indicate a scaling opportunity.,INCREASE_BUDGET,95,75
2026-09-10,GR-BODYLOT-400ML,Body Lotion,Body,400 ml,Image,996.43,10.401,7.657311450784185,7629.974848904885,2665.9579274743446,48,14,-3.99,326,18.74,HEALTHY,3.126,9.162,2.513,0.0,CHECKOUT_CONVERSION,NORMAL,CREATIVE_TO_CONVERSION_GAP,STABLE,PROFITABLE,FUNNEL_DROP_OFF,Users show purchase intent but conversion remains weak.,RETARGET,70,60
2026-09-11,GR-BODYLOT-400ML,Body Lotion,Body,400 ml,Image,1220.66,5.548,11.504457001304898,14043.030483212837,5519.9946319421615,48,9,21.99,311,20.34,HEALTHY,2.772,12.451,2.632,0.0,CHECKOUT_CONVERSION,NORMAL,CREATIVE_TO_CONVERSION_GAP,STRONG_GROWTH,HIGHLY_PROFITABLE,FUNNEL_DROP_OFF,Users show purchase intent but conversion remains weak.,RETARGET,80,75
2026-09-12,GR-BODYLOT-400ML,Body Lotion,Body,400 ml,Carousel,1142.41,9.888,10.03436597616225,11463.360034827518,4360.002816717208,48,14,2.93,296,19.84,HEALTHY,3.445,7.641,1.799,0.0,CHECKOUT_CONVERSION,NORMAL,CREATIVE_TO_CONVERSION_GAP,STABLE,HIGHLY_PROFITABLE,FUNNEL_DROP_OFF,Users show purchase intent but conversion remains weak.,RETARGET,80,75
2026-09-13,GR-BODYLOT-400ML,Body Lotion,Body,400 ml,Carousel,1221.87,10.77,11.376255225889688,13900.304972857832,5450.276386971759,48,14,11.24,279,16.61,HEALTHY,2.942,7.952,2.697,0.0,CHECKOUT_CONVERSION,NORMAL,CREATIVE_TO_CONVERSION_GAP,STRONG_GROWTH,HIGHLY_PROFITABLE,FUNNEL_DROP_OFF,Users show purchase intent but conversion remains weak.,RETARGET,80,75
2026-09-14,GR-BODYLOT-400ML,Body Lotion,Body,400 ml,Video,893.76,13.095,12.161264666666673,10869.251908480006,4323.480916070403,48,14,4.49,263,16.55,HEALTHY,2.766,14.384,3.357,0.0,NORMAL,NORMAL,NORMAL,STABLE,HIGHLY_PROFITABLE,HIGH_PERFORMER,Strong predicted ROAS and healthy business signals indicate a scaling opportunity.,INCREASE_BUDGET,95,75
2026-09-15,GR-BODYLOT-400ML,Body Lotion,Body,400 ml,Image,932.14,10.364,11.226882586390916,10465.026334078428,4091.072640357645,48,13,7.91,248,16.65,HEALTHY,2.283,11.589,3.25,0.0,NORMAL,NORMAL,NORMAL,STABLE,HIGHLY_PROFITABLE,HIGH_PERFORMER,Strong predicted ROAS and healthy business signals indicate a scaling opportunity.,INCREASE_BUDGET,95,75
2026-09-16,GR-BODYLOT-400ML,Body Lotion,Body,400 ml,Video,1095.19,12.804,12.814681759920648,14034.511316647495,5641.3754319907985,48,17,12.81,223,8.84,LOW,3.231,9.783,2.946,5.556,CHECKOUT_CONVERSION,HIGH,CREATIVE_TO_CONVERSION_GAP,STRONG_GROWTH,HIGHLY_PROFITABLE,PAYMENT_FRICTION,Elevated payment failures may be reducing completed orders.,FIX_PAYMENT,90,85
2026-09-17,GR-BODYLOT-400ML,Body Lotion,Body,400 ml,Video,1131.34,11.886,6.742694601465831,7628.280110422353,2530.2344530027294,48,14,5.67,207,12.91,LOW,2.572,8.864,2.318,0.0,CHECKOUT_CONVERSION,NORMAL,CREATIVE_TO_CONVERSION_GAP,STABLE,PROFITABLE,FUNNEL_DROP_OFF,Users show purchase intent but conversion remains weak.,RETARGET,70,60
2026-09-18,GR-BODYLOT-400ML,Body Lotion,Body,400 ml,Carousel,1162.26,4.562,17.62956232131993,20490.135103577304,8673.004849717106,48,7,-5.13,196,17.9,HEALTHY,2.858,6.178,2.215,0.0,CHECKOUT_CONVERSION,NORMAL,CREATIVE_TO_CONVERSION_GAP,STABLE,HIGHLY_PROFITABLE,FUNNEL_DROP_OFF,Users show purchase intent but conversion remains weak.,RETARGET,80,75
2026-09-19,GR-BODYLOT-400ML,Body Lotion,Body,400 ml,Video,972.49,27.898,12.970439773809522,12613.622975632023,5082.0490283033705,48,29,4.92,164,5.17,MEDIUM,3.231,11.352,3.066,4.878,NORMAL,MEDIUM,NORMAL,STABLE,HIGHLY_PROFITABLE,HIGH_PERFORMER,Strong predicted ROAS and healthy business signals indicate a scaling opportunity.,MAINTAIN,60,75
2026-09-20,GR-BODYLOT-400ML,Body Lotion,Body,400 ml,Video,905.6,10.72,14.151706652287288,12815.785544311368,5245.9770612694565,48,12,3.64,147,8.68,LOW,2.83,10.032,2.85,7.692,CHECKOUT_CONVERSION,HIGH,CREATIVE_TO_CONVERSION_GAP,STABLE,HIGHLY_PROFITABLE,PAYMENT_FRICTION,Elevated payment failures may be reducing completed orders.,FIX_PAYMENT,90,85
2026-09-21,GR-BODYLOT-400ML,Body Lotion,Body,400 ml,Carousel,1087.23,16.232,15.790260654761909,17167.64509167679,7153.23964400486,48,22,6.59,117,3.87,MEDIUM,3.13,12.564,3.793,4.348,NORMAL,MEDIUM,NORMAL,STABLE,HIGHLY_PROFITABLE,HIGH_PERFORMER,Strong predicted ROAS and healthy business signals indicate a scaling opportunity.,MAINTAIN,60,75
2026-09-22,GR-BODYLOT-400ML,Body Lotion,Body,400 ml,Video,1036.88,12.404,13.294423948091959,13784.722303297593,5579.786705582845,48,14,3.12,99,5.59,MEDIUM,2.494,14.842,2.941,3.846,CHECKOUT_CONVERSION,MEDIUM,NORMAL,STABLE,HIGHLY_PROFITABLE,FUNNEL_DROP_OFF,Users show purchase intent but conversion remains weak.,RETARGET,80,75
2026-09-23,GR-BODYLOT-400ML,Body Lotion,Body,400 ml,Image,1128.16,12.562,13.499315976495739,15229.388312043433,6181.946389780848,48,12,6.75,87,7.06,LOW,2.889,8.708,2.505,0.0,CHECKOUT_CONVERSION,NORMAL,CREATIVE_TO_CONVERSION_GAP,STABLE,HIGHLY_PROFITABLE,FUNNEL_DROP_OFF,Users show purchase intent but conversion remains weak.,RETARGET,80,75
2026-09-24,GR-BODYLOT-400ML,Body Lotion,Body,400 ml,Influencer Video,1254.84,4.33,13.80423503677715,17322.106293549437,7059.771020903729,48,7,5.05,74,5.71,MEDIUM,2.27,9.96,2.09,0.0,CHECKOUT_CONVERSION,NORMAL,NORMAL,STABLE,HIGHLY_PROFITABLE,FUNNEL_DROP_OFF,Users show purchase intent but conversion remains weak.,RETARGET,80,75
2026-09-25,GR-BODYLOT-400ML,Body Lotion,Body,400 ml,Carousel,1003.73,7.978,10.624171999603986,10663.80016116251,4114.894077358005,48,9,5.15,62,5.3,MEDIUM,2.974,6.713,1.636,0.0,CHECKOUT_CONVERSION,NORMAL,CREATIVE_TO_CONVERSION_GAP,STABLE,HIGHLY_PROFITABLE,FUNNEL_DROP_OFF,Users show purchase intent but conversion remains weak.,RETARGET,80,75
2026-09-26,GR-BODYLOT-400ML,Body Lotion,Body,400 ml,Carousel,1008.32,14.968,17.55186882142858,17697.900370022868,7486.672177610977,48,18,20.39,35,1.31,HIGH,2.946,9.331,2.889,5.263,CHECKOUT_CONVERSION,HIGH,CREATIVE_TO_CONVERSION_GAP,STRONG_GROWTH,HIGHLY_PROFITABLE,INVENTORY_RISK,Inventory is very low and scaling ads may cause stockout.,PROTECT_INVENTORY,90,85
2026-09-27,GR-BODYLOT-400ML,Body Lotion,Body,400 ml,Video,918.77,12.439,14.19199601984127,13039.180183149563,5340.0364879117915,48,12,18.99,21,1.45,HIGH,2.726,8.14,2.312,7.692,CHECKOUT_CONVERSION,HIGH,CREATIVE_TO_CONVERSION_GAP,STRONG_GROWTH,HIGHLY_PROFITABLE,INVENTORY_RISK,Inventory is very low and scaling ads may cause stockout.,PROTECT_INVENTORY,90,85
2026-09-28,GR-BODYLOT-400ML,Body Lotion,Body,400 ml,Video,1174.04,9.92,8.96342891279419,10523.424080776891,3877.203558772908,48,15,9.86,2,0.1,HIGH,2.54,12.698,3.212,4.545,NORMAL,MEDIUM,NORMAL,STABLE,HIGHLY_PROFITABLE,INVENTORY_RISK,Inventory is very low and scaling ads may cause stockout.,PROTECT_INVENTORY,80,85
2026-09-01,GR-COMBO-FULL,Glow Combo,Combos,Full (30ml + 150ml),Video,1582.83,18.527,21.630783496031754,34237.85304102394,15878.475050922209,51,26,-8.05,697,21.98,HEALTHY,5.336,11.268,2.805,3.704,CHECKOUT_CONVERSION,MEDIUM,CREATIVE_TO_CONVERSION_GAP,STABLE,HIGHLY_PROFITABLE,FUNNEL_DROP_OFF,Users show purchase intent but conversion remains weak.,RETARGET,80,75
2026-09-02,GR-COMBO-FULL,Glow Combo,Combos,Full (30ml + 150ml),Video,1875.49,23.475,20.826808115800862,39060.47035310336,18045.34988008271,51,51,1.31,643,11.78,LOW,5.508,12.644,3.947,10.526,NORMAL,CRITICAL,NORMAL,STABLE,HIGHLY_PROFITABLE,PAYMENT_FAILURE,High payment failure rate is blocking completed purchases.,FIX_PAYMENT,90,85
2026-09-03,GR-COMBO-FULL,Glow Combo,Combos,Full (30ml + 150ml),Influencer Video,1447.38,23.07,15.851492694444444,22943.133496085,10253.618083003348,51,36,-0.14,602,14.76,LOW,5.343,12.594,2.74,5.263,CHECKOUT_CONVERSION,HIGH,CREATIVE_TO_CONVERSION_GAP,STABLE,HIGHLY_PROFITABLE,PAYMENT_FRICTION,Elevated payment failures may be reducing completed orders.,FIX_PAYMENT,90,85
2026-09-04,GR-COMBO-FULL,Glow Combo,Combos,Full (30ml + 150ml),Video,1975.38,13.869,26.779544985449736,52899.7775733577,25003.506562412425,51,32,7.49,565,15.39,HEALTHY,5.813,9.821,2.331,5.882,CHECKOUT_CONVERSION,HIGH,CREATIVE_TO_CONVERSION_GAP,STABLE,HIGHLY_PROFITABLE,PAYMENT_FRICTION,Elevated payment failures may be reducing completed orders.,FIX_PAYMENT,90,85
2026-09-05,GR-COMBO-FULL,Glow Combo,Combos,Full (30ml + 150ml),Influencer Video,1919.95,29.711,22.9143381521164,43994.38353515588,20517.185602929498,51,61,4.04,487,6.23,MEDIUM,5.006,10.946,3.248,4.688,NORMAL,MEDIUM,STRONG_CREATIVE,STABLE,HIGHLY_PROFITABLE,HIGH_PERFORMER,Strong predicted ROAS and healthy business signals indicate a scaling opportunity.,MAINTAIN,60,75
2026-09-06,GR-COMBO-FULL,Glow Combo,Combos,Full (30ml + 150ml),Image,1696.55,25.733,21.324747892857133,36178.50103762677,16754.485529189653,51,55,1.95,432,7.87,LOW,4.655,12.489,3.876,5.172,NORMAL,HIGH,NORMAL,STABLE,HIGHLY_PROFITABLE,PAYMENT_FRICTION,Elevated payment failures may be reducing completed orders.,FIX_PAYMENT,90,85
2026-09-07,GR-COMBO-FULL,Glow Combo,Combos,Full (30ml + 150ml),Influencer Video,1547.73,23.9,21.445312180495442,33191.55302111821,15379.96204077029,51,43,3.74,390,9.28,LOW,5.308,10.47,3.041,4.444,NORMAL,MEDIUM,NORMAL,STABLE,HIGHLY_PROFITABLE,HIGH_PERFORMER,Strong predicted ROAS and healthy business signals indicate a scaling opportunity.,MAINTAIN,60,75
2026-09-08,GR-COMBO-FULL,Glow Combo,Combos,Full (30ml + 150ml),Image,1505.03,23.391,15.93145507130831,23977.317825971146,10723.402091245283,51,45,1.17,333,5.87,MEDIUM,4.907,9.35,3.28,4.255,NORMAL,MEDIUM,NORMAL,STABLE,HIGHLY_PROFITABLE,HIGH_PERFORMER,Strong predicted ROAS and healthy business signals indicate a scaling opportunity.,MAINTAIN,60,75
2026-09-09,GR-COMBO-FULL,Glow Combo,Combos,Full (30ml + 150ml),Carousel,2096.02,13.085,16.717237337668465,35039.663804499854,15774.208540294923,51,33,6.0,294,7.56,LOW,4.685,12.106,3.634,7.5,NORMAL,HIGH,NORMAL,STABLE,HIGHLY_PROFITABLE,PAYMENT_FRICTION,Elevated payment failures may be reducing completed orders.,FIX_PAYMENT,90,85
2026-09-10,GR-COMBO-FULL,Glow Combo,Combos,Full (30ml + 150ml),Influencer Video,1755.47,16.762,19.785581456474677,34732.994679397605,15958.35728649278,51,34,0.63,258,7.17,LOW,5.538,13.433,3.116,8.696,NORMAL,HIGH,NORMAL,STABLE,HIGHLY_PROFITABLE,PAYMENT_FRICTION,Elevated payment failures may be reducing completed orders.,FIX_PAYMENT,90,85
2026-09-11,GR-COMBO-FULL,Glow Combo,Combos,Full (30ml + 150ml),Image,1651.92,20.828,22.025733380351138,36384.74948566965,16904.302237691518,51,43,10.54,211,4.46,MEDIUM,5.517,10.753,3.011,4.444,NORMAL,MEDIUM,NORMAL,STRONG_GROWTH,HIGHLY_PROFITABLE,HIGH_PERFORMER,Strong predicted ROAS and healthy business signals indicate a scaling opportunity.,MAINTAIN,60,75
2026-09-12,GR-COMBO-FULL,Glow Combo,Combos,Full (30ml + 150ml),Video,1606.4,22.229,20.385996552910047,32748.064862594703,15095.113079923298,51,45,10.58,155,2.74,HIGH,5.111,15.244,3.903,5.0,NORMAL,HIGH,NORMAL,STRONG_GROWTH,HIGHLY_PROFITABLE,INVENTORY_RISK,Inventory is very low and scaling ads may cause stockout.,PROTECT_INVENTORY,90,85
2026-09-13,GR-COMBO-FULL,Glow Combo,Combos,Full (30ml + 150ml),Influencer Video,1591.64,20.375,16.76965963286311,26691.261058050244,12020.903139605625,51,39,6.49,112,2.61,HIGH,4.161,11.163,3.385,6.818,NORMAL,HIGH,NORMAL,STABLE,HIGHLY_PROFITABLE,INVENTORY_RISK,Inventory is very low and scaling ads may cause stockout.,PROTECT_INVENTORY,90,85
2026-09-14,GR-COMBO-FULL,Glow Combo,Combos,Full (30ml + 150ml),Influencer Video,1783.76,15.079,24.719196722222197,44093.114345231064,20703.728316067845,51,24,7.31,80,2.48,HIGH,4.713,8.902,2.746,7.692,CHECKOUT_CONVERSION,HIGH,CREATIVE_TO_CONVERSION_GAP,STABLE,HIGHLY_PROFITABLE,INVENTORY_RISK,Inventory is very low and scaling ads may cause stockout.,PROTECT_INVENTORY,90,85
2026-09-15,GR-COMBO-FULL,Glow Combo,Combos,Full (30ml + 150ml),Video,1730.08,25.843,20.44283807539681,35367.745297482514,16307.470101716082,51,53,15.1,31,0.62,HIGH,4.868,14.131,3.62,8.108,NORMAL,HIGH,NORMAL,STRONG_GROWTH,HIGHLY_PROFITABLE,INVENTORY_RISK,Inventory is very low and scaling ads may cause stockout.,PROTECT_INVENTORY,90,85
2026-09-16,GR-COMBO-FULL,Glow Combo,Combos,Full (30ml + 150ml),Image,1697.34,19.156,22.77342791798942,38654.25014232016,18016.327572583283,51,38,13.64,0,0.0,CRITICAL,5.091,16.078,3.804,2.273,NORMAL,MEDIUM,NORMAL,STRONG_GROWTH,HIGHLY_PROFITABLE,INVENTORY_SHORTAGE,Stock is exhausted or expected to run out immediately.,PROTECT_INVENTORY,90,90
2026-09-17,GR-COMBO-FULL,Glow Combo,Combos,Full (30ml + 150ml),Influencer Video,1300.3,24.21,18.415134859266335,23945.199857504012,10911.751927327046,51,38,13.2,0,0.0,CRITICAL,5.459,12.943,2.402,7.317,CHECKOUT_CONVERSION,HIGH,CREATIVE_TO_CONVERSION_GAP,STRONG_GROWTH,HIGHLY_PROFITABLE,INVENTORY_SHORTAGE,Stock is exhausted or expected to run out immediately.,PROTECT_INVENTORY,90,90
2026-09-18,GR-COMBO-FULL,Glow Combo,Combos,Full (30ml + 150ml),Carousel,1666.37,17.862,22.090498312890826,36810.943673651884,17107.21127356246,51,37,9.81,0,0.0,CRITICAL,5.92,8.489,2.48,11.905,CHECKOUT_CONVERSION,CRITICAL,CREATIVE_TO_CONVERSION_GAP,STABLE,HIGHLY_PROFITABLE,INVENTORY_SHORTAGE,Stock is exhausted or expected to run out immediately.,PROTECT_INVENTORY,90,90
2026-09-19,GR-COMBO-FULL,Glow Combo,Combos,Full (30ml + 150ml),Image,1708.04,23.098,24.743212048941782,42262.39590807452,19845.781913118004,51,47,15.83,0,0.0,CRITICAL,6.614,8.168,2.348,6.0,CHECKOUT_CONVERSION,HIGH,CREATIVE_TO_CONVERSION_GAP,STRONG_GROWTH,HIGHLY_PROFITABLE,INVENTORY_SHORTAGE,Stock is exhausted or expected to run out immediately.,PROTECT_INVENTORY,90,90
2026-09-20,GR-COMBO-FULL,Glow Combo,Combos,Full (30ml + 150ml),Video,2092.91,26.674,22.477704091269825,47043.811669659524,21899.43395152636,51,59,23.69,0,0.0,CRITICAL,5.757,11.595,4.129,7.692,NORMAL,HIGH,NORMAL,STRONG_GROWTH,HIGHLY_PROFITABLE,INVENTORY_SHORTAGE,Stock is exhausted or expected to run out immediately.,PROTECT_INVENTORY,90,90
2026-09-21,GR-COMBO-FULL,Glow Combo,Combos,Full (30ml + 150ml),Influencer Video,1821.58,23.432,28.268082525132275,51492.573766130445,24439.632620726523,51,36,5.02,0,0.0,CRITICAL,6.131,9.783,2.901,5.263,CHECKOUT_CONVERSION,HIGH,CREATIVE_TO_CONVERSION_GAP,STABLE,HIGHLY_PROFITABLE,INVENTORY_SHORTAGE,Stock is exhausted or expected to run out immediately.,PROTECT_INVENTORY,90,90
2026-09-22,GR-COMBO-FULL,Glow Combo,Combos,Full (30ml + 150ml),Video,1727.46,31.501,23.0452123637566,39809.68254989498,18575.47810044644,51,59,17.22,0,0.0,CRITICAL,4.994,13.34,4.272,8.696,NORMAL,HIGH,NORMAL,STRONG_GROWTH,HIGHLY_PROFITABLE,INVENTORY_SHORTAGE,Stock is exhausted or expected to run out immediately.,PROTECT_INVENTORY,90,90
2026-09-23,GR-COMBO-FULL,Glow Combo,Combos,Full (30ml + 150ml),Video,1588.52,27.076,21.183054535714298,33649.705791072876,15572.829953447166,51,29,9.36,0,0.0,CRITICAL,5.464,10.446,1.773,3.333,CHECKOUT_CONVERSION,MEDIUM,CREATIVE_TO_CONVERSION_GAP,STABLE,HIGHLY_PROFITABLE,INVENTORY_SHORTAGE,Stock is exhausted or expected to run out immediately.,PROTECT_INVENTORY,90,90
2026-09-24,GR-COMBO-FULL,Glow Combo,Combos,Full (30ml + 150ml),Influencer Video,1925.95,13.122,17.229292608772028,33182.756099864484,14997.255610930886,51,32,11.19,0,0.0,CRITICAL,4.172,12.916,3.113,5.882,NORMAL,HIGH,NORMAL,STRONG_GROWTH,HIGHLY_PROFITABLE,INVENTORY_SHORTAGE,Stock is exhausted or expected to run out immediately.,PROTECT_INVENTORY,90,90
2026-09-25,GR-COMBO-FULL,Glow Combo,Combos,Full (30ml + 150ml),Video,2002.61,10.839,7.862848520425526,15746.219075489362,6027.961728499575,51,27,-1.36,0,0.0,CRITICAL,4.902,14.576,4.0,5.0,NORMAL,HIGH,NORMAL,STABLE,PROFITABLE,INVENTORY_SHORTAGE,Stock is exhausted or expected to run out immediately.,PROTECT_INVENTORY,80,75
2026-09-26,GR-COMBO-FULL,Glow Combo,Combos,Full (30ml + 150ml),Image,2136.65,23.218,26.01491869708995,55584.77603413724,26211.585777409993,51,61,8.93,0,0.0,CRITICAL,5.339,12.712,3.095,8.333,NORMAL,HIGH,NORMAL,STABLE,HIGHLY_PROFITABLE,INVENTORY_SHORTAGE,Stock is exhausted or expected to run out immediately.,PROTECT_INVENTORY,90,90
2026-09-27,GR-COMBO-FULL,Glow Combo,Combos,Full (30ml + 150ml),Video,1842.46,20.355,23.511759730158737,43319.47683242827,20250.47318453842,51,34,11.8,0,0.0,CRITICAL,5.761,11.477,3.058,2.857,NORMAL,MEDIUM,NORMAL,STRONG_GROWTH,HIGHLY_PROFITABLE,INVENTORY_SHORTAGE,Stock is exhausted or expected to run out immediately.,PROTECT_INVENTORY,90,90
2026-09-28,GR-COMBO-FULL,Glow Combo,Combos,Full (30ml + 150ml),Influencer Video,1833.68,20.42,21.453956694444436,39339.69131146887,18229.562568849124,51,31,-1.27,0,0.0,CRITICAL,4.867,18.997,3.091,7.353,NORMAL,HIGH,NORMAL,STABLE,HIGHLY_PROFITABLE,INVENTORY_SHORTAGE,Stock is exhausted or expected to run out immediately.,PROTECT_INVENTORY,90,90
2026-09-01,GR-COMBO-STARTER,Glow Combo,Combos,Starter (15ml + 100ml),Image,1976.99,7.197,5.638462453121008,11147.183885195702,2816.2990706341516,43,22,11.04,639,23.97,HEALTHY,3.111,16.991,2.929,4.167,CHECKOUT_CONVERSION,MEDIUM,CREATIVE_TO_CONVERSION_GAP,STRONG_GROWTH,PROFITABLE,FUNNEL_DROP_OFF,Users show purchase intent but conversion remains weak.,RETARGET,70,60
2026-09-02,GR-COMBO-STARTER,Glow Combo,Combos,Starter (15ml + 100ml),Carousel,2175.88,4.477,6.769162384805675,14728.885049850973,4157.540571435918,43,17,0.48,621,33.61,HEALTHY,3.548,6.99,1.83,5.556,CHECKOUT_CONVERSION,HIGH,CREATIVE_TO_CONVERSION_GAP,STABLE,PROFITABLE,PAYMENT_FRICTION,Elevated payment failures may be reducing completed orders.,FIX_PAYMENT,80,70
2026-09-03,GR-COMBO-STARTER,Glow Combo,Combos,Starter (15ml + 100ml),Influencer Video,1777.66,6.844,8.177776430473022,14537.306049394674,4473.381601239709,43,16,3.83,600,29.2,HEALTHY,3.553,11.312,2.435,0.0,CHECKOUT_CONVERSION,NORMAL,CREATIVE_TO_CONVERSION_GAP,STABLE,HIGHLY_PROFITABLE,FUNNEL_DROP_OFF,Users show purchase intent but conversion remains weak.,RETARGET,70,75
2026-09-04,GR-COMBO-STARTER,Glow Combo,Combos,Starter (15ml + 100ml),Video,1560.95,8.906,10.768021121838549,16808.342570133882,5666.637305157569,43,21,-0.03,578,25.9,HEALTHY,3.031,15.064,2.954,13.158,CHECKOUT_CONVERSION,CRITICAL,CREATIVE_TO_CONVERSION_GAP,STABLE,HIGHLY_PROFITABLE,PAYMENT_FAILURE,High payment failure rate is blocking completed purchases.,FIX_PAYMENT,90,85
2026-09-05,GR-COMBO-STARTER,Glow Combo,Combos,Starter (15ml + 100ml),Image,1846.11,12.174,8.182363357689526,15105.542818264212,4649.273411853612,43,31,3.07,541,14.47,LOW,3.497,11.001,3.359,0.0,NORMAL,NORMAL,NORMAL,STABLE,HIGHLY_PROFITABLE,HIGH_PERFORMER,Strong predicted ROAS and healthy business signals indicate a scaling opportunity.,MAINTAIN,50,75
2026-09-06,GR-COMBO-STARTER,Glow Combo,Combos,Starter (15ml + 100ml),Video,2324.03,8.051,6.9589192367308215,16172.737073739532,4630.246941707999,43,32,7.56,496,11.15,LOW,3.01,13.517,3.426,8.108,NORMAL,HIGH,NORMAL,STABLE,PROFITABLE,PAYMENT_FRICTION,Elevated payment failures may be reducing completed orders.,FIX_PAYMENT,80,70
2026-09-07,GR-COMBO-STARTER,Glow Combo,Combos,Starter (15ml + 100ml),Carousel,2025.44,7.079,5.2029593109858325,10538.281906843145,2506.021219942552,43,19,9.27,470,17.77,HEALTHY,2.676,12.237,3.226,4.545,NORMAL,MEDIUM,NORMAL,STABLE,PROFITABLE,NORMAL_PERFORMANCE,No major negative signal detected.,MAINTAIN,50,60
2026-09-08,GR-COMBO-STARTER,Glow Combo,Combos,Starter (15ml + 100ml),Video,2227.72,4.204,5.925385884234391,13200.100642026637,3448.323276071454,43,16,-6.4,448,20.66,HEALTHY,3.33,9.511,2.847,0.0,CHECKOUT_CONVERSION,NORMAL,CREATIVE_TO_CONVERSION_GAP,STABLE,PROFITABLE,FUNNEL_DROP_OFF,Users show purchase intent but conversion remains weak.,RETARGET,70,60
2026-09-09,GR-COMBO-STARTER,Glow Combo,Combos,Starter (15ml + 100ml),Image,1835.22,4.789,6.984034008755561,12817.238893548381,3676.1927242258034,43,14,-12.06,427,20.16,HEALTHY,3.023,14.696,3.794,5.263,NORMAL,HIGH,NORMAL,DECLINING,PROFITABLE,PAYMENT_FRICTION,Elevated payment failures may be reducing completed orders.,FIX_PAYMENT,80,70
2026-09-10,GR-COMBO-STARTER,Glow Combo,Combos,Starter (15ml + 100ml),Video,2189.68,6.935,7.858246474012242,17207.045139215126,5209.349409862505,43,27,1.71,390,10.7,LOW,3.405,12.996,3.803,0.0,NORMAL,NORMAL,NORMAL,STABLE,PROFITABLE,NORMAL_PERFORMANCE,No major negative signal detected.,MAINTAIN,50,60
2026-09-11,GR-COMBO-STARTER,Glow Combo,Combos,Starter (15ml + 100ml),Video,1714.26,8.778,7.27767443778455,12475.826181716542,3650.3452581381134,43,27,2.65,363,13.38,LOW,3.476,10.777,3.151,3.333,NORMAL,MEDIUM,NORMAL,STABLE,PROFITABLE,NORMAL_PERFORMANCE,No major negative signal detected.,MAINTAIN,50,60
2026-09-12,GR-COMBO-STARTER,Glow Combo,Combos,Starter (15ml + 100ml),Video,2217.39,6.676,7.549981134135775,16741.252667021326,4981.3486468191695,43,25,5.06,335,12.1,LOW,2.809,9.06,2.43,7.407,CHECKOUT_CONVERSION,HIGH,CREATIVE_TO_CONVERSION_GAP,STABLE,PROFITABLE,PAYMENT_FRICTION,Elevated payment failures may be reducing completed orders.,FIX_PAYMENT,80,70
2026-09-13,GR-COMBO-STARTER,Glow Combo,Combos,Starter (15ml + 100ml),Video,1934.9,8.074,7.299957333700323,14124.687444976757,4138.715601340005,43,28,5.15,305,10.14,LOW,3.513,13.251,3.562,7.143,NORMAL,HIGH,NORMAL,STABLE,PROFITABLE,PAYMENT_FRICTION,Elevated payment failures may be reducing completed orders.,FIX_PAYMENT,80,70
2026-09-14,GR-COMBO-STARTER,Glow Combo,Combos,Starter (15ml + 100ml),Image,1871.64,7.319,6.771045181971791,12672.959004385684,3577.7323718858433,43,21,10.65,276,9.25,LOW,3.435,14.233,3.286,5.882,NORMAL,HIGH,NORMAL,STRONG_GROWTH,PROFITABLE,PAYMENT_FRICTION,Elevated payment failures may be reducing completed orders.,FIX_PAYMENT,80,70
2026-09-15,GR-COMBO-STARTER,Glow Combo,Combos,Starter (15ml + 100ml),Carousel,2116.1,7.911,5.234141242446963,11075.966283142017,2646.5655017510676,43,20,2.5,251,10.01,LOW,2.698,9.983,2.66,4.762,CHECKOUT_CONVERSION,MEDIUM,CREATIVE_TO_CONVERSION_GAP,STABLE,PROFITABLE,FUNNEL_DROP_OFF,Users show purchase intent but conversion remains weak.,RETARGET,70,60
2026-09-16,GR-COMBO-STARTER,Glow Combo,Combos,Starter (15ml + 100ml),Image,1723.91,4.116,7.839265621204079,13514.188397049926,4087.191010731468,43,12,14.89,233,12.94,LOW,3.072,14.721,2.206,7.692,CHECKOUT_CONVERSION,HIGH,CREATIVE_TO_CONVERSION_GAP,STRONG_GROWTH,PROFITABLE,PAYMENT_FRICTION,Elevated payment failures may be reducing completed orders.,FIX_PAYMENT,80,70
2026-09-17,GR-COMBO-STARTER,Glow Combo,Combos,Starter (15ml + 100ml),Image,1841.97,9.917,7.661444037364227,14112.150073503784,4226.254531606626,43,30,11.47,197,5.52,MEDIUM,3.125,15.409,3.421,5.128,NORMAL,HIGH,NORMAL,STRONG_GROWTH,PROFITABLE,PAYMENT_FRICTION,Elevated payment failures may be reducing completed orders.,FIX_PAYMENT,80,70
2026-09-18,GR-COMBO-STARTER,Glow Combo,Combos,Starter (15ml + 100ml),Video,1946.05,7.94,6.8281501490791126,13287.921597615406,3767.7562869746243,43,28,13.95,161,4.51,MEDIUM,3.514,13.246,2.991,7.143,CHECKOUT_CONVERSION,HIGH,CREATIVE_TO_CONVERSION_GAP,STRONG_GROWTH,PROFITABLE,PAYMENT_FRICTION,Elevated payment failures may be reducing completed orders.,FIX_PAYMENT,80,70
2026-09-19,GR-COMBO-STARTER,Glow Combo,Combos,Starter (15ml + 100ml),Image,1656.97,6.693,6.902619713218972,11437.433786212441,3261.1265280713496,43,19,25.92,135,5.28,MEDIUM,3.129,10.208,2.43,5.0,CHECKOUT_CONVERSION,HIGH,CREATIVE_TO_CONVERSION_GAP,STRONG_GROWTH,PROFITABLE,PAYMENT_FRICTION,Elevated payment failures may be reducing completed orders.,FIX_PAYMENT,80,70
2026-09-20,GR-COMBO-STARTER,Glow Combo,Combos,Starter (15ml + 100ml),Influencer Video,1594.84,6.927,6.854888448292898,10932.450292875445,3106.113625936441,43,16,0.3,115,5.73,MEDIUM,3.269,10.104,3.2,0.0,NORMAL,NORMAL,NORMAL,STABLE,PROFITABLE,NORMAL_PERFORMANCE,No major negative signal detected.,MAINTAIN,50,60
2026-09-21,GR-COMBO-STARTER,Glow Combo,Combos,Starter (15ml + 100ml),Video,1837.6,6.402,10.366557518484646,19049.586095967385,6353.722021265976,43,20,4.42,91,3.83,MEDIUM,3.177,12.597,3.263,6.897,NORMAL,HIGH,NORMAL,STABLE,HIGHLY_PROFITABLE,PAYMENT_FRICTION,Elevated payment failures may be reducing completed orders.,FIX_PAYMENT,90,85
2026-09-22,GR-COMBO-STARTER,Glow Combo,Combos,Starter (15ml + 100ml),Influencer Video,1314.03,14.689,15.764784939038412,20715.400353444646,7593.592151981197,43,27,2.08,58,1.75,HIGH,3.573,15.136,2.342,6.579,CHECKOUT_CONVERSION,HIGH,CREATIVE_TO_CONVERSION_GAP,STABLE,HIGHLY_PROFITABLE,INVENTORY_RISK,Inventory is very low and scaling ads may cause stockout.,PROTECT_INVENTORY,90,85
2026-09-23,GR-COMBO-STARTER,Glow Combo,Combos,Starter (15ml + 100ml),Video,1746.49,8.869,7.097147306989297,12395.096800183737,3583.401624079007,43,25,18.85,28,0.93,HIGH,3.032,8.482,2.904,3.846,CHECKOUT_CONVERSION,MEDIUM,CREATIVE_TO_CONVERSION_GAP,STRONG_GROWTH,PROFITABLE,INVENTORY_RISK,Inventory is very low and scaling ads may cause stockout.,PROTECT_INVENTORY,80,70
2026-09-24,GR-COMBO-STARTER,Glow Combo,Combos,Starter (15ml + 100ml),Video,2215.18,6.14,7.132067120361098,15798.812443681496,4578.309350783044,43,22,15.54,2,0.08,HIGH,3.533,17.658,3.264,2.326,NORMAL,MEDIUM,NORMAL,STRONG_GROWTH,PROFITABLE,INVENTORY_RISK,Inventory is very low and scaling ads may cause stockout.,PROTECT_INVENTORY,80,70
2026-09-25,GR-COMBO-STARTER,Glow Combo,Combos,Starter (15ml + 100ml),Image,2369.11,5.277,6.193866365541602,14673.950745268266,3940.6888204653546,43,21,7.78,0,0.0,CRITICAL,3.231,12.179,2.679,3.571,CHECKOUT_CONVERSION,MEDIUM,CREATIVE_TO_CONVERSION_GAP,STABLE,PROFITABLE,INVENTORY_SHORTAGE,Stock is exhausted or expected to run out immediately.,PROTECT_INVENTORY,80,75
2026-09-26,GR-COMBO-STARTER,Glow Combo,Combos,Starter (15ml + 100ml),Image,1971.91,11.191,6.923796233946819,13653.103031682072,3898.924303623291,43,37,7.17,0,0.0,CRITICAL,3.84,15.118,3.426,7.407,NORMAL,HIGH,NORMAL,STABLE,PROFITABLE,INVENTORY_SHORTAGE,Stock is exhausted or expected to run out immediately.,PROTECT_INVENTORY,80,75
2026-09-27,GR-COMBO-STARTER,Glow Combo,Combos,Starter (15ml + 100ml),Video,2238.57,10.256,6.392980315646296,14311.13394519633,3915.217596434422,43,37,-3.78,0,0.0,CRITICAL,3.471,12.64,2.925,5.128,CHECKOUT_CONVERSION,HIGH,CREATIVE_TO_CONVERSION_GAP,STABLE,PROFITABLE,INVENTORY_SHORTAGE,Stock is exhausted or expected to run out immediately.,PROTECT_INVENTORY,80,75
2026-09-28,GR-COMBO-STARTER,Glow Combo,Combos,Starter (15ml + 100ml),Image,2497.68,5.766,5.941009408644899,14838.740379784189,3882.9783633072016,43,24,7.2,0,0.0,CRITICAL,2.986,8.814,2.97,4.0,CHECKOUT_CONVERSION,MEDIUM,CREATIVE_TO_CONVERSION_GAP,STABLE,PROFITABLE,INVENTORY_SHORTAGE,Stock is exhausted or expected to run out immediately.,PROTECT_INVENTORY,80,75
2026-09-01,GR-FACEWASH-100ML,Ubtan Face Wash,Skin,100 ml,Influencer Video,1532.28,6.916,6.823475852571061,10455.475579377586,2649.910231751034,40,35,-11.45,782,17.98,HEALTHY,6.077,13.387,4.93,5.405,NORMAL,HIGH,NORMAL,DECLINING,PROFITABLE,PAYMENT_FRICTION,Elevated payment failures may be reducing completed orders.,FIX_PAYMENT,80,70
2026-09-02,GR-FACEWASH-100ML,Ubtan Face Wash,Skin,100 ml,Image,1797.36,5.51,9.163350664047044,16469.839949531593,4790.575979812638,40,39,0.63,738,16.49,HEALTHY,4.166,11.598,3.625,9.302,NORMAL,HIGH,NORMAL,STABLE,HIGHLY_PROFITABLE,PAYMENT_FRICTION,Elevated payment failures may be reducing completed orders.,FIX_PAYMENT,80,85
2026-09-03,GR-FACEWASH-100ML,Ubtan Face Wash,Skin,100 ml,Video,1459.34,11.308,10.741599620907296,15675.645990774852,4810.918396309941,40,58,13.92,674,10.54,LOW,5.894,13.552,5.54,6.452,HEALTHY_CONVERSION,HIGH,NORMAL,STRONG_GROWTH,HIGHLY_PROFITABLE,PAYMENT_FRICTION,Elevated payment failures may be reducing completed orders.,FIX_PAYMENT,90,85
2026-09-04,GR-FACEWASH-100ML,Ubtan Face Wash,Skin,100 ml,Influencer Video,1507.96,13.451,10.240319973152577,15441.99290671516,4668.837162686064,40,81,-0.23,577,5.98,MEDIUM,5.955,15.617,5.075,6.897,HEALTHY_CONVERSION,HIGH,NORMAL,STABLE,HIGHLY_PROFITABLE,PAYMENT_FRICTION,Elevated payment failures may be reducing completed orders.,FIX_PAYMENT,90,85
2026-09-05,GR-FACEWASH-100ML,Ubtan Face Wash,Skin,100 ml,Video,1519.69,6.768,9.128198567833056,13872.032081550218,4029.1228326200867,40,44,14.24,526,10.21,LOW,5.377,15.148,4.721,0.0,NORMAL,NORMAL,NORMAL,STRONG_GROWTH,HIGHLY_PROFITABLE,HIGH_PERFORMER,Strong predicted ROAS and healthy business signals indicate a scaling opportunity.,MAINTAIN,50,75
2026-09-06,GR-FACEWASH-100ML,Ubtan Face Wash,Skin,100 ml,Image,1425.84,10.58,8.765517719234051,12498.22578479268,3573.450313917072,40,55,-0.59,453,6.27,MEDIUM,4.843,12.678,5.506,1.786,HEALTHY_CONVERSION,NORMAL,NORMAL,STABLE,HIGHLY_PROFITABLE,HIGH_PERFORMER,Strong predicted ROAS and healthy business signals indicate a scaling opportunity.,MAINTAIN,50,75
2026-09-07,GR-FACEWASH-100ML,Ubtan Face Wash,Skin,100 ml,Video,1577.53,9.814,6.5965182712808765,10406.205468493721,2584.952187397488,40,57,11.6,396,6.84,MEDIUM,5.408,15.47,5.616,5.0,HEALTHY_CONVERSION,HIGH,NORMAL,STRONG_GROWTH,PROFITABLE,PAYMENT_FRICTION,Elevated payment failures may be reducing completed orders.,FIX_PAYMENT,80,70
2026-09-08,GR-FACEWASH-100ML,Ubtan Face Wash,Skin,100 ml,Image,1853.66,4.674,6.35871266086744,11786.891310943538,2861.0965243774153,40,27,-5.83,366,12.58,LOW,5.263,10.818,2.509,3.571,CHECKOUT_CONVERSION,MEDIUM,CREATIVE_TO_CONVERSION_GAP,STABLE,PROFITABLE,FUNNEL_DROP_OFF,Users show purchase intent but conversion remains weak.,RETARGET,70,60
2026-09-09,GR-FACEWASH-100ML,Ubtan Face Wash,Skin,100 ml,Carousel,1680.89,6.101,8.416444452995107,14147.117316594946,3977.9569266379785,40,36,5.51,324,7.6,LOW,5.319,11.569,3.435,5.263,NORMAL,HIGH,NORMAL,STABLE,HIGHLY_PROFITABLE,PAYMENT_FRICTION,Elevated payment failures may be reducing completed orders.,FIX_PAYMENT,80,85
2026-09-10,GR-FACEWASH-100ML,Ubtan Face Wash,Skin,100 ml,Video,1597.36,9.554,8.42170405932334,13452.493196200729,3783.6372784802916,40,58,14.9,250,3.39,MEDIUM,6.338,14.361,5.133,6.452,HEALTHY_CONVERSION,HIGH,NORMAL,STRONG_GROWTH,HIGHLY_PROFITABLE,PAYMENT_FRICTION,Elevated payment failures may be reducing completed orders.,FIX_PAYMENT,80,85
2026-09-11,GR-FACEWASH-100ML,Ubtan Face Wash,Skin,100 ml,Image,1492.01,8.584,6.987031521099408,10424.720899795528,2677.8783599182116,40,54,11.61,184,2.76,HIGH,5.331,14.572,4.021,8.475,NORMAL,HIGH,NORMAL,STRONG_GROWTH,PROFITABLE,INVENTORY_RISK,Inventory is very low and scaling ads may cause stockout.,PROTECT_INVENTORY,80,70
2026-09-12,GR-FACEWASH-100ML,Ubtan Face Wash,Skin,100 ml,Video,1857.01,6.756,7.1959007313650245,13362.859617152164,3488.1338468608656,40,42,-8.68,131,2.52,HIGH,5.419,10.832,3.365,6.667,NORMAL,HIGH,NORMAL,STABLE,PROFITABLE,INVENTORY_RISK,Inventory is very low and scaling ads may cause stockout.,PROTECT_INVENTORY,80,70
2026-09-13,GR-FACEWASH-100ML,Ubtan Face Wash,Skin,100 ml,Image,1747.52,7.931,6.755721391030232,11805.75824525315,2974.7832981012602,40,56,0.31,78,1.44,HIGH,4.373,14.824,5.628,3.448,HEALTHY_CONVERSION,MEDIUM,NORMAL,STABLE,PROFITABLE,INVENTORY_RISK,Inventory is very low and scaling ads may cause stockout.,PROTECT_INVENTORY,80,70
2026-09-14,GR-FACEWASH-100ML,Ubtan Face Wash,Skin,100 ml,Carousel,1770.23,7.416,6.218544724005273,11008.254426775855,2633.0717707103418,40,55,6.01,6,0.09,HIGH,5.083,14.744,5.397,5.172,HEALTHY_CONVERSION,HIGH,NORMAL,STABLE,PROFITABLE,INVENTORY_RISK,Inventory is very low and scaling ads may cause stockout.,PROTECT_INVENTORY,80,70
2026-09-15,GR-FACEWASH-100ML,Ubtan Face Wash,Skin,100 ml,Influencer Video,1828.62,6.175,5.42581837439403,9921.75999578441,2140.083998313764,40,47,8.98,0,0.0,CRITICAL,4.613,15.361,5.781,4.082,HEALTHY_CONVERSION,MEDIUM,NORMAL,STABLE,PROFITABLE,INVENTORY_SHORTAGE,Stock is exhausted or expected to run out immediately.,PROTECT_INVENTORY,80,75
2026-09-16,GR-FACEWASH-100ML,Ubtan Face Wash,Skin,100 ml,Influencer Video,1817.86,4.576,6.588117526162697,11976.275326110119,2972.650130444048,40,35,7.39,0,0.0,CRITICAL,5.219,8.758,2.283,10.256,CHECKOUT_CONVERSION,CRITICAL,CREATIVE_TO_CONVERSION_GAP,STABLE,PROFITABLE,INVENTORY_SHORTAGE,Stock is exhausted or expected to run out immediately.,PROTECT_INVENTORY,80,75
2026-09-17,GR-FACEWASH-100ML,Ubtan Face Wash,Skin,100 ml,Image,1310.35,6.351,5.44040484862209,7128.834493391955,1541.1837973567822,40,33,1.31,0,0.0,CRITICAL,5.641,14.146,2.768,5.714,CHECKOUT_CONVERSION,HIGH,CREATIVE_TO_CONVERSION_GAP,STABLE,PROFITABLE,INVENTORY_SHORTAGE,Stock is exhausted or expected to run out immediately.,PROTECT_INVENTORY,80,75
2026-09-18,GR-FACEWASH-100ML,Ubtan Face Wash,Skin,100 ml,Image,1514.86,4.352,5.949923079247965,9013.300475829572,2090.460190331829,40,28,9.72,0,0.0,CRITICAL,5.885,12.384,3.67,9.677,NORMAL,HIGH,NORMAL,STABLE,PROFITABLE,INVENTORY_SHORTAGE,Stock is exhausted or expected to run out immediately.,PROTECT_INVENTORY,80,75
2026-09-19,GR-FACEWASH-100ML,Ubtan Face Wash,Skin,100 ml,Image,1311.02,5.708,5.119143643774377,6711.299699861084,1373.4998799444338,40,29,3.75,0,0.0,CRITICAL,4.771,9.069,2.816,3.333,CHECKOUT_CONVERSION,MEDIUM,CREATIVE_TO_CONVERSION_GAP,STABLE,PROFITABLE,INVENTORY_SHORTAGE,Stock is exhausted or expected to run out immediately.,PROTECT_INVENTORY,80,75
2026-09-20,GR-FACEWASH-100ML,Ubtan Face Wash,Skin,100 ml,Video,1799.54,4.157,5.644085219171622,10156.7571153081,2263.1628461232403,40,32,2.18,0,0.0,CRITICAL,5.773,13.924,3.769,11.111,NORMAL,CRITICAL,NORMAL,STABLE,PROFITABLE,INVENTORY_SHORTAGE,Stock is exhausted or expected to run out immediately.,PROTECT_INVENTORY,80,75
2026-09-21,GR-FACEWASH-100ML,Ubtan Face Wash,Skin,100 ml,Carousel,1829.9,4.672,5.221693597200553,9555.177113517293,1992.1708454069167,40,26,11.61,0,0.0,CRITICAL,5.18,10.0,2.838,7.143,CHECKOUT_CONVERSION,HIGH,CREATIVE_TO_CONVERSION_GAP,STRONG_GROWTH,PROFITABLE,INVENTORY_SHORTAGE,Stock is exhausted or expected to run out immediately.,PROTECT_INVENTORY,80,75
2026-09-22,GR-FACEWASH-100ML,Ubtan Face Wash,Skin,100 ml,Video,1634.92,4.035,6.224440195338062,10176.461764162104,2435.664705664841,40,27,7.35,0,0.0,CRITICAL,5.582,9.11,2.087,6.897,CHECKOUT_CONVERSION,HIGH,CREATIVE_TO_CONVERSION_GAP,STABLE,PROFITABLE,INVENTORY_SHORTAGE,Stock is exhausted or expected to run out immediately.,PROTECT_INVENTORY,80,75
2026-09-23,GR-FACEWASH-100ML,Ubtan Face Wash,Skin,100 ml,Influencer Video,1597.82,10.754,7.0061450088451585,11194.55861803297,2880.0034472131883,40,68,3.47,0,0.0,CRITICAL,5.712,15.961,4.179,8.108,NORMAL,HIGH,NORMAL,STABLE,PROFITABLE,INVENTORY_SHORTAGE,Stock is exhausted or expected to run out immediately.,PROTECT_INVENTORY,80,75
2026-09-24,GR-FACEWASH-100ML,Ubtan Face Wash,Skin,100 ml,Video,1508.12,7.581,6.962457314945336,10500.22112581536,2691.968450326144,40,34,11.78,0,0.0,CRITICAL,5.086,12.546,2.862,8.108,CHECKOUT_CONVERSION,HIGH,CREATIVE_TO_CONVERSION_GAP,STRONG_GROWTH,PROFITABLE,INVENTORY_SHORTAGE,Stock is exhausted or expected to run out immediately.,PROTECT_INVENTORY,80,75
2026-09-25,GR-FACEWASH-100ML,Ubtan Face Wash,Skin,100 ml,Image,1574.3,5.559,6.755563225257739,10635.283185523258,2679.813274209303,40,36,7.68,0,0.0,CRITICAL,5.762,10.02,2.611,2.703,CHECKOUT_CONVERSION,MEDIUM,CREATIVE_TO_CONVERSION_GAP,STABLE,PROFITABLE,INVENTORY_SHORTAGE,Stock is exhausted or expected to run out immediately.,PROTECT_INVENTORY,80,75
2026-09-26,GR-FACEWASH-100ML,Ubtan Face Wash,Skin,100 ml,Video,1509.04,7.499,7.526747701527741,11358.163351513422,3034.2253406053687,40,45,5.24,0,0.0,CRITICAL,5.639,12.198,4.702,6.25,NORMAL,HIGH,NORMAL,STABLE,PROFITABLE,INVENTORY_SHORTAGE,Stock is exhausted or expected to run out immediately.,PROTECT_INVENTORY,80,75
2026-09-27,GR-FACEWASH-100ML,Ubtan Face Wash,Skin,100 ml,Carousel,1461.06,5.404,6.450781212265587,9424.97839799276,2308.931359197104,40,34,2.99,0,0.0,CRITICAL,4.8,13.893,4.387,5.556,NORMAL,HIGH,NORMAL,STABLE,PROFITABLE,INVENTORY_SHORTAGE,Stock is exhausted or expected to run out immediately.,PROTECT_INVENTORY,80,75
2026-09-28,GR-FACEWASH-100ML,Ubtan Face Wash,Skin,100 ml,Influencer Video,1640.41,8.925,7.146477772378118,11723.153602586788,3048.851441034715,40,55,13.45,0,0.0,CRITICAL,5.263,15.586,4.283,9.836,NORMAL,HIGH,NORMAL,STRONG_GROWTH,PROFITABLE,INVENTORY_SHORTAGE,Stock is exhausted or expected to run out immediately.,PROTECT_INVENTORY,80,75
2026-09-01,GR-FACEWASH-150ML,Ubtan Face Wash,Skin,150 ml,Image,704.34,21.011,20.103466406183685,14159.675528531418,5384.320477268509,43,42,-17.0,1051,24.41,HEALTHY,4.084,15.385,4.238,7.692,NORMAL,HIGH,NORMAL,DECLINING,HIGHLY_PROFITABLE,PAYMENT_FRICTION,Elevated payment failures may be reducing completed orders.,FIX_PAYMENT,90,85
2026-09-02,GR-FACEWASH-150ML,Ubtan Face Wash,Skin,150 ml,Video,719.72,19.296,26.391268424603208,18994.32371055542,7447.8391955388315,43,43,9.69,1008,23.5,HEALTHY,4.972,14.217,4.143,10.417,NORMAL,CRITICAL,NORMAL,STABLE,HIGHLY_PROFITABLE,PAYMENT_FAILURE,High payment failure rate is blocking completed purchases.,FIX_PAYMENT,90,85
2026-09-03,GR-FACEWASH-150ML,Ubtan Face Wash,Skin,150 ml,Video,560.98,30.824,23.006813206349214,12906.362072497783,4988.755691174047,43,53,-1.11,946,15.37,HEALTHY,5.041,13.542,4.355,7.018,NORMAL,HIGH,NORMAL,STABLE,HIGHLY_PROFITABLE,PAYMENT_FRICTION,Elevated payment failures may be reducing completed orders.,FIX_PAYMENT,90,85
2026-09-04,GR-FACEWASH-150ML,Ubtan Face Wash,Skin,150 ml,Image,657.33,25.47,22.38653439814814,14715.340655934717,5670.2664820519285,43,49,5.23,893,16.73,HEALTHY,4.671,14.706,4.945,2.0,NORMAL,MEDIUM,NORMAL,STABLE,HIGHLY_PROFITABLE,HIGH_PERFORMER,Strong predicted ROAS and healthy business signals indicate a scaling opportunity.,INCREASE_BUDGET,95,75
2026-09-05,GR-FACEWASH-150ML,Ubtan Face Wash,Skin,150 ml,Influencer Video,721.63,24.325,19.27535099778923,13909.67154053464,5259.528762429895,43,37,4.79,855,22.23,HEALTHY,4.666,10.462,3.42,5.128,NORMAL,HIGH,NORMAL,STABLE,HIGHLY_PROFITABLE,PAYMENT_FRICTION,Elevated payment failures may be reducing completed orders.,FIX_PAYMENT,90,85
2026-09-06,GR-FACEWASH-150ML,Ubtan Face Wash,Skin,150 ml,Image,601.13,17.814,28.305540044011547,17015.309286656662,6715.4529932623645,43,30,7.88,823,26.24,HEALTHY,5.155,10.201,3.333,6.25,NORMAL,HIGH,NORMAL,STABLE,HIGHLY_PROFITABLE,PAYMENT_FRICTION,Elevated payment failures may be reducing completed orders.,FIX_PAYMENT,90,85
2026-09-07,GR-FACEWASH-150ML,Ubtan Face Wash,Skin,150 ml,Video,611.58,29.531,15.96745347089946,9765.375193732692,3587.531333305057,43,52,-2.06,774,15.59,HEALTHY,5.137,12.634,4.437,3.704,NORMAL,MEDIUM,NORMAL,STABLE,HIGHLY_PROFITABLE,HIGH_PERFORMER,Strong predicted ROAS and healthy business signals indicate a scaling opportunity.,INCREASE_BUDGET,95,75
2026-09-08,GR-FACEWASH-150ML,Ubtan Face Wash,Skin,150 ml,Video,852.5,12.974,17.229703490019254,14688.322225241414,5463.478556853809,43,24,0.9,750,31.04,HEALTHY,4.516,15.112,3.315,11.111,NORMAL,CRITICAL,NORMAL,STABLE,HIGHLY_PROFITABLE,PAYMENT_FAILURE,High payment failure rate is blocking completed purchases.,FIX_PAYMENT,90,85
2026-09-09,GR-FACEWASH-150ML,Ubtan Face Wash,Skin,150 ml,Carousel,845.84,14.347,26.420311256974525,22347.356073599334,8763.523111647713,43,17,2.24,725,29.29,HEALTHY,5.049,8.324,1.398,5.556,CHECKOUT_CONVERSION,HIGH,CREATIVE_TO_CONVERSION_GAP,STABLE,HIGHLY_PROFITABLE,PAYMENT_FRICTION,Elevated payment failures may be reducing completed orders.,FIX_PAYMENT,90,85
2026-09-10,GR-FACEWASH-150ML,Ubtan Face Wash,Skin,150 ml,Video,712.97,30.205,17.620020803784776,12562.546232474431,4688.924879964005,43,64,10.35,657,9.68,LOW,4.944,14.687,5.178,1.538,HEALTHY_CONVERSION,NORMAL,NORMAL,STRONG_GROWTH,HIGHLY_PROFITABLE,HIGH_PERFORMER,Strong predicted ROAS and healthy business signals indicate a scaling opportunity.,MAINTAIN,60,75
2026-09-11,GR-FACEWASH-150ML,Ubtan Face Wash,Skin,150 ml,Influencer Video,663.99,16.034,27.115962911375664,18004.728213524326,7078.043131815461,43,31,15.27,618,15.73,HEALTHY,5.329,15.34,4.545,6.061,NORMAL,HIGH,NORMAL,STRONG_GROWTH,HIGHLY_PROFITABLE,PAYMENT_FRICTION,Elevated payment failures may be reducing completed orders.,FIX_PAYMENT,90,85
2026-09-12,GR-FACEWASH-150ML,Ubtan Face Wash,Skin,150 ml,Video,669.02,26.221,25.082378561355295,16780.61290511792,6546.643549200706,43,42,16.92,572,12.67,LOW,5.071,13.155,3.684,8.696,NORMAL,HIGH,NORMAL,STRONG_GROWTH,HIGHLY_PROFITABLE,PAYMENT_FRICTION,Elevated payment failures may be reducing completed orders.,FIX_PAYMENT,90,85
2026-09-13,GR-FACEWASH-150ML,Ubtan Face Wash,Skin,150 ml,Image,785.98,29.65,13.72418846825396,10786.937652278248,3852.403190479646,43,61,2.15,504,7.3,LOW,5.05,12.779,4.366,5.882,NORMAL,HIGH,NORMAL,STABLE,HIGHLY_PROFITABLE,PAYMENT_FRICTION,Elevated payment failures may be reducing completed orders.,FIX_PAYMENT,90,85
2026-09-14,GR-FACEWASH-150ML,Ubtan Face Wash,Skin,150 ml,Video,693.07,9.013,17.036668450338677,11807.603802876229,4384.199635236779,43,18,0.66,483,23.72,HEALTHY,4.856,8.853,2.546,0.0,CHECKOUT_CONVERSION,NORMAL,CREATIVE_TO_CONVERSION_GAP,STABLE,HIGHLY_PROFITABLE,FUNNEL_DROP_OFF,Users show purchase intent but conversion remains weak.,RETARGET,80,75
2026-09-15,GR-FACEWASH-150ML,Ubtan Face Wash,Skin,150 ml,Video,721.88,19.218,16.29195458045385,11760.836172538025,4335.279554191351,43,40,-7.71,446,11.98,LOW,4.243,12.484,4.224,2.326,NORMAL,MEDIUM,NORMAL,STABLE,HIGHLY_PROFITABLE,HIGH_PERFORMER,Strong predicted ROAS and healthy business signals indicate a scaling opportunity.,MAINTAIN,60,75
2026-09-16,GR-FACEWASH-150ML,Ubtan Face Wash,Skin,150 ml,Image,666.25,16.114,20.431866957650726,13612.731360534795,5187.224485029962,43,33,1.44,403,9.47,LOW,4.772,11.985,2.949,2.941,CHECKOUT_CONVERSION,MEDIUM,CREATIVE_TO_CONVERSION_GAP,STABLE,HIGHLY_PROFITABLE,FUNNEL_DROP_OFF,Users show purchase intent but conversion remains weak.,RETARGET,80,75
2026-09-17,GR-FACEWASH-150ML,Ubtan Face Wash,Skin,150 ml,Influencer Video,697.09,18.817,13.269346209503453,9249.928549182763,3280.3792761485884,43,40,3.01,353,7.05,LOW,5.445,9.244,2.475,6.977,CHECKOUT_CONVERSION,HIGH,CREATIVE_TO_CONVERSION_GAP,STABLE,HIGHLY_PROFITABLE,PAYMENT_FRICTION,Elevated payment failures may be reducing completed orders.,FIX_PAYMENT,90,85
2026-09-18,GR-FACEWASH-150ML,Ubtan Face Wash,Skin,150 ml,Influencer Video,884.26,8.808,14.880467611435845,13158.20229008826,4773.766984737952,43,19,13.41,330,14.26,LOW,4.669,7.943,2.537,5.0,CHECKOUT_CONVERSION,HIGH,CREATIVE_TO_CONVERSION_GAP,STRONG_GROWTH,HIGHLY_PROFITABLE,PAYMENT_FRICTION,Elevated payment failures may be reducing completed orders.,FIX_PAYMENT,90,85
2026-09-19,GR-FACEWASH-150ML,Ubtan Face Wash,Skin,150 ml,Image,896.7,16.04,24.709493737013,22157.003033979556,8630.811304611208,43,43,12.48,287,6.65,MEDIUM,4.856,10.468,3.577,4.444,NORMAL,MEDIUM,NORMAL,STRONG_GROWTH,HIGHLY_PROFITABLE,HIGH_PERFORMER,Strong predicted ROAS and healthy business signals indicate a scaling opportunity.,MAINTAIN,60,75
2026-09-20,GR-FACEWASH-150ML,Ubtan Face Wash,Skin,150 ml,Video,626.92,30.526,16.36027798544975,10256.585474638156,3783.411754094407,43,54,9.56,234,4.43,MEDIUM,5.188,17.525,3.841,10.0,NORMAL,CRITICAL,NORMAL,STABLE,HIGHLY_PROFITABLE,PAYMENT_FAILURE,High payment failure rate is blocking completed purchases.,FIX_PAYMENT,90,85
2026-09-21,GR-FACEWASH-150ML,Ubtan Face Wash,Skin,150 ml,Carousel,664.53,15.739,32.97755849338624,21914.57694560996,8758.738086612282,43,31,14.08,194,4.9,MEDIUM,5.061,12.25,3.273,6.061,NORMAL,HIGH,NORMAL,STRONG_GROWTH,HIGHLY_PROFITABLE,PAYMENT_FRICTION,Elevated payment failures may be reducing completed orders.,FIX_PAYMENT,90,85
2026-09-22,GR-FACEWASH-150ML,Ubtan Face Wash,Skin,150 ml,Video,542.46,49.25,19.431667557840314,10540.902383426057,3990.1280248732046,43,81,16.47,119,1.57,HIGH,5.051,15.789,5.253,5.814,HEALTHY_CONVERSION,HIGH,NORMAL,STRONG_GROWTH,HIGHLY_PROFITABLE,INVENTORY_RISK,Inventory is very low and scaling ads may cause stockout.,PROTECT_INVENTORY,90,85
2026-09-23,GR-FACEWASH-150ML,Ubtan Face Wash,Skin,150 ml,Video,780.38,23.965,15.413125424488152,12028.094818762063,4391.7007720676875,43,57,3.67,48,0.68,HIGH,3.924,18.336,5.588,3.333,HEALTHY_CONVERSION,MEDIUM,NORMAL,STABLE,HIGHLY_PROFITABLE,INVENTORY_RISK,Inventory is very low and scaling ads may cause stockout.,PROTECT_INVENTORY,90,85
2026-09-24,GR-FACEWASH-150ML,Ubtan Face Wash,Skin,150 ml,Influencer Video,785.91,23.354,20.634437930479418,16216.811113943078,6187.318778995524,43,53,10.22,0,0.0,CRITICAL,4.683,13.694,4.894,3.636,NORMAL,MEDIUM,NORMAL,STRONG_GROWTH,HIGHLY_PROFITABLE,INVENTORY_SHORTAGE,Stock is exhausted or expected to run out immediately.,PROTECT_INVENTORY,90,90
2026-09-25,GR-FACEWASH-150ML,Ubtan Face Wash,Skin,150 ml,Influencer Video,657.11,18.153,19.466462117724863,12791.606922178185,4843.28097653662,43,37,14.8,0,0.0,CRITICAL,4.259,11.84,3.481,2.632,NORMAL,MEDIUM,NORMAL,STRONG_GROWTH,HIGHLY_PROFITABLE,INVENTORY_SHORTAGE,Stock is exhausted or expected to run out immediately.,PROTECT_INVENTORY,90,90
2026-09-26,GR-FACEWASH-150ML,Ubtan Face Wash,Skin,150 ml,Video,718.63,35.851,20.452277891534383,14697.620461193354,5601.346798313142,43,62,10.79,0,0.0,CRITICAL,4.931,11.668,4.722,6.061,NORMAL,HIGH,NORMAL,STRONG_GROWTH,HIGHLY_PROFITABLE,INVENTORY_SHORTAGE,Stock is exhausted or expected to run out immediately.,PROTECT_INVENTORY,90,90
2026-09-27,GR-FACEWASH-150ML,Ubtan Face Wash,Skin,150 ml,Image,743.29,25.62,23.304632527777773,17322.10031157194,6705.213133975934,43,58,13.06,0,0.0,CRITICAL,4.765,12.882,4.434,6.452,NORMAL,HIGH,NORMAL,STRONG_GROWTH,HIGHLY_PROFITABLE,INVENTORY_SHORTAGE,Stock is exhausted or expected to run out immediately.,PROTECT_INVENTORY,90,90
2026-09-28,GR-FACEWASH-150ML,Ubtan Face Wash,Skin,150 ml,Influencer Video,694.13,15.377,23.84123982142855,16548.9197972482,6421.905512816726,43,32,5.26,0,0.0,CRITICAL,5.041,8.462,2.381,0.0,CHECKOUT_CONVERSION,NORMAL,CREATIVE_TO_CONVERSION_GAP,STABLE,HIGHLY_PROFITABLE,INVENTORY_SHORTAGE,Stock is exhausted or expected to run out immediately.,PROTECT_INVENTORY,90,90
2026-09-01,GR-HAIROIL-150ML,Onion Hair Oil,Hair,150 ml,Video,832.72,19.34,17.33563654172678,14435.731261026725,5663.359067462025,45,42,-0.77,1062,25.62,HEALTHY,4.142,13.68,4.468,6.667,NORMAL,HIGH,NORMAL,STABLE,HIGHLY_PROFITABLE,PAYMENT_FRICTION,Elevated payment failures may be reducing completed orders.,FIX_PAYMENT,90,85
2026-09-02,GR-HAIROIL-150ML,Onion Hair Oil,Hair,150 ml,Video,720.49,18.869,23.324301064553108,16804.925673999867,6841.726553299941,45,34,3.39,1026,28.44,HEALTHY,4.546,15.673,4.885,5.556,NORMAL,HIGH,NORMAL,STABLE,HIGHLY_PROFITABLE,PAYMENT_FRICTION,Elevated payment failures may be reducing completed orders.,FIX_PAYMENT,90,85
2026-09-03,GR-HAIROIL-150ML,Onion Hair Oil,Hair,150 ml,Video,821.59,24.639,13.398905916666672,11008.407112074172,4132.193200433378,45,46,6.59,975,19.37,HEALTHY,4.615,15.426,4.398,2.128,NORMAL,MEDIUM,NORMAL,STABLE,HIGHLY_PROFITABLE,HIGH_PERFORMER,Strong predicted ROAS and healthy business signals indicate a scaling opportunity.,INCREASE_BUDGET,95,75
2026-09-04,GR-HAIROIL-150ML,Onion Hair Oil,Hair,150 ml,Video,925.66,7.506,18.231707685025384,16876.362535720596,6668.703141074268,45,15,0.88,957,51.99,HEALTHY,4.23,8.373,1.752,6.25,CHECKOUT_CONVERSION,HIGH,CREATIVE_TO_CONVERSION_GAP,STABLE,HIGHLY_PROFITABLE,PAYMENT_FRICTION,Elevated payment failures may be reducing completed orders.,FIX_PAYMENT,90,85
2026-09-05,GR-HAIROIL-150ML,Onion Hair Oil,Hair,150 ml,Image,712.95,24.904,17.753289805555557,12657.207966870836,4982.793585091876,45,46,12.26,901,16.0,HEALTHY,3.984,14.146,4.55,6.122,NORMAL,HIGH,NORMAL,STRONG_GROWTH,HIGHLY_PROFITABLE,PAYMENT_FRICTION,Elevated payment failures may be reducing completed orders.,FIX_PAYMENT,90,85
2026-09-06,GR-HAIROIL-150ML,Onion Hair Oil,Hair,150 ml,Carousel,758.32,15.537,21.26104584245115,16122.676283247558,6496.884327461401,45,29,-5.08,865,24.03,HEALTHY,3.833,11.97,3.197,6.452,NORMAL,HIGH,NORMAL,STABLE,HIGHLY_PROFITABLE,PAYMENT_FRICTION,Elevated payment failures may be reducing completed orders.,FIX_PAYMENT,90,85
2026-09-07,GR-HAIROIL-150ML,Onion Hair Oil,Hair,150 ml,Video,692.7,20.997,22.30463861904762,15450.423171414286,6259.9904271364285,45,38,15.8,822,19.23,HEALTHY,4.342,14.423,4.91,7.317,NORMAL,HIGH,NORMAL,STRONG_GROWTH,HIGHLY_PROFITABLE,PAYMENT_FRICTION,Elevated payment failures may be reducing completed orders.,FIX_PAYMENT,90,85
2026-09-08,GR-HAIROIL-150ML,Onion Hair Oil,Hair,150 ml,Video,726.47,21.695,24.61804276455026,17884.26952716283,7321.451287223273,45,39,8.7,775,16.48,HEALTHY,5.061,13.559,3.153,7.143,NORMAL,HIGH,NORMAL,STABLE,HIGHLY_PROFITABLE,PAYMENT_FRICTION,Elevated payment failures may be reducing completed orders.,FIX_PAYMENT,90,85
2026-09-09,GR-HAIROIL-150ML,Onion Hair Oil,Hair,150 ml,Image,756.58,29.866,18.221103259499756,13785.722304072326,5446.995036832547,45,53,-3.24,715,11.95,LOW,5.209,13.333,3.964,3.636,NORMAL,MEDIUM,NORMAL,STABLE,HIGHLY_PROFITABLE,HIGH_PERFORMER,Strong predicted ROAS and healthy business signals indicate a scaling opportunity.,MAINTAIN,60,75
2026-09-10,GR-HAIROIL-150ML,Onion Hair Oil,Hair,150 ml,Influencer Video,815.4,19.658,15.920645686267425,12981.69449258246,5026.362521662107,45,34,-0.64,669,14.71,LOW,3.753,13.744,4.421,8.108,NORMAL,HIGH,NORMAL,STABLE,HIGHLY_PROFITABLE,PAYMENT_FRICTION,Elevated payment failures may be reducing completed orders.,FIX_PAYMENT,90,85
2026-09-11,GR-HAIROIL-150ML,Onion Hair Oil,Hair,150 ml,Image,639.82,14.311,25.760237618807125,16481.915233265176,6777.0418549693295,45,24,2.7,640,21.84,HEALTHY,3.588,13.035,4.047,7.692,NORMAL,HIGH,NORMAL,STABLE,HIGHLY_PROFITABLE,PAYMENT_FRICTION,Elevated payment failures may be reducing completed orders.,FIX_PAYMENT,90,85
2026-09-12,GR-HAIROIL-150ML,Onion Hair Oil,Hair,150 ml,Carousel,683.81,24.657,22.052667004454495,15079.834224316028,6102.115400942212,45,42,3.87,587,11.04,LOW,3.63,13.155,3.797,6.667,NORMAL,HIGH,NORMAL,STABLE,HIGHLY_PROFITABLE,PAYMENT_FRICTION,Elevated payment failures may be reducing completed orders.,FIX_PAYMENT,90,85
2026-09-13,GR-HAIROIL-150ML,Onion Hair Oil,Hair,150 ml,Influencer Video,696.84,25.033,16.147422520065778,11252.169908882637,4366.636458997186,45,46,7.05,527,8.78,LOW,4.085,17.064,4.68,8.0,NORMAL,HIGH,NORMAL,STABLE,HIGHLY_PROFITABLE,PAYMENT_FRICTION,Elevated payment failures may be reducing completed orders.,FIX_PAYMENT,90,85
2026-09-14,GR-HAIROIL-150ML,Onion Hair Oil,Hair,150 ml,Influencer Video,919.34,16.172,15.973235291708303,14684.834133079112,5688.8353598856,45,39,14.4,480,10.33,LOW,3.92,15.762,4.343,7.143,NORMAL,HIGH,NORMAL,STRONG_GROWTH,HIGHLY_PROFITABLE,PAYMENT_FRICTION,Elevated payment failures may be reducing completed orders.,FIX_PAYMENT,90,85
2026-09-15,GR-HAIROIL-150ML,Onion Hair Oil,Hair,150 ml,Image,778.36,14.545,21.082478706950457,16409.75812634196,6606.031156853883,45,24,-1.07,450,14.87,LOW,4.263,11.072,3.23,4.0,NORMAL,MEDIUM,NORMAL,STABLE,HIGHLY_PROFITABLE,HIGH_PERFORMER,Strong predicted ROAS and healthy business signals indicate a scaling opportunity.,MAINTAIN,60,75
2026-09-16,GR-HAIROIL-150ML,Onion Hair Oil,Hair,150 ml,Video,472.32,21.748,19.28949916741593,9110.816246753891,3627.547311039251,45,27,9.99,417,12.43,LOW,4.15,10.909,3.557,12.903,NORMAL,CRITICAL,NORMAL,STABLE,HIGHLY_PROFITABLE,PAYMENT_FAILURE,High payment failure rate is blocking completed purchases.,FIX_PAYMENT,90,85
2026-09-17,GR-HAIROIL-150ML,Onion Hair Oil,Hair,150 ml,Video,868.92,15.731,16.025840077327352,13925.172959991281,5397.407831996076,45,35,2.02,374,8.78,LOW,4.31,14.962,4.348,2.439,NORMAL,MEDIUM,NORMAL,STABLE,HIGHLY_PROFITABLE,HIGH_PERFORMER,Strong predicted ROAS and healthy business signals indicate a scaling opportunity.,MAINTAIN,60,75
2026-09-18,GR-HAIROIL-150ML,Onion Hair Oil,Hair,150 ml,Image,782.78,16.019,18.836939916959942,14745.179828197903,5852.550922689056,45,31,3.45,339,9.65,LOW,4.25,11.402,3.226,6.061,NORMAL,HIGH,NORMAL,STABLE,HIGHLY_PROFITABLE,PAYMENT_FRICTION,Elevated payment failures may be reducing completed orders.,FIX_PAYMENT,90,85
2026-09-19,GR-HAIROIL-150ML,Onion Hair Oil,Hair,150 ml,Video,643.62,17.751,21.452934865079353,13807.537937862373,5569.772072038068,45,30,7.38,304,8.83,LOW,3.662,15.403,5.484,3.226,HEALTHY_CONVERSION,MEDIUM,NORMAL,STABLE,HIGHLY_PROFITABLE,HIGH_PERFORMER,Strong predicted ROAS and healthy business signals indicate a scaling opportunity.,MAINTAIN,60,75
2026-09-20,GR-HAIROIL-150ML,Onion Hair Oil,Hair,150 ml,Video,659.79,23.473,14.963898833333335,9873.030811245,3783.07386506025,45,42,5.03,258,5.51,MEDIUM,4.422,13.018,5.018,4.545,HEALTHY_CONVERSION,MEDIUM,NORMAL,STABLE,HIGHLY_PROFITABLE,HIGH_PERFORMER,Strong predicted ROAS and healthy business signals indicate a scaling opportunity.,MAINTAIN,60,75
2026-09-21,GR-HAIROIL-150ML,Onion Hair Oil,Hair,150 ml,Influencer Video,759.17,11.396,11.287600465329989,8569.207645264567,3096.973440369055,45,23,7.74,229,7.86,LOW,3.563,10.927,3.054,8.0,NORMAL,HIGH,NORMAL,STABLE,HIGHLY_PROFITABLE,PAYMENT_FRICTION,Elevated payment failures may be reducing completed orders.,FIX_PAYMENT,90,85
2026-09-22,GR-HAIROIL-150ML,Onion Hair Oil,Hair,150 ml,Video,826.89,8.411,14.473460606571876,11967.959840968218,4558.691928435697,45,18,-3.66,205,8.77,LOW,4.575,10.757,2.542,0.0,CHECKOUT_CONVERSION,NORMAL,CREATIVE_TO_CONVERSION_GAP,STABLE,HIGHLY_PROFITABLE,FUNNEL_DROP_OFF,Users show purchase intent but conversion remains weak.,RETARGET,80,75
2026-09-23,GR-HAIROIL-150ML,Onion Hair Oil,Hair,150 ml,Video,680.83,19.65,22.017231711038956,14989.991865826654,6064.666339621995,45,33,14.43,170,4.87,MEDIUM,4.232,14.524,4.514,8.333,NORMAL,HIGH,NORMAL,STRONG_GROWTH,HIGHLY_PROFITABLE,PAYMENT_FRICTION,Elevated payment failures may be reducing completed orders.,FIX_PAYMENT,90,85
2026-09-24,GR-HAIROIL-150ML,Onion Hair Oil,Hair,150 ml,Video,567.58,16.746,24.989106611111115,14183.317130334448,5814.912708650501,45,24,9.16,145,5.83,MEDIUM,4.237,14.453,3.625,7.692,NORMAL,HIGH,NORMAL,STABLE,HIGHLY_PROFITABLE,PAYMENT_FRICTION,Elevated payment failures may be reducing completed orders.,FIX_PAYMENT,90,85
2026-09-25,GR-HAIROIL-150ML,Onion Hair Oil,Hair,150 ml,Image,721.56,22.286,20.264860020541533,14622.312396421949,5858.480578389877,45,41,6.34,91,1.69,HIGH,4.223,14.266,4.137,4.651,NORMAL,MEDIUM,NORMAL,STABLE,HIGHLY_PROFITABLE,INVENTORY_RISK,Inventory is very low and scaling ads may cause stockout.,PROTECT_INVENTORY,90,85
2026-09-26,GR-HAIROIL-150ML,Onion Hair Oil,Hair,150 ml,Influencer Video,713.01,35.165,16.632354116287093,11859.03480845386,4623.555663804237,45,68,3.84,10,0.12,HIGH,4.847,18.227,5.729,4.225,HEALTHY_CONVERSION,MEDIUM,STRONG_CREATIVE,STABLE,HIGHLY_PROFITABLE,INVENTORY_RISK,Inventory is very low and scaling ads may cause stockout.,PROTECT_INVENTORY,90,85
2026-09-27,GR-HAIROIL-150ML,Onion Hair Oil,Hair,150 ml,Video,785.85,27.165,18.928124714285715,14874.66680672143,5907.750063024644,45,50,16.99,0,0.0,CRITICAL,4.676,12.0,4.496,3.846,NORMAL,MEDIUM,NORMAL,STRONG_GROWTH,HIGHLY_PROFITABLE,INVENTORY_SHORTAGE,Stock is exhausted or expected to run out immediately.,PROTECT_INVENTORY,90,90
2026-09-28,GR-HAIROIL-150ML,Onion Hair Oil,Hair,150 ml,Video,766.37,14.995,20.039765130952375,15357.874803407973,6144.673661533588,45,24,5.61,0,0.0,CRITICAL,4.869,14.44,2.348,7.692,CHECKOUT_CONVERSION,HIGH,CREATIVE_TO_CONVERSION_GAP,STABLE,HIGHLY_PROFITABLE,INVENTORY_SHORTAGE,Stock is exhausted or expected to run out immediately.,PROTECT_INVENTORY,90,90
2026-09-01,GR-HAIROIL-250ML,Onion Hair Oil,Hair,250 ml,Influencer Video,1383.65,12.013,14.069664863492296,19467.491788371117,7960.746058418137,48,21,-2.23,567,21.47,HEALTHY,3.306,13.861,4.384,4.0,NORMAL,MEDIUM,NORMAL,STABLE,HIGHLY_PROFITABLE,HIGH_PERFORMER,Strong predicted ROAS and healthy business signals indicate a scaling opportunity.,INCREASE_BUDGET,95,75
2026-09-02,GR-HAIROIL-250ML,Onion Hair Oil,Hair,250 ml,Video,1297.44,18.214,10.456989664021162,13567.316669687616,5214.872001450056,48,39,0.36,517,10.33,LOW,3.699,16.971,4.167,4.878,NORMAL,MEDIUM,NORMAL,STABLE,HIGHLY_PROFITABLE,HIGH_PERFORMER,Strong predicted ROAS and healthy business signals indicate a scaling opportunity.,MAINTAIN,60,75
2026-09-03,GR-HAIROIL-250ML,Onion Hair Oil,Hair,250 ml,Video,1570.48,10.24,8.389711373760816,13175.873918263887,4753.939480766665,48,24,7.62,485,15.07,HEALTHY,3.413,9.842,3.54,7.692,NORMAL,HIGH,NORMAL,STABLE,HIGHLY_PROFITABLE,PAYMENT_FRICTION,Elevated payment failures may be reducing completed orders.,FIX_PAYMENT,80,85
2026-09-04,GR-HAIROIL-250ML,Onion Hair Oil,Hair,250 ml,Influencer Video,1572.84,8.237,8.062391345130983,12680.851603275814,4513.9687695723915,48,20,-14.51,459,17.37,HEALTHY,3.554,13.902,3.745,9.091,NORMAL,HIGH,STRONG_CREATIVE,DECLINING,HIGHLY_PROFITABLE,PAYMENT_FRICTION,Elevated payment failures may be reducing completed orders.,FIX_PAYMENT,80,85
2026-09-05,GR-HAIROIL-250ML,Onion Hair Oil,Hair,250 ml,Image,1644.64,5.641,7.492657781309868,12322.724693453461,4270.267852857661,48,15,0.31,439,22.15,HEALTHY,3.206,9.916,2.604,0.0,CHECKOUT_CONVERSION,NORMAL,CREATIVE_TO_CONVERSION_GAP,STABLE,PROFITABLE,FUNNEL_DROP_OFF,Users show purchase intent but conversion remains weak.,RETARGET,70,60
2026-09-06,GR-HAIROIL-250ML,Onion Hair Oil,Hair,250 ml,Image,1780.95,5.951,11.835739825132293,21078.86084156936,8336.903203953292,48,19,4.8,418,20.56,HEALTHY,3.522,10.807,2.402,0.0,CHECKOUT_CONVERSION,NORMAL,CREATIVE_TO_CONVERSION_GAP,STABLE,HIGHLY_PROFITABLE,FUNNEL_DROP_OFF,Users show purchase intent but conversion remains weak.,RETARGET,80,75
2026-09-07,GR-HAIROIL-250ML,Onion Hair Oil,Hair,250 ml,Carousel,1726.64,14.448,10.499935575396828,18129.60876190318,6975.572205713525,48,35,5.69,374,8.39,LOW,3.791,13.765,3.933,2.778,NORMAL,MEDIUM,NORMAL,STABLE,HIGHLY_PROFITABLE,HIGH_PERFORMER,Strong predicted ROAS and healthy business signals indicate a scaling opportunity.,MAINTAIN,60,75
2026-09-08,GR-HAIROIL-250ML,Onion Hair Oil,Hair,250 ml,Influencer Video,1800.32,4.207,10.11998164522408,18219.205355529815,6944.898570654312,48,13,-4.05,360,25.15,HEALTHY,3.57,11.779,2.982,7.143,CHECKOUT_CONVERSION,HIGH,CREATIVE_TO_CONVERSION_GAP,STABLE,HIGHLY_PROFITABLE,PAYMENT_FRICTION,Elevated payment failures may be reducing completed orders.,FIX_PAYMENT,90,85
2026-09-09,GR-HAIROIL-250ML,Onion Hair Oil,Hair,250 ml,Influencer Video,1575.0,11.053,9.575668573562055,15081.678003360237,5664.205441612913,48,27,-3.58,328,10.23,LOW,3.361,13.204,4.206,6.897,NORMAL,HIGH,NORMAL,STABLE,HIGHLY_PROFITABLE,PAYMENT_FRICTION,Elevated payment failures may be reducing completed orders.,FIX_PAYMENT,80,85
2026-09-10,GR-HAIROIL-250ML,Onion Hair Oil,Hair,250 ml,Video,1727.91,9.787,7.518240553085381,12990.843034081761,4507.694656359246,48,30,7.42,286,6.91,MEDIUM,2.846,13.196,5.128,3.226,HEALTHY_CONVERSION,MEDIUM,NORMAL,STABLE,PROFITABLE,NORMAL_PERFORMANCE,No major negative signal detected.,MAINTAIN,50,60
2026-09-11,GR-HAIROIL-250ML,Onion Hair Oil,Hair,250 ml,Video,1731.27,5.235,9.304933177239125,16109.35166175878,6001.218797644215,48,15,-4.29,267,13.75,LOW,3.302,12.853,3.132,6.25,NORMAL,HIGH,NORMAL,STABLE,HIGHLY_PROFITABLE,PAYMENT_FRICTION,Elevated payment failures may be reducing completed orders.,FIX_PAYMENT,80,85
2026-09-12,GR-HAIROIL-250ML,Onion Hair Oil,Hair,250 ml,Image,1622.64,9.91,12.707692893815835,20620.01079722133,8274.96518266624,48,28,2.6,233,7.02,LOW,3.487,13.153,4.328,12.5,NORMAL,CRITICAL,NORMAL,STABLE,HIGHLY_PROFITABLE,PAYMENT_FAILURE,High payment failure rate is blocking completed purchases.,FIX_PAYMENT,90,85
2026-09-13,GR-HAIROIL-250ML,Onion Hair Oil,Hair,250 ml,Image,1632.55,16.413,13.272467793650799,21667.96729652461,8768.074302331814,48,38,0.21,192,4.65,MEDIUM,3.441,17.577,5.241,6.0,HEALTHY_CONVERSION,HIGH,NORMAL,STABLE,HIGHLY_PROFITABLE,PAYMENT_FRICTION,Elevated payment failures may be reducing completed orders.,FIX_PAYMENT,90,85
2026-09-14,GR-HAIROIL-250ML,Onion Hair Oil,Hair,250 ml,Influencer Video,1325.32,12.233,13.42312150292272,17789.93139025354,7213.8470673217,48,28,-1.11,160,5.0,MEDIUM,3.834,10.642,3.955,6.667,NORMAL,HIGH,NORMAL,STABLE,HIGHLY_PROFITABLE,PAYMENT_FRICTION,Elevated payment failures may be reducing completed orders.,FIX_PAYMENT,90,85
2026-09-15,GR-HAIROIL-250ML,Onion Hair Oil,Hair,250 ml,Influencer Video,1783.93,15.289,11.374291009144235,20290.938959942676,7955.720700772483,48,47,-0.58,103,1.78,HIGH,3.683,14.779,4.767,7.692,NORMAL,HIGH,NORMAL,STABLE,HIGHLY_PROFITABLE,INVENTORY_RISK,Inventory is very low and scaling ads may cause stockout.,PROTECT_INVENTORY,90,85
2026-09-16,GR-HAIROIL-250ML,Onion Hair Oil,Hair,250 ml,Image,1327.46,9.315,8.958687227264797,11892.298946704926,4380.843494418365,48,21,-0.37,79,3.42,MEDIUM,3.502,11.392,3.608,4.545,NORMAL,MEDIUM,NORMAL,STABLE,HIGHLY_PROFITABLE,HIGH_PERFORMER,Strong predicted ROAS and healthy business signals indicate a scaling opportunity.,MAINTAIN,50,75
2026-09-17,GR-HAIROIL-250ML,Onion Hair Oil,Hair,250 ml,Video,1813.93,9.216,10.053294875307055,18235.973173165727,6939.337123119549,48,30,4.62,42,1.15,HIGH,3.063,16.255,4.823,2.632,NORMAL,MEDIUM,NORMAL,STABLE,HIGHLY_PROFITABLE,INVENTORY_RISK,Inventory is very low and scaling ads may cause stockout.,PROTECT_INVENTORY,90,85
2026-09-18,GR-HAIROIL-250ML,Onion Hair Oil,Hair,250 ml,Video,1543.54,11.181,7.572549054966949,11688.532368303684,4066.9555367857683,48,24,7.55,18,0.74,HIGH,3.286,13.528,3.571,7.692,NORMAL,HIGH,NORMAL,STABLE,PROFITABLE,INVENTORY_RISK,Inventory is very low and scaling ads may cause stockout.,PROTECT_INVENTORY,80,70
2026-09-19,GR-HAIROIL-250ML,Onion Hair Oil,Hair,250 ml,Video,1453.9,6.404,11.201796962416633,16286.292603657545,6363.520449755621,48,14,13.22,0,0.03,HIGH,3.972,10.557,1.777,6.667,CHECKOUT_CONVERSION,HIGH,CREATIVE_TO_CONVERSION_GAP,STRONG_GROWTH,HIGHLY_PROFITABLE,INVENTORY_RISK,Inventory is very low and scaling ads may cause stockout.,PROTECT_INVENTORY,90,85
2026-09-20,GR-HAIROIL-250ML,Onion Hair Oil,Hair,250 ml,Video,1398.24,12.31,17.04448088219562,23832.274948721206,10041.25197538618,48,25,-0.38,0,0.0,CRITICAL,3.668,10.537,3.765,3.846,NORMAL,MEDIUM,NORMAL,STABLE,HIGHLY_PROFITABLE,INVENTORY_SHORTAGE,Stock is exhausted or expected to run out immediately.,PROTECT_INVENTORY,90,90
2026-09-21,GR-HAIROIL-250ML,Onion Hair Oil,Hair,250 ml,Image,1320.64,20.337,15.796069138888889,20860.920747582222,8692.601958839468,48,41,8.74,0,0.0,CRITICAL,3.434,14.181,4.622,4.651,NORMAL,MEDIUM,NORMAL,STABLE,HIGHLY_PROFITABLE,INVENTORY_SHORTAGE,Stock is exhausted or expected to run out immediately.,PROTECT_INVENTORY,90,90
2026-09-22,GR-HAIROIL-250ML,Onion Hair Oil,Hair,250 ml,Video,2128.72,12.24,13.136944937489215,27964.877427332038,11294.421165119378,48,45,15.46,0,0.0,CRITICAL,4.109,13.752,4.106,4.255,NORMAL,MEDIUM,NORMAL,STRONG_GROWTH,HIGHLY_PROFITABLE,INVENTORY_SHORTAGE,Stock is exhausted or expected to run out immediately.,PROTECT_INVENTORY,90,90
2026-09-23,GR-HAIROIL-250ML,Onion Hair Oil,Hair,250 ml,Video,1463.95,7.542,9.113418773582769,13341.589413586495,4940.012918521517,48,20,5.95,0,0.0,CRITICAL,3.463,14.035,4.608,0.0,NORMAL,NORMAL,NORMAL,STABLE,HIGHLY_PROFITABLE,INVENTORY_SHORTAGE,Stock is exhausted or expected to run out immediately.,PROTECT_INVENTORY,80,90
2026-09-24,GR-HAIROIL-250ML,Onion Hair Oil,Hair,250 ml,Image,1500.52,16.762,19.376767547619057,29075.227240553348,12455.589075465607,48,33,3.71,0,0.0,CRITICAL,3.882,13.51,3.477,8.333,NORMAL,HIGH,NORMAL,STABLE,HIGHLY_PROFITABLE,INVENTORY_SHORTAGE,Stock is exhausted or expected to run out immediately.,PROTECT_INVENTORY,90,90
2026-09-25,GR-HAIROIL-250ML,Onion Hair Oil,Hair,250 ml,Influencer Video,1760.49,18.002,14.870967605705088,26180.189760167752,10806.001084880521,48,42,-2.26,0,0.0,CRITICAL,3.382,12.08,3.86,4.545,NORMAL,MEDIUM,STRONG_CREATIVE,STABLE,HIGHLY_PROFITABLE,INVENTORY_SHORTAGE,Stock is exhausted or expected to run out immediately.,PROTECT_INVENTORY,90,90
2026-09-26,GR-HAIROIL-250ML,Onion Hair Oil,Hair,250 ml,Influencer Video,1817.1,8.008,8.47781978326197,15405.046328165323,5577.3222375193545,48,26,17.6,0,0.0,CRITICAL,3.877,8.747,2.992,3.704,CHECKOUT_CONVERSION,MEDIUM,CREATIVE_TO_CONVERSION_GAP,STRONG_GROWTH,HIGHLY_PROFITABLE,INVENTORY_SHORTAGE,Stock is exhausted or expected to run out immediately.,PROTECT_INVENTORY,80,90
2026-09-27,GR-HAIROIL-250ML,Onion Hair Oil,Hair,250 ml,Influencer Video,1625.22,16.342,17.621091054232814,28638.149603160255,12121.091809516922,48,43,16.07,0,0.0,CRITICAL,3.418,16.837,5.212,10.417,HEALTHY_CONVERSION,CRITICAL,STRONG_CREATIVE,STRONG_GROWTH,HIGHLY_PROFITABLE,INVENTORY_SHORTAGE,Stock is exhausted or expected to run out immediately.,PROTECT_INVENTORY,90,90
2026-09-28,GR-HAIROIL-250ML,Onion Hair Oil,Hair,250 ml,Image,1551.66,8.586,8.758247256565975,13589.821938123161,4971.454530299117,48,19,2.93,0,0.0,CRITICAL,3.263,11.139,3.777,5.0,NORMAL,HIGH,NORMAL,STABLE,HIGHLY_PROFITABLE,INVENTORY_SHORTAGE,Stock is exhausted or expected to run out immediately.,PROTECT_INVENTORY,80,90
2026-09-01,GR-LIPBAL-CHERRY,Lip Balm,Lips,Cherry,Influencer Video,1234.28,6.137,5.068582187906927,6256.049622889761,955.3373680114166,35,38,-5.62,288,6.82,MEDIUM,4.821,12.042,3.996,2.564,NORMAL,MEDIUM,NORMAL,STABLE,PROFITABLE,NORMAL_PERFORMANCE,No major negative signal detected.,MAINTAIN,50,60
2026-09-02,GR-LIPBAL-CHERRY,Lip Balm,Lips,Cherry,Influencer Video,1582.22,3.896,6.7355355951818945,10657.099129408698,2147.7646952930445,35,32,8.19,253,7.31,LOW,5.214,11.891,3.941,5.556,NORMAL,HIGH,NORMAL,STABLE,PROFITABLE,PAYMENT_FRICTION,Elevated payment failures may be reducing completed orders.,FIX_PAYMENT,80,70
2026-09-03,GR-LIPBAL-CHERRY,Lip Balm,Lips,Cherry,Influencer Video,1231.63,7.872,5.7477401626246225,7079.089216493365,1246.0512257726773,35,43,-2.98,209,4.74,MEDIUM,4.732,11.157,3.782,6.25,NORMAL,HIGH,NORMAL,STABLE,PROFITABLE,PAYMENT_FRICTION,Elevated payment failures may be reducing completed orders.,FIX_PAYMENT,80,70
2026-09-04,GR-LIPBAL-CHERRY,Lip Balm,Lips,Cherry,Video,1403.66,5.723,7.5309883796853665,10570.947149029162,2296.1715021602067,35,40,-3.28,169,4.24,MEDIUM,5.682,15.746,3.108,3.571,NORMAL,MEDIUM,NORMAL,STABLE,PROFITABLE,NORMAL_PERFORMANCE,No major negative signal detected.,MAINTAIN,50,60
2026-09-05,GR-LIPBAL-CHERRY,Lip Balm,Lips,Cherry,Influencer Video,1447.87,7.977,6.009252382913874,8700.61624764951,1597.345686677329,35,58,-2.39,109,1.83,HIGH,5.164,12.479,3.754,3.333,NORMAL,MEDIUM,NORMAL,STABLE,PROFITABLE,INVENTORY_RISK,Inventory is very low and scaling ads may cause stockout.,PROTECT_INVENTORY,80,70
2026-09-06,GR-LIPBAL-CHERRY,Lip Balm,Lips,Cherry,Image,1577.54,4.858,6.09483069457403,9614.839213918316,1787.6537248714108,35,38,2.15,62,1.32,HIGH,4.245,12.801,2.74,11.628,CHECKOUT_CONVERSION,CRITICAL,CREATIVE_TO_CONVERSION_GAP,STABLE,PROFITABLE,INVENTORY_RISK,Inventory is very low and scaling ads may cause stockout.,PROTECT_INVENTORY,80,70
2026-09-07,GR-LIPBAL-CHERRY,Lip Balm,Lips,Cherry,Carousel,1543.8,5.352,6.679541052618346,10311.875477032201,2065.35641696127,35,42,-0.72,18,0.4,HIGH,5.908,16.861,4.321,7.407,NORMAL,HIGH,NORMAL,STABLE,PROFITABLE,INVENTORY_RISK,Inventory is very low and scaling ads may cause stockout.,PROTECT_INVENTORY,80,70
2026-09-08,GR-LIPBAL-CHERRY,Lip Balm,Lips,Cherry,Video,1464.72,7.076,5.976617183263999,8754.070720670445,1599.2047522346559,35,52,6.1,0,0.0,CRITICAL,5.162,14.532,4.082,8.571,NORMAL,HIGH,NORMAL,STABLE,PROFITABLE,INVENTORY_SHORTAGE,Stock is exhausted or expected to run out immediately.,PROTECT_INVENTORY,80,75
2026-09-09,GR-LIPBAL-CHERRY,Lip Balm,Lips,Cherry,Influencer Video,1574.7,5.761,5.810091487345801,9149.151065123433,1627.502872793202,35,45,4.66,0,0.0,CRITICAL,4.196,16.608,3.695,4.839,NORMAL,MEDIUM,NORMAL,STABLE,PROFITABLE,INVENTORY_SHORTAGE,Stock is exhausted or expected to run out immediately.,PROTECT_INVENTORY,80,75
2026-09-10,GR-LIPBAL-CHERRY,Lip Balm,Lips,Cherry,Image,1458.03,5.215,5.998373891214357,8745.80908460727,1603.0031796125447,35,37,-3.91,0,0.0,CRITICAL,3.899,11.338,3.704,2.439,NORMAL,MEDIUM,NORMAL,STABLE,PROFITABLE,INVENTORY_SHORTAGE,Stock is exhausted or expected to run out immediately.,PROTECT_INVENTORY,80,75
2026-09-11,GR-LIPBAL-CHERRY,Lip Balm,Lips,Cherry,Influencer Video,1523.55,6.245,5.986972527581769,9121.451994397205,1668.958198039022,35,51,16.78,0,0.0,CRITICAL,5.024,15.582,3.693,6.742,NORMAL,HIGH,NORMAL,STRONG_GROWTH,PROFITABLE,INVENTORY_SHORTAGE,Stock is exhausted or expected to run out immediately.,PROTECT_INVENTORY,80,75
2026-09-12,GR-LIPBAL-CHERRY,Lip Balm,Lips,Cherry,Image,1666.3,4.91,8.491498878346706,14149.384580989115,3285.98460334619,35,42,11.77,0,0.0,CRITICAL,4.375,11.268,3.006,2.326,NORMAL,MEDIUM,NORMAL,STRONG_GROWTH,HIGHLY_PROFITABLE,INVENTORY_SHORTAGE,Stock is exhausted or expected to run out immediately.,PROTECT_INVENTORY,80,90
2026-09-13,GR-LIPBAL-CHERRY,Lip Balm,Lips,Cherry,Influencer Video,1321.94,11.337,6.011081311967157,7946.288829541863,1459.2610903396521,35,71,0.86,0,0.0,CRITICAL,4.756,10.349,3.819,6.579,NORMAL,HIGH,NORMAL,STABLE,PROFITABLE,INVENTORY_SHORTAGE,Stock is exhausted or expected to run out immediately.,PROTECT_INVENTORY,80,75
2026-09-14,GR-LIPBAL-CHERRY,Lip Balm,Lips,Cherry,Video,1282.63,5.17,4.698148734950799,6025.986511909943,826.4652791684803,35,28,5.64,0,0.0,CRITICAL,3.691,14.041,3.938,6.667,NORMAL,HIGH,NORMAL,STABLE,PROFITABLE,INVENTORY_SHORTAGE,Stock is exhausted or expected to run out immediately.,PROTECT_INVENTORY,80,75
2026-09-15,GR-LIPBAL-CHERRY,Lip Balm,Lips,Cherry,Video,1314.86,3.979,5.272245130777696,6932.264232654361,1111.4324814290264,35,23,11.87,0,0.0,CRITICAL,4.456,8.903,3.125,11.538,NORMAL,CRITICAL,NORMAL,STRONG_GROWTH,PROFITABLE,INVENTORY_SHORTAGE,Stock is exhausted or expected to run out immediately.,PROTECT_INVENTORY,80,75
2026-09-16,GR-LIPBAL-CHERRY,Lip Balm,Lips,Cherry,Influencer Video,1603.34,4.87,7.998602275602998,12824.47897256531,2885.2276403978585,35,39,4.67,0,0.0,CRITICAL,5.006,10.888,3.143,4.878,NORMAL,MEDIUM,NORMAL,STABLE,PROFITABLE,INVENTORY_SHORTAGE,Stock is exhausted or expected to run out immediately.,PROTECT_INVENTORY,80,75
2026-09-17,GR-LIPBAL-CHERRY,Lip Balm,Lips,Cherry,Carousel,1405.28,10.075,6.888325125720219,9680.025532672109,1982.728936435238,35,57,3.31,0,0.0,CRITICAL,6.396,14.187,4.282,9.589,NORMAL,HIGH,STRONG_CREATIVE,STABLE,PROFITABLE,INVENTORY_SHORTAGE,Stock is exhausted or expected to run out immediately.,PROTECT_INVENTORY,80,75
2026-09-18,GR-LIPBAL-CHERRY,Lip Balm,Lips,Cherry,Image,1206.38,6.293,8.408666933546419,10144.047615291729,2344.036665352105,35,27,9.64,0,0.0,CRITICAL,5.214,7.447,1.915,6.897,CHECKOUT_CONVERSION,HIGH,CREATIVE_TO_CONVERSION_GAP,STABLE,HIGHLY_PROFITABLE,INVENTORY_SHORTAGE,Stock is exhausted or expected to run out immediately.,PROTECT_INVENTORY,80,90
2026-09-19,GR-LIPBAL-CHERRY,Lip Balm,Lips,Cherry,Video,1375.14,9.672,7.258656009709701,9981.6682251922,2118.4438788172693,35,57,7.23,0,0.0,CRITICAL,5.706,12.348,3.263,2.899,NORMAL,MEDIUM,NORMAL,STABLE,PROFITABLE,INVENTORY_SHORTAGE,Stock is exhausted or expected to run out immediately.,PROTECT_INVENTORY,80,75
2026-09-20,GR-LIPBAL-CHERRY,Lip Balm,Lips,Cherry,Video,1398.97,7.298,8.272518670843272,11573.005444949613,2651.5819057323642,35,52,9.22,0,0.0,CRITICAL,4.348,18.026,4.366,8.696,NORMAL,HIGH,NORMAL,STABLE,HIGHLY_PROFITABLE,INVENTORY_SHORTAGE,Stock is exhausted or expected to run out immediately.,PROTECT_INVENTORY,80,90
2026-09-21,GR-LIPBAL-CHERRY,Lip Balm,Lips,Cherry,Carousel,1117.34,10.094,6.234012943728489,6965.512022545589,1320.5892078909562,35,57,4.94,0,0.0,CRITICAL,4.944,15.904,3.642,10.0,NORMAL,CRITICAL,NORMAL,STABLE,PROFITABLE,INVENTORY_SHORTAGE,Stock is exhausted or expected to run out immediately.,PROTECT_INVENTORY,80,75
2026-09-22,GR-LIPBAL-CHERRY,Lip Balm,Lips,Cherry,Image,1300.43,5.588,6.1297772246408675,7971.346196239724,1489.5411686839036,35,31,8.35,0,0.0,CRITICAL,4.17,12.855,3.708,0.0,NORMAL,NORMAL,NORMAL,STABLE,PROFITABLE,INVENTORY_SHORTAGE,Stock is exhausted or expected to run out immediately.,PROTECT_INVENTORY,80,75
2026-09-23,GR-LIPBAL-CHERRY,Lip Balm,Lips,Cherry,Carousel,1472.02,5.07,6.525104772122196,9605.084726659315,1889.7596543307604,35,35,15.44,0,0.0,CRITICAL,4.803,19.588,3.469,10.0,NORMAL,CRITICAL,NORMAL,STRONG_GROWTH,PROFITABLE,INVENTORY_SHORTAGE,Stock is exhausted or expected to run out immediately.,PROTECT_INVENTORY,80,75
2026-09-24,GR-LIPBAL-CHERRY,Lip Balm,Lips,Cherry,Video,1580.89,4.073,6.342781779090172,10027.240286745864,1928.6441003610523,35,35,9.82,0,0.0,CRITICAL,4.528,15.789,2.859,7.895,CHECKOUT_CONVERSION,HIGH,CREATIVE_TO_CONVERSION_GAP,STABLE,PROFITABLE,INVENTORY_SHORTAGE,Stock is exhausted or expected to run out immediately.,PROTECT_INVENTORY,80,75
2026-09-25,GR-LIPBAL-CHERRY,Lip Balm,Lips,Cherry,Image,1294.05,7.021,6.836573197997611,8846.867546868807,1802.3536414040825,35,40,9.08,0,0.0,CRITICAL,5.261,13.941,3.964,8.163,NORMAL,HIGH,NORMAL,STABLE,PROFITABLE,INVENTORY_SHORTAGE,Stock is exhausted or expected to run out immediately.,PROTECT_INVENTORY,80,75
2026-09-26,GR-LIPBAL-CHERRY,Lip Balm,Lips,Cherry,Image,1626.53,3.621,6.004216570017169,9766.038377630026,1791.583432170509,35,25,6.66,0,0.0,CRITICAL,4.44,9.117,2.723,7.407,CHECKOUT_CONVERSION,HIGH,CREATIVE_TO_CONVERSION_GAP,STABLE,PROFITABLE,INVENTORY_SHORTAGE,Stock is exhausted or expected to run out immediately.,PROTECT_INVENTORY,80,75
2026-09-27,GR-LIPBAL-CHERRY,Lip Balm,Lips,Cherry,Carousel,1686.46,6.94,7.218434089144794,12173.600353979129,2574.3001238926954,35,63,2.44,0,0.0,CRITICAL,4.533,17.813,4.158,2.817,NORMAL,MEDIUM,NORMAL,STABLE,PROFITABLE,INVENTORY_SHORTAGE,Stock is exhausted or expected to run out immediately.,PROTECT_INVENTORY,80,75
2026-09-28,GR-LIPBAL-CHERRY,Lip Balm,Lips,Cherry,Video,1401.77,8.941,6.87753473369545,9640.72186365227,1972.4826522782946,35,49,23.46,0,0.0,CRITICAL,4.736,16.618,3.807,7.5,NORMAL,HIGH,NORMAL,STRONG_GROWTH,PROFITABLE,INVENTORY_SHORTAGE,Stock is exhausted or expected to run out immediately.,PROTECT_INVENTORY,80,75
2026-09-01,GR-LIPBAL-NATURAL,Lip Balm,Lips,Natural,Image,1856.43,3.506,3.540987528611976,6573.595477741131,641.5362815416295,38,34,-1.5,355,8.84,LOW,3.928,11.329,4.545,5.556,NORMAL,HIGH,NORMAL,STABLE,PROFITABLE,PAYMENT_FRICTION,Elevated payment failures may be reducing completed orders.,FIX_PAYMENT,85,80
2026-09-02,GR-LIPBAL-NATURAL,Lip Balm,Lips,Natural,Influencer Video,2191.25,2.964,4.84058874205202,10606.940081021488,1839.3872307881657,38,33,9.88,313,7.39,LOW,4.162,22.936,5.124,9.677,HEALTHY_CONVERSION,HIGH,NORMAL,STABLE,PROFITABLE,PAYMENT_FRICTION,Elevated payment failures may be reducing completed orders.,FIX_PAYMENT,80,70
2026-09-03,GR-LIPBAL-NATURAL,Lip Balm,Lips,Natural,Video,1869.02,4.784,3.735696393016945,6982.09127247653,784.1746835410818,38,37,3.64,263,5.26,MEDIUM,3.98,11.75,3.624,5.128,NORMAL,HIGH,NORMAL,STABLE,PROFITABLE,PAYMENT_FRICTION,Elevated payment failures may be reducing completed orders.,FIX_PAYMENT,85,80
2026-09-04,GR-LIPBAL-NATURAL,Lip Balm,Lips,Natural,Influencer Video,2223.55,2.764,4.426203745271844,9841.88533779921,1516.3664283637004,38,29,0.12,227,6.37,MEDIUM,3.644,12.875,3.511,3.333,NORMAL,MEDIUM,NORMAL,STABLE,PROFITABLE,NORMAL_PERFORMANCE,No major negative signal detected.,DECREASE_BUDGET,75,60
2026-09-05,GR-LIPBAL-NATURAL,Lip Balm,Lips,Natural,Carousel,1981.72,4.455,3.9921025386471936,7911.229442887917,1024.5471882974082,38,48,5.91,167,2.76,HIGH,4.372,14.198,5.588,8.772,HEALTHY_CONVERSION,HIGH,NORMAL,STABLE,PROFITABLE,INVENTORY_RISK,Inventory is very low and scaling ads may cause stockout.,PROTECT_INVENTORY,85,80
2026-09-06,GR-LIPBAL-NATURAL,Lip Balm,Lips,Natural,Video,1915.47,3.406,3.701360599815276,7089.845188128166,778.6711714887031,38,34,13.38,129,3.45,MEDIUM,4.433,12.975,3.37,5.556,NORMAL,HIGH,NORMAL,STRONG_GROWTH,PROFITABLE,PAYMENT_FRICTION,Elevated payment failures may be reducing completed orders.,FIX_PAYMENT,85,80
2026-09-07,GR-LIPBAL-NATURAL,Lip Balm,Lips,Natural,Image,2239.21,3.31,4.837829457855847,10832.91610032539,1877.2981181236482,38,37,8.73,83,1.79,HIGH,4.761,13.34,3.358,7.5,NORMAL,HIGH,NORMAL,STABLE,PROFITABLE,INVENTORY_RISK,Inventory is very low and scaling ads may cause stockout.,PROTECT_INVENTORY,80,70
2026-09-08,GR-LIPBAL-NATURAL,Lip Balm,Lips,Natural,Image,1868.79,5.037,4.061894667465242,7590.828135612369,1015.7246915327,38,51,3.67,24,0.4,HIGH,5.188,14.837,3.775,7.273,NORMAL,HIGH,NORMAL,STABLE,PROFITABLE,INVENTORY_RISK,Inventory is very low and scaling ads may cause stockout.,PROTECT_INVENTORY,80,70
2026-09-09,GR-LIPBAL-NATURAL,Lip Balm,Lips,Natural,Video,2443.19,3.557,4.0798178841906365,9967.770256475722,1344.562697460774,38,43,4.64,0,0.0,CRITICAL,4.231,12.735,4.674,4.444,NORMAL,MEDIUM,NORMAL,STABLE,PROFITABLE,INVENTORY_SHORTAGE,Stock is exhausted or expected to run out immediately.,PROTECT_INVENTORY,80,75
2026-09-10,GR-LIPBAL-NATURAL,Lip Balm,Lips,Natural,Image,2332.52,3.563,4.029615134164607,9399.157892741629,1239.1599992418192,38,33,-10.91,0,0.0,CRITICAL,5.037,10.452,3.182,0.0,NORMAL,NORMAL,STRONG_CREATIVE,DECLINING,PROFITABLE,INVENTORY_SHORTAGE,Stock is exhausted or expected to run out immediately.,PROTECT_INVENTORY,80,75
2026-09-11,GR-LIPBAL-NATURAL,Lip Balm,Lips,Natural,Video,2055.14,3.516,4.4665109526829445,9179.305319296825,1432.996021332794,38,38,9.71,0,0.0,CRITICAL,4.63,14.058,4.19,5.0,NORMAL,HIGH,STRONG_CREATIVE,STABLE,PROFITABLE,INVENTORY_SHORTAGE,Stock is exhausted or expected to run out immediately.,PROTECT_INVENTORY,80,75
2026-09-12,GR-LIPBAL-NATURAL,Lip Balm,Lips,Natural,Image,1815.96,4.485,4.238889489233206,7697.653756867933,1109.1484276098145,38,44,5.75,0,0.0,CRITICAL,4.359,11.215,4.179,2.222,NORMAL,MEDIUM,NORMAL,STABLE,PROFITABLE,INVENTORY_SHORTAGE,Stock is exhausted or expected to run out immediately.,PROTECT_INVENTORY,80,75
2026-09-13,GR-LIPBAL-NATURAL,Lip Balm,Lips,Natural,Video,2109.64,3.774,3.5718657146134025,7535.350786177018,753.7932987472668,38,33,8.12,0,0.0,CRITICAL,4.002,11.303,4.231,5.714,NORMAL,HIGH,NORMAL,STABLE,PROFITABLE,INVENTORY_SHORTAGE,Stock is exhausted or expected to run out immediately.,PROTECT_INVENTORY,85,85
2026-09-14,GR-LIPBAL-NATURAL,Lip Balm,Lips,Natural,Image,2089.39,3.033,5.135037880666814,10729.096797486432,1987.6667830448446,38,31,7.05,0,0.0,CRITICAL,4.357,13.644,4.084,8.824,NORMAL,HIGH,NORMAL,STABLE,PROFITABLE,INVENTORY_SHORTAGE,Stock is exhausted or expected to run out immediately.,PROTECT_INVENTORY,80,75
2026-09-15,GR-LIPBAL-NATURAL,Lip Balm,Lips,Natural,Video,1844.25,6.19,3.6931809876495354,6811.149036472656,743.9866338596094,38,57,-3.53,0,0.0,CRITICAL,3.706,13.081,4.188,8.065,NORMAL,HIGH,NORMAL,STABLE,PROFITABLE,INVENTORY_SHORTAGE,Stock is exhausted or expected to run out immediately.,PROTECT_INVENTORY,85,85
2026-09-16,GR-LIPBAL-NATURAL,Lip Balm,Lips,Natural,Image,2371.68,2.463,4.6148635440113654,10944.979570060874,1787.4122366231318,38,30,1.32,0,0.0,CRITICAL,4.02,13.602,4.292,9.091,NORMAL,HIGH,NORMAL,STABLE,PROFITABLE,INVENTORY_SHORTAGE,Stock is exhausted or expected to run out immediately.,PROTECT_INVENTORY,80,75
2026-09-17,GR-LIPBAL-NATURAL,Lip Balm,Lips,Natural,Carousel,1899.41,4.484,4.734423690526336,8992.611702022628,1517.7824467685984,38,46,8.26,0,0.0,CRITICAL,4.108,12.873,3.633,9.804,NORMAL,HIGH,NORMAL,STABLE,PROFITABLE,INVENTORY_SHORTAGE,Stock is exhausted or expected to run out immediately.,PROTECT_INVENTORY,80,75
2026-09-18,GR-LIPBAL-NATURAL,Lip Balm,Lips,Natural,Video,2006.46,4.816,4.742042425432147,9514.718444932585,1609.1330090743822,38,43,9.58,0,0.0,CRITICAL,4.253,12.455,4.783,4.444,NORMAL,MEDIUM,NORMAL,STABLE,PROFITABLE,INVENTORY_SHORTAGE,Stock is exhausted or expected to run out immediately.,PROTECT_INVENTORY,80,75
2026-09-19,GR-LIPBAL-NATURAL,Lip Balm,Lips,Natural,Carousel,2036.13,5.311,4.367864211289357,8893.539356532598,1343.4149554823866,38,51,5.03,0,0.0,CRITICAL,4.001,15.45,4.013,10.526,NORMAL,CRITICAL,NORMAL,STABLE,PROFITABLE,INVENTORY_SHORTAGE,Stock is exhausted or expected to run out immediately.,PROTECT_INVENTORY,80,75
2026-09-20,GR-LIPBAL-NATURAL,Lip Balm,Lips,Natural,Video,2600.62,4.011,3.4854175892553356,9064.24669096921,843.7937425682999,38,44,8.75,0,0.0,CRITICAL,4.88,11.693,3.823,6.383,NORMAL,HIGH,NORMAL,STABLE,PROFITABLE,INVENTORY_SHORTAGE,Stock is exhausted or expected to run out immediately.,PROTECT_INVENTORY,85,85
2026-09-21,GR-LIPBAL-NATURAL,Lip Balm,Lips,Natural,Influencer Video,2202.47,2.512,4.811469963206547,10597.118249863523,1824.4349349481386,38,29,-1.91,0,0.0,CRITICAL,4.26,11.226,2.72,9.375,CHECKOUT_CONVERSION,HIGH,CREATIVE_TO_CONVERSION_GAP,STABLE,PROFITABLE,INVENTORY_SHORTAGE,Stock is exhausted or expected to run out immediately.,PROTECT_INVENTORY,80,75
2026-09-22,GR-LIPBAL-NATURAL,Lip Balm,Lips,Natural,Image,2127.77,4.378,4.822954662950707,10262.138243186626,1771.842532410918,38,43,4.62,0,0.0,CRITICAL,5.099,17.634,3.49,2.273,NORMAL,MEDIUM,NORMAL,STABLE,PROFITABLE,INVENTORY_SHORTAGE,Stock is exhausted or expected to run out immediately.,PROTECT_INVENTORY,80,75
2026-09-23,GR-LIPBAL-NATURAL,Lip Balm,Lips,Natural,Carousel,2020.82,5.19,4.856823418630871,9814.765900837636,1708.7910423183018,38,50,22.76,0,0.0,CRITICAL,3.729,19.847,5.112,4.225,HEALTHY_CONVERSION,MEDIUM,NORMAL,STRONG_GROWTH,PROFITABLE,INVENTORY_SHORTAGE,Stock is exhausted or expected to run out immediately.,PROTECT_INVENTORY,80,75
2026-09-24,GR-LIPBAL-NATURAL,Lip Balm,Lips,Natural,Carousel,2549.09,2.689,4.378560670336505,11161.345219148081,1692.2211832762705,38,35,16.1,0,0.0,CRITICAL,4.519,9.88,3.601,5.405,NORMAL,HIGH,NORMAL,STRONG_GROWTH,PROFITABLE,INVENTORY_SHORTAGE,Stock is exhausted or expected to run out immediately.,PROTECT_INVENTORY,80,75
2026-09-25,GR-LIPBAL-NATURAL,Lip Balm,Lips,Natural,Carousel,1969.57,5.312,4.276665742056767,8423.192545582746,1231.2431673214435,38,57,2.56,0,0.0,CRITICAL,4.489,13.346,4.368,10.938,NORMAL,CRITICAL,NORMAL,STABLE,PROFITABLE,INVENTORY_SHORTAGE,Stock is exhausted or expected to run out immediately.,PROTECT_INVENTORY,80,75
2026-09-26,GR-LIPBAL-NATURAL,Lip Balm,Lips,Natural,Image,2110.98,5.312,4.719331563301353,9962.41454349789,1674.737526529198,38,58,18.1,0,0.0,CRITICAL,4.166,18.822,5.052,1.351,HEALTHY_CONVERSION,NORMAL,NORMAL,STRONG_GROWTH,PROFITABLE,INVENTORY_SHORTAGE,Stock is exhausted or expected to run out immediately.,PROTECT_INVENTORY,80,75
2026-09-27,GR-LIPBAL-NATURAL,Lip Balm,Lips,Natural,Image,2319.32,3.429,5.1300845958456796,11898.307804836802,2202.0369658379846,38,40,-0.56,0,0.0,CRITICAL,4.18,10.544,2.861,6.977,CHECKOUT_CONVERSION,HIGH,CREATIVE_TO_CONVERSION_GAP,STABLE,PROFITABLE,INVENTORY_SHORTAGE,Stock is exhausted or expected to run out immediately.,PROTECT_INVENTORY,80,75
2026-09-28,GR-LIPBAL-NATURAL,Lip Balm,Lips,Natural,Video,2521.73,2.447,4.940083962837781,12457.557931606916,2212.142014010628,38,31,12.67,0,0.0,CRITICAL,3.749,13.968,2.508,3.125,CHECKOUT_CONVERSION,MEDIUM,CREATIVE_TO_CONVERSION_GAP,STRONG_GROWTH,PROFITABLE,INVENTORY_SHORTAGE,Stock is exhausted or expected to run out immediately.,PROTECT_INVENTORY,80,75
2026-09-01,GR-LIPBAL-STRAWB,Lip Balm,Lips,Strawberry,Video,1146.53,5.838,4.100606845019746,4701.468766020489,498.98406810717097,35,34,-8.54,513,12.14,LOW,3.64,13.153,4.645,5.556,NORMAL,HIGH,NORMAL,STABLE,PROFITABLE,PAYMENT_FRICTION,Elevated payment failures may be reducing completed orders.,FIX_PAYMENT,80,70
2026-09-02,GR-LIPBAL-STRAWB,Lip Balm,Lips,Strawberry,Image,1001.45,3.172,3.9355026738650176,3941.209152742122,377.97320345974254,35,14,-6.73,499,35.39,HEALTHY,2.905,12.042,2.887,6.667,CHECKOUT_CONVERSION,HIGH,CREATIVE_TO_CONVERSION_GAP,STABLE,PROFITABLE,PAYMENT_FRICTION,Elevated payment failures may be reducing completed orders.,FIX_PAYMENT,85,80
2026-09-03,GR-LIPBAL-STRAWB,Lip Balm,Lips,Strawberry,Carousel,939.44,3.466,4.4439596352471415,4174.833439736575,521.7517039078014,35,17,3.44,482,28.37,HEALTHY,3.037,12.211,2.5,10.526,CHECKOUT_CONVERSION,CRITICAL,CREATIVE_TO_CONVERSION_GAP,STABLE,PROFITABLE,PAYMENT_FAILURE,High payment failure rate is blocking completed purchases.,FIX_PAYMENT,80,70
2026-09-04,GR-LIPBAL-STRAWB,Lip Balm,Lips,Strawberry,Video,1277.96,2.777,5.027181279658872,6424.536588152852,970.6278058534981,35,19,10.04,459,19.85,HEALTHY,3.169,9.981,2.861,5.0,CHECKOUT_CONVERSION,HIGH,CREATIVE_TO_CONVERSION_GAP,STRONG_GROWTH,PROFITABLE,PAYMENT_FRICTION,Elevated payment failures may be reducing completed orders.,FIX_PAYMENT,80,70
2026-09-05,GR-LIPBAL-STRAWB,Lip Balm,Lips,Strawberry,Image,1068.77,5.388,4.8613748846911555,5195.691635511366,749.7220724289782,35,30,-3.61,422,11.42,LOW,2.891,17.352,4.317,6.25,NORMAL,HIGH,NORMAL,STABLE,PROFITABLE,PAYMENT_FRICTION,Elevated payment failures may be reducing completed orders.,FIX_PAYMENT,80,70
2026-09-06,GR-LIPBAL-STRAWB,Lip Balm,Lips,Strawberry,Video,1079.16,5.124,5.018686909610761,5415.966165375549,816.4281578814421,35,27,5.45,394,14.42,LOW,2.496,12.615,4.405,6.897,NORMAL,HIGH,NORMAL,STABLE,PROFITABLE,PAYMENT_FRICTION,Elevated payment failures may be reducing completed orders.,FIX_PAYMENT,80,70
2026-09-07,GR-LIPBAL-STRAWB,Lip Balm,Lips,Strawberry,Carousel,1301.35,5.24,5.242911662915252,6822.8630925347625,1086.652082387167,35,30,2.53,353,8.46,LOW,3.185,9.618,3.33,6.25,NORMAL,HIGH,NORMAL,STABLE,PROFITABLE,PAYMENT_FRICTION,Elevated payment failures may be reducing completed orders.,FIX_PAYMENT,80,70
2026-09-08,GR-LIPBAL-STRAWB,Lip Balm,Lips,Strawberry,Video,1185.76,5.336,4.688220363076334,5559.104177721393,759.9264622024878,35,28,-0.39,316,8.66,LOW,2.715,15.603,4.904,3.226,NORMAL,MEDIUM,NORMAL,STABLE,PROFITABLE,NORMAL_PERFORMANCE,No major negative signal detected.,DECREASE_BUDGET,75,60
2026-09-09,GR-LIPBAL-STRAWB,Lip Balm,Lips,Strawberry,Video,1248.05,5.145,2.9563918204182604,3689.7248114730096,43.353684015553426,35,31,-0.77,283,8.64,LOW,3.561,11.309,3.899,3.125,NORMAL,MEDIUM,NORMAL,STABLE,PROFITABLE,NORMAL_PERFORMANCE,No major negative signal detected.,DECREASE_BUDGET,80,70
2026-09-10,GR-LIPBAL-STRAWB,Lip Balm,Lips,Strawberry,Video,1280.3,1.64,3.4312788491041903,4393.066310508095,257.2732086778333,35,9,5.08,271,22.65,HEALTHY,2.487,8.447,1.633,0.0,CHECKOUT_CONVERSION,NORMAL,NORMAL,STABLE,PROFITABLE,FUNNEL_DROP_OFF,Users show purchase intent but conversion remains weak.,RETARGET,75,70
2026-09-11,GR-LIPBAL-STRAWB,Lip Balm,Lips,Strawberry,Influencer Video,1337.63,3.101,5.552643841226898,7427.382981340335,1261.954043469117,35,21,7.43,248,10.47,LOW,2.491,13.961,5.398,7.407,HEALTHY_CONVERSION,HIGH,STRONG_CREATIVE,STABLE,PROFITABLE,PAYMENT_FRICTION,Elevated payment failures may be reducing completed orders.,FIX_PAYMENT,80,70
2026-09-12,GR-LIPBAL-STRAWB,Lip Balm,Lips,Strawberry,Influencer Video,1031.97,6.234,4.700261787094297,4850.529156427701,665.7152047496954,35,33,14.54,211,5.84,MEDIUM,2.916,11.853,4.412,2.941,NORMAL,MEDIUM,NORMAL,STRONG_GROWTH,PROFITABLE,NORMAL_PERFORMANCE,No major negative signal detected.,DECREASE_BUDGET,75,60
2026-09-13,GR-LIPBAL-STRAWB,Lip Balm,Lips,Strawberry,Carousel,1085.78,3.715,4.653908730988966,5053.121021933199,682.8123576766195,35,18,16.13,192,10.07,LOW,3.1,7.704,2.1,5.263,CHECKOUT_CONVERSION,HIGH,CREATIVE_TO_CONVERSION_GAP,STRONG_GROWTH,PROFITABLE,PAYMENT_FRICTION,Elevated payment failures may be reducing completed orders.,FIX_PAYMENT,80,70
2026-09-14,GR-LIPBAL-STRAWB,Lip Balm,Lips,Strawberry,Video,1227.11,4.874,4.639448786759366,5693.114000720285,765.4799002520997,35,30,1.18,160,4.96,MEDIUM,2.792,17.113,4.498,5.556,NORMAL,HIGH,NORMAL,STABLE,PROFITABLE,PAYMENT_FRICTION,Elevated payment failures may be reducing completed orders.,FIX_PAYMENT,80,70
2026-09-15,GR-LIPBAL-STRAWB,Lip Balm,Lips,Strawberry,Image,1132.07,4.479,4.729497232726741,5354.121932252961,741.8726762885365,35,21,9.87,138,6.25,MEDIUM,2.591,10.02,3.297,4.545,NORMAL,MEDIUM,NORMAL,STABLE,PROFITABLE,NORMAL_PERFORMANCE,No major negative signal detected.,DECREASE_BUDGET,75,60
2026-09-16,GR-LIPBAL-STRAWB,Lip Balm,Lips,Strawberry,Influencer Video,1203.07,5.002,4.707964695953169,5664.011086760379,779.3338803661327,35,25,2.25,113,4.46,MEDIUM,2.731,18.673,4.296,3.571,NORMAL,MEDIUM,NORMAL,STABLE,PROFITABLE,NORMAL_PERFORMANCE,No major negative signal detected.,DECREASE_BUDGET,75,60
2026-09-17,GR-LIPBAL-STRAWB,Lip Balm,Lips,Strawberry,Carousel,760.05,4.689,7.246008195698608,5507.3285291407265,1167.5149851992544,35,19,4.7,92,4.4,MEDIUM,2.301,13.506,3.525,0.0,NORMAL,NORMAL,NORMAL,STABLE,PROFITABLE,NORMAL_PERFORMANCE,No major negative signal detected.,MAINTAIN,50,60
2026-09-18,GR-LIPBAL-STRAWB,Lip Balm,Lips,Strawberry,Image,1113.72,3.013,4.09550511469043,4561.245956333026,482.71608471655895,35,17,18.21,68,2.84,HIGH,2.686,11.86,2.522,5.556,CHECKOUT_CONVERSION,HIGH,CREATIVE_TO_CONVERSION_GAP,STRONG_GROWTH,PROFITABLE,INVENTORY_RISK,Inventory is very low and scaling ads may cause stockout.,PROTECT_INVENTORY,80,70
2026-09-19,GR-LIPBAL-STRAWB,Lip Balm,Lips,Strawberry,Video,1430.92,3.648,5.860151016511284,8385.407292546326,1503.9725523912139,35,27,3.62,30,0.81,HIGH,3.593,8.207,2.957,3.571,CHECKOUT_CONVERSION,MEDIUM,CREATIVE_TO_CONVERSION_GAP,STABLE,PROFITABLE,INVENTORY_RISK,Inventory is very low and scaling ads may cause stockout.,PROTECT_INVENTORY,80,70
2026-09-20,GR-LIPBAL-STRAWB,Lip Balm,Lips,Strawberry,Carousel,1072.74,7.004,5.915627485596667,6345.930228898968,1148.3355801146388,35,33,6.22,0,0.0,CRITICAL,2.499,12.881,4.577,8.333,NORMAL,HIGH,NORMAL,STABLE,PROFITABLE,INVENTORY_SHORTAGE,Stock is exhausted or expected to run out immediately.,PROTECT_INVENTORY,80,75
2026-09-21,GR-LIPBAL-STRAWB,Lip Balm,Lips,Strawberry,Influencer Video,1082.68,6.018,6.218284742009598,6732.412524478952,1273.6643835676334,35,35,7.78,0,0.0,CRITICAL,2.899,11.977,4.436,7.895,NORMAL,HIGH,NORMAL,STABLE,PROFITABLE,INVENTORY_SHORTAGE,Stock is exhausted or expected to run out immediately.,PROTECT_INVENTORY,80,75
2026-09-22,GR-LIPBAL-STRAWB,Lip Balm,Lips,Strawberry,Carousel,1276.81,7.387,5.948743967325111,7595.415784920375,1381.5855247221311,35,43,13.53,0,0.0,CRITICAL,3.153,16.364,4.352,10.417,NORMAL,CRITICAL,NORMAL,STRONG_GROWTH,PROFITABLE,INVENTORY_SHORTAGE,Stock is exhausted or expected to run out immediately.,PROTECT_INVENTORY,80,75
2026-09-23,GR-LIPBAL-STRAWB,Lip Balm,Lips,Strawberry,Carousel,1124.48,5.332,4.983739817378444,5604.115749845712,836.9605124459993,35,32,-1.25,0,0.0,CRITICAL,3.101,13.817,4.36,8.571,NORMAL,HIGH,NORMAL,STABLE,PROFITABLE,INVENTORY_SHORTAGE,Stock is exhausted or expected to run out immediately.,PROTECT_INVENTORY,80,75
2026-09-24,GR-LIPBAL-STRAWB,Lip Balm,Lips,Strawberry,Image,1242.37,5.727,5.5418147193572285,6884.984352887839,1167.374523510744,35,37,10.35,0,0.0,CRITICAL,3.373,15.782,3.957,11.905,NORMAL,CRITICAL,NORMAL,STRONG_GROWTH,PROFITABLE,INVENTORY_SHORTAGE,Stock is exhausted or expected to run out immediately.,PROTECT_INVENTORY,80,75
2026-09-25,GR-LIPBAL-STRAWB,Lip Balm,Lips,Strawberry,Influencer Video,1490.69,5.249,6.060955319642736,9035.00548543823,1671.5619199033808,35,42,8.91,0,0.0,CRITICAL,3.398,17.963,5.116,4.444,HEALTHY_CONVERSION,MEDIUM,NORMAL,STABLE,PROFITABLE,INVENTORY_SHORTAGE,Stock is exhausted or expected to run out immediately.,PROTECT_INVENTORY,80,75
2026-09-26,GR-LIPBAL-STRAWB,Lip Balm,Lips,Strawberry,Video,1143.72,5.432,5.155290283567646,5896.208603121988,919.953011092696,35,32,12.91,0,0.0,CRITICAL,2.667,11.675,3.922,5.882,NORMAL,HIGH,NORMAL,STRONG_GROWTH,PROFITABLE,INVENTORY_SHORTAGE,Stock is exhausted or expected to run out immediately.,PROTECT_INVENTORY,80,75
2026-09-27,GR-LIPBAL-STRAWB,Lip Balm,Lips,Strawberry,Video,1274.55,3.85,5.046597809739901,6432.14123840399,976.6994334413969,35,23,10.16,0,0.0,CRITICAL,3.045,10.448,3.605,7.692,NORMAL,HIGH,NORMAL,STRONG_GROWTH,PROFITABLE,INVENTORY_SHORTAGE,Stock is exhausted or expected to run out immediately.,PROTECT_INVENTORY,80,75
2026-09-28,GR-LIPBAL-STRAWB,Lip Balm,Lips,Strawberry,Image,1301.13,5.787,5.21114264689448,6780.374032153815,1072.000911253835,35,40,8.71,0,0.0,CRITICAL,3.078,11.723,4.474,0.0,NORMAL,NORMAL,NORMAL,STABLE,PROFITABLE,INVENTORY_SHORTAGE,Stock is exhausted or expected to run out immediately.,PROTECT_INVENTORY,80,75
2026-09-01,GR-MOIST-100G,Aloe Moisturizer,Skin,100 g,Image,2437.32,3.152,8.466826652203912,20636.365935949638,7674.499308615323,49,10,-2.65,748,51.22,HEALTHY,3.861,11.191,2.874,8.333,CHECKOUT_CONVERSION,HIGH,CREATIVE_TO_CONVERSION_GAP,STABLE,HIGHLY_PROFITABLE,PAYMENT_FRICTION,Elevated payment failures may be reducing completed orders.,FIX_PAYMENT,80,85
2026-09-02,GR-MOIST-100G,Aloe Moisturizer,Skin,100 g,Video,2451.84,9.052,5.196789781545585,12741.697057984728,3791.591558412516,49,33,2.46,716,22.3,HEALTHY,3.927,15.006,3.008,5.882,NORMAL,HIGH,NORMAL,STABLE,PROFITABLE,PAYMENT_FRICTION,Elevated payment failures may be reducing completed orders.,FIX_PAYMENT,80,70
2026-09-03,GR-MOIST-100G,Aloe Moisturizer,Skin,100 g,Carousel,2060.84,4.216,6.641198080404254,13686.446652020304,4645.518859489949,49,14,-3.6,698,38.94,HEALTHY,3.422,8.168,2.295,0.0,CHECKOUT_CONVERSION,NORMAL,CREATIVE_TO_CONVERSION_GAP,STABLE,PROFITABLE,FUNNEL_DROP_OFF,Users show purchase intent but conversion remains weak.,RETARGET,70,60
2026-09-04,GR-MOIST-100G,Aloe Moisturizer,Skin,100 g,Image,2332.49,6.94,6.227986350204592,14526.715881988708,4785.600782174467,49,22,-1.31,671,24.67,HEALTHY,4.022,10.478,3.39,4.348,NORMAL,MEDIUM,NORMAL,STABLE,PROFITABLE,NORMAL_PERFORMANCE,No major negative signal detected.,MAINTAIN,50,60
2026-09-05,GR-MOIST-100G,Aloe Moisturizer,Skin,100 g,Image,2426.81,5.667,6.6630148847162545,16169.871152378253,5496.426864665344,49,23,7.12,648,28.05,HEALTHY,4.156,12.855,3.29,3.448,NORMAL,MEDIUM,NORMAL,STABLE,PROFITABLE,NORMAL_PERFORMANCE,No major negative signal detected.,MAINTAIN,50,60
2026-09-06,GR-MOIST-100G,Aloe Moisturizer,Skin,100 g,Video,1873.36,6.977,5.730047124500551,10734.441081154351,3386.5161297656323,49,20,4.63,624,26.31,HEALTHY,3.35,14.522,3.135,5.882,NORMAL,HIGH,NORMAL,STABLE,PROFITABLE,PAYMENT_FRICTION,Elevated payment failures may be reducing completed orders.,FIX_PAYMENT,80,70
2026-09-07,GR-MOIST-100G,Aloe Moisturizer,Skin,100 g,Video,2309.72,4.07,6.71461991907165,15508.89191947817,5289.637040544303,49,15,1.55,605,32.12,HEALTHY,3.12,7.795,2.874,0.0,CHECKOUT_CONVERSION,NORMAL,CREATIVE_TO_CONVERSION_GAP,STABLE,PROFITABLE,FUNNEL_DROP_OFF,Users show purchase intent but conversion remains weak.,RETARGET,70,60
2026-09-08,GR-MOIST-100G,Aloe Moisturizer,Skin,100 g,Video,2325.54,7.307,5.959256418816846,13858.489172215328,4465.119694385511,49,28,6.08,569,15.75,HEALTHY,4.035,13.68,3.04,2.439,NORMAL,MEDIUM,NORMAL,STABLE,PROFITABLE,NORMAL_PERFORMANCE,No major negative signal detected.,MAINTAIN,50,60
2026-09-09,GR-MOIST-100G,Aloe Moisturizer,Skin,100 g,Video,1995.41,5.401,6.214759967758535,12400.994187265058,4081.077151759878,49,15,14.31,551,29.67,HEALTHY,3.434,8.987,2.315,6.25,CHECKOUT_CONVERSION,HIGH,CREATIVE_TO_CONVERSION_GAP,STRONG_GROWTH,PROFITABLE,PAYMENT_FRICTION,Elevated payment failures may be reducing completed orders.,FIX_PAYMENT,80,70
2026-09-10,GR-MOIST-100G,Aloe Moisturizer,Skin,100 g,Influencer Video,2060.38,5.464,6.1243732706335345,12618.536199347922,4122.702737680482,49,18,4.29,524,19.42,HEALTHY,3.739,13.77,3.364,6.667,NORMAL,HIGH,NORMAL,STABLE,PROFITABLE,PAYMENT_FRICTION,Elevated payment failures may be reducing completed orders.,FIX_PAYMENT,80,70
2026-09-11,GR-MOIST-100G,Aloe Moisturizer,Skin,100 g,Image,2234.35,5.389,6.78119282847253,15151.558196297596,5189.913516185821,49,20,-0.82,497,18.82,HEALTHY,3.515,11.063,3.279,4.762,NORMAL,MEDIUM,NORMAL,STABLE,PROFITABLE,NORMAL_PERFORMANCE,No major negative signal detected.,MAINTAIN,50,60
2026-09-12,GR-MOIST-100G,Aloe Moisturizer,Skin,100 g,Image,2182.61,6.977,8.249825640555576,18006.151941333006,6640.404451253173,49,25,12.5,467,15.5,HEALTHY,3.711,17.708,3.083,6.977,NORMAL,HIGH,NORMAL,STRONG_GROWTH,HIGHLY_PROFITABLE,PAYMENT_FRICTION,Elevated payment failures may be reducing completed orders.,FIX_PAYMENT,80,85
2026-09-13,GR-MOIST-100G,Aloe Moisturizer,Skin,100 g,Image,2169.94,10.174,5.884814770940502,12769.694964054634,4087.2105323867713,49,34,9.6,429,11.25,LOW,3.378,13.816,3.448,7.143,NORMAL,HIGH,NORMAL,STABLE,PROFITABLE,PAYMENT_FRICTION,Elevated payment failures may be reducing completed orders.,FIX_PAYMENT,80,70
2026-09-14,GR-MOIST-100G,Aloe Moisturizer,Skin,100 g,Influencer Video,1955.3,4.37,7.075651347871983,13835.021080494089,4823.860329442104,49,13,10.26,413,24.91,HEALTHY,3.832,8.654,1.976,0.0,CHECKOUT_CONVERSION,NORMAL,CREATIVE_TO_CONVERSION_GAP,STRONG_GROWTH,PROFITABLE,FUNNEL_DROP_OFF,Users show purchase intent but conversion remains weak.,RETARGET,70,60
2026-09-15,GR-MOIST-100G,Aloe Moisturizer,Skin,100 g,Video,2322.84,7.476,6.557935835068368,15233.035675130208,5141.347480813802,49,24,23.56,383,12.8,LOW,3.856,11.03,2.837,0.0,CHECKOUT_CONVERSION,NORMAL,CREATIVE_TO_CONVERSION_GAP,STRONG_GROWTH,PROFITABLE,FUNNEL_DROP_OFF,Users show purchase intent but conversion remains weak.,RETARGET,70,60
2026-09-16,GR-MOIST-100G,Aloe Moisturizer,Skin,100 g,Influencer Video,2164.28,6.97,8.829661150627597,19109.8590350803,7199.550927189346,49,23,3.38,356,13.13,LOW,3.961,10.714,3.583,4.167,NORMAL,MEDIUM,NORMAL,STABLE,HIGHLY_PROFITABLE,HIGH_PERFORMER,Strong predicted ROAS and healthy business signals indicate a scaling opportunity.,MAINTAIN,50,75
2026-09-17,GR-MOIST-100G,Aloe Moisturizer,Skin,100 g,Video,2356.2,11.73,6.671985842997449,15720.533043270589,5346.861191202589,49,32,13.9,318,8.6,LOW,4.094,8.185,2.481,3.03,CHECKOUT_CONVERSION,MEDIUM,CREATIVE_TO_CONVERSION_GAP,STRONG_GROWTH,PROFITABLE,FUNNEL_DROP_OFF,Users show purchase intent but conversion remains weak.,RETARGET,70,60
2026-09-18,GR-MOIST-100G,Aloe Moisturizer,Skin,100 g,Video,2473.67,7.056,6.839130904366413,16917.752944204065,5816.028942659992,49,25,8.72,287,9.02,LOW,3.867,13.658,3.016,7.143,NORMAL,HIGH,NORMAL,STABLE,PROFITABLE,PAYMENT_FRICTION,Elevated payment failures may be reducing completed orders.,FIX_PAYMENT,80,70
2026-09-19,GR-MOIST-100G,Aloe Moisturizer,Skin,100 g,Image,2187.66,7.345,6.763067530222262,14795.292313166034,5062.033233451357,49,25,7.15,259,9.21,LOW,3.85,10.065,2.806,10.714,CHECKOUT_CONVERSION,CRITICAL,CREATIVE_TO_CONVERSION_GAP,STABLE,PROFITABLE,PAYMENT_FAILURE,High payment failure rate is blocking completed purchases.,FIX_PAYMENT,80,70
2026-09-20,GR-MOIST-100G,Aloe Moisturizer,Skin,100 g,Carousel,2212.86,7.329,4.976826297149332,11013.019839909872,3183.519721555837,49,20,2.44,238,11.45,LOW,3.333,11.693,2.865,5.714,CHECKOUT_CONVERSION,HIGH,CREATIVE_TO_CONVERSION_GAP,STABLE,PROFITABLE,PAYMENT_FRICTION,Elevated payment failures may be reducing completed orders.,FIX_PAYMENT,80,70
2026-09-21,GR-MOIST-100G,Aloe Moisturizer,Skin,100 g,Influencer Video,2364.59,2.515,7.764293850256819,18359.371595378772,6631.502081735598,49,8,9.1,228,23.6,HEALTHY,3.188,6.948,1.636,11.111,CHECKOUT_CONVERSION,CRITICAL,CREATIVE_TO_CONVERSION_GAP,STABLE,PROFITABLE,PAYMENT_FAILURE,High payment failure rate is blocking completed purchases.,FIX_PAYMENT,80,70
2026-09-22,GR-MOIST-100G,Aloe Moisturizer,Skin,100 g,Video,2175.29,8.909,6.544739315650462,14236.705985941293,4800.695933111233,49,31,9.2,196,6.08,MEDIUM,3.976,11.757,3.333,9.756,NORMAL,HIGH,NORMAL,STABLE,PROFITABLE,PAYMENT_FRICTION,Elevated payment failures may be reducing completed orders.,FIX_PAYMENT,80,70
2026-09-23,GR-MOIST-100G,Aloe Moisturizer,Skin,100 g,Video,2562.68,5.496,7.183871350834964,18409.963433357745,6458.202082345295,49,19,3.92,171,6.81,MEDIUM,3.531,10.751,2.632,5.0,CHECKOUT_CONVERSION,HIGH,CREATIVE_TO_CONVERSION_GAP,STABLE,PROFITABLE,PAYMENT_FRICTION,Elevated payment failures may be reducing completed orders.,FIX_PAYMENT,80,70
2026-09-24,GR-MOIST-100G,Aloe Moisturizer,Skin,100 g,Influencer Video,2189.86,3.278,6.6038612859067225,14461.531675555696,4896.290521022291,49,11,6.32,157,11.18,LOW,3.171,12.356,2.34,0.0,CHECKOUT_CONVERSION,NORMAL,CREATIVE_TO_CONVERSION_GAP,STABLE,PROFITABLE,FUNNEL_DROP_OFF,Users show purchase intent but conversion remains weak.,RETARGET,70,60
2026-09-25,GR-MOIST-100G,Aloe Moisturizer,Skin,100 g,Carousel,2425.77,2.971,6.596946878871394,16002.675830359862,5415.541156876332,49,12,16.94,143,9.96,LOW,3.838,7.673,2.143,0.0,CHECKOUT_CONVERSION,NORMAL,CREATIVE_TO_CONVERSION_GAP,STRONG_GROWTH,PROFITABLE,FUNNEL_DROP_OFF,Users show purchase intent but conversion remains weak.,RETARGET,70,60
2026-09-26,GR-MOIST-100G,Aloe Moisturizer,Skin,100 g,Image,1619.02,8.895,8.382107224115193,13570.799237986981,5030.671626613621,49,23,21.17,115,4.14,MEDIUM,3.527,12.588,2.7,10.638,CHECKOUT_CONVERSION,CRITICAL,CREATIVE_TO_CONVERSION_GAP,STRONG_GROWTH,HIGHLY_PROFITABLE,PAYMENT_FAILURE,High payment failure rate is blocking completed purchases.,FIX_PAYMENT,80,85
2026-09-27,GR-MOIST-100G,Aloe Moisturizer,Skin,100 g,Video,2059.87,3.901,6.975834443308314,14369.312094737497,4981.092926421374,49,13,7.6,96,5.27,MEDIUM,3.058,7.676,2.087,0.0,CHECKOUT_CONVERSION,NORMAL,CREATIVE_TO_CONVERSION_GAP,STABLE,PROFITABLE,FUNNEL_DROP_OFF,Users show purchase intent but conversion remains weak.,RETARGET,70,60
2026-09-28,GR-MOIST-100G,Aloe Moisturizer,Skin,100 g,Video,2317.35,2.817,6.585602448505486,15261.145834044188,5160.611458681651,49,10,10.85,82,5.84,MEDIUM,3.617,6.413,1.815,0.0,CHECKOUT_CONVERSION,NORMAL,CREATIVE_TO_CONVERSION_GAP,STRONG_GROWTH,PROFITABLE,FUNNEL_DROP_OFF,Users show purchase intent but conversion remains weak.,RETARGET,70,60
2026-09-01,GR-MOIST-50G,Aloe Moisturizer,Skin,50 g,Image,2399.19,9.333,5.807142029737754,13932.437086326523,4288.379801436731,48,58,2.5,585,8.17,LOW,4.923,14.27,4.94,10.769,NORMAL,CRITICAL,NORMAL,STABLE,PROFITABLE,PAYMENT_FAILURE,High payment failure rate is blocking completed purchases.,FIX_PAYMENT,80,70
2026-09-02,GR-MOIST-50G,Aloe Moisturizer,Skin,50 g,Carousel,2048.55,5.342,5.661844250516736,11598.57103939606,3518.7640989101083,48,28,4.08,553,16.88,HEALTHY,4.83,11.641,4.148,3.448,NORMAL,MEDIUM,NORMAL,STABLE,PROFITABLE,NORMAL_PERFORMANCE,No major negative signal detected.,MAINTAIN,50,60
2026-09-03,GR-MOIST-50G,Aloe Moisturizer,Skin,50 g,Influencer Video,2226.05,4.573,4.907008841065458,10923.247030653765,3017.108574713807,48,21,7.38,525,18.67,HEALTHY,3.889,11.435,3.437,4.545,NORMAL,MEDIUM,NORMAL,STABLE,PROFITABLE,NORMAL_PERFORMANCE,No major negative signal detected.,DECREASE_BUDGET,75,60
2026-09-04,GR-MOIST-50G,Aloe Moisturizer,Skin,50 g,Image,2730.83,2.7,4.8689294410289135,13296.218585444987,3651.3549210135943,48,18,-4.73,502,22.61,HEALTHY,4.478,10.063,2.835,5.263,CHECKOUT_CONVERSION,HIGH,CREATIVE_TO_CONVERSION_GAP,STABLE,PROFITABLE,PAYMENT_FRICTION,Elevated payment failures may be reducing completed orders.,FIX_PAYMENT,80,70
2026-09-05,GR-MOIST-50G,Aloe Moisturizer,Skin,50 g,Influencer Video,2801.3,3.464,6.951992669354986,19474.617064664126,6546.516191038781,48,26,8.6,470,14.45,LOW,4.658,11.472,3.801,3.704,NORMAL,MEDIUM,NORMAL,STABLE,PROFITABLE,NORMAL_PERFORMANCE,No major negative signal detected.,MAINTAIN,50,60
2026-09-06,GR-MOIST-50G,Aloe Moisturizer,Skin,50 g,Video,2594.75,7.374,5.6059871835058495,14546.135244401803,4387.394917312865,48,51,0.13,410,6.9,MEDIUM,4.345,11.77,3.837,3.774,NORMAL,MEDIUM,NORMAL,STABLE,PROFITABLE,NORMAL_PERFORMANCE,No major negative signal detected.,MAINTAIN,50,60
2026-09-07,GR-MOIST-50G,Aloe Moisturizer,Skin,50 g,Carousel,2290.72,5.35,6.17740663593661,14150.70892907271,4501.620285954901,48,27,0.41,382,13.65,LOW,4.571,10.471,4.193,3.571,NORMAL,MEDIUM,NORMAL,STABLE,PROFITABLE,NORMAL_PERFORMANCE,No major negative signal detected.,MAINTAIN,50,60
2026-09-08,GR-MOIST-50G,Aloe Moisturizer,Skin,50 g,Video,2365.73,5.91,5.259524643303938,12442.615234403425,3606.7253125136435,48,38,15.57,342,8.5,LOW,4.569,15.023,4.378,5.0,NORMAL,HIGH,NORMAL,STRONG_GROWTH,PROFITABLE,PAYMENT_FRICTION,Elevated payment failures may be reducing completed orders.,FIX_PAYMENT,80,70
2026-09-09,GR-MOIST-50G,Aloe Moisturizer,Skin,50 g,Influencer Video,2672.98,3.234,6.994033099168851,18694.910593416356,6300.5770848398515,48,23,1.36,317,12.86,LOW,4.532,11.901,2.55,4.167,CHECKOUT_CONVERSION,MEDIUM,CREATIVE_TO_CONVERSION_GAP,STABLE,PROFITABLE,FUNNEL_DROP_OFF,Users show purchase intent but conversion remains weak.,RETARGET,70,60
2026-09-10,GR-MOIST-50G,Aloe Moisturizer,Skin,50 g,Influencer Video,2510.32,7.672,4.372563713164566,10976.534140431275,2758.4163874070114,48,50,6.41,268,5.47,MEDIUM,4.757,13.833,4.337,3.636,NORMAL,MEDIUM,NORMAL,STABLE,PROFITABLE,NORMAL_PERFORMANCE,No major negative signal detected.,DECREASE_BUDGET,75,60
2026-09-11,GR-MOIST-50G,Aloe Moisturizer,Skin,50 g,Influencer Video,2634.84,1.946,6.011221740508675,15838.607490761877,4967.691595565701,48,13,-1.37,254,17.8,HEALTHY,4.735,6.184,1.697,0.0,CHECKOUT_CONVERSION,NORMAL,CREATIVE_TO_CONVERSION_GAP,STABLE,PROFITABLE,FUNNEL_DROP_OFF,Users show purchase intent but conversion remains weak.,RETARGET,70,60
2026-09-12,GR-MOIST-50G,Aloe Moisturizer,Skin,50 g,Carousel,2695.71,5.682,7.966824093650512,21476.247377494623,7612.888741197418,48,35,15.14,218,6.04,MEDIUM,4.867,13.464,3.924,5.405,NORMAL,HIGH,NORMAL,STRONG_GROWTH,PROFITABLE,PAYMENT_FRICTION,Elevated payment failures may be reducing completed orders.,FIX_PAYMENT,80,70
2026-09-13,GR-MOIST-50G,Aloe Moisturizer,Skin,50 g,Image,2028.26,10.341,7.065995632707098,14331.6763019945,4850.944624957359,48,48,-1.39,169,3.42,MEDIUM,4.552,12.362,3.735,4.0,NORMAL,MEDIUM,NORMAL,STABLE,PROFITABLE,NORMAL_PERFORMANCE,No major negative signal detected.,MAINTAIN,50,60
2026-09-14,GR-MOIST-50G,Aloe Moisturizer,Skin,50 g,Video,2394.22,8.184,6.683207123544747,16001.068159333303,5286.292716479986,48,49,-1.94,121,2.51,HIGH,4.441,13.947,5.094,10.526,HEALTHY_CONVERSION,CRITICAL,NORMAL,STABLE,PROFITABLE,INVENTORY_RISK,Inventory is very low and scaling ads may cause stockout.,PROTECT_INVENTORY,80,70
2026-09-15,GR-MOIST-50G,Aloe Moisturizer,Skin,50 g,Video,2211.72,7.594,5.086806186484935,11250.59097877246,3188.5636698107805,48,37,-0.96,78,1.83,HIGH,5.138,13.028,3.195,0.0,NORMAL,NORMAL,NORMAL,STABLE,PROFITABLE,INVENTORY_RISK,Inventory is very low and scaling ads may cause stockout.,PROTECT_INVENTORY,80,70
2026-09-16,GR-MOIST-50G,Aloe Moisturizer,Skin,50 g,Carousel,2670.75,3.625,5.678706537714274,15166.405485600397,4609.124633088191,48,26,1.35,45,1.35,HIGH,4.279,11.738,3.027,3.704,NORMAL,MEDIUM,STRONG_CREATIVE,STABLE,PROFITABLE,INVENTORY_RISK,Inventory is very low and scaling ads may cause stockout.,PROTECT_INVENTORY,80,70
2026-09-17,GR-MOIST-50G,Aloe Moisturizer,Skin,50 g,Video,2216.08,4.516,6.9533887012395565,15409.265633042956,5180.367503860619,48,26,4.96,16,0.56,HIGH,4.135,15.337,4.779,3.704,NORMAL,MEDIUM,NORMAL,STABLE,PROFITABLE,INVENTORY_RISK,Inventory is very low and scaling ads may cause stockout.,PROTECT_INVENTORY,80,70
2026-09-18,GR-MOIST-50G,Aloe Moisturizer,Skin,50 g,Carousel,2641.14,7.426,5.208159476616467,13755.478320070815,3961.4895936339913,48,42,1.37,0,0.0,CRITICAL,4.542,10.345,3.621,10.638,NORMAL,CRITICAL,NORMAL,STABLE,PROFITABLE,INVENTORY_SHORTAGE,Stock is exhausted or expected to run out immediately.,PROTECT_INVENTORY,80,75
2026-09-19,GR-MOIST-50G,Aloe Moisturizer,Skin,50 g,Influencer Video,2833.33,3.971,6.693730978255196,18965.548792619797,6270.133420457503,48,26,9.63,0,0.0,CRITICAL,4.251,12.762,3.957,7.143,NORMAL,HIGH,NORMAL,STABLE,PROFITABLE,INVENTORY_SHORTAGE,Stock is exhausted or expected to run out immediately.,PROTECT_INVENTORY,80,75
2026-09-20,GR-MOIST-50G,Aloe Moisturizer,Skin,50 g,Image,2349.17,6.703,5.184516050421858,12179.309570169517,3496.8985936813688,48,34,-4.29,0,0.0,CRITICAL,4.367,10.012,3.192,5.556,NORMAL,HIGH,NORMAL,STABLE,PROFITABLE,INVENTORY_SHORTAGE,Stock is exhausted or expected to run out immediately.,PROTECT_INVENTORY,80,75
2026-09-21,GR-MOIST-50G,Aloe Moisturizer,Skin,50 g,Carousel,2336.95,4.021,6.1856117352223805,14455.46534462794,4601.673365421412,48,24,6.12,0,0.0,CRITICAL,3.75,14.48,4.218,4.0,NORMAL,MEDIUM,NORMAL,STABLE,PROFITABLE,INVENTORY_SHORTAGE,Stock is exhausted or expected to run out immediately.,PROTECT_INVENTORY,80,75
2026-09-22,GR-MOIST-50G,Aloe Moisturizer,Skin,50 g,Image,2413.65,6.348,5.977448990292481,14427.469755419446,4511.535482601335,48,37,-0.53,0,0.0,CRITICAL,4.223,12.5,3.756,7.5,NORMAL,HIGH,NORMAL,STABLE,PROFITABLE,INVENTORY_SHORTAGE,Stock is exhausted or expected to run out immediately.,PROTECT_INVENTORY,80,75
2026-09-23,GR-MOIST-50G,Aloe Moisturizer,Skin,50 g,Image,1914.03,11.822,7.161171710958973,13706.697489926803,4665.184795164865,48,54,-1.76,0,0.0,CRITICAL,5.186,16.458,4.826,6.897,NORMAL,HIGH,NORMAL,STABLE,PROFITABLE,INVENTORY_SHORTAGE,Stock is exhausted or expected to run out immediately.,PROTECT_INVENTORY,80,75
2026-09-24,GR-MOIST-50G,Aloe Moisturizer,Skin,50 g,Carousel,2365.88,7.016,5.485395449695457,12977.78738652549,3863.4579455322355,48,45,-2.01,0,0.0,CRITICAL,4.97,11.465,3.574,10.0,NORMAL,CRITICAL,NORMAL,STABLE,PROFITABLE,INVENTORY_SHORTAGE,Stock is exhausted or expected to run out immediately.,PROTECT_INVENTORY,80,75
2026-09-25,GR-MOIST-50G,Aloe Moisturizer,Skin,50 g,Video,2054.74,3.44,6.7817874692888,13934.809984646468,4633.968792630305,48,19,16.54,0,0.0,CRITICAL,4.667,8.235,1.947,5.0,CHECKOUT_CONVERSION,HIGH,CREATIVE_TO_CONVERSION_GAP,STRONG_GROWTH,PROFITABLE,INVENTORY_SHORTAGE,Stock is exhausted or expected to run out immediately.,PROTECT_INVENTORY,80,75
2026-09-26,GR-MOIST-50G,Aloe Moisturizer,Skin,50 g,Influencer Video,2317.39,1.905,6.206960375472645,14383.947904516552,4586.904994167946,48,12,0.31,0,0.0,CRITICAL,4.127,9.855,2.516,7.692,CHECKOUT_CONVERSION,HIGH,CREATIVE_TO_CONVERSION_GAP,STABLE,PROFITABLE,INVENTORY_SHORTAGE,Stock is exhausted or expected to run out immediately.,PROTECT_INVENTORY,80,75
2026-09-27,GR-MOIST-50G,Aloe Moisturizer,Skin,50 g,Video,2506.39,13.776,17.686659555673952,44329.66664374564,18771.849988997907,48,81,8.86,0,0.0,CRITICAL,4.824,15.901,5.209,5.814,HEALTHY_CONVERSION,HIGH,NORMAL,STABLE,HIGHLY_PROFITABLE,INVENTORY_SHORTAGE,Stock is exhausted or expected to run out immediately.,PROTECT_INVENTORY,90,90
2026-09-28,GR-MOIST-50G,Aloe Moisturizer,Skin,50 g,Image,2409.37,3.313,5.813699055519112,14007.35209339608,4314.159004830119,48,20,8.76,0,0.0,CRITICAL,4.422,12.362,3.165,4.762,NORMAL,MEDIUM,NORMAL,STABLE,PROFITABLE,INVENTORY_SHORTAGE,Stock is exhausted or expected to run out immediately.,PROTECT_INVENTORY,80,75
2026-09-01,GR-RET-15ML,Retinol Serum,Skin,15 ml,Video,1617.06,11.445,6.279172154855149,10153.798124730067,3662.9150248596357,52,27,2.71,239,7.81,LOW,3.275,11.674,3.567,6.667,NORMAL,HIGH,NORMAL,STABLE,PROFITABLE,PAYMENT_FRICTION,Elevated payment failures may be reducing completed orders.,FIX_PAYMENT,80,70
2026-09-02,GR-RET-15ML,Retinol Serum,Skin,15 ml,Image,1703.2,4.537,5.424521984917603,9239.045844711662,3101.103839250064,52,8,-2.93,229,21.79,HEALTHY,4.001,7.531,1.264,0.0,CHECKOUT_CONVERSION,NORMAL,CREATIVE_TO_CONVERSION_GAP,STABLE,PROFITABLE,FUNNEL_DROP_OFF,Users show purchase intent but conversion remains weak.,RETARGET,70,60
2026-09-03,GR-RET-15ML,Retinol Serum,Skin,15 ml,Video,1771.11,3.555,5.968326389387786,10570.562551508601,3725.582526784473,52,8,-7.54,218,20.51,HEALTHY,3.652,5.9,1.914,0.0,CHECKOUT_CONVERSION,NORMAL,CREATIVE_TO_CONVERSION_GAP,STABLE,PROFITABLE,FUNNEL_DROP_OFF,Users show purchase intent but conversion remains weak.,RETARGET,70,60
2026-09-04,GR-RET-15ML,Retinol Serum,Skin,15 ml,Influencer Video,1658.96,4.497,5.857752585884215,9717.777229878478,3394.284159536809,52,11,-3.86,204,14.07,LOW,2.792,11.42,2.857,0.0,CHECKOUT_CONVERSION,NORMAL,CREATIVE_TO_CONVERSION_GAP,STABLE,PROFITABLE,FUNNEL_DROP_OFF,Users show purchase intent but conversion remains weak.,RETARGET,70,60
2026-09-05,GR-RET-15ML,Retinol Serum,Skin,15 ml,Influencer Video,2028.84,4.487,6.416292168180028,13017.630202490367,4740.327705294991,52,12,-5.26,192,15.79,HEALTHY,3.277,8.399,2.41,0.0,CHECKOUT_CONVERSION,NORMAL,CREATIVE_TO_CONVERSION_GAP,STABLE,PROFITABLE,FUNNEL_DROP_OFF,Users show purchase intent but conversion remains weak.,RETARGET,70,60
2026-09-06,GR-RET-15ML,Retinol Serum,Skin,15 ml,Image,1967.45,6.34,6.65395081394011,13091.31552888647,4840.034075020964,52,13,6.69,173,9.25,LOW,3.59,9.738,2.093,0.0,CHECKOUT_CONVERSION,NORMAL,CREATIVE_TO_CONVERSION_GAP,STABLE,PROFITABLE,FUNNEL_DROP_OFF,Users show purchase intent but conversion remains weak.,RETARGET,70,60
2026-09-07,GR-RET-15ML,Retinol Serum,Skin,15 ml,Influencer Video,1675.62,6.428,7.387835217753624,12379.204447572327,4761.56631273761,52,13,6.13,155,8.78,LOW,3.595,7.778,3.088,0.0,NORMAL,NORMAL,NORMAL,STABLE,PROFITABLE,NORMAL_PERFORMANCE,No major negative signal detected.,MAINTAIN,50,60
2026-09-08,GR-RET-15ML,Retinol Serum,Skin,15 ml,Carousel,1990.17,6.618,6.481195764334243,12898.68137430508,4717.144314638642,52,19,1.3,132,5.69,MEDIUM,2.932,12.027,3.626,5.0,NORMAL,HIGH,NORMAL,STABLE,PROFITABLE,PAYMENT_FRICTION,Elevated payment failures may be reducing completed orders.,FIX_PAYMENT,80,70
2026-09-09,GR-RET-15ML,Retinol Serum,Skin,15 ml,Video,1659.46,7.04,7.443243035875249,12351.764088313541,4763.457325923041,52,17,9.03,108,4.45,MEDIUM,3.46,9.504,2.787,0.0,CHECKOUT_CONVERSION,NORMAL,CREATIVE_TO_CONVERSION_GAP,STABLE,PROFITABLE,FUNNEL_DROP_OFF,Users show purchase intent but conversion remains weak.,RETARGET,70,60
2026-09-10,GR-RET-15ML,Retinol Serum,Skin,15 ml,Image,1659.86,8.98,6.003285376105772,9964.613264382926,3521.738897479122,52,15,8.49,91,5.36,MEDIUM,3.968,10.026,2.655,0.0,CHECKOUT_CONVERSION,NORMAL,CREATIVE_TO_CONVERSION_GAP,STABLE,PROFITABLE,FUNNEL_DROP_OFF,Users show purchase intent but conversion remains weak.,RETARGET,70,60
2026-09-11,GR-RET-15ML,Retinol Serum,Skin,15 ml,Image,1600.51,4.227,6.922799854244841,11080.01039471741,4161.095405253053,52,9,11.41,79,6.98,MEDIUM,3.626,10.616,2.344,0.0,CHECKOUT_CONVERSION,NORMAL,CREATIVE_TO_CONVERSION_GAP,STRONG_GROWTH,PROFITABLE,FUNNEL_DROP_OFF,Users show purchase intent but conversion remains weak.,RETARGET,70,60
2026-09-12,GR-RET-15ML,Retinol Serum,Skin,15 ml,Image,1774.78,5.87,6.064781382616658,10763.652702240393,3822.3194051650053,52,15,-6.97,61,3.29,MEDIUM,3.158,6.619,2.219,6.25,CHECKOUT_CONVERSION,HIGH,CREATIVE_TO_CONVERSION_GAP,STABLE,PROFITABLE,PAYMENT_FRICTION,Elevated payment failures may be reducing completed orders.,FIX_PAYMENT,80,70
2026-09-13,GR-RET-15ML,Retinol Serum,Skin,15 ml,Image,1917.77,5.449,6.804322550170865,13049.12565704118,4867.775341661414,52,15,19.34,42,2.23,HIGH,3.191,6.115,2.242,0.0,CHECKOUT_CONVERSION,NORMAL,CREATIVE_TO_CONVERSION_GAP,STRONG_GROWTH,PROFITABLE,INVENTORY_RISK,Inventory is very low and scaling ads may cause stockout.,PROTECT_INVENTORY,80,70
2026-09-14,GR-RET-15ML,Retinol Serum,Skin,15 ml,Image,1283.5,7.272,6.2279889800533885,7993.623855898524,2873.1844050672325,52,14,2.68,24,1.36,HIGH,3.106,9.579,2.772,0.0,CHECKOUT_CONVERSION,NORMAL,CREATIVE_TO_CONVERSION_GAP,STABLE,PROFITABLE,INVENTORY_RISK,Inventory is very low and scaling ads may cause stockout.,PROTECT_INVENTORY,80,70
2026-09-15,GR-RET-15ML,Retinol Serum,Skin,15 ml,Image,1851.8,4.723,5.439270697612757,10072.441477839304,3385.869568476438,52,13,3.01,6,0.33,HIGH,3.025,16.527,3.059,9.677,NORMAL,HIGH,NORMAL,STABLE,PROFITABLE,INVENTORY_RISK,Inventory is very low and scaling ads may cause stockout.,PROTECT_INVENTORY,80,70
2026-09-16,GR-RET-15ML,Retinol Serum,Skin,15 ml,Influencer Video,1588.45,3.752,7.342326918958294,11662.919194419303,4476.267981098037,52,8,2.26,0,0.0,CRITICAL,2.834,8.197,2.128,0.0,CHECKOUT_CONVERSION,NORMAL,CREATIVE_TO_CONVERSION_GAP,STABLE,PROFITABLE,INVENTORY_SHORTAGE,Stock is exhausted or expected to run out immediately.,PROTECT_INVENTORY,80,75
2026-09-17,GR-RET-15ML,Retinol Serum,Skin,15 ml,Image,1422.59,7.152,7.485222133556813,10648.402154976586,4114.579120587824,52,14,3.05,0,0.0,CRITICAL,2.745,12.672,3.457,0.0,NORMAL,NORMAL,NORMAL,STABLE,PROFITABLE,INVENTORY_SHORTAGE,Stock is exhausted or expected to run out immediately.,PROTECT_INVENTORY,80,75
2026-09-18,GR-RET-15ML,Retinol Serum,Skin,15 ml,Video,1777.05,8.312,6.271156116256599,11144.15797639379,4017.91214772477,52,22,5.09,0,0.0,CRITICAL,3.494,11.798,3.427,4.167,NORMAL,MEDIUM,NORMAL,STABLE,PROFITABLE,INVENTORY_SHORTAGE,Stock is exhausted or expected to run out immediately.,PROTECT_INVENTORY,80,75
2026-09-19,GR-RET-15ML,Retinol Serum,Skin,15 ml,Image,1882.19,4.819,5.79057877423959,10898.969463086014,3785.274120804727,52,13,3.71,0,0.0,CRITICAL,3.442,8.847,3.095,0.0,NORMAL,NORMAL,NORMAL,STABLE,PROFITABLE,INVENTORY_SHORTAGE,Stock is exhausted or expected to run out immediately.,PROTECT_INVENTORY,80,75
2026-09-20,GR-RET-15ML,Retinol Serum,Skin,15 ml,Influencer Video,1254.77,4.7,10.00648736381548,12555.84014949475,5274.266877737269,52,9,12.29,0,0.0,CRITICAL,3.35,8.333,1.718,0.0,CHECKOUT_CONVERSION,NORMAL,CREATIVE_TO_CONVERSION_GAP,STRONG_GROWTH,HIGHLY_PROFITABLE,INVENTORY_SHORTAGE,Stock is exhausted or expected to run out immediately.,PROTECT_INVENTORY,90,90
2026-09-21,GR-RET-15ML,Retinol Serum,Skin,15 ml,Carousel,1335.75,12.107,8.99997098360775,12021.71124135405,4915.539845504107,52,22,8.65,0,0.0,CRITICAL,3.627,11.067,3.323,7.407,NORMAL,HIGH,NORMAL,STABLE,HIGHLY_PROFITABLE,INVENTORY_SHORTAGE,Stock is exhausted or expected to run out immediately.,PROTECT_INVENTORY,80,90
2026-09-22,GR-RET-15ML,Retinol Serum,Skin,15 ml,Video,1807.89,7.792,6.746964273094671,12197.769239685125,4534.950004636265,52,20,0.05,0,0.0,CRITICAL,2.95,9.859,3.14,4.762,NORMAL,MEDIUM,NORMAL,STABLE,PROFITABLE,INVENTORY_SHORTAGE,Stock is exhausted or expected to run out immediately.,PROTECT_INVENTORY,80,75
2026-09-23,GR-RET-15ML,Retinol Serum,Skin,15 ml,Influencer Video,1783.82,3.484,8.10022269448352,14449.339246873593,5729.836408374269,52,9,22.0,0,0.0,CRITICAL,2.746,6.65,1.426,10.0,CHECKOUT_CONVERSION,CRITICAL,CREATIVE_TO_CONVERSION_GAP,STRONG_GROWTH,HIGHLY_PROFITABLE,INVENTORY_SHORTAGE,Stock is exhausted or expected to run out immediately.,PROTECT_INVENTORY,80,90
2026-09-24,GR-RET-15ML,Retinol Serum,Skin,15 ml,Influencer Video,1811.42,9.306,7.56040147700234,13695.06244347158,5310.012470605221,52,21,9.96,0,0.0,CRITICAL,3.482,9.221,3.918,8.696,NORMAL,HIGH,NORMAL,STABLE,PROFITABLE,INVENTORY_SHORTAGE,Stock is exhausted or expected to run out immediately.,PROTECT_INVENTORY,80,75
2026-09-25,GR-RET-15ML,Retinol Serum,Skin,15 ml,Influencer Video,1705.91,7.618,7.154717510631161,12205.304148560805,4640.848157251618,52,19,10.16,0,0.0,CRITICAL,3.302,12.19,2.997,7.143,CHECKOUT_CONVERSION,HIGH,CREATIVE_TO_CONVERSION_GAP,STRONG_GROWTH,PROFITABLE,INVENTORY_SHORTAGE,Stock is exhausted or expected to run out immediately.,PROTECT_INVENTORY,80,75
2026-09-26,GR-RET-15ML,Retinol Serum,Skin,15 ml,Image,2178.43,12.357,17.449825623019102,38013.2236319535,17588.446288615818,52,31,8.27,0,0.0,CRITICAL,3.503,10.109,3.695,3.03,NORMAL,MEDIUM,NORMAL,STABLE,HIGHLY_PROFITABLE,INVENTORY_SHORTAGE,Stock is exhausted or expected to run out immediately.,PROTECT_INVENTORY,90,90
2026-09-27,GR-RET-15ML,Retinol Serum,Skin,15 ml,Influencer Video,2024.0,4.292,6.559145151498889,13275.709786633752,4879.369089049552,52,13,1.18,0,0.0,CRITICAL,2.913,9.429,2.989,7.143,CHECKOUT_CONVERSION,HIGH,CREATIVE_TO_CONVERSION_GAP,STABLE,PROFITABLE,INVENTORY_SHORTAGE,Stock is exhausted or expected to run out immediately.,PROTECT_INVENTORY,80,75
2026-09-28,GR-RET-15ML,Retinol Serum,Skin,15 ml,Video,1388.59,5.624,8.064367671488396,11198.100304952071,4434.4221585750765,52,11,9.45,0,0.0,CRITICAL,3.54,8.174,2.472,0.0,CHECKOUT_CONVERSION,NORMAL,CREATIVE_TO_CONVERSION_GAP,STABLE,HIGHLY_PROFITABLE,INVENTORY_SHORTAGE,Stock is exhausted or expected to run out immediately.,PROTECT_INVENTORY,80,90
2026-09-01,GR-RET-30ML,Retinol Serum,Skin,30 ml,Video,1423.78,21.03,22.136212692520445,31517.096907356758,15595.452329972648,54,28,11.14,162,4.32,MEDIUM,5.264,12.682,2.687,6.522,CHECKOUT_CONVERSION,HIGH,CREATIVE_TO_CONVERSION_GAP,STRONG_GROWTH,HIGHLY_PROFITABLE,PAYMENT_FRICTION,Elevated payment failures may be reducing completed orders.,FIX_PAYMENT,90,85
2026-09-02,GR-RET-30ML,Retinol Serum,Skin,30 ml,Video,1334.88,23.775,15.361556537758545,20505.83459112313,9738.27067920649,54,23,9.27,130,4.08,MEDIUM,5.829,8.549,2.174,8.0,CHECKOUT_CONVERSION,HIGH,CREATIVE_TO_CONVERSION_GAP,STABLE,HIGHLY_PROFITABLE,PAYMENT_FRICTION,Elevated payment failures may be reducing completed orders.,FIX_PAYMENT,90,85
2026-09-03,GR-RET-30ML,Retinol Serum,Skin,30 ml,Influencer Video,1500.37,13.314,20.394498083697812,30599.293089837684,15023.24826851235,54,18,17.74,111,5.71,MEDIUM,5.226,10.019,2.281,0.0,CHECKOUT_CONVERSION,NORMAL,CREATIVE_TO_CONVERSION_GAP,STRONG_GROWTH,HIGHLY_PROFITABLE,FUNNEL_DROP_OFF,Users show purchase intent but conversion remains weak.,RETARGET,80,75
2026-09-04,GR-RET-30ML,Retinol Serum,Skin,30 ml,Video,1593.14,24.822,21.140959215007225,33680.50776379661,16594.33419245017,54,36,11.19,74,2.04,HIGH,4.809,10.06,2.934,4.545,CHECKOUT_CONVERSION,MEDIUM,CREATIVE_TO_CONVERSION_GAP,STRONG_GROWTH,HIGHLY_PROFITABLE,INVENTORY_RISK,Inventory is very low and scaling ads may cause stockout.,PROTECT_INVENTORY,90,85
2026-09-05,GR-RET-30ML,Retinol Serum,Skin,30 ml,Video,1518.41,22.476,17.090502242643517,25950.389510252342,12494.800335536263,54,32,-4.69,40,1.18,HIGH,5.036,9.03,3.354,3.03,NORMAL,MEDIUM,NORMAL,STABLE,HIGHLY_PROFITABLE,INVENTORY_RISK,Inventory is very low and scaling ads may cause stockout.,PROTECT_INVENTORY,90,85
2026-09-06,GR-RET-30ML,Retinol Serum,Skin,30 ml,Carousel,1386.8,16.262,14.40335288359789,19974.569778973553,9399.46768064572,54,22,15.1,9,0.31,HIGH,5.041,6.892,2.261,0.0,CHECKOUT_CONVERSION,NORMAL,CREATIVE_TO_CONVERSION_GAP,STRONG_GROWTH,HIGHLY_PROFITABLE,INVENTORY_RISK,Inventory is very low and scaling ads may cause stockout.,PROTECT_INVENTORY,90,85
2026-09-07,GR-RET-30ML,Retinol Serum,Skin,30 ml,Image,1470.92,9.13,11.097745850337844,16323.896326178943,7343.98401613663,54,13,-3.23,0,0.0,CRITICAL,4.708,6.881,2.403,0.0,CHECKOUT_CONVERSION,NORMAL,CREATIVE_TO_CONVERSION_GAP,STABLE,HIGHLY_PROFITABLE,INVENTORY_SHORTAGE,Stock is exhausted or expected to run out immediately.,PROTECT_INVENTORY,90,90
2026-09-08,GR-RET-30ML,Retinol Serum,Skin,30 ml,Influencer Video,1460.98,13.786,16.158897322765473,23607.8258106139,11287.245937731506,54,19,4.67,0,0.0,CRITICAL,4.852,11.398,3.293,6.667,NORMAL,HIGH,STRONG_CREATIVE,STABLE,HIGHLY_PROFITABLE,INVENTORY_SHORTAGE,Stock is exhausted or expected to run out immediately.,PROTECT_INVENTORY,90,90
2026-09-09,GR-RET-30ML,Retinol Serum,Skin,30 ml,Video,1662.17,14.545,26.047813615800862,43295.89435777572,21717.61295319889,54,23,2.68,0,0.0,CRITICAL,3.963,11.65,3.038,4.0,NORMAL,MEDIUM,NORMAL,STABLE,HIGHLY_PROFITABLE,INVENTORY_SHORTAGE,Stock is exhausted or expected to run out immediately.,PROTECT_INVENTORY,90,90
2026-09-10,GR-RET-30ML,Retinol Serum,Skin,30 ml,Image,1273.39,32.94,22.309216527777767,28408.333234306934,14067.109946525745,54,28,8.9,0,0.0,CRITICAL,4.863,10.154,3.101,12.5,NORMAL,CRITICAL,NORMAL,STABLE,HIGHLY_PROFITABLE,INVENTORY_SHORTAGE,Stock is exhausted or expected to run out immediately.,PROTECT_INVENTORY,90,90
2026-09-11,GR-RET-30ML,Retinol Serum,Skin,30 ml,Video,1635.36,24.357,16.66241680411257,27249.04994477353,13079.126970177707,54,25,7.92,0,0.0,CRITICAL,5.821,8.522,2.3,7.407,CHECKOUT_CONVERSION,HIGH,CREATIVE_TO_CONVERSION_GAP,STABLE,HIGHLY_PROFITABLE,INVENTORY_SHORTAGE,Stock is exhausted or expected to run out immediately.,PROTECT_INVENTORY,90,90
2026-09-12,GR-RET-30ML,Retinol Serum,Skin,30 ml,Influencer Video,1537.51,13.644,18.185235814547436,27959.981917224828,13560.880235301407,54,19,3.04,0,0.0,CRITICAL,4.895,8.427,2.997,9.091,CHECKOUT_CONVERSION,HIGH,CREATIVE_TO_CONVERSION_GAP,STABLE,HIGHLY_PROFITABLE,INVENTORY_SHORTAGE,Stock is exhausted or expected to run out immediately.,PROTECT_INVENTORY,90,90
2026-09-13,GR-RET-30ML,Retinol Serum,Skin,30 ml,Carousel,1548.77,17.242,19.367073426631425,29995.14231096395,14648.606847920533,54,26,3.89,0,0.0,CRITICAL,4.064,10.932,3.338,3.704,NORMAL,MEDIUM,NORMAL,STABLE,HIGHLY_PROFITABLE,INVENTORY_SHORTAGE,Stock is exhausted or expected to run out immediately.,PROTECT_INVENTORY,90,90
2026-09-14,GR-RET-30ML,Retinol Serum,Skin,30 ml,Video,1549.9,19.661,21.526414911260634,33363.79047096286,16466.546854319942,54,25,6.1,0,0.0,CRITICAL,4.717,7.682,2.709,7.407,CHECKOUT_CONVERSION,HIGH,CREATIVE_TO_CONVERSION_GAP,STABLE,HIGHLY_PROFITABLE,INVENTORY_SHORTAGE,Stock is exhausted or expected to run out immediately.,PROTECT_INVENTORY,90,90
2026-09-15,GR-RET-30ML,Retinol Serum,Skin,30 ml,Image,1488.32,23.541,19.86386744708996,29563.791198852927,14476.12724738058,54,34,6.97,0,0.0,CRITICAL,5.6,10.991,3.111,4.255,NORMAL,MEDIUM,NORMAL,STABLE,HIGHLY_PROFITABLE,INVENTORY_SHORTAGE,Stock is exhausted or expected to run out immediately.,PROTECT_INVENTORY,90,90
2026-09-16,GR-RET-30ML,Retinol Serum,Skin,30 ml,Influencer Video,1506.56,19.699,17.766078529489018,26765.663269386976,12946.898165468967,54,23,-1.12,0,0.0,CRITICAL,4.424,10.031,2.879,4.167,CHECKOUT_CONVERSION,MEDIUM,CREATIVE_TO_CONVERSION_GAP,STABLE,HIGHLY_PROFITABLE,INVENTORY_SHORTAGE,Stock is exhausted or expected to run out immediately.,PROTECT_INVENTORY,90,90
2026-09-17,GR-RET-30ML,Retinol Serum,Skin,30 ml,Influencer Video,1291.1,15.914,18.8662450376435,24358.20896810152,11862.332842774822,54,16,10.65,0,0.0,CRITICAL,5.422,8.696,1.829,5.882,CHECKOUT_CONVERSION,HIGH,CREATIVE_TO_CONVERSION_GAP,STRONG_GROWTH,HIGHLY_PROFITABLE,INVENTORY_SHORTAGE,Stock is exhausted or expected to run out immediately.,PROTECT_INVENTORY,90,90
2026-09-18,GR-RET-30ML,Retinol Serum,Skin,30 ml,Image,1271.01,19.383,24.064069985548745,30585.67359233231,15245.253739859449,54,23,8.16,0,0.0,CRITICAL,4.811,11.518,3.599,4.167,NORMAL,MEDIUM,NORMAL,STABLE,HIGHLY_PROFITABLE,INVENTORY_SHORTAGE,Stock is exhausted or expected to run out immediately.,PROTECT_INVENTORY,90,90
2026-09-19,GR-RET-30ML,Retinol Serum,Skin,30 ml,Influencer Video,1294.01,25.169,17.180725057272035,22232.030031360584,10711.286216934714,54,32,13.23,0,0.0,CRITICAL,4.998,11.212,2.862,2.703,CHECKOUT_CONVERSION,MEDIUM,CREATIVE_TO_CONVERSION_GAP,STRONG_GROWTH,HIGHLY_PROFITABLE,INVENTORY_SHORTAGE,Stock is exhausted or expected to run out immediately.,PROTECT_INVENTORY,90,90
2026-09-20,GR-RET-30ML,Retinol Serum,Skin,30 ml,Image,1299.26,15.608,22.473556160753176,29198.992577420173,14468.195991806893,54,19,-4.11,0,0.0,CRITICAL,4.062,8.757,2.517,5.0,CHECKOUT_CONVERSION,HIGH,CREATIVE_TO_CONVERSION_GAP,STABLE,HIGHLY_PROFITABLE,INVENTORY_SHORTAGE,Stock is exhausted or expected to run out immediately.,PROTECT_INVENTORY,90,90
2026-09-21,GR-RET-30ML,Retinol Serum,Skin,30 ml,Influencer Video,1369.22,24.024,18.97343635132983,25978.808520967832,12659.33660132263,54,28,15.15,0,0.0,CRITICAL,4.004,9.901,3.386,5.405,NORMAL,HIGH,STRONG_CREATIVE,STRONG_GROWTH,HIGHLY_PROFITABLE,INVENTORY_SHORTAGE,Stock is exhausted or expected to run out immediately.,PROTECT_INVENTORY,90,90
2026-09-22,GR-RET-30ML,Retinol Serum,Skin,30 ml,Carousel,1541.82,16.797,23.967340891848902,36953.32553387048,18412.97578829006,54,22,7.32,0,0.0,CRITICAL,5.447,8.302,2.301,4.348,CHECKOUT_CONVERSION,MEDIUM,CREATIVE_TO_CONVERSION_GAP,STABLE,HIGHLY_PROFITABLE,INVENTORY_SHORTAGE,Stock is exhausted or expected to run out immediately.,PROTECT_INVENTORY,90,90
2026-09-23,GR-RET-30ML,Retinol Serum,Skin,30 ml,Video,1675.76,12.178,9.899869749686497,16589.805731734643,7282.735095136706,54,20,-4.74,0,0.0,CRITICAL,5.278,8.455,2.755,0.0,CHECKOUT_CONVERSION,NORMAL,CREATIVE_TO_CONVERSION_GAP,STABLE,HIGHLY_PROFITABLE,INVENTORY_SHORTAGE,Stock is exhausted or expected to run out immediately.,PROTECT_INVENTORY,80,90
2026-09-24,GR-RET-30ML,Retinol Serum,Skin,30 ml,Carousel,1477.73,19.55,21.93183300984451,32409.32759363753,16023.306900564265,54,27,1.08,0,0.0,CRITICAL,4.895,9.067,2.863,10.0,CHECKOUT_CONVERSION,CRITICAL,CREATIVE_TO_CONVERSION_GAP,STABLE,HIGHLY_PROFITABLE,INVENTORY_SHORTAGE,Stock is exhausted or expected to run out immediately.,PROTECT_INVENTORY,90,90
2026-09-25,GR-RET-30ML,Retinol Serum,Skin,30 ml,Video,1371.03,18.072,24.998539299663303,34273.747336017375,17136.793561449384,54,24,11.92,0,0.0,CRITICAL,4.853,13.595,2.703,7.317,CHECKOUT_CONVERSION,HIGH,CREATIVE_TO_CONVERSION_GAP,STRONG_GROWTH,HIGHLY_PROFITABLE,INVENTORY_SHORTAGE,Stock is exhausted or expected to run out immediately.,PROTECT_INVENTORY,90,90
2026-09-26,GR-RET-30ML,Retinol Serum,Skin,30 ml,Carousel,1470.29,27.045,22.991736683261188,33804.52052803209,16784.151085137324,54,37,15.86,0,0.0,CRITICAL,4.856,9.188,2.654,2.632,CHECKOUT_CONVERSION,MEDIUM,CREATIVE_TO_CONVERSION_GAP,STRONG_GROWTH,HIGHLY_PROFITABLE,INVENTORY_SHORTAGE,Stock is exhausted or expected to run out immediately.,PROTECT_INVENTORY,90,90
2026-09-27,GR-RET-30ML,Retinol Serum,Skin,30 ml,Video,1171.75,46.007,20.473776662698416,23990.14780451687,11782.929814439109,54,47,-2.01,0,0.0,CRITICAL,5.287,10.761,3.431,5.357,NORMAL,HIGH,NORMAL,STABLE,HIGHLY_PROFITABLE,INVENTORY_SHORTAGE,Stock is exhausted or expected to run out immediately.,PROTECT_INVENTORY,90,90
2026-09-28,GR-RET-30ML,Retinol Serum,Skin,30 ml,Video,1411.7,10.556,10.030572209171256,14160.158787687062,6234.785745351013,54,14,12.96,0,0.0,CRITICAL,4.779,8.092,2.435,0.0,CHECKOUT_CONVERSION,NORMAL,CREATIVE_TO_CONVERSION_GAP,STRONG_GROWTH,HIGHLY_PROFITABLE,INVENTORY_SHORTAGE,Stock is exhausted or expected to run out immediately.,PROTECT_INVENTORY,90,90
2026-09-01,GR-SHAMP-250ML,Onion Shampoo,Hair,250 ml,Image,1985.11,2.628,3.448003978434765,6844.667177630637,-410.83654914495355,23,15,4.07,1004,58.55,HEALTHY,2.92,12.336,2.722,4.348,CHECKOUT_CONVERSION,MEDIUM,CREATIVE_TO_CONVERSION_GAP,STABLE,LOSS_RISK,FUNNEL_DROP_OFF,Users show purchase intent but conversion remains weak.,RETARGET,75,70
2026-09-02,GR-SHAMP-250ML,Onion Shampoo,Hair,250 ml,Video,1679.31,3.421,3.6631882968096656,6151.62873871544,-264.43539009544884,23,17,-2.96,982,44.49,HEALTHY,3.268,11.028,2.595,4.0,CHECKOUT_CONVERSION,MEDIUM,CREATIVE_TO_CONVERSION_GAP,STABLE,LOSS_RISK,FUNNEL_DROP_OFF,Users show purchase intent but conversion remains weak.,RETARGET,75,70
2026-09-03,GR-SHAMP-250ML,Onion Shampoo,Hair,250 ml,Image,1697.01,3.775,3.075541109333501,5219.224017950045,-496.58847587148966,23,15,7.1,965,57.82,HEALTHY,3.944,10.562,2.276,6.25,CHECKOUT_CONVERSION,HIGH,CREATIVE_TO_CONVERSION_GAP,STABLE,LOSS_RISK,PAYMENT_FRICTION,Elevated payment failures may be reducing completed orders.,FIX_PAYMENT,85,80
2026-09-04,GR-SHAMP-250ML,Onion Shampoo,Hair,250 ml,Carousel,1489.64,3.069,3.396964306004978,5060.2539087972555,-325.78160097663135,23,14,4.9,948,56.03,HEALTHY,3.445,13.164,2.401,5.0,CHECKOUT_CONVERSION,HIGH,CREATIVE_TO_CONVERSION_GAP,STABLE,LOSS_RISK,PAYMENT_FRICTION,Elevated payment failures may be reducing completed orders.,FIX_PAYMENT,85,80
2026-09-05,GR-SHAMP-250ML,Onion Shampoo,Hair,250 ml,Image,1594.67,3.259,3.1660214657740124,5048.759450825844,-433.45532631005585,23,15,6.46,927,43.85,HEALTHY,3.315,10.053,3.261,5.882,NORMAL,HIGH,NORMAL,STABLE,LOSS_RISK,PAYMENT_FRICTION,Elevated payment failures may be reducing completed orders.,FIX_PAYMENT,85,80
2026-09-06,GR-SHAMP-250ML,Onion Shampoo,Hair,250 ml,Video,1534.88,3.121,2.9336036534346164,4502.729575583724,-499.2521976157436,23,12,0.63,911,56.04,HEALTHY,3.172,7.039,2.235,7.692,CHECKOUT_CONVERSION,HIGH,CREATIVE_TO_CONVERSION_GAP,STABLE,LOSS_RISK,PAYMENT_FRICTION,Elevated payment failures may be reducing completed orders.,FIX_PAYMENT,85,80
2026-09-07,GR-SHAMP-250ML,Onion Shampoo,Hair,250 ml,Image,1584.24,2.741,2.817504948507947,4463.60403962423,-557.6110708864271,23,11,11.35,898,71.61,HEALTHY,3.403,8.178,1.682,8.333,CHECKOUT_CONVERSION,HIGH,CREATIVE_TO_CONVERSION_GAP,STRONG_GROWTH,LOSS_RISK,PAYMENT_FRICTION,Elevated payment failures may be reducing completed orders.,FIX_PAYMENT,85,80
2026-09-08,GR-SHAMP-250ML,Onion Shampoo,Hair,250 ml,Influencer Video,1849.87,2.496,2.6590746174039013,4918.942362496955,-718.5132566257003,23,13,7.73,881,50.63,HEALTHY,3.392,8.224,1.871,0.0,CHECKOUT_CONVERSION,NORMAL,CREATIVE_TO_CONVERSION_GAP,STABLE,LOSS_RISK,FUNNEL_DROP_OFF,Users show purchase intent but conversion remains weak.,RETARGET,75,70
2026-09-09,GR-SHAMP-250ML,Onion Shampoo,Hair,250 ml,Influencer Video,1704.16,2.043,2.888657222035022,4922.734091503204,-571.9311589542631,23,10,3.28,870,82.96,HEALTHY,2.983,11.881,2.445,0.0,CHECKOUT_CONVERSION,NORMAL,CREATIVE_TO_CONVERSION_GAP,STABLE,LOSS_RISK,FUNNEL_DROP_OFF,Users show purchase intent but conversion remains weak.,RETARGET,75,70
2026-09-10,GR-SHAMP-250ML,Onion Shampoo,Hair,250 ml,Carousel,1786.15,2.585,3.2834981130919503,5864.820154699188,-437.24136441918677,23,13,7.99,850,41.47,HEALTHY,3.658,10.345,2.59,7.143,CHECKOUT_CONVERSION,HIGH,CREATIVE_TO_CONVERSION_GAP,STABLE,LOSS_RISK,PAYMENT_FRICTION,Elevated payment failures may be reducing completed orders.,FIX_PAYMENT,85,80
2026-09-11,GR-SHAMP-250ML,Onion Shampoo,Hair,250 ml,Image,1458.49,3.538,4.177542895915847,6092.904538264304,-57.12195619920999,23,16,4.76,828,38.24,HEALTHY,3.263,10.063,2.852,0.0,CHECKOUT_CONVERSION,NORMAL,CREATIVE_TO_CONVERSION_GAP,STABLE,LOSS_RISK,FUNNEL_DROP_OFF,Users show purchase intent but conversion remains weak.,RETARGET,70,60
2026-09-12,GR-SHAMP-250ML,Onion Shampoo,Hair,250 ml,Image,1410.84,5.259,2.7259759181745595,3845.915864397395,-526.279351188599,23,16,7.12,808,40.26,HEALTHY,3.037,10.094,2.957,5.263,CHECKOUT_CONVERSION,HIGH,CREATIVE_TO_CONVERSION_GAP,STABLE,LOSS_RISK,PAYMENT_FRICTION,Elevated payment failures may be reducing completed orders.,FIX_PAYMENT,85,80
2026-09-13,GR-SHAMP-250ML,Onion Shampoo,Hair,250 ml,Video,1980.56,2.386,2.2774358459117487,4510.598338978973,-943.1223820348364,23,14,5.9,789,41.18,HEALTHY,3.447,7.285,2.482,6.667,CHECKOUT_CONVERSION,HIGH,CREATIVE_TO_CONVERSION_GAP,STABLE,LOSS_RISK,PAYMENT_FRICTION,Elevated payment failures may be reducing completed orders.,FIX_PAYMENT,85,80
2026-09-14,GR-SHAMP-250ML,Onion Shampoo,Hair,250 ml,Image,1496.87,1.128,5.72791318148259,8573.941403965844,475.1365229121443,23,5,7.85,783,125.01,HEALTHY,3.28,8.333,3.03,0.0,NORMAL,NORMAL,NORMAL,STABLE,PROFITABLE,NORMAL_PERFORMANCE,No major negative signal detected.,MAINTAIN,50,60
2026-09-15,GR-SHAMP-250ML,Onion Shampoo,Hair,250 ml,Image,1577.04,3.213,2.7869693950502774,4395.162214770089,-566.1526906028794,23,12,-0.3,767,49.04,HEALTHY,2.896,12.533,2.864,5.263,CHECKOUT_CONVERSION,HIGH,CREATIVE_TO_CONVERSION_GAP,STABLE,LOSS_RISK,PAYMENT_FRICTION,Elevated payment failures may be reducing completed orders.,FIX_PAYMENT,85,80
2026-09-16,GR-SHAMP-250ML,Onion Shampoo,Hair,250 ml,Influencer Video,1799.16,2.439,4.2366098399925916,7622.338959721072,-46.02203926415359,23,8,-0.23,755,60.14,HEALTHY,3.577,5.865,1.865,0.0,CHECKOUT_CONVERSION,NORMAL,CREATIVE_TO_CONVERSION_GAP,STABLE,LOSS_RISK,FUNNEL_DROP_OFF,Users show purchase intent but conversion remains weak.,RETARGET,70,60
2026-09-17,GR-SHAMP-250ML,Onion Shampoo,Hair,250 ml,Influencer Video,1604.13,5.339,4.598724056276857,7376.951220395395,92.56878069094046,23,26,1.02,720,21.14,HEALTHY,3.386,11.603,3.155,5.263,NORMAL,HIGH,NORMAL,STABLE,PROFITABLE,PAYMENT_FRICTION,Elevated payment failures may be reducing completed orders.,FIX_PAYMENT,80,70
2026-09-18,GR-SHAMP-250ML,Onion Shampoo,Hair,250 ml,Image,1632.06,5.006,3.2126459914158403,5243.231016750136,-426.1168661474687,23,23,4.04,691,23.72,HEALTHY,3.825,9.544,2.85,2.941,CHECKOUT_CONVERSION,MEDIUM,CREATIVE_TO_CONVERSION_GAP,STABLE,LOSS_RISK,FUNNEL_DROP_OFF,Users show purchase intent but conversion remains weak.,RETARGET,75,70
2026-09-19,GR-SHAMP-250ML,Onion Shampoo,Hair,250 ml,Video,1685.86,2.994,2.827258219188408,4766.361541400969,-589.5968454777769,23,15,1.03,672,34.71,HEALTHY,3.368,11.503,2.613,7.143,CHECKOUT_CONVERSION,HIGH,CREATIVE_TO_CONVERSION_GAP,STABLE,LOSS_RISK,PAYMENT_FRICTION,Elevated payment failures may be reducing completed orders.,FIX_PAYMENT,85,80
2026-09-20,GR-SHAMP-250ML,Onion Shampoo,Hair,250 ml,Carousel,1973.41,2.462,2.272026876496243,4483.640558346451,-942.1726715803163,23,12,22.31,656,41.81,HEALTHY,3.707,7.534,2.222,0.0,CHECKOUT_CONVERSION,NORMAL,CREATIVE_TO_CONVERSION_GAP,STRONG_GROWTH,LOSS_RISK,FUNNEL_DROP_OFF,Users show purchase intent but conversion remains weak.,RETARGET,75,70
2026-09-21,GR-SHAMP-250ML,Onion Shampoo,Hair,250 ml,Image,1602.06,1.676,2.8782480627945044,4611.126091480563,-541.5009989594705,23,8,5.99,643,50.04,HEALTHY,3.515,9.416,1.814,0.0,CHECKOUT_CONVERSION,NORMAL,CREATIVE_TO_CONVERSION_GAP,STABLE,LOSS_RISK,FUNNEL_DROP_OFF,Users show purchase intent but conversion remains weak.,RETARGET,75,70
2026-09-22,GR-SHAMP-250ML,Onion Shampoo,Hair,250 ml,Video,2082.04,2.275,3.351967638218509,6978.9307014764645,-476.8859386604131,23,14,2.03,627,38.77,HEALTHY,3.451,7.738,2.306,0.0,CHECKOUT_CONVERSION,NORMAL,CREATIVE_TO_CONVERSION_GAP,STABLE,LOSS_RISK,FUNNEL_DROP_OFF,Users show purchase intent but conversion remains weak.,RETARGET,75,70
2026-09-23,GR-SHAMP-250ML,Onion Shampoo,Hair,250 ml,Image,1736.23,2.063,3.0641069252519966,5319.994366830274,-512.6312956290371,23,11,8.99,611,37.66,HEALTHY,2.934,8.978,2.376,8.333,CHECKOUT_CONVERSION,HIGH,CREATIVE_TO_CONVERSION_GAP,STABLE,LOSS_RISK,PAYMENT_FRICTION,Elevated payment failures may be reducing completed orders.,FIX_PAYMENT,85,80
2026-09-24,GR-SHAMP-250ML,Onion Shampoo,Hair,250 ml,Influencer Video,1509.88,4.396,2.9653449463618267,4477.315027612795,-480.0975436490571,23,16,12.69,592,31.15,HEALTHY,3.593,8.705,2.627,0.0,CHECKOUT_CONVERSION,NORMAL,CREATIVE_TO_CONVERSION_GAP,STRONG_GROWTH,LOSS_RISK,FUNNEL_DROP_OFF,Users show purchase intent but conversion remains weak.,RETARGET,75,70
2026-09-25,GR-SHAMP-250ML,Onion Shampoo,Hair,250 ml,Video,1717.87,1.602,3.321078455167482,5705.181045778561,-405.6783594709307,23,8,7.2,580,50.53,HEALTHY,3.039,9.365,2.139,0.0,CHECKOUT_CONVERSION,NORMAL,CREATIVE_TO_CONVERSION_GAP,STABLE,LOSS_RISK,FUNNEL_DROP_OFF,Users show purchase intent but conversion remains weak.,RETARGET,75,70
2026-09-26,GR-SHAMP-250ML,Onion Shampoo,Hair,250 ml,Video,1599.73,2.729,2.9289476895782975,4685.52548744909,-522.0591378867093,23,11,10.26,568,45.12,HEALTHY,3.574,12.761,1.968,8.333,CHECKOUT_CONVERSION,HIGH,CREATIVE_TO_CONVERSION_GAP,STRONG_GROWTH,LOSS_RISK,PAYMENT_FRICTION,Elevated payment failures may be reducing completed orders.,FIX_PAYMENT,85,80
2026-09-27,GR-SHAMP-250ML,Onion Shampoo,Hair,250 ml,Image,1805.94,4.83,2.896959298071827,5231.734674759836,-602.641024805238,23,18,16.76,547,26.09,HEALTHY,3.456,10.687,2.773,0.0,CHECKOUT_CONVERSION,NORMAL,CREATIVE_TO_CONVERSION_GAP,STRONG_GROWTH,LOSS_RISK,FUNNEL_DROP_OFF,Users show purchase intent but conversion remains weak.,RETARGET,75,70
2026-09-28,GR-SHAMP-250ML,Onion Shampoo,Hair,250 ml,Image,2204.29,4.439,4.322429451370851,9527.888015362254,-12.87575646668165,23,28,16.45,512,14.57,LOW,3.92,10.393,2.703,0.0,CHECKOUT_CONVERSION,NORMAL,CREATIVE_TO_CONVERSION_GAP,STRONG_GROWTH,LOSS_RISK,FUNNEL_DROP_OFF,Users show purchase intent but conversion remains weak.,RETARGET,70,60
2026-09-01,GR-SHAMP-400ML,Onion Shampoo,Hair,400 ml,Image,2035.62,2.347,3.91348985789741,7966.378224533126,194.9659028692754,28,7,-3.81,731,69.06,HEALTHY,3.018,5.205,1.471,0.0,CHECKOUT_CONVERSION,NORMAL,CREATIVE_TO_CONVERSION_GAP,STABLE,PROFITABLE,FUNNEL_DROP_OFF,Users show purchase intent but conversion remains weak.,RETARGET,75,70
2026-09-02,GR-SHAMP-400ML,Onion Shampoo,Hair,400 ml,Influencer Video,1523.67,3.102,3.7476863543533097,5710.237267537507,75.19643491050192,28,10,5.76,718,55.35,HEALTHY,2.468,6.443,2.041,0.0,CHECKOUT_CONVERSION,NORMAL,NORMAL,STABLE,PROFITABLE,FUNNEL_DROP_OFF,Users show purchase intent but conversion remains weak.,RETARGET,75,70
2026-09-03,GR-SHAMP-400ML,Onion Shampoo,Hair,400 ml,Video,1873.87,4.065,4.754723214045486,8909.733189103414,620.855292948956,28,15,-8.74,703,47.09,HEALTHY,2.587,12.113,3.759,5.263,NORMAL,HIGH,NORMAL,STABLE,PROFITABLE,PAYMENT_FRICTION,Elevated payment failures may be reducing completed orders.,FIX_PAYMENT,80,70
2026-09-04,GR-SHAMP-400ML,Onion Shampoo,Hair,400 ml,Video,1456.71,5.961,4.41023613959853,6424.435086914576,342.1318243360811,28,15,-3.5,685,37.39,HEALTHY,2.571,9.922,2.896,0.0,CHECKOUT_CONVERSION,NORMAL,CREATIVE_TO_CONVERSION_GAP,STABLE,PROFITABLE,FUNNEL_DROP_OFF,Users show purchase intent but conversion remains weak.,RETARGET,70,60
2026-09-05,GR-SHAMP-400ML,Onion Shampoo,Hair,400 ml,Video,2227.87,4.19,2.6512973551755947,5906.745838675052,-573.9811651709852,28,18,-0.02,658,24.03,HEALTHY,2.715,12.815,3.396,7.407,NORMAL,HIGH,NORMAL,STABLE,LOSS_RISK,PAYMENT_FRICTION,Elevated payment failures may be reducing completed orders.,FIX_PAYMENT,85,80
2026-09-06,GR-SHAMP-400ML,Onion Shampoo,Hair,400 ml,Carousel,2099.9,1.336,5.843124633249795,12269.977417361246,1335.6936768611486,28,5,4.39,647,60.14,HEALTHY,2.233,7.042,1.706,0.0,CHECKOUT_CONVERSION,NORMAL,NORMAL,STABLE,PROFITABLE,FUNNEL_DROP_OFF,Users show purchase intent but conversion remains weak.,RETARGET,70,60
2026-09-07,GR-SHAMP-400ML,Onion Shampoo,Hair,400 ml,Image,2188.72,4.802,2.997087127779628,6559.7845383138265,-351.9803292721283,28,22,-3.7,623,26.03,HEALTHY,2.26,15.924,3.359,3.448,NORMAL,MEDIUM,NORMAL,STABLE,LOSS_RISK,PROFITABILITY_RISK,Predicted revenue does not generate positive advertising profit.,DECREASE_BUDGET,80,70
2026-09-08,GR-SHAMP-400ML,Onion Shampoo,Hair,400 ml,Image,2444.62,2.298,4.512699166298796,11031.834635917361,644.2936980568611,28,12,1.86,607,37.19,HEALTHY,2.798,7.529,2.367,7.692,CHECKOUT_CONVERSION,HIGH,CREATIVE_TO_CONVERSION_GAP,STABLE,PROFITABLE,PAYMENT_FRICTION,Elevated payment failures may be reducing completed orders.,FIX_PAYMENT,80,70
2026-09-09,GR-SHAMP-400ML,Onion Shampoo,Hair,400 ml,Image,1348.06,5.899,2.6441655964445627,3564.493873943057,-350.001715295944,28,13,8.9,591,37.3,HEALTHY,3.108,9.239,2.968,0.0,CHECKOUT_CONVERSION,NORMAL,CREATIVE_TO_CONVERSION_GAP,STABLE,LOSS_RISK,FUNNEL_DROP_OFF,Users show purchase intent but conversion remains weak.,RETARGET,75,70
2026-09-10,GR-SHAMP-400ML,Onion Shampoo,Hair,400 ml,Influencer Video,1888.68,2.43,2.9545614264103,5580.221074832605,-326.2180990468705,28,8,15.18,578,44.61,HEALTHY,2.987,7.471,1.951,0.0,CHECKOUT_CONVERSION,NORMAL,CREATIVE_TO_CONVERSION_GAP,STRONG_GROWTH,LOSS_RISK,FUNNEL_DROP_OFF,Users show purchase intent but conversion remains weak.,RETARGET,75,70
2026-09-11,GR-SHAMP-400ML,Onion Shampoo,Hair,400 ml,Image,2142.08,2.462,4.912283815308478,10522.504915095984,804.2213762268757,28,10,7.85,563,38.5,HEALTHY,2.221,10.769,3.344,0.0,NORMAL,NORMAL,NORMAL,STABLE,PROFITABLE,NORMAL_PERFORMANCE,No major negative signal detected.,DECREASE_BUDGET,75,60
2026-09-12,GR-SHAMP-400ML,Onion Shampoo,Hair,400 ml,Influencer Video,1665.62,4.259,3.34036405107536,5563.777170752141,-107.76239218940054,28,15,2.36,543,27.17,HEALTHY,2.694,13.707,3.571,6.25,NORMAL,HIGH,NORMAL,STABLE,LOSS_RISK,PAYMENT_FRICTION,Elevated payment failures may be reducing completed orders.,FIX_PAYMENT,85,80
2026-09-13,GR-SHAMP-400ML,Onion Shampoo,Hair,400 ml,Video,1691.36,3.203,3.1806117538479612,5379.559495988287,-185.08334112327952,28,11,0.92,529,37.41,HEALTHY,2.666,9.884,2.594,0.0,CHECKOUT_CONVERSION,NORMAL,CREATIVE_TO_CONVERSION_GAP,STABLE,LOSS_RISK,FUNNEL_DROP_OFF,Users show purchase intent but conversion remains weak.,RETARGET,75,70
2026-09-14,GR-SHAMP-400ML,Onion Shampoo,Hair,400 ml,Image,2298.57,2.904,3.820740016572202,8782.238379892367,160.45674636986269,28,14,8.16,510,26.91,HEALTHY,3.363,14.252,2.857,7.692,CHECKOUT_CONVERSION,HIGH,CREATIVE_TO_CONVERSION_GAP,STABLE,PROFITABLE,PAYMENT_FRICTION,Elevated payment failures may be reducing completed orders.,FIX_PAYMENT,85,80
2026-09-15,GR-SHAMP-400ML,Onion Shampoo,Hair,400 ml,Video,2248.6,3.895,4.685357439036693,10535.494737417908,701.3385264770145,28,18,1.19,486,19.69,HEALTHY,3.268,11.392,3.557,4.545,NORMAL,MEDIUM,NORMAL,STABLE,PROFITABLE,NORMAL_PERFORMANCE,No major negative signal detected.,DECREASE_BUDGET,75,60
2026-09-16,GR-SHAMP-400ML,Onion Shampoo,Hair,400 ml,Video,1766.25,5.284,2.8090636050204147,4961.508592367308,-377.027594137154,28,15,-4.09,465,22.96,HEALTHY,2.845,9.499,3.363,6.25,NORMAL,HIGH,NORMAL,STABLE,LOSS_RISK,PAYMENT_FRICTION,Elevated payment failures may be reducing completed orders.,FIX_PAYMENT,85,80
2026-09-17,GR-SHAMP-400ML,Onion Shampoo,Hair,400 ml,Influencer Video,2573.58,2.411,3.857586667567951,9927.807895919528,206.20621085746825,28,13,-1.52,448,26.53,HEALTHY,3.038,11.778,2.505,5.556,CHECKOUT_CONVERSION,HIGH,CREATIVE_TO_CONVERSION_GAP,STABLE,PROFITABLE,PAYMENT_FRICTION,Elevated payment failures may be reducing completed orders.,FIX_PAYMENT,85,80
2026-09-18,GR-SHAMP-400ML,Onion Shampoo,Hair,400 ml,Video,2164.74,3.684,5.002183284867698,10828.4262440845,867.2193483436599,28,17,-1.89,429,21.6,HEALTHY,2.798,9.091,2.921,5.556,CHECKOUT_CONVERSION,HIGH,CREATIVE_TO_CONVERSION_GAP,STABLE,PROFITABLE,PAYMENT_FRICTION,Elevated payment failures may be reducing completed orders.,FIX_PAYMENT,80,70
2026-09-19,GR-SHAMP-400ML,Onion Shampoo,Hair,400 ml,Video,1859.15,5.761,3.330942343375676,6192.721457686888,-125.18799184767136,28,23,12.5,398,13.2,LOW,3.331,13.73,3.833,3.571,NORMAL,MEDIUM,NORMAL,STRONG_GROWTH,LOSS_RISK,PROFITABILITY_RISK,Predicted revenue does not generate positive advertising profit.,DECREASE_BUDGET,80,70
2026-09-20,GR-SHAMP-400ML,Onion Shampoo,Hair,400 ml,Influencer Video,2077.35,1.822,3.637036024376945,7555.396785239446,38.16109986704487,28,8,11.77,387,33.46,HEALTHY,3.015,4.115,1.495,0.0,NORMAL,NORMAL,CREATIVE_TO_CONVERSION_GAP,STRONG_GROWTH,PROFITABLE,CREATIVE_CONVERSION_GAP,Ads attract clicks but those clicks are not converting.,CHANGE_CREATIVE,75,70
2026-09-21,GR-SHAMP-400ML,Onion Shampoo,Hair,400 ml,Image,1933.03,3.547,3.2129650614855016,6210.757852803319,-194.01780121507068,28,14,5.0,368,19.58,HEALTHY,2.467,10.335,3.024,6.667,NORMAL,HIGH,NORMAL,STABLE,LOSS_RISK,PAYMENT_FRICTION,Elevated payment failures may be reducing completed orders.,FIX_PAYMENT,85,80
2026-09-22,GR-SHAMP-400ML,Onion Shampoo,Hair,400 ml,Image,1925.52,2.418,3.6196293440449487,6969.668694545429,25.987234472720274,28,10,3.03,354,24.67,HEALTHY,2.526,9.18,2.632,0.0,CHECKOUT_CONVERSION,NORMAL,CREATIVE_TO_CONVERSION_GAP,STABLE,PROFITABLE,FUNNEL_DROP_OFF,Users show purchase intent but conversion remains weak.,RETARGET,75,70
2026-09-23,GR-SHAMP-400ML,Onion Shampoo,Hair,400 ml,Video,1921.32,4.367,3.5810269341029355,6880.298669030652,5.163627328582606,28,13,17.75,340,25.33,HEALTHY,2.604,10.526,2.902,0.0,CHECKOUT_CONVERSION,NORMAL,CREATIVE_TO_CONVERSION_GAP,STRONG_GROWTH,PROFITABLE,FUNNEL_DROP_OFF,Users show purchase intent but conversion remains weak.,RETARGET,75,70
2026-09-24,GR-SHAMP-400ML,Onion Shampoo,Hair,400 ml,Influencer Video,2237.76,4.983,3.6839401673645624,8243.773948921724,70.49670569808268,28,16,-3.69,323,18.25,HEALTHY,2.675,12.201,2.968,0.0,CHECKOUT_CONVERSION,NORMAL,CREATIVE_TO_CONVERSION_GAP,STABLE,PROFITABLE,FUNNEL_DROP_OFF,Users show purchase intent but conversion remains weak.,RETARGET,75,70
2026-09-25,GR-SHAMP-400ML,Onion Shampoo,Hair,400 ml,Video,2160.07,2.833,4.650861342839578,10046.186060827487,652.8620970316965,28,10,1.82,310,25.63,HEALTHY,2.706,10.954,2.994,0.0,CHECKOUT_CONVERSION,NORMAL,CREATIVE_TO_CONVERSION_GAP,STABLE,PROFITABLE,FUNNEL_DROP_OFF,Users show purchase intent but conversion remains weak.,RETARGET,70,60
2026-09-26,GR-SHAMP-400ML,Onion Shampoo,Hair,400 ml,Influencer Video,1875.22,2.519,3.9408118358399005,7389.889170803698,193.94896782503542,28,8,-2.49,297,22.13,HEALTHY,2.749,6.095,1.55,11.111,CHECKOUT_CONVERSION,CRITICAL,CREATIVE_TO_CONVERSION_GAP,STABLE,PROFITABLE,PAYMENT_FAILURE,High payment failure rate is blocking completed purchases.,FIX_PAYMENT,85,80
2026-09-27,GR-SHAMP-400ML,Onion Shampoo,Hair,400 ml,Video,2189.81,3.014,3.9140521389280205,8571.030514345968,210.0785440168711,28,12,2.28,284,21.79,HEALTHY,2.792,7.748,2.256,0.0,CHECKOUT_CONVERSION,NORMAL,CREATIVE_TO_CONVERSION_GAP,STABLE,PROFITABLE,FUNNEL_DROP_OFF,Users show purchase intent but conversion remains weak.,RETARGET,75,70
2026-09-28,GR-SHAMP-400ML,Onion Shampoo,Hair,400 ml,Video,2340.95,3.005,4.225651073458471,9892.037880412609,428.82060651553047,28,14,-1.2,267,15.52,HEALTHY,2.799,8.075,2.478,0.0,CHECKOUT_CONVERSION,NORMAL,CREATIVE_TO_CONVERSION_GAP,STABLE,PROFITABLE,FUNNEL_DROP_OFF,Users show purchase intent but conversion remains weak.,RETARGET,70,60
2026-09-01,GR-SUNSCR-100G,Sunscreen SPF 50,Skin,100 g,Influencer Video,1416.3,8.134,13.47498079211516,19084.6152958727,7744.315342018895,48,16,-0.21,279,12.34,LOW,4.192,10.435,2.516,0.0,CHECKOUT_CONVERSION,NORMAL,CREATIVE_TO_CONVERSION_GAP,STABLE,HIGHLY_PROFITABLE,FUNNEL_DROP_OFF,Users show purchase intent but conversion remains weak.,RETARGET,80,75
2026-09-02,GR-SUNSCR-100G,Sunscreen SPF 50,Skin,100 g,Influencer Video,1498.39,17.55,9.502960154761906,14239.140466293693,5336.397423820973,48,31,1.88,247,7.6,LOW,4.954,9.416,3.179,3.03,NORMAL,MEDIUM,NORMAL,STABLE,HIGHLY_PROFITABLE,HIGH_PERFORMER,Strong predicted ROAS and healthy business signals indicate a scaling opportunity.,MAINTAIN,50,75
2026-09-03,GR-SUNSCR-100G,Sunscreen SPF 50,Skin,100 g,Influencer Video,1438.48,3.907,11.389079735082413,16382.96341732135,6425.342440314249,48,8,3.4,233,16.56,HEALTHY,4.163,8.772,2.198,0.0,CHECKOUT_CONVERSION,NORMAL,CREATIVE_TO_CONVERSION_GAP,STABLE,HIGHLY_PROFITABLE,FUNNEL_DROP_OFF,Users show purchase intent but conversion remains weak.,RETARGET,80,75
2026-09-04,GR-SUNSCR-100G,Sunscreen SPF 50,Skin,100 g,Image,1767.31,11.62,10.052144251705654,17765.255057481918,6760.01242759132,48,29,2.0,194,4.99,MEDIUM,4.896,9.731,3.269,5.556,NORMAL,HIGH,NORMAL,STABLE,HIGHLY_PROFITABLE,PAYMENT_FRICTION,Elevated payment failures may be reducing completed orders.,FIX_PAYMENT,90,85
2026-09-05,GR-SUNSCR-100G,Sunscreen SPF 50,Skin,100 g,Video,1695.3,10.047,10.34432296458317,17536.73072185785,6722.330746491768,48,19,-0.19,168,6.54,MEDIUM,4.811,9.524,2.687,5.0,CHECKOUT_CONVERSION,HIGH,CREATIVE_TO_CONVERSION_GAP,STABLE,HIGHLY_PROFITABLE,PAYMENT_FRICTION,Elevated payment failures may be reducing completed orders.,FIX_PAYMENT,90,85
2026-09-06,GR-SUNSCR-100G,Sunscreen SPF 50,Skin,100 g,Video,1648.54,10.666,8.093403033447874,13342.298636760159,4755.763345644877,48,19,16.07,143,5.79,MEDIUM,4.639,7.025,2.55,8.696,CHECKOUT_CONVERSION,HIGH,CREATIVE_TO_CONVERSION_GAP,STRONG_GROWTH,HIGHLY_PROFITABLE,PAYMENT_FRICTION,Elevated payment failures may be reducing completed orders.,FIX_PAYMENT,80,85
2026-09-07,GR-SUNSCR-100G,Sunscreen SPF 50,Skin,100 g,Influencer Video,2032.47,5.801,8.241605114258382,16750.815146576733,6007.921270356832,48,17,7.69,125,6.96,MEDIUM,4.371,10.848,2.843,7.692,CHECKOUT_CONVERSION,HIGH,CREATIVE_TO_CONVERSION_GAP,STABLE,HIGHLY_PROFITABLE,PAYMENT_FRICTION,Elevated payment failures may be reducing completed orders.,FIX_PAYMENT,80,85
2026-09-08,GR-SUNSCR-100G,Sunscreen SPF 50,Skin,100 g,Image,1610.38,6.748,12.206930591106937,19657.79688530679,7825.36250494726,48,12,-9.7,108,6.35,MEDIUM,4.36,6.783,1.84,7.692,CHECKOUT_CONVERSION,HIGH,CREATIVE_TO_CONVERSION_GAP,STABLE,HIGHLY_PROFITABLE,PAYMENT_FRICTION,Elevated payment failures may be reducing completed orders.,FIX_PAYMENT,90,85
2026-09-09,GR-SUNSCR-100G,Sunscreen SPF 50,Skin,100 g,Image,1653.69,13.487,15.163154775733528,25075.15742108278,10382.385562119733,48,24,-1.93,76,2.38,HIGH,4.566,12.175,3.004,2.941,NORMAL,MEDIUM,NORMAL,STABLE,HIGHLY_PROFITABLE,INVENTORY_RISK,Inventory is very low and scaling ads may cause stockout.,PROTECT_INVENTORY,90,85
2026-09-10,GR-SUNSCR-100G,Sunscreen SPF 50,Skin,100 g,Image,1682.27,13.297,16.967057619843104,28543.172022133458,12018.45257062406,48,22,7.29,55,2.63,HIGH,4.218,9.014,2.52,3.571,CHECKOUT_CONVERSION,MEDIUM,CREATIVE_TO_CONVERSION_GAP,STABLE,HIGHLY_PROFITABLE,INVENTORY_RISK,Inventory is very low and scaling ads may cause stockout.,PROTECT_INVENTORY,90,85
2026-09-11,GR-SUNSCR-100G,Sunscreen SPF 50,Skin,100 g,Image,1385.98,18.09,14.18360102248676,19658.1873451462,8049.9499256701765,48,27,12.85,23,0.69,HIGH,4.329,9.111,2.772,3.03,CHECKOUT_CONVERSION,MEDIUM,CREATIVE_TO_CONVERSION_GAP,STRONG_GROWTH,HIGHLY_PROFITABLE,INVENTORY_RISK,Inventory is very low and scaling ads may cause stockout.,PROTECT_INVENTORY,90,85
2026-09-12,GR-SUNSCR-100G,Sunscreen SPF 50,Skin,100 g,Influencer Video,1670.26,11.048,10.083518926970207,16842.098322961258,6413.947195021403,48,25,11.64,0,0.0,CRITICAL,4.192,9.924,2.383,0.0,CHECKOUT_CONVERSION,NORMAL,CREATIVE_TO_CONVERSION_GAP,STRONG_GROWTH,HIGHLY_PROFITABLE,INVENTORY_SHORTAGE,Stock is exhausted or expected to run out immediately.,PROTECT_INVENTORY,90,90
2026-09-13,GR-SUNSCR-100G,Sunscreen SPF 50,Skin,100 g,Video,1483.19,10.784,10.31042074115845,15292.312939078804,5857.1202107578265,48,23,5.7,0,0.0,CRITICAL,5.185,9.051,2.945,3.448,CHECKOUT_CONVERSION,MEDIUM,CREATIVE_TO_CONVERSION_GAP,STABLE,HIGHLY_PROFITABLE,INVENTORY_SHORTAGE,Stock is exhausted or expected to run out immediately.,PROTECT_INVENTORY,90,90
2026-09-14,GR-SUNSCR-100G,Sunscreen SPF 50,Skin,100 g,Video,1584.99,10.117,10.967654679924397,17383.622991133372,6759.149035744018,48,22,6.11,0,0.0,CRITICAL,4.066,11.867,2.644,6.667,CHECKOUT_CONVERSION,HIGH,CREATIVE_TO_CONVERSION_GAP,STABLE,HIGHLY_PROFITABLE,INVENTORY_SHORTAGE,Stock is exhausted or expected to run out immediately.,PROTECT_INVENTORY,90,90
2026-09-15,GR-SUNSCR-100G,Sunscreen SPF 50,Skin,100 g,Video,1700.67,11.672,10.590621550924734,18011.152353011166,6944.6831294453605,48,23,-3.03,0,0.0,CRITICAL,4.816,8.016,2.305,0.0,CHECKOUT_CONVERSION,NORMAL,CREATIVE_TO_CONVERSION_GAP,STABLE,HIGHLY_PROFITABLE,INVENTORY_SHORTAGE,Stock is exhausted or expected to run out immediately.,PROTECT_INVENTORY,90,90
2026-09-16,GR-SUNSCR-100G,Sunscreen SPF 50,Skin,100 g,Image,1515.13,10.987,10.93868702088555,16573.532865954323,6440.165775658075,48,23,10.73,0,0.0,CRITICAL,5.146,10.227,2.447,3.571,CHECKOUT_CONVERSION,MEDIUM,CREATIVE_TO_CONVERSION_GAP,STRONG_GROWTH,HIGHLY_PROFITABLE,INVENTORY_SHORTAGE,Stock is exhausted or expected to run out immediately.,PROTECT_INVENTORY,90,90
2026-09-17,GR-SUNSCR-100G,Sunscreen SPF 50,Skin,100 g,Carousel,1370.05,11.261,8.964672980145854,12282.050216448828,4525.334103895438,48,22,12.05,0,0.0,CRITICAL,4.359,7.704,2.163,4.348,CHECKOUT_CONVERSION,MEDIUM,CREATIVE_TO_CONVERSION_GAP,STRONG_GROWTH,HIGHLY_PROFITABLE,INVENTORY_SHORTAGE,Stock is exhausted or expected to run out immediately.,PROTECT_INVENTORY,80,90
2026-09-18,GR-SUNSCR-100G,Sunscreen SPF 50,Skin,100 g,Video,1846.0,8.489,11.182600304802216,20643.08016266489,8062.678478079148,48,22,10.0,0,0.0,CRITICAL,5.178,7.612,1.928,8.333,CHECKOUT_CONVERSION,HIGH,CREATIVE_TO_CONVERSION_GAP,STRONG_GROWTH,HIGHLY_PROFITABLE,INVENTORY_SHORTAGE,Stock is exhausted or expected to run out immediately.,PROTECT_INVENTORY,90,90
2026-09-19,GR-SUNSCR-100G,Sunscreen SPF 50,Skin,100 g,Video,1699.22,12.228,10.257711131876423,17430.107909507056,6667.231796563386,48,28,13.73,0,0.0,CRITICAL,4.525,10.475,2.502,3.448,CHECKOUT_CONVERSION,MEDIUM,CREATIVE_TO_CONVERSION_GAP,STRONG_GROWTH,HIGHLY_PROFITABLE,INVENTORY_SHORTAGE,Stock is exhausted or expected to run out immediately.,PROTECT_INVENTORY,90,90
2026-09-20,GR-SUNSCR-100G,Sunscreen SPF 50,Skin,100 g,Video,1788.36,8.205,12.923958249153259,23112.68997445572,9305.731187738746,48,20,2.16,0,0.0,CRITICAL,4.87,10.279,2.66,7.143,CHECKOUT_CONVERSION,HIGH,CREATIVE_TO_CONVERSION_GAP,STABLE,HIGHLY_PROFITABLE,INVENTORY_SHORTAGE,Stock is exhausted or expected to run out immediately.,PROTECT_INVENTORY,90,90
2026-09-21,GR-SUNSCR-100G,Sunscreen SPF 50,Skin,100 g,Video,1672.8,14.712,18.932942740724744,31671.02661668435,13529.29277600849,48,34,8.63,0,0.0,CRITICAL,4.959,10.601,3.041,3.846,NORMAL,MEDIUM,NORMAL,STABLE,HIGHLY_PROFITABLE,INVENTORY_SHORTAGE,Stock is exhausted or expected to run out immediately.,PROTECT_INVENTORY,90,90
2026-09-22,GR-SUNSCR-100G,Sunscreen SPF 50,Skin,100 g,Image,1591.49,17.587,20.822579645817157,33138.927280521544,14315.195094650342,48,30,7.21,0,0.0,CRITICAL,5.673,11.017,2.901,6.25,CHECKOUT_CONVERSION,HIGH,CREATIVE_TO_CONVERSION_GAP,STABLE,HIGHLY_PROFITABLE,INVENTORY_SHORTAGE,Stock is exhausted or expected to run out immediately.,PROTECT_INVENTORY,90,90
2026-09-23,GR-SUNSCR-100G,Sunscreen SPF 50,Skin,100 g,Carousel,1583.36,10.361,11.146211033068779,17648.46470131978,6887.903056633494,48,13,21.47,0,0.0,CRITICAL,4.858,6.427,1.917,7.143,CHECKOUT_CONVERSION,HIGH,CREATIVE_TO_CONVERSION_GAP,STRONG_GROWTH,HIGHLY_PROFITABLE,INVENTORY_SHORTAGE,Stock is exhausted or expected to run out immediately.,PROTECT_INVENTORY,90,90
2026-09-24,GR-SUNSCR-100G,Sunscreen SPF 50,Skin,100 g,Carousel,1858.29,13.238,23.160512183862437,43038.948186149726,18800.405129351868,48,28,16.7,0,0.0,CRITICAL,5.443,11.825,2.966,6.667,CHECKOUT_CONVERSION,HIGH,CREATIVE_TO_CONVERSION_GAP,STRONG_GROWTH,HIGHLY_PROFITABLE,INVENTORY_SHORTAGE,Stock is exhausted or expected to run out immediately.,PROTECT_INVENTORY,90,90
2026-09-25,GR-SUNSCR-100G,Sunscreen SPF 50,Skin,100 g,Video,1686.36,5.355,10.99168756870126,18535.942248355055,7210.892279210427,48,13,10.79,0,0.0,CRITICAL,5.242,7.157,1.94,7.143,CHECKOUT_CONVERSION,HIGH,CREATIVE_TO_CONVERSION_GAP,STRONG_GROWTH,HIGHLY_PROFITABLE,INVENTORY_SHORTAGE,Stock is exhausted or expected to run out immediately.,PROTECT_INVENTORY,90,90
2026-09-26,GR-SUNSCR-100G,Sunscreen SPF 50,Skin,100 g,Image,1847.59,13.59,21.944897283068794,40545.17277122507,17614.092930188035,48,28,10.5,0,0.0,CRITICAL,4.424,8.877,2.581,6.667,CHECKOUT_CONVERSION,HIGH,CREATIVE_TO_CONVERSION_GAP,STRONG_GROWTH,HIGHLY_PROFITABLE,INVENTORY_SHORTAGE,Stock is exhausted or expected to run out immediately.,PROTECT_INVENTORY,90,90
2026-09-27,GR-SUNSCR-100G,Sunscreen SPF 50,Skin,100 g,Video,1653.63,18.676,21.846303120976856,36125.70222994096,15686.70707037166,48,35,12.13,0,0.0,CRITICAL,4.791,9.451,3.253,5.263,NORMAL,HIGH,NORMAL,STRONG_GROWTH,HIGHLY_PROFITABLE,INVENTORY_SHORTAGE,Stock is exhausted or expected to run out immediately.,PROTECT_INVENTORY,90,90
2026-09-28,GR-SUNSCR-100G,Sunscreen SPF 50,Skin,100 g,Video,2189.48,8.177,8.851121897182491,19379.35437144312,7112.610098292698,48,25,15.4,0,0.0,CRITICAL,4.746,11.942,2.657,3.704,CHECKOUT_CONVERSION,MEDIUM,CREATIVE_TO_CONVERSION_GAP,STRONG_GROWTH,HIGHLY_PROFITABLE,INVENTORY_SHORTAGE,Stock is exhausted or expected to run out immediately.,PROTECT_INVENTORY,80,90
2026-09-01,GR-SUNSCR-50G,Sunscreen SPF 50,Skin,50 g,Influencer Video,1693.26,3.829,7.604960113003525,12877.174760944348,4359.012137643844,47,10,-1.88,257,18.29,HEALTHY,4.121,3.979,1.395,0.0,NORMAL,NORMAL,CREATIVE_TO_CONVERSION_GAP,STABLE,PROFITABLE,CREATIVE_CONVERSION_GAP,Ads attract clicks but those clicks are not converting.,CHANGE_CREATIVE,70,60
2026-09-02,GR-SUNSCR-50G,Sunscreen SPF 50,Skin,50 g,Image,1664.35,8.073,5.597242719228595,9315.770919748113,2714.062332281613,47,30,10.63,216,5.35,MEDIUM,3.068,10.922,4.298,6.25,NORMAL,HIGH,NORMAL,STRONG_GROWTH,PROFITABLE,PAYMENT_FRICTION,Elevated payment failures may be reducing completed orders.,FIX_PAYMENT,80,70
2026-09-03,GR-SUNSCR-50G,Sunscreen SPF 50,Skin,50 g,Carousel,1273.99,4.125,5.257508502512797,6698.0132571162785,1874.0762308446508,47,12,-6.82,200,12.0,LOW,2.85,5.0,1.917,0.0,CHECKOUT_CONVERSION,NORMAL,CREATIVE_TO_CONVERSION_GAP,STABLE,PROFITABLE,FUNNEL_DROP_OFF,Users show purchase intent but conversion remains weak.,RETARGET,70,60
2026-09-04,GR-SUNSCR-50G,Sunscreen SPF 50,Skin,50 g,Video,1742.67,2.491,6.292622871799686,10965.965099999159,3411.333596999604,47,10,-2.03,185,12.24,LOW,3.119,5.87,1.748,0.0,CHECKOUT_CONVERSION,NORMAL,CREATIVE_TO_CONVERSION_GAP,STABLE,PROFITABLE,FUNNEL_DROP_OFF,Users show purchase intent but conversion remains weak.,RETARGET,70,60
2026-09-05,GR-SUNSCR-50G,Sunscreen SPF 50,Skin,50 g,Image,1431.72,6.484,6.555061080796048,9385.01205059732,2979.2356637807397,47,22,4.41,154,4.96,MEDIUM,3.751,9.668,2.338,4.348,CHECKOUT_CONVERSION,MEDIUM,CREATIVE_TO_CONVERSION_GAP,STABLE,PROFITABLE,FUNNEL_DROP_OFF,Users show purchase intent but conversion remains weak.,RETARGET,70,60
2026-09-06,GR-SUNSCR-50G,Sunscreen SPF 50,Skin,50 g,Influencer Video,1852.1,6.104,7.764447585542622,14380.533373183489,4906.75068539624,47,25,-8.79,128,5.01,MEDIUM,4.46,8.555,2.5,3.846,CHECKOUT_CONVERSION,MEDIUM,CREATIVE_TO_CONVERSION_GAP,STABLE,PROFITABLE,FUNNEL_DROP_OFF,Users show purchase intent but conversion remains weak.,RETARGET,70,60
2026-09-07,GR-SUNSCR-50G,Sunscreen SPF 50,Skin,50 g,Video,1479.62,9.227,7.184273178599997,10629.994280520126,3516.47731184446,47,23,-1.01,101,3.68,MEDIUM,3.832,10.444,3.333,8.0,NORMAL,HIGH,NORMAL,STABLE,PROFITABLE,PAYMENT_FRICTION,Elevated payment failures may be reducing completed orders.,FIX_PAYMENT,80,70
2026-09-08,GR-SUNSCR-50G,Sunscreen SPF 50,Skin,50 g,Carousel,1657.35,6.446,6.557733168884392,10868.459067450545,3450.8257617017566,47,18,4.65,79,3.71,MEDIUM,4.191,8.962,2.975,0.0,CHECKOUT_CONVERSION,NORMAL,CREATIVE_TO_CONVERSION_GAP,STABLE,PROFITABLE,FUNNEL_DROP_OFF,Users show purchase intent but conversion remains weak.,RETARGET,70,60
2026-09-09,GR-SUNSCR-50G,Sunscreen SPF 50,Skin,50 g,Image,1348.47,7.324,5.763329101420161,7771.676393392045,2304.2179048942608,47,18,9.56,58,2.65,HIGH,3.836,10.565,3.364,0.0,NORMAL,NORMAL,NORMAL,STABLE,PROFITABLE,INVENTORY_RISK,Inventory is very low and scaling ads may cause stockout.,PROTECT_INVENTORY,80,70
2026-09-10,GR-SUNSCR-50G,Sunscreen SPF 50,Skin,50 g,Video,1832.07,4.274,6.471870125125409,11856.919100138508,3740.681977065099,47,18,5.98,36,1.7,HIGH,3.033,10.661,2.844,5.263,CHECKOUT_CONVERSION,HIGH,CREATIVE_TO_CONVERSION_GAP,STABLE,PROFITABLE,INVENTORY_RISK,Inventory is very low and scaling ads may cause stockout.,PROTECT_INVENTORY,80,70
2026-09-11,GR-SUNSCR-50G,Sunscreen SPF 50,Skin,50 g,Video,1447.44,7.186,6.928032367068881,10027.911169390181,3265.678249613385,47,17,2.63,12,0.48,HIGH,3.699,7.216,2.014,0.0,CHECKOUT_CONVERSION,NORMAL,CREATIVE_TO_CONVERSION_GAP,STABLE,PROFITABLE,INVENTORY_RISK,Inventory is very low and scaling ads may cause stockout.,PROTECT_INVENTORY,80,70
2026-09-12,GR-SUNSCR-50G,Sunscreen SPF 50,Skin,50 g,Image,1697.97,6.847,6.024047681696071,10228.652242089478,3109.4965537820544,47,27,7.48,0,0.0,CRITICAL,3.902,11.706,3.971,0.0,NORMAL,NORMAL,NORMAL,STABLE,PROFITABLE,INVENTORY_SHORTAGE,Stock is exhausted or expected to run out immediately.,PROTECT_INVENTORY,80,75
2026-09-13,GR-SUNSCR-50G,Sunscreen SPF 50,Skin,50 g,Influencer Video,1518.54,4.858,7.703002694546154,11697.317711776115,3979.199324534774,47,13,8.07,0,0.0,CRITICAL,3.224,9.235,2.637,0.0,CHECKOUT_CONVERSION,NORMAL,CREATIVE_TO_CONVERSION_GAP,STABLE,PROFITABLE,INVENTORY_SHORTAGE,Stock is exhausted or expected to run out immediately.,PROTECT_INVENTORY,80,75
2026-09-14,GR-SUNSCR-50G,Sunscreen SPF 50,Skin,50 g,Image,1328.42,8.763,6.831427461563802,9075.004868490587,2936.832288190576,47,27,-8.76,0,0.0,CRITICAL,4.247,11.513,3.096,6.897,NORMAL,HIGH,NORMAL,STABLE,PROFITABLE,INVENTORY_SHORTAGE,Stock is exhausted or expected to run out immediately.,PROTECT_INVENTORY,80,75
2026-09-15,GR-SUNSCR-50G,Sunscreen SPF 50,Skin,50 g,Video,1535.1,6.578,6.776521165935734,10402.637641827945,3354.1396916591343,47,20,5.89,0,0.0,CRITICAL,3.352,11.99,3.759,4.762,NORMAL,MEDIUM,NORMAL,STABLE,PROFITABLE,INVENTORY_SHORTAGE,Stock is exhausted or expected to run out immediately.,PROTECT_INVENTORY,80,75
2026-09-16,GR-SUNSCR-50G,Sunscreen SPF 50,Skin,50 g,Influencer Video,1423.88,7.229,7.172651147153871,10212.994515409455,3376.227422242444,47,22,7.42,0,0.0,CRITICAL,4.217,10.823,3.8,4.348,NORMAL,MEDIUM,NORMAL,STABLE,PROFITABLE,INVENTORY_SHORTAGE,Stock is exhausted or expected to run out immediately.,PROTECT_INVENTORY,80,75
2026-09-17,GR-SUNSCR-50G,Sunscreen SPF 50,Skin,50 g,Video,1820.6,7.823,5.342992005938076,9727.451246010862,2751.3020856251046,47,29,15.35,0,0.0,CRITICAL,4.096,10.104,2.805,3.333,CHECKOUT_CONVERSION,MEDIUM,CREATIVE_TO_CONVERSION_GAP,STRONG_GROWTH,PROFITABLE,INVENTORY_SHORTAGE,Stock is exhausted or expected to run out immediately.,PROTECT_INVENTORY,80,75
2026-09-18,GR-SUNSCR-50G,Sunscreen SPF 50,Skin,50 g,Influencer Video,1619.7,3.639,5.300318797178242,8584.9263557896,2415.215387221111,47,13,6.26,0,0.0,CRITICAL,3.322,8.864,2.457,0.0,CHECKOUT_CONVERSION,NORMAL,CREATIVE_TO_CONVERSION_GAP,STABLE,PROFITABLE,INVENTORY_SHORTAGE,Stock is exhausted or expected to run out immediately.,PROTECT_INVENTORY,80,75
2026-09-19,GR-SUNSCR-50G,Sunscreen SPF 50,Skin,50 g,Influencer Video,1655.83,4.127,6.612695350951702,10949.499342966355,3490.4346911941875,47,14,5.45,0,0.0,CRITICAL,3.189,12.883,3.39,0.0,NORMAL,NORMAL,NORMAL,STABLE,PROFITABLE,INVENTORY_SHORTAGE,Stock is exhausted or expected to run out immediately.,PROTECT_INVENTORY,80,75
2026-09-20,GR-SUNSCR-50G,Sunscreen SPF 50,Skin,50 g,Influencer Video,1497.99,6.935,8.393659136458956,12573.61744982415,4411.610201417351,47,23,1.87,0,0.0,CRITICAL,3.915,10.504,2.378,8.0,CHECKOUT_CONVERSION,HIGH,CREATIVE_TO_CONVERSION_GAP,STABLE,HIGHLY_PROFITABLE,INVENTORY_SHORTAGE,Stock is exhausted or expected to run out immediately.,PROTECT_INVENTORY,80,90
2026-09-21,GR-SUNSCR-50G,Sunscreen SPF 50,Skin,50 g,Influencer Video,1550.92,9.726,7.663090847274396,11884.840856854807,4034.9552027217587,47,33,8.25,0,0.0,CRITICAL,3.465,13.149,5.189,8.333,HEALTHY_CONVERSION,HIGH,NORMAL,STABLE,PROFITABLE,INVENTORY_SHORTAGE,Stock is exhausted or expected to run out immediately.,PROTECT_INVENTORY,80,75
2026-09-22,GR-SUNSCR-50G,Sunscreen SPF 50,Skin,50 g,Carousel,1594.74,8.026,6.397656124064393,10202.59812729045,3200.4811198265115,47,29,2.07,0,0.0,CRITICAL,4.161,10.235,3.262,6.452,NORMAL,HIGH,NORMAL,STABLE,PROFITABLE,INVENTORY_SHORTAGE,Stock is exhausted or expected to run out immediately.,PROTECT_INVENTORY,80,75
2026-09-23,GR-SUNSCR-50G,Sunscreen SPF 50,Skin,50 g,Carousel,1791.75,7.499,6.909233659622641,12379.619409628867,4026.6711225255676,47,30,13.73,0,0.0,CRITICAL,3.987,12.222,4.249,3.226,NORMAL,MEDIUM,NORMAL,STRONG_GROWTH,PROFITABLE,INVENTORY_SHORTAGE,Stock is exhausted or expected to run out immediately.,PROTECT_INVENTORY,80,75
2026-09-24,GR-SUNSCR-50G,Sunscreen SPF 50,Skin,50 g,Influencer Video,1604.33,5.581,6.896153489643405,11063.705928039602,3595.6117861786133,47,15,0.92,0,0.0,CRITICAL,3.382,8.941,2.793,6.25,CHECKOUT_CONVERSION,HIGH,CREATIVE_TO_CONVERSION_GAP,STABLE,PROFITABLE,INVENTORY_SHORTAGE,Stock is exhausted or expected to run out immediately.,PROTECT_INVENTORY,80,75
2026-09-25,GR-SUNSCR-50G,Sunscreen SPF 50,Skin,50 g,Carousel,1350.58,5.959,7.332655732993341,9903.338179866145,3303.988944537088,47,18,-2.09,0,0.0,CRITICAL,4.292,11.528,4.286,0.0,NORMAL,NORMAL,NORMAL,STABLE,PROFITABLE,INVENTORY_SHORTAGE,Stock is exhausted or expected to run out immediately.,PROTECT_INVENTORY,80,75
2026-09-26,GR-SUNSCR-50G,Sunscreen SPF 50,Skin,50 g,Video,1913.72,8.189,6.243912632977272,11949.100483981265,3702.357227471195,47,30,7.69,0,0.0,CRITICAL,3.587,12.303,3.188,6.25,NORMAL,HIGH,NORMAL,STABLE,PROFITABLE,INVENTORY_SHORTAGE,Stock is exhausted or expected to run out immediately.,PROTECT_INVENTORY,80,75
2026-09-27,GR-SUNSCR-50G,Sunscreen SPF 50,Skin,50 g,Carousel,1817.96,4.491,6.094875429919941,11080.239736577256,3389.7526761913105,47,19,6.12,0,0.0,CRITICAL,2.941,8.889,2.613,5.0,CHECKOUT_CONVERSION,HIGH,CREATIVE_TO_CONVERSION_GAP,STABLE,PROFITABLE,INVENTORY_SHORTAGE,Stock is exhausted or expected to run out immediately.,PROTECT_INVENTORY,80,75
2026-09-28,GR-SUNSCR-50G,Sunscreen SPF 50,Skin,50 g,Video,1617.07,6.719,7.145151306355431,11554.209822968176,3813.4086167950427,47,26,11.42,0,0.0,CRITICAL,3.911,9.091,3.408,7.143,NORMAL,HIGH,NORMAL,STRONG_GROWTH,PROFITABLE,INVENTORY_SHORTAGE,Stock is exhausted or expected to run out immediately.,PROTECT_INVENTORY,80,75
2026-09-01,GR-VITC-15ML,Vitamin C Serum,Skin,15 ml,Carousel,2389.98,12.222,9.320451025383038,22275.691541644952,9416.136517071824,53,72,7.49,918,10.11,LOW,5.253,14.732,4.871,3.797,NORMAL,MEDIUM,NORMAL,STABLE,HIGHLY_PROFITABLE,HIGH_PERFORMER,Strong predicted ROAS and healthy business signals indicate a scaling opportunity.,MAINTAIN,50,75
2026-09-02,GR-VITC-15ML,Vitamin C Serum,Skin,15 ml,Video,2594.09,7.405,7.077069379170933,18358.554905813526,7135.944100081168,53,44,-2.83,863,15.73,HEALTHY,5.47,11.968,3.02,4.348,NORMAL,MEDIUM,NORMAL,STABLE,PROFITABLE,NORMAL_PERFORMANCE,No major negative signal detected.,MAINTAIN,50,60
2026-09-03,GR-VITC-15ML,Vitamin C Serum,Skin,15 ml,Carousel,2602.88,7.641,5.820340624590419,15149.64820493391,5426.433548614972,53,52,-1.3,802,13.14,LOW,5.174,9.076,3.701,5.455,NORMAL,HIGH,NORMAL,STABLE,PROFITABLE,PAYMENT_FRICTION,Elevated payment failures may be reducing completed orders.,FIX_PAYMENT,80,70
2026-09-04,GR-VITC-15ML,Vitamin C Serum,Skin,15 ml,Influencer Video,2359.66,4.447,7.981187573332925,18832.88906929077,7621.771206724108,53,24,-2.71,770,23.76,HEALTHY,5.301,10.134,2.784,4.0,CHECKOUT_CONVERSION,MEDIUM,CREATIVE_TO_CONVERSION_GAP,STABLE,PROFITABLE,FUNNEL_DROP_OFF,Users show purchase intent but conversion remains weak.,RETARGET,70,60
2026-09-05,GR-VITC-15ML,Vitamin C Serum,Skin,15 ml,Video,2311.1,9.102,5.848680453333319,13516.885395698633,4852.849259720277,53,56,1.27,713,12.45,LOW,3.822,10.967,3.902,6.667,NORMAL,HIGH,NORMAL,STABLE,PROFITABLE,PAYMENT_FRICTION,Elevated payment failures may be reducing completed orders.,FIX_PAYMENT,80,70
2026-09-06,GR-VITC-15ML,Vitamin C Serum,Skin,15 ml,Carousel,2453.24,5.461,8.366062643122438,20523.95951861369,8424.458544865256,53,33,0.93,674,17.53,HEALTHY,5.505,19.149,4.325,8.333,NORMAL,HIGH,NORMAL,STABLE,HIGHLY_PROFITABLE,PAYMENT_FRICTION,Elevated payment failures may be reducing completed orders.,FIX_PAYMENT,80,85
2026-09-07,GR-VITC-15ML,Vitamin C Serum,Skin,15 ml,Image,2688.82,9.636,6.1925581206747005,16650.67412603255,6136.037286797253,53,62,4.78,600,8.15,LOW,4.388,16.055,5.606,1.562,HEALTHY_CONVERSION,NORMAL,NORMAL,STABLE,PROFITABLE,NORMAL_PERFORMANCE,No major negative signal detected.,MAINTAIN,50,60
2026-09-08,GR-VITC-15ML,Vitamin C Serum,Skin,15 ml,Video,2681.46,5.52,7.743806267020962,20764.70675276603,8323.834578965994,53,38,5.39,553,11.61,LOW,5.143,14.325,3.551,9.524,NORMAL,HIGH,NORMAL,STABLE,PROFITABLE,PAYMENT_FRICTION,Elevated payment failures may be reducing completed orders.,FIX_PAYMENT,80,70
2026-09-09,GR-VITC-15ML,Vitamin C Serum,Skin,15 ml,Carousel,3238.66,8.695,7.261353561282403,23517.05532478287,9225.37932213492,53,69,8.02,475,6.11,MEDIUM,5.203,15.405,5.455,5.405,HEALTHY_CONVERSION,HIGH,NORMAL,STABLE,PROFITABLE,PAYMENT_FRICTION,Elevated payment failures may be reducing completed orders.,FIX_PAYMENT,80,70
2026-09-10,GR-VITC-15ML,Vitamin C Serum,Skin,15 ml,Video,2765.66,8.39,6.6521042804063,18397.458724148488,6984.993123798698,53,49,1.71,427,8.85,LOW,4.445,15.882,4.379,5.769,NORMAL,HIGH,NORMAL,STABLE,PROFITABLE,PAYMENT_FRICTION,Elevated payment failures may be reducing completed orders.,FIX_PAYMENT,80,70
2026-09-11,GR-VITC-15ML,Vitamin C Serum,Skin,15 ml,Influencer Video,2147.83,7.088,7.196658374187841,15457.19875583187,6044.485340590891,53,32,7.74,393,11.68,LOW,3.872,9.847,3.687,5.882,NORMAL,HIGH,NORMAL,STABLE,PROFITABLE,PAYMENT_FRICTION,Elevated payment failures may be reducing completed orders.,FIX_PAYMENT,80,70
2026-09-12,GR-VITC-15ML,Vitamin C Serum,Skin,15 ml,Video,2526.58,7.802,6.1434062648021515,15521.80740052382,5699.977922277623,53,50,9.33,344,7.07,LOW,5.889,13.451,3.873,9.091,NORMAL,HIGH,NORMAL,STABLE,PROFITABLE,PAYMENT_FRICTION,Elevated payment failures may be reducing completed orders.,FIX_PAYMENT,80,70
2026-09-13,GR-VITC-15ML,Vitamin C Serum,Skin,15 ml,Video,2019.65,5.675,8.348438637155645,16860.9240935314,6916.639769571642,53,29,0.4,313,9.77,LOW,3.914,12.866,3.166,3.333,NORMAL,MEDIUM,NORMAL,STABLE,HIGHLY_PROFITABLE,HIGH_PERFORMER,Strong predicted ROAS and healthy business signals indicate a scaling opportunity.,MAINTAIN,50,75
2026-09-14,GR-VITC-15ML,Vitamin C Serum,Skin,15 ml,Influencer Video,2386.2,10.996,4.88399182542521,11654.181293829635,3790.516085729706,53,60,11.58,244,3.54,MEDIUM,4.416,12.579,4.608,3.226,NORMAL,MEDIUM,NORMAL,STRONG_GROWTH,PROFITABLE,NORMAL_PERFORMANCE,No major negative signal detected.,DECREASE_BUDGET,75,60
2026-09-15,GR-VITC-15ML,Vitamin C Serum,Skin,15 ml,Image,2785.46,3.507,6.1636209823155275,17168.519701400608,6313.855441742321,53,23,8.11,221,9.79,LOW,4.49,11.17,2.864,8.0,CHECKOUT_CONVERSION,HIGH,CREATIVE_TO_CONVERSION_GAP,STABLE,PROFITABLE,PAYMENT_FRICTION,Elevated payment failures may be reducing completed orders.,FIX_PAYMENT,80,70
2026-09-16,GR-VITC-15ML,Vitamin C Serum,Skin,15 ml,Video,2477.86,5.412,6.2662014848180645,15526.77001117129,5751.328105920784,53,32,8.28,183,4.88,MEDIUM,4.843,11.908,3.452,8.571,NORMAL,HIGH,NORMAL,STABLE,PROFITABLE,PAYMENT_FRICTION,Elevated payment failures may be reducing completed orders.,FIX_PAYMENT,80,70
2026-09-17,GR-VITC-15ML,Vitamin C Serum,Skin,15 ml,Image,2703.29,5.744,6.376479253704226,17237.472601746096,6432.570478925431,53,39,4.87,136,2.86,HIGH,4.522,13.612,3.148,2.5,NORMAL,MEDIUM,NORMAL,STABLE,PROFITABLE,INVENTORY_RISK,Inventory is very low and scaling ads may cause stockout.,PROTECT_INVENTORY,80,70
2026-09-18,GR-VITC-15ML,Vitamin C Serum,Skin,15 ml,Influencer Video,2200.44,6.29,6.180174652091816,13599.103511448917,5007.084861067926,53,35,6.56,94,2.21,HIGH,3.984,13.088,3.776,7.895,NORMAL,HIGH,STRONG_CREATIVE,STABLE,PROFITABLE,INVENTORY_RISK,Inventory is very low and scaling ads may cause stockout.,PROTECT_INVENTORY,80,70
2026-09-19,GR-VITC-15ML,Vitamin C Serum,Skin,15 ml,Influencer Video,2749.38,5.689,7.604568653147155,20907.848963589724,8331.779950702552,53,37,8.25,53,1.3,HIGH,4.787,15.113,4.442,5.128,NORMAL,HIGH,NORMAL,STABLE,PROFITABLE,INVENTORY_RISK,Inventory is very low and scaling ads may cause stockout.,PROTECT_INVENTORY,80,70
2026-09-20,GR-VITC-15ML,Vitamin C Serum,Skin,15 ml,Image,2668.48,8.667,6.331128097221926,16894.488704874766,6285.599013583627,53,58,8.96,0,0.0,CRITICAL,4.272,15.784,4.996,6.452,NORMAL,HIGH,NORMAL,STABLE,PROFITABLE,INVENTORY_SHORTAGE,Stock is exhausted or expected to run out immediately.,PROTECT_INVENTORY,80,75
2026-09-21,GR-VITC-15ML,Vitamin C Serum,Skin,15 ml,Influencer Video,2438.37,6.265,6.295419875020902,15350.562960654715,5697.428369146999,53,39,10.75,0,0.0,CRITICAL,4.692,12.771,3.302,7.143,NORMAL,HIGH,STRONG_CREATIVE,STRONG_GROWTH,PROFITABLE,INVENTORY_SHORTAGE,Stock is exhausted or expected to run out immediately.,PROTECT_INVENTORY,80,75
2026-09-22,GR-VITC-15ML,Vitamin C Serum,Skin,15 ml,Video,2616.13,6.046,6.739443449713904,17631.260192100035,6728.437901813019,53,39,0.43,0,0.0,CRITICAL,4.627,15.152,4.626,0.0,NORMAL,NORMAL,NORMAL,STABLE,PROFITABLE,INVENTORY_SHORTAGE,Stock is exhausted or expected to run out immediately.,PROTECT_INVENTORY,80,75
2026-09-23,GR-VITC-15ML,Vitamin C Serum,Skin,15 ml,Image,2895.25,8.186,6.65588632589471,19270.45488504666,7318.091089074729,53,52,6.81,0,0.0,CRITICAL,5.038,13.099,4.561,1.887,NORMAL,NORMAL,NORMAL,STABLE,PROFITABLE,INVENTORY_SHORTAGE,Stock is exhausted or expected to run out immediately.,PROTECT_INVENTORY,80,75
2026-09-24,GR-VITC-15ML,Vitamin C Serum,Skin,15 ml,Video,2204.58,11.759,6.314215986950811,13920.194280512018,5173.12296867137,53,53,4.44,0,0.0,CRITICAL,5.09,14.236,3.648,8.621,NORMAL,HIGH,NORMAL,STABLE,PROFITABLE,INVENTORY_SHORTAGE,Stock is exhausted or expected to run out immediately.,PROTECT_INVENTORY,80,75
2026-09-25,GR-VITC-15ML,Vitamin C Serum,Skin,15 ml,Influencer Video,2169.07,6.425,6.681519565383565,14492.683643686529,5512.05233115386,53,35,4.23,0,0.0,CRITICAL,4.599,13.325,3.382,10.256,NORMAL,CRITICAL,NORMAL,STABLE,PROFITABLE,INVENTORY_SHORTAGE,Stock is exhausted or expected to run out immediately.,PROTECT_INVENTORY,80,75
2026-09-26,GR-VITC-15ML,Vitamin C Serum,Skin,15 ml,Influencer Video,2655.59,7.882,5.6835148301711165,15093.085147854115,5343.7451283626815,53,56,5.22,0,0.0,CRITICAL,4.537,15.951,4.444,2.857,NORMAL,MEDIUM,NORMAL,STABLE,PROFITABLE,INVENTORY_SHORTAGE,Stock is exhausted or expected to run out immediately.,PROTECT_INVENTORY,80,75
2026-09-27,GR-VITC-15ML,Vitamin C Serum,Skin,15 ml,Influencer Video,2809.51,6.775,7.05905282981479,19832.479515892952,7701.704143423263,53,50,12.13,0,0.0,CRITICAL,4.154,17.532,5.171,5.455,HEALTHY_CONVERSION,HIGH,NORMAL,STRONG_GROWTH,PROFITABLE,INVENTORY_SHORTAGE,Stock is exhausted or expected to run out immediately.,PROTECT_INVENTORY,80,75
2026-09-28,GR-VITC-15ML,Vitamin C Serum,Skin,15 ml,Video,2782.34,5.337,7.314359216842019,20351.034223388222,8003.7081383957575,53,36,11.82,0,0.0,CRITICAL,4.681,17.383,5.007,4.444,HEALTHY_CONVERSION,MEDIUM,NORMAL,STRONG_GROWTH,PROFITABLE,INVENTORY_SHORTAGE,Stock is exhausted or expected to run out immediately.,PROTECT_INVENTORY,80,75
2026-09-01,GR-VITC-30ML,Vitamin C Serum,Skin,30 ml,Carousel,841.23,23.059,22.232606445887455,18702.735520473903,9071.219825851169,53,28,4.66,1397,40.09,HEALTHY,3.296,12.86,3.81,6.667,NORMAL,HIGH,NORMAL,STABLE,HIGHLY_PROFITABLE,PAYMENT_FRICTION,Elevated payment failures may be reducing completed orders.,FIX_PAYMENT,90,85
2026-09-02,GR-VITC-30ML,Vitamin C Serum,Skin,30 ml,Video,913.5,20.202,25.24894613299662,23064.912292492412,11310.903515020978,53,33,11.61,1353,30.27,HEALTHY,3.27,19.527,5.331,6.154,HEALTHY_CONVERSION,HIGH,NORMAL,STRONG_GROWTH,HIGHLY_PROFITABLE,PAYMENT_FRICTION,Elevated payment failures may be reducing completed orders.,FIX_PAYMENT,90,85
2026-09-03,GR-VITC-30ML,Vitamin C Serum,Skin,30 ml,Image,849.43,25.864,23.156524207671964,19669.846357722796,9575.588569593081,53,39,-1.44,1307,28.73,HEALTHY,3.104,15.094,5.105,4.878,HEALTHY_CONVERSION,MEDIUM,NORMAL,STABLE,HIGHLY_PROFITABLE,HIGH_PERFORMER,Strong predicted ROAS and healthy business signals indicate a scaling opportunity.,INCREASE_BUDGET,95,75
2026-09-04,GR-VITC-30ML,Vitamin C Serum,Skin,30 ml,Video,905.65,22.014,24.75148825661374,22416.185339602234,10974.928229989184,53,30,4.11,1272,35.99,HEALTHY,2.993,14.484,4.695,3.226,NORMAL,MEDIUM,NORMAL,STABLE,HIGHLY_PROFITABLE,HIGH_PERFORMER,Strong predicted ROAS and healthy business signals indicate a scaling opportunity.,INCREASE_BUDGET,95,75
2026-09-05,GR-VITC-30ML,Vitamin C Serum,Skin,30 ml,Video,776.17,25.241,23.154625294973552,17971.925515199622,8748.9505230558,53,32,0.82,1234,32.46,HEALTHY,3.616,13.355,3.774,8.571,NORMAL,HIGH,NORMAL,STABLE,HIGHLY_PROFITABLE,PAYMENT_FRICTION,Elevated payment failures may be reducing completed orders.,FIX_PAYMENT,90,85
2026-09-06,GR-VITC-30ML,Vitamin C Serum,Skin,30 ml,Influencer Video,973.65,25.155,13.558685785714296,13201.414415260724,6023.099640088184,53,32,1.68,1198,33.94,HEALTHY,3.542,11.421,3.666,5.882,NORMAL,HIGH,NORMAL,STABLE,HIGHLY_PROFITABLE,PAYMENT_FRICTION,Elevated payment failures may be reducing completed orders.,FIX_PAYMENT,90,85
2026-09-07,GR-VITC-30ML,Vitamin C Serum,Skin,30 ml,Image,835.62,4.238,16.123629740449825,13473.227483714683,6305.190566368782,53,6,2.07,1188,118.67,HEALTHY,3.779,5.995,0.936,0.0,CHECKOUT_CONVERSION,NORMAL,CREATIVE_TO_CONVERSION_GAP,STABLE,HIGHLY_PROFITABLE,FUNNEL_DROP_OFF,Users show purchase intent but conversion remains weak.,RETARGET,80,75
2026-09-08,GR-VITC-30ML,Vitamin C Serum,Skin,30 ml,Carousel,1172.5,17.193,28.672726713323744,33618.77207137209,16645.44919782721,53,33,2.92,1153,32.68,HEALTHY,3.335,13.978,4.418,0.0,NORMAL,NORMAL,NORMAL,STABLE,HIGHLY_PROFITABLE,HIGH_PERFORMER,Strong predicted ROAS and healthy business signals indicate a scaling opportunity.,INCREASE_BUDGET,95,75
2026-09-09,GR-VITC-30ML,Vitamin C Serum,Skin,30 ml,Image,706.54,33.751,23.542554215608465,16633.756255496006,8109.350815412882,53,35,3.87,1110,25.92,HEALTHY,3.48,16.842,4.54,1.923,NORMAL,NORMAL,STRONG_CREATIVE,STABLE,HIGHLY_PROFITABLE,HIGH_PERFORMER,Strong predicted ROAS and healthy business signals indicate a scaling opportunity.,INCREASE_BUDGET,95,75
2026-09-10,GR-VITC-30ML,Vitamin C Serum,Skin,30 ml,Video,945.25,23.759,29.57518525661376,27955.94386381416,13871.400247821502,53,34,13.04,1067,24.66,HEALTHY,2.871,13.963,4.993,5.556,NORMAL,HIGH,NORMAL,STRONG_GROWTH,HIGHLY_PROFITABLE,PAYMENT_FRICTION,Elevated payment failures may be reducing completed orders.,FIX_PAYMENT,90,85
2026-09-11,GR-VITC-30ML,Vitamin C Serum,Skin,30 ml,Video,749.3,34.58,17.52007875264549,13127.795009357264,6208.43135495935,53,47,-7.11,1014,19.09,HEALTHY,3.41,12.872,4.196,3.846,NORMAL,MEDIUM,NORMAL,STABLE,HIGHLY_PROFITABLE,HIGH_PERFORMER,Strong predicted ROAS and healthy business signals indicate a scaling opportunity.,INCREASE_BUDGET,95,75
2026-09-12,GR-VITC-30ML,Vitamin C Serum,Skin,30 ml,Video,881.56,15.732,24.456397337301578,21559.781636671578,10545.124267435936,53,25,13.49,986,34.87,HEALTHY,2.894,10.211,3.281,7.407,NORMAL,HIGH,NORMAL,STRONG_GROWTH,HIGHLY_PROFITABLE,PAYMENT_FRICTION,Elevated payment failures may be reducing completed orders.,FIX_PAYMENT,90,85
2026-09-13,GR-VITC-30ML,Vitamin C Serum,Skin,30 ml,Image,583.18,27.091,25.42337511171236,14826.403897648413,7274.814065753659,53,27,0.9,949,25.9,HEALTHY,3.546,10.478,3.525,3.571,NORMAL,MEDIUM,NORMAL,STABLE,HIGHLY_PROFITABLE,HIGH_PERFORMER,Strong predicted ROAS and healthy business signals indicate a scaling opportunity.,INCREASE_BUDGET,95,75
2026-09-14,GR-VITC-30ML,Vitamin C Serum,Skin,30 ml,Video,844.5,28.369,18.132684936901665,15313.052429213456,7271.417787483132,53,43,0.82,905,20.33,HEALTHY,3.475,17.28,5.2,8.511,HEALTHY_CONVERSION,HIGH,NORMAL,STABLE,HIGHLY_PROFITABLE,PAYMENT_FRICTION,Elevated payment failures may be reducing completed orders.,FIX_PAYMENT,90,85
2026-09-15,GR-VITC-30ML,Vitamin C Serum,Skin,30 ml,Carousel,831.83,16.268,18.944251716931223,15758.3969056949,7520.120360018298,53,21,6.98,876,30.43,HEALTHY,3.451,8.262,2.154,4.545,CHECKOUT_CONVERSION,MEDIUM,CREATIVE_TO_CONVERSION_GAP,STABLE,HIGHLY_PROFITABLE,FUNNEL_DROP_OFF,Users show purchase intent but conversion remains weak.,RETARGET,80,75
2026-09-16,GR-VITC-30ML,Vitamin C Serum,Skin,30 ml,Influencer Video,811.74,16.938,18.75766822265697,15226.349603059569,7258.225289621572,53,24,16.99,850,32.68,HEALTHY,3.073,11.303,3.791,7.692,NORMAL,HIGH,STRONG_CREATIVE,STRONG_GROWTH,HIGHLY_PROFITABLE,PAYMENT_FRICTION,Elevated payment failures may be reducing completed orders.,FIX_PAYMENT,90,85
2026-09-17,GR-VITC-30ML,Vitamin C Serum,Skin,30 ml,Influencer Video,877.93,15.791,14.137715729437234,12411.92477034483,5700.39012828276,53,18,27.13,824,31.66,HEALTHY,3.584,12.335,2.703,5.263,CHECKOUT_CONVERSION,HIGH,CREATIVE_TO_CONVERSION_GAP,STRONG_GROWTH,HIGHLY_PROFITABLE,PAYMENT_FRICTION,Elevated payment failures may be reducing completed orders.,FIX_PAYMENT,90,85
2026-09-18,GR-VITC-30ML,Vitamin C Serum,Skin,30 ml,Carousel,765.19,8.324,20.39610787649683,15606.897786016612,7506.465826588805,53,10,4.22,812,70.63,HEALTHY,2.768,10.277,3.247,0.0,NORMAL,NORMAL,NORMAL,STABLE,HIGHLY_PROFITABLE,HIGH_PERFORMER,Strong predicted ROAS and healthy business signals indicate a scaling opportunity.,INCREASE_BUDGET,95,75
2026-09-19,GR-VITC-30ML,Vitamin C Serum,Skin,30 ml,Influencer Video,760.37,25.329,23.15712140038665,17607.980399211996,8571.859611582357,53,28,5.91,784,27.86,HEALTHY,3.147,12.727,4.328,6.667,NORMAL,HIGH,NORMAL,STABLE,HIGHLY_PROFITABLE,PAYMENT_FRICTION,Elevated payment failures may be reducing completed orders.,FIX_PAYMENT,90,85
2026-09-20,GR-VITC-30ML,Vitamin C Serum,Skin,30 ml,Video,815.53,25.575,26.896841373015874,21935.181044935634,10810.115953815886,53,24,12.14,757,27.93,HEALTHY,3.608,9.985,3.042,4.0,NORMAL,MEDIUM,NORMAL,STRONG_GROWTH,HIGHLY_PROFITABLE,HIGH_PERFORMER,Strong predicted ROAS and healthy business signals indicate a scaling opportunity.,INCREASE_BUDGET,95,75
2026-09-21,GR-VITC-30ML,Vitamin C Serum,Skin,30 ml,Image,833.17,29.415,32.83331830911681,27355.735815606855,13665.369982271632,53,35,10.18,715,17.01,HEALTHY,3.173,13.754,4.436,5.405,NORMAL,HIGH,NORMAL,STRONG_GROWTH,HIGHLY_PROFITABLE,PAYMENT_FRICTION,Elevated payment failures may be reducing completed orders.,FIX_PAYMENT,90,85
2026-09-22,GR-VITC-30ML,Vitamin C Serum,Skin,30 ml,Video,609.82,42.063,26.319096291611782,16049.911300550699,7896.632989291871,53,32,11.77,684,22.43,HEALTHY,3.576,14.832,3.837,4.167,NORMAL,MEDIUM,NORMAL,STRONG_GROWTH,HIGHLY_PROFITABLE,HIGH_PERFORMER,Strong predicted ROAS and healthy business signals indicate a scaling opportunity.,INCREASE_BUDGET,95,75
2026-09-23,GR-VITC-30ML,Vitamin C Serum,Skin,30 ml,Image,830.6,31.873,27.5939311283069,22919.51919517171,11316.745173441006,53,36,8.14,642,15.27,HEALTHY,3.31,16.539,4.506,6.122,NORMAL,HIGH,NORMAL,STABLE,HIGHLY_PROFITABLE,PAYMENT_FRICTION,Elevated payment failures may be reducing completed orders.,FIX_PAYMENT,90,85
2026-09-24,GR-VITC-30ML,Vitamin C Serum,Skin,30 ml,Video,814.48,18.15,20.027854562169313,16312.286983795662,7831.032101411702,53,26,-0.43,614,21.46,HEALTHY,3.472,9.545,2.951,7.143,CHECKOUT_CONVERSION,HIGH,CREATIVE_TO_CONVERSION_GAP,STABLE,HIGHLY_PROFITABLE,PAYMENT_FRICTION,Elevated payment failures may be reducing completed orders.,FIX_PAYMENT,90,85
2026-09-25,GR-VITC-30ML,Vitamin C Serum,Skin,30 ml,Video,974.3,18.217,23.284836980158726,22686.416669768645,11049.500834977383,53,25,3.4,583,18.73,HEALTHY,2.879,11.717,3.799,0.0,NORMAL,NORMAL,NORMAL,STABLE,HIGHLY_PROFITABLE,HIGH_PERFORMER,Strong predicted ROAS and healthy business signals indicate a scaling opportunity.,INCREASE_BUDGET,95,75
2026-09-26,GR-VITC-30ML,Vitamin C Serum,Skin,30 ml,Image,582.38,21.402,21.92580416402116,12769.149829042643,6185.2694093926,53,22,-4.72,553,18.59,HEALTHY,3.45,10.058,2.594,4.348,CHECKOUT_CONVERSION,MEDIUM,CREATIVE_TO_CONVERSION_GAP,STABLE,HIGHLY_PROFITABLE,FUNNEL_DROP_OFF,Users show purchase intent but conversion remains weak.,RETARGET,80,75
2026-09-27,GR-VITC-30ML,Vitamin C Serum,Skin,30 ml,Carousel,922.31,9.768,12.877439587419135,11876.991305872541,5372.495392112447,53,15,1.16,536,30.71,HEALTHY,2.646,12.03,3.138,6.25,NORMAL,HIGH,NORMAL,STABLE,HIGHLY_PROFITABLE,PAYMENT_FRICTION,Elevated payment failures may be reducing completed orders.,FIX_PAYMENT,90,85
2026-09-28,GR-VITC-30ML,Vitamin C Serum,Skin,30 ml,Image,779.45,25.959,23.61556108465608,18407.14908743518,8976.339016340644,53,30,0.23,495,12.26,LOW,2.949,12.5,3.567,6.25,NORMAL,HIGH,NORMAL,STABLE,HIGHLY_PROFITABLE,PAYMENT_FRICTION,Elevated payment failures may be reducing completed orders.,FIX_PAYMENT,90,85
